movement_id,subject_id,record_id,start_time,end_time,duration,dataset,candidate_id,sensor_id,artifact_filtered,filter_method,artifact_probability
OXFORD_mv000001,154100,154100,0.058,0.384,0.326,OXFORD,OXFORD_154100_BCG_3AXIS_seg0001_c0001,BCG_3AXIS,False,unfiltered,
OXFORD_mv000002,154100,154100,32.134,32.966,0.8320000000000007,OXFORD,OXFORD_154100_BCG_3AXIS_seg0001_c0002,BCG_3AXIS,False,unfiltered,
OXFORD_mv000003,154100,154100,39.61,42.622,3.0120000000000005,OXFORD,OXFORD_154100_BCG_3AXIS_seg0001_c0003,BCG_3AXIS,False,unfiltered,
OXFORD_mv000004,154100,154100,45.26,46.276,1.0160000000000051,OXFORD,OXFORD_154100_BCG_3AXIS_seg0001_c0004,BCG_3AXIS,False,unfiltered,
OXFORD_mv000005,154100,154100,55.54,56.814,1.274000000000001,OXFORD,OXFORD_154100_BCG_3AXIS_seg0001_c0005,BCG_3AXIS,False,unfiltered,
OXFORD_mv000006,154100,154100,57.62,58.404,0.784000000000006,OXFORD,OXFORD_154100_BCG_3AXIS_seg0001_c0006,BCG_3AXIS,False,unfiltered,
OXFORD_mv000007,154100,154100,63.114,63.424,0.3100000000000023,OXFORD,OXFORD_154100_BCG_3AXIS_seg0001_c0007,BCG_3AXIS,False,unfiltered,
OXFORD_mv000008,154100,154100,67.37,69.65,2.280000000000001,OXFORD,OXFORD_154100_BCG_3AXIS_seg0001_c0008,BCG_3AXIS,False,unfiltered,
OXFORD_mv000009,154100,154100,70.36,72.764,2.4039999999999964,OXFORD,OXFORD_154100_BCG_3AXIS_seg0001_c0009,BCG_3AXIS,False,unfiltered,
OXFORD_mv000010,154100,154100,76.402,77.356,0.9539999999999936,OXFORD,OXFORD_154100_BCG_3AXIS_seg0001_c0010,BCG_3AXIS,False,unfiltered,
OXFORD_mv000011,154100,154100,97.78,98.246,0.465999999999994,OXFORD,OXFORD_154100_BCG_3AXIS_seg0001_c0011,BCG_3AXIS,False,unfiltered,
OXFORD_mv000012,154100,154100,119.512,119.816,0.304000000000002,OXFORD,OXFORD_154100_BCG_3AXIS_seg0001_c0012,BCG_3AXIS,False,unfiltered,
OXFORD_mv000013,154100,154100,124.99,125.37,0.3800000000000096,OXFORD,OXFORD_154100_BCG_3AXIS_seg0001_c0013,BCG_3AXIS,False,unfiltered,
OXFORD_mv000014,154100,154100,130.154,131.076,0.921999999999997,OXFORD,OXFORD_154100_BCG_3AXIS_seg0001_c0014,BCG_3AXIS,False,unfiltered,
OXFORD_mv000015,154100,154100,133.036,133.568,0.5320000000000107,OXFORD,OXFORD_154100_BCG_3AXIS_seg0001_c0015,BCG_3AXIS,False,unfiltered,
OXFORD_mv000016,154100,154100,134.668,135.576,0.907999999999987,OXFORD,OXFORD_154100_BCG_3AXIS_seg0001_c0016,BCG_3AXIS,False,unfiltered,
OXFORD_mv000017,154100,154100,136.406,137.26,0.853999999999985,OXFORD,OXFORD_154100_BCG_3AXIS_seg0001_c0017,BCG_3AXIS,False,unfiltered,
OXFORD_mv000018,154100,154100,137.86,139.272,1.4119999999999775,OXFORD,OXFORD_154100_BCG_3AXIS_seg0001_c0018,BCG_3AXIS,False,unfiltered,
OXFORD_mv000019,154100,154100,143.6,147.19,3.5900000000000034,OXFORD,OXFORD_154100_BCG_3AXIS_seg0001_c0019,BCG_3AXIS,False,unfiltered,
OXFORD_mv000020,154100,154100,153.268,153.936,0.6680000000000064,OXFORD,OXFORD_154100_BCG_3AXIS_seg0001_c0020,BCG_3AXIS,False,unfiltered,
OXFORD_mv000021,154100,154100,154.444,155.278,0.8340000000000032,OXFORD,OXFORD_154100_BCG_3AXIS_seg0001_c0021,BCG_3AXIS,False,unfiltered,
OXFORD_mv000022,154100,154100,166.922,167.768,0.8460000000000036,OXFORD,OXFORD_154100_BCG_3AXIS_seg0001_c0022,BCG_3AXIS,False,unfiltered,
OXFORD_mv000023,154100,154100,169.232,169.928,0.695999999999998,OXFORD,OXFORD_154100_BCG_3AXIS_seg0001_c0023,BCG_3AXIS,False,unfiltered,
OXFORD_mv000024,154100,154100,195.906,198.378,2.47199999999998,OXFORD,OXFORD_154100_BCG_3AXIS_seg0001_c0024,BCG_3AXIS,False,unfiltered,
OXFORD_mv000025,154100,154100,205.688,206.214,0.5260000000000105,OXFORD,OXFORD_154100_BCG_3AXIS_seg0001_c0025,BCG_3AXIS,False,unfiltered,
OXFORD_mv000026,154100,154100,217.2,217.966,0.7660000000000196,OXFORD,OXFORD_154100_BCG_3AXIS_seg0001_c0026,BCG_3AXIS,False,unfiltered,
OXFORD_mv000027,154100,154100,234.002,234.746,0.7439999999999998,OXFORD,OXFORD_154100_BCG_3AXIS_seg0001_c0027,BCG_3AXIS,False,unfiltered,
OXFORD_mv000028,154100,154100,235.624,236.194,0.5699999999999932,OXFORD,OXFORD_154100_BCG_3AXIS_seg0001_c0028,BCG_3AXIS,False,unfiltered,
OXFORD_mv000029,154100,154100,239.174,243.244,4.069999999999993,OXFORD,OXFORD_154100_BCG_3AXIS_seg0001_c0029,BCG_3AXIS,False,unfiltered,
OXFORD_mv000030,154100,154100,243.926,244.61,0.6840000000000259,OXFORD,OXFORD_154100_BCG_3AXIS_seg0001_c0030,BCG_3AXIS,False,unfiltered,
OXFORD_mv000031,154100,154100,248.278,248.91,0.632000000000005,OXFORD,OXFORD_154100_BCG_3AXIS_seg0001_c0031,BCG_3AXIS,False,unfiltered,
OXFORD_mv000032,154100,154100,251.598,254.078,2.4799999999999898,OXFORD,OXFORD_154100_BCG_3AXIS_seg0001_c0032,BCG_3AXIS,False,unfiltered,
OXFORD_mv000033,154100,154100,254.65,255.516,0.8659999999999854,OXFORD,OXFORD_154100_BCG_3AXIS_seg0001_c0033,BCG_3AXIS,False,unfiltered,
OXFORD_mv000034,154100,154100,256.194,261.856,5.661999999999978,OXFORD,OXFORD_154100_BCG_3AXIS_seg0001_c0034,BCG_3AXIS,False,unfiltered,
OXFORD_mv000035,154100,154100,264.116,266.604,2.4879999999999995,OXFORD,OXFORD_154100_BCG_3AXIS_seg0001_c0035,BCG_3AXIS,False,unfiltered,
OXFORD_mv000036,154100,154100,270.5,273.16,2.660000000000025,OXFORD,OXFORD_154100_BCG_3AXIS_seg0001_c0036,BCG_3AXIS,False,unfiltered,
OXFORD_mv000037,154100,154100,273.912,274.462,0.5500000000000114,OXFORD,OXFORD_154100_BCG_3AXIS_seg0001_c0037,BCG_3AXIS,False,unfiltered,
OXFORD_mv000038,154100,154100,275.768,279.374,3.6060000000000514,OXFORD,OXFORD_154100_BCG_3AXIS_seg0001_c0038,BCG_3AXIS,False,unfiltered,
OXFORD_mv000039,154100,154100,301.8,302.124,0.3240000000000123,OXFORD,OXFORD_154100_BCG_3AXIS_seg0001_c0039,BCG_3AXIS,False,unfiltered,
OXFORD_mv000040,154100,154100,302.634,303.606,0.97199999999998,OXFORD,OXFORD_154100_BCG_3AXIS_seg0001_c0040,BCG_3AXIS,False,unfiltered,
OXFORD_mv000041,154100,154100,304.652,306.992,2.340000000000032,OXFORD,OXFORD_154100_BCG_3AXIS_seg0001_c0041,BCG_3AXIS,False,unfiltered,
OXFORD_mv000042,450569,450569,0.0,0.948,0.948,OXFORD,OXFORD_450569_BCG_3AXIS_seg0001_c0001,BCG_3AXIS,False,unfiltered,
OXFORD_mv000043,450569,450569,18.406,20.208,1.802,OXFORD,OXFORD_450569_BCG_3AXIS_seg0001_c0002,BCG_3AXIS,False,unfiltered,
OXFORD_mv000044,450569,450569,23.506,24.714,1.2079999999999984,OXFORD,OXFORD_450569_BCG_3AXIS_seg0001_c0003,BCG_3AXIS,False,unfiltered,
OXFORD_mv000045,450569,450569,25.352,29.398,4.045999999999999,OXFORD,OXFORD_450569_BCG_3AXIS_seg0001_c0004,BCG_3AXIS,False,unfiltered,
OXFORD_mv000046,450569,450569,30.654,31.484,0.8300000000000018,OXFORD,OXFORD_450569_BCG_3AXIS_seg0001_c0005,BCG_3AXIS,False,unfiltered,
OXFORD_mv000047,450569,450569,35.632,39.624,3.992000000000005,OXFORD,OXFORD_450569_BCG_3AXIS_seg0001_c0006,BCG_3AXIS,False,unfiltered,
OXFORD_mv000048,450569,450569,141.862,142.83,0.9680000000000176,OXFORD,OXFORD_450569_BCG_3AXIS_seg0001_c0007,BCG_3AXIS,False,unfiltered,
OXFORD_mv000049,450569,450569,143.47,144.328,0.8580000000000041,OXFORD,OXFORD_450569_BCG_3AXIS_seg0001_c0008,BCG_3AXIS,False,unfiltered,
OXFORD_mv000050,450569,450569,148.214,149.062,0.8480000000000132,OXFORD,OXFORD_450569_BCG_3AXIS_seg0001_c0009,BCG_3AXIS,False,unfiltered,
OXFORD_mv000051,450569,450569,151.472,152.37,0.8979999999999961,OXFORD,OXFORD_450569_BCG_3AXIS_seg0001_c0010,BCG_3AXIS,False,unfiltered,
OXFORD_mv000052,450569,450569,153.11,156.29,3.1799999999999784,OXFORD,OXFORD_450569_BCG_3AXIS_seg0001_c0011,BCG_3AXIS,False,unfiltered,
OXFORD_mv000053,450569,450569,158.664,159.54,0.8760000000000048,OXFORD,OXFORD_450569_BCG_3AXIS_seg0001_c0012,BCG_3AXIS,False,unfiltered,
OXFORD_mv000054,450569,450569,165.798,166.65,0.8520000000000039,OXFORD,OXFORD_450569_BCG_3AXIS_seg0001_c0013,BCG_3AXIS,False,unfiltered,
OXFORD_mv000055,450569,450569,182.17,182.688,0.5180000000000007,OXFORD,OXFORD_450569_BCG_3AXIS_seg0001_c0014,BCG_3AXIS,False,unfiltered,
OXFORD_mv000056,450569,450569,196.212,198.06,1.8480000000000127,OXFORD,OXFORD_450569_BCG_3AXIS_seg0001_c0015,BCG_3AXIS,False,unfiltered,
OXFORD_mv000057,450569,450569,199.782,200.708,0.9259999999999876,OXFORD,OXFORD_450569_BCG_3AXIS_seg0001_c0016,BCG_3AXIS,False,unfiltered,
OXFORD_mv000058,450569,450569,219.9,221.918,2.0180000000000007,OXFORD,OXFORD_450569_BCG_3AXIS_seg0001_c0017,BCG_3AXIS,False,unfiltered,
OXFORD_mv000059,450569,450569,226.176,227.86,1.684000000000026,OXFORD,OXFORD_450569_BCG_3AXIS_seg0001_c0018,BCG_3AXIS,False,unfiltered,
OXFORD_mv000060,450569,450569,255.456,255.82,0.3640000000000043,OXFORD,OXFORD_450569_BCG_3AXIS_seg0001_c0019,BCG_3AXIS,False,unfiltered,
OXFORD_mv000061,450569,450569,257.492,257.938,0.4459999999999695,OXFORD,OXFORD_450569_BCG_3AXIS_seg0001_c0020,BCG_3AXIS,False,unfiltered,
OXFORD_mv000062,450569,450569,258.456,259.378,0.9219999999999686,OXFORD,OXFORD_450569_BCG_3AXIS_seg0001_c0021,BCG_3AXIS,False,unfiltered,
OXFORD_mv000063,450569,450569,265.456,266.358,0.9019999999999868,OXFORD,OXFORD_450569_BCG_3AXIS_seg0001_c0022,BCG_3AXIS,False,unfiltered,
OXFORD_mv000064,450569,450569,268.766,269.93,1.1639999999999873,OXFORD,OXFORD_450569_BCG_3AXIS_seg0001_c0023,BCG_3AXIS,False,unfiltered,
OXFORD_mv000065,450569,450569,270.764,271.804,1.0399999999999636,OXFORD,OXFORD_450569_BCG_3AXIS_seg0001_c0024,BCG_3AXIS,False,unfiltered,
OXFORD_mv000066,450569,450569,274.23,276.014,1.7839999999999918,OXFORD,OXFORD_450569_BCG_3AXIS_seg0001_c0025,BCG_3AXIS,False,unfiltered,
OXFORD_mv000067,450569,450569,279.21,281.174,1.9639999999999984,OXFORD,OXFORD_450569_BCG_3AXIS_seg0001_c0026,BCG_3AXIS,False,unfiltered,
OXFORD_mv000068,450569,450569,284.564,285.452,0.8879999999999768,OXFORD,OXFORD_450569_BCG_3AXIS_seg0001_c0027,BCG_3AXIS,False,unfiltered,
OXFORD_mv000069,450569,450569,320.072,320.968,0.896000000000015,OXFORD,OXFORD_450569_BCG_3AXIS_seg0001_c0028,BCG_3AXIS,False,unfiltered,
OXFORD_mv000070,450569,450569,325.282,326.232,0.9500000000000456,OXFORD,OXFORD_450569_BCG_3AXIS_seg0001_c0029,BCG_3AXIS,False,unfiltered,
OXFORD_mv000071,450569,450569,335.66,336.59,0.92999999999995,OXFORD,OXFORD_450569_BCG_3AXIS_seg0001_c0030,BCG_3AXIS,False,unfiltered,
OXFORD_mv000072,450569,450569,337.258,339.062,1.8040000000000305,OXFORD,OXFORD_450569_BCG_3AXIS_seg0001_c0031,BCG_3AXIS,False,unfiltered,
OXFORD_mv000073,450569,450569,345.064,346.026,0.9619999999999892,OXFORD,OXFORD_450569_BCG_3AXIS_seg0001_c0032,BCG_3AXIS,False,unfiltered,
OXFORD_mv000074,450569,450569,346.738,347.12,0.382000000000005,OXFORD,OXFORD_450569_BCG_3AXIS_seg0001_c0033,BCG_3AXIS,False,unfiltered,
OXFORD_mv000075,450569,450569,354.486,357.11,2.624000000000024,OXFORD,OXFORD_450569_BCG_3AXIS_seg0001_c0034,BCG_3AXIS,False,unfiltered,
OXFORD_mv000076,450569,450569,358.802,360.914,2.1119999999999663,OXFORD,OXFORD_450569_BCG_3AXIS_seg0001_c0035,BCG_3AXIS,False,unfiltered,
OXFORD_mv000077,450569,450569,381.908,382.782,0.8739999999999668,OXFORD,OXFORD_450569_BCG_3AXIS_seg0001_c0036,BCG_3AXIS,False,unfiltered,
OXFORD_mv000078,450569,450569,385.072,385.92,0.8480000000000132,OXFORD,OXFORD_450569_BCG_3AXIS_seg0001_c0037,BCG_3AXIS,False,unfiltered,
OXFORD_mv000079,450569,450569,393.114,395.752,2.6380000000000337,OXFORD,OXFORD_450569_BCG_3AXIS_seg0001_c0038,BCG_3AXIS,False,unfiltered,
OXFORD_mv000080,450569,450569,413.658,413.966,0.3079999999999927,OXFORD,OXFORD_450569_BCG_3AXIS_seg0001_c0039,BCG_3AXIS,False,unfiltered,
OXFORD_mv000081,450569,450569,442.586,443.744,1.1580000000000157,OXFORD,OXFORD_450569_BCG_3AXIS_seg0001_c0040,BCG_3AXIS,False,unfiltered,
OXFORD_mv000082,450569,450569,446.262,447.192,0.9300000000000068,OXFORD,OXFORD_450569_BCG_3AXIS_seg0001_c0041,BCG_3AXIS,False,unfiltered,
OXFORD_mv000083,450569,450569,448.578,448.906,0.3280000000000314,OXFORD,OXFORD_450569_BCG_3AXIS_seg0001_c0042,BCG_3AXIS,False,unfiltered,
OXFORD_mv000084,450569,450569,453.054,455.514,2.4600000000000364,OXFORD,OXFORD_450569_BCG_3AXIS_seg0001_c0043,BCG_3AXIS,False,unfiltered,
OXFORD_mv000085,450569,450569,456.12,456.546,0.4259999999999877,OXFORD,OXFORD_450569_BCG_3AXIS_seg0001_c0044,BCG_3AXIS,False,unfiltered,
OXFORD_mv000086,450569,450569,458.632,461.118,2.48599999999999,OXFORD,OXFORD_450569_BCG_3AXIS_seg0001_c0045,BCG_3AXIS,False,unfiltered,
OXFORD_mv000087,450569,450569,464.954,467.344,2.3899999999999864,OXFORD,OXFORD_450569_BCG_3AXIS_seg0001_c0046,BCG_3AXIS,False,unfiltered,
OXFORD_mv000088,450569,450569,468.848,470.434,1.5860000000000127,OXFORD,OXFORD_450569_BCG_3AXIS_seg0001_c0047,BCG_3AXIS,False,unfiltered,
OXFORD_mv000089,450569,450569,506.82,509.5,2.680000000000007,OXFORD,OXFORD_450569_BCG_3AXIS_seg0001_c0048,BCG_3AXIS,False,unfiltered,
OXFORD_mv000090,450569,450569,535.292,536.51,1.217999999999961,OXFORD,OXFORD_450569_BCG_3AXIS_seg0001_c0049,BCG_3AXIS,False,unfiltered,
OXFORD_mv000091,450569,450569,608.462,609.432,0.9700000000000272,OXFORD,OXFORD_450569_BCG_3AXIS_seg0001_c0050,BCG_3AXIS,False,unfiltered,
OXFORD_mv000092,450569,450569,610.756,611.09,0.33400000000006,OXFORD,OXFORD_450569_BCG_3AXIS_seg0001_c0051,BCG_3AXIS,False,unfiltered,
OXFORD_mv000093,450569,450569,626.414,628.126,1.711999999999989,OXFORD,OXFORD_450569_BCG_3AXIS_seg0001_c0052,BCG_3AXIS,False,unfiltered,
OXFORD_mv000094,450569,450569,630.624,634.036,3.411999999999921,OXFORD,OXFORD_450569_BCG_3AXIS_seg0001_c0053,BCG_3AXIS,False,unfiltered,
OXFORD_mv000095,450569,450569,653.788,654.12,0.3319999999999936,OXFORD,OXFORD_450569_BCG_3AXIS_seg0001_c0054,BCG_3AXIS,False,unfiltered,
OXFORD_mv000096,450569,450569,693.718,694.664,0.9460000000000264,OXFORD,OXFORD_450569_BCG_3AXIS_seg0001_c0055,BCG_3AXIS,False,unfiltered,
OXFORD_mv000097,450569,450569,747.722,749.3,1.5779999999999743,OXFORD,OXFORD_450569_BCG_3AXIS_seg0001_c0056,BCG_3AXIS,False,unfiltered,
OXFORD_mv000098,450569,450569,750.594,751.718,1.12399999999991,OXFORD,OXFORD_450569_BCG_3AXIS_seg0001_c0057,BCG_3AXIS,False,unfiltered,
OXFORD_mv000099,450569,450569,800.328,800.658,0.3300000000000409,OXFORD,OXFORD_450569_BCG_3AXIS_seg0001_c0058,BCG_3AXIS,False,unfiltered,
OXFORD_mv000100,450569,450569,802.362,804.152,1.7900000000000773,OXFORD,OXFORD_450569_BCG_3AXIS_seg0001_c0059,BCG_3AXIS,False,unfiltered,
OXFORD_mv000101,450569,450569,804.944,806.028,1.08400000000006,OXFORD,OXFORD_450569_BCG_3AXIS_seg0001_c0060,BCG_3AXIS,False,unfiltered,
OXFORD_mv000102,450569,450569,806.584,807.548,0.9640000000000556,OXFORD,OXFORD_450569_BCG_3AXIS_seg0001_c0061,BCG_3AXIS,False,unfiltered,
OXFORD_mv000103,450569,450569,809.118,810.912,1.7939999999999827,OXFORD,OXFORD_450569_BCG_3AXIS_seg0001_c0062,BCG_3AXIS,False,unfiltered,
OXFORD_mv000104,450569,450569,813.84,814.246,0.405999999999949,OXFORD,OXFORD_450569_BCG_3AXIS_seg0001_c0063,BCG_3AXIS,False,unfiltered,
OXFORD_mv000105,450569,450569,816.486,818.526,2.039999999999964,OXFORD,OXFORD_450569_BCG_3AXIS_seg0001_c0064,BCG_3AXIS,False,unfiltered,
OXFORD_mv000106,450569,450569,819.76,823.862,4.101999999999975,OXFORD,OXFORD_450569_BCG_3AXIS_seg0001_c0065,BCG_3AXIS,False,unfiltered,
OXFORD_mv000107,450569,450569,824.604,825.578,0.9739999999999328,OXFORD,OXFORD_450569_BCG_3AXIS_seg0001_c0066,BCG_3AXIS,False,unfiltered,
OXFORD_mv000108,450569,450569,826.22,827.056,0.8360000000000127,OXFORD,OXFORD_450569_BCG_3AXIS_seg0001_c0067,BCG_3AXIS,False,unfiltered,
OXFORD_mv000109,450569,450569,827.616,829.388,1.7720000000000482,OXFORD,OXFORD_450569_BCG_3AXIS_seg0001_c0068,BCG_3AXIS,False,unfiltered,
OXFORD_mv000110,450569,450569,830.106,830.996,0.8899999999999864,OXFORD,OXFORD_450569_BCG_3AXIS_seg0001_c0069,BCG_3AXIS,False,unfiltered,
OXFORD_mv000111,450569,450569,831.676,832.634,0.95799999999997,OXFORD,OXFORD_450569_BCG_3AXIS_seg0001_c0070,BCG_3AXIS,False,unfiltered,
OXFORD_mv000112,450569,450569,833.302,835.78,2.477999999999952,OXFORD,OXFORD_450569_BCG_3AXIS_seg0001_c0071,BCG_3AXIS,False,unfiltered,
OXFORD_mv000113,450569,450569,845.192,846.018,0.8260000000000218,OXFORD,OXFORD_450569_BCG_3AXIS_seg0001_c0072,BCG_3AXIS,False,unfiltered,
OXFORD_mv000114,450569,450569,847.516,848.372,0.8559999999999945,OXFORD,OXFORD_450569_BCG_3AXIS_seg0001_c0073,BCG_3AXIS,False,unfiltered,
OXFORD_mv000115,450569,450569,849.01,849.814,0.8039999999999736,OXFORD,OXFORD_450569_BCG_3AXIS_seg0001_c0074,BCG_3AXIS,False,unfiltered,
OXFORD_mv000116,450569,450569,857.562,859.998,2.4360000000000355,OXFORD,OXFORD_450569_BCG_3AXIS_seg0001_c0075,BCG_3AXIS,False,unfiltered,
OXFORD_mv000117,450569,450569,865.82,866.936,1.1159999999999854,OXFORD,OXFORD_450569_BCG_3AXIS_seg0001_c0076,BCG_3AXIS,False,unfiltered,
OXFORD_mv000118,450569,450569,897.652,897.952,0.2999999999999545,OXFORD,OXFORD_450569_BCG_3AXIS_seg0001_c0077,BCG_3AXIS,False,unfiltered,
OXFORD_mv000119,450663,450663,0.012,3.634,3.622,OXFORD,OXFORD_450663_BCG_3AXIS_seg0001_c0001,BCG_3AXIS,False,unfiltered,
OXFORD_mv000120,450663,450663,37.652,38.576,0.9239999999999996,OXFORD,OXFORD_450663_BCG_3AXIS_seg0001_c0002,BCG_3AXIS,False,unfiltered,
OXFORD_mv000121,450663,450663,70.46,71.386,0.926000000000002,OXFORD,OXFORD_450663_BCG_3AXIS_seg0001_c0003,BCG_3AXIS,False,unfiltered,
OXFORD_mv000122,450663,450663,103.54,105.006,1.465999999999994,OXFORD,OXFORD_450663_BCG_3AXIS_seg0001_c0004,BCG_3AXIS,False,unfiltered,
OXFORD_mv000123,450663,450663,105.644,106.022,0.3780000000000001,OXFORD,OXFORD_450663_BCG_3AXIS_seg0001_c0005,BCG_3AXIS,False,unfiltered,
OXFORD_mv000124,450663,450663,121.01,124.216,3.205999999999989,OXFORD,OXFORD_450663_BCG_3AXIS_seg0001_c0006,BCG_3AXIS,False,unfiltered,
OXFORD_mv000125,450663,450663,138.558,139.748,1.1899999999999975,OXFORD,OXFORD_450663_BCG_3AXIS_seg0001_c0007,BCG_3AXIS,False,unfiltered,
OXFORD_mv000126,450663,450663,146.158,146.502,0.3440000000000225,OXFORD,OXFORD_450663_BCG_3AXIS_seg0001_c0008,BCG_3AXIS,False,unfiltered,
OXFORD_mv000127,450663,450663,148.226,148.75,0.5240000000000009,OXFORD,OXFORD_450663_BCG_3AXIS_seg0001_c0009,BCG_3AXIS,False,unfiltered,
OXFORD_mv000128,450663,450663,157.942,159.332,1.3899999999999864,OXFORD,OXFORD_450663_BCG_3AXIS_seg0001_c0010,BCG_3AXIS,False,unfiltered,
OXFORD_mv000129,450663,450663,164.912,166.146,1.2339999999999804,OXFORD,OXFORD_450663_BCG_3AXIS_seg0001_c0011,BCG_3AXIS,False,unfiltered,
OXFORD_mv000130,450663,450663,168.336,169.4,1.063999999999993,OXFORD,OXFORD_450663_BCG_3AXIS_seg0001_c0012,BCG_3AXIS,False,unfiltered,
OXFORD_mv000131,450663,450663,177.208,177.846,0.6380000000000052,OXFORD,OXFORD_450663_BCG_3AXIS_seg0001_c0013,BCG_3AXIS,False,unfiltered,
OXFORD_mv000132,450663,450663,198.112,199.698,1.5860000000000127,OXFORD,OXFORD_450663_BCG_3AXIS_seg0001_c0014,BCG_3AXIS,False,unfiltered,
OXFORD_mv000133,450663,450663,209.332,209.704,0.3720000000000141,OXFORD,OXFORD_450663_BCG_3AXIS_seg0001_c0015,BCG_3AXIS,False,unfiltered,
OXFORD_mv000134,450663,450663,218.2,218.994,0.7940000000000111,OXFORD,OXFORD_450663_BCG_3AXIS_seg0001_c0016,BCG_3AXIS,False,unfiltered,
OXFORD_mv000135,450663,450663,236.346,236.698,0.3520000000000038,OXFORD,OXFORD_450663_BCG_3AXIS_seg0001_c0017,BCG_3AXIS,False,unfiltered,
OXFORD_mv000136,450663,450663,274.032,274.944,0.9120000000000346,OXFORD,OXFORD_450663_BCG_3AXIS_seg0001_c0018,BCG_3AXIS,False,unfiltered,
OXFORD_mv000137,450663,450663,282.326,282.704,0.3779999999999859,OXFORD,OXFORD_450663_BCG_3AXIS_seg0001_c0019,BCG_3AXIS,False,unfiltered,
OXFORD_mv000138,450663,450663,283.576,284.92,1.343999999999994,OXFORD,OXFORD_450663_BCG_3AXIS_seg0001_c0020,BCG_3AXIS,False,unfiltered,
OXFORD_mv000139,450663,450663,293.898,295.138,1.2399999999999525,OXFORD,OXFORD_450663_BCG_3AXIS_seg0001_c0021,BCG_3AXIS,False,unfiltered,
OXFORD_mv000140,450663,450663,297.084,301.092,4.007999999999981,OXFORD,OXFORD_450663_BCG_3AXIS_seg0001_c0022,BCG_3AXIS,False,unfiltered,
OXFORD_mv000141,450663,450663,308.632,309.064,0.4320000000000163,OXFORD,OXFORD_450663_BCG_3AXIS_seg0001_c0023,BCG_3AXIS,False,unfiltered,
OXFORD_mv000142,450663,450663,314.624,315.706,1.0819999999999936,OXFORD,OXFORD_450663_BCG_3AXIS_seg0001_c0024,BCG_3AXIS,False,unfiltered,
OXFORD_mv000143,450663,450663,322.558,323.16,0.6020000000000323,OXFORD,OXFORD_450663_BCG_3AXIS_seg0001_c0025,BCG_3AXIS,False,unfiltered,
OXFORD_mv000144,450663,450663,341.282,341.85,0.5680000000000405,OXFORD,OXFORD_450663_BCG_3AXIS_seg0001_c0026,BCG_3AXIS,False,unfiltered,
OXFORD_mv000145,450663,450663,433.502,436.104,2.6019999999999754,OXFORD,OXFORD_450663_BCG_3AXIS_seg0001_c0027,BCG_3AXIS,False,unfiltered,
OXFORD_mv000146,450663,450663,469.306,470.37,1.0640000000000214,OXFORD,OXFORD_450663_BCG_3AXIS_seg0001_c0028,BCG_3AXIS,False,unfiltered,
OXFORD_mv000147,450663,450663,491.444,492.218,0.7740000000000009,OXFORD,OXFORD_450663_BCG_3AXIS_seg0001_c0029,BCG_3AXIS,False,unfiltered,
OXFORD_mv000148,450663,450663,518.218,519.564,1.3460000000000036,OXFORD,OXFORD_450663_BCG_3AXIS_seg0001_c0030,BCG_3AXIS,False,unfiltered,
OXFORD_mv000149,450663,450663,542.538,543.024,0.48599999999999,OXFORD,OXFORD_450663_BCG_3AXIS_seg0001_c0031,BCG_3AXIS,False,unfiltered,
OXFORD_mv000150,450663,450663,544.984,545.758,0.7740000000000009,OXFORD,OXFORD_450663_BCG_3AXIS_seg0001_c0032,BCG_3AXIS,False,unfiltered,
OXFORD_mv000151,450663,450663,547.038,548.582,1.5439999999999827,OXFORD,OXFORD_450663_BCG_3AXIS_seg0001_c0033,BCG_3AXIS,False,unfiltered,
OXFORD_mv000152,450663,450663,564.338,564.908,0.57000000000005,OXFORD,OXFORD_450663_BCG_3AXIS_seg0001_c0034,BCG_3AXIS,False,unfiltered,
OXFORD_mv000153,450663,450663,571.348,572.042,0.6940000000000737,OXFORD,OXFORD_450663_BCG_3AXIS_seg0001_c0035,BCG_3AXIS,False,unfiltered,
OXFORD_mv000154,450663,450663,572.628,573.896,1.2679999999999154,OXFORD,OXFORD_450663_BCG_3AXIS_seg0001_c0036,BCG_3AXIS,False,unfiltered,
OXFORD_mv000155,450663,450663,589.128,589.948,0.8199999999999363,OXFORD,OXFORD_450663_BCG_3AXIS_seg0001_c0037,BCG_3AXIS,False,unfiltered,
OXFORD_mv000156,450663,450663,614.822,615.202,0.3799999999999954,OXFORD,OXFORD_450663_BCG_3AXIS_seg0001_c0038,BCG_3AXIS,False,unfiltered,
OXFORD_mv000157,450663,450663,622.306,625.9,3.593999999999937,OXFORD,OXFORD_450663_BCG_3AXIS_seg0001_c0039,BCG_3AXIS,False,unfiltered,
OXFORD_mv000158,450663,450663,626.924,628.794,1.8700000000000043,OXFORD,OXFORD_450663_BCG_3AXIS_seg0001_c0040,BCG_3AXIS,False,unfiltered,
OXFORD_mv000159,450663,450663,661.832,662.178,0.3460000000000036,OXFORD,OXFORD_450663_BCG_3AXIS_seg0001_c0041,BCG_3AXIS,False,unfiltered,
OXFORD_mv000160,450663,450663,670.59,671.026,0.4359999999999218,OXFORD,OXFORD_450663_BCG_3AXIS_seg0001_c0042,BCG_3AXIS,False,unfiltered,
OXFORD_mv000161,450663,450663,674.228,674.726,0.4980000000000473,OXFORD,OXFORD_450663_BCG_3AXIS_seg0001_c0043,BCG_3AXIS,False,unfiltered,
OXFORD_mv000162,450663,450663,683.276,683.674,0.3980000000000245,OXFORD,OXFORD_450663_BCG_3AXIS_seg0001_c0044,BCG_3AXIS,False,unfiltered,
OXFORD_mv000163,450663,450663,733.384,739.434,6.0499999999999545,OXFORD,OXFORD_450663_BCG_3AXIS_seg0001_c0045,BCG_3AXIS,False,unfiltered,
OXFORD_mv000164,450663,450663,765.198,766.97,1.7720000000000482,OXFORD,OXFORD_450663_BCG_3AXIS_seg0001_c0046,BCG_3AXIS,False,unfiltered,
OXFORD_mv000165,450663,450663,768.308,769.17,0.8619999999999663,OXFORD,OXFORD_450663_BCG_3AXIS_seg0001_c0047,BCG_3AXIS,False,unfiltered,
OXFORD_mv000166,450663,450663,777.302,781.132,3.8299999999999272,OXFORD,OXFORD_450663_BCG_3AXIS_seg0001_c0048,BCG_3AXIS,False,unfiltered,
OXFORD_mv000167,450663,450663,782.582,783.604,1.0220000000000482,OXFORD,OXFORD_450663_BCG_3AXIS_seg0001_c0049,BCG_3AXIS,False,unfiltered,
OXFORD_mv000168,450663,450663,800.32,802.828,2.5079999999999245,OXFORD,OXFORD_450663_BCG_3AXIS_seg0001_c0050,BCG_3AXIS,False,unfiltered,
OXFORD_mv000169,450663,450663,809.876,810.394,0.5180000000000291,OXFORD,OXFORD_450663_BCG_3AXIS_seg0001_c0051,BCG_3AXIS,False,unfiltered,
OXFORD_mv000170,450663,450663,830.426,833.378,2.951999999999998,OXFORD,OXFORD_450663_BCG_3AXIS_seg0001_c0052,BCG_3AXIS,False,unfiltered,
OXFORD_mv000171,450663,450663,835.368,837.34,1.97199999999998,OXFORD,OXFORD_450663_BCG_3AXIS_seg0001_c0053,BCG_3AXIS,False,unfiltered,
OXFORD_mv000172,450663,450663,838.694,840.436,1.7420000000000757,OXFORD,OXFORD_450663_BCG_3AXIS_seg0001_c0054,BCG_3AXIS,False,unfiltered,
OXFORD_mv000173,450663,450663,841.35,842.03,0.67999999999995,OXFORD,OXFORD_450663_BCG_3AXIS_seg0001_c0055,BCG_3AXIS,False,unfiltered,
OXFORD_mv000174,450663,450663,856.508,856.906,0.3979999999999108,OXFORD,OXFORD_450663_BCG_3AXIS_seg0001_c0056,BCG_3AXIS,False,unfiltered,
OXFORD_mv000175,450663,450663,861.19,861.552,0.3619999999999663,OXFORD,OXFORD_450663_BCG_3AXIS_seg0001_c0057,BCG_3AXIS,False,unfiltered,
OXFORD_mv000176,450663,450663,863.066,863.772,0.7060000000000173,OXFORD,OXFORD_450663_BCG_3AXIS_seg0001_c0058,BCG_3AXIS,False,unfiltered,
OXFORD_mv000177,450663,450663,872.682,874.69,2.008000000000038,OXFORD,OXFORD_450663_BCG_3AXIS_seg0001_c0059,BCG_3AXIS,False,unfiltered,
OXFORD_mv000178,450663,450663,875.9,876.28,0.3799999999999954,OXFORD,OXFORD_450663_BCG_3AXIS_seg0001_c0060,BCG_3AXIS,False,unfiltered,
OXFORD_mv000179,450663,450663,878.51,879.504,0.9940000000000282,OXFORD,OXFORD_450663_BCG_3AXIS_seg0001_c0061,BCG_3AXIS,False,unfiltered,
OXFORD_mv000180,450663,450663,880.402,880.732,0.3299999999999272,OXFORD,OXFORD_450663_BCG_3AXIS_seg0001_c0062,BCG_3AXIS,False,unfiltered,
OXFORD_mv000181,450663,450663,883.986,886.166,2.180000000000064,OXFORD,OXFORD_450663_BCG_3AXIS_seg0001_c0063,BCG_3AXIS,False,unfiltered,
OXFORD_mv000182,450663,450663,887.81,890.11,2.300000000000068,OXFORD,OXFORD_450663_BCG_3AXIS_seg0001_c0064,BCG_3AXIS,False,unfiltered,
OXFORD_mv000183,451043,451043,0.002,4.384,4.382000000000001,OXFORD,OXFORD_451043_BCG_3AXIS_seg0001_c0001,BCG_3AXIS,False,unfiltered,
OXFORD_mv000184,451043,451043,5.342,5.754,0.4119999999999999,OXFORD,OXFORD_451043_BCG_3AXIS_seg0001_c0002,BCG_3AXIS,False,unfiltered,
OXFORD_mv000185,451043,451043,9.182,10.556,1.3739999999999988,OXFORD,OXFORD_451043_BCG_3AXIS_seg0001_c0003,BCG_3AXIS,False,unfiltered,
OXFORD_mv000186,451043,451043,12.802,15.1,2.298,OXFORD,OXFORD_451043_BCG_3AXIS_seg0001_c0004,BCG_3AXIS,False,unfiltered,
OXFORD_mv000187,451043,451043,42.428,42.828,0.4000000000000057,OXFORD,OXFORD_451043_BCG_3AXIS_seg0001_c0005,BCG_3AXIS,False,unfiltered,
OXFORD_mv000188,451043,451043,49.756,51.864,2.107999999999997,OXFORD,OXFORD_451043_BCG_3AXIS_seg0001_c0006,BCG_3AXIS,False,unfiltered,
OXFORD_mv000189,451043,451043,59.518,60.93,1.411999999999999,OXFORD,OXFORD_451043_BCG_3AXIS_seg0001_c0007,BCG_3AXIS,False,unfiltered,
OXFORD_mv000190,451043,451043,87.106,87.724,0.6180000000000092,OXFORD,OXFORD_451043_BCG_3AXIS_seg0001_c0008,BCG_3AXIS,False,unfiltered,
OXFORD_mv000191,451043,451043,96.382,97.904,1.5219999999999914,OXFORD,OXFORD_451043_BCG_3AXIS_seg0001_c0009,BCG_3AXIS,False,unfiltered,
OXFORD_mv000192,451043,451043,100.676,101.664,0.9879999999999995,OXFORD,OXFORD_451043_BCG_3AXIS_seg0001_c0010,BCG_3AXIS,False,unfiltered,
OXFORD_mv000193,451043,451043,114.164,115.448,1.2839999999999918,OXFORD,OXFORD_451043_BCG_3AXIS_seg0001_c0011,BCG_3AXIS,False,unfiltered,
OXFORD_mv000194,451043,451043,121.638,122.88,1.2419999999999902,OXFORD,OXFORD_451043_BCG_3AXIS_seg0001_c0012,BCG_3AXIS,False,unfiltered,
OXFORD_mv000195,451043,451043,125.974,126.606,0.6319999999999908,OXFORD,OXFORD_451043_BCG_3AXIS_seg0001_c0013,BCG_3AXIS,False,unfiltered,
OXFORD_mv000196,451043,451043,132.0,137.22,5.219999999999999,OXFORD,OXFORD_451043_BCG_3AXIS_seg0001_c0014,BCG_3AXIS,False,unfiltered,
OXFORD_mv000197,451043,451043,138.004,139.284,1.2800000000000011,OXFORD,OXFORD_451043_BCG_3AXIS_seg0001_c0015,BCG_3AXIS,False,unfiltered,
OXFORD_mv000198,451043,451043,142.546,143.128,0.5819999999999936,OXFORD,OXFORD_451043_BCG_3AXIS_seg0001_c0016,BCG_3AXIS,False,unfiltered,
OXFORD_mv000199,451043,451043,166.702,167.518,0.8160000000000025,OXFORD,OXFORD_451043_BCG_3AXIS_seg0001_c0017,BCG_3AXIS,False,unfiltered,
OXFORD_mv000200,451043,451043,168.61,169.338,0.7279999999999802,OXFORD,OXFORD_451043_BCG_3AXIS_seg0001_c0018,BCG_3AXIS,False,unfiltered,
OXFORD_mv000201,451043,451043,175.226,175.68,0.4540000000000077,OXFORD,OXFORD_451043_BCG_3AXIS_seg0001_c0019,BCG_3AXIS,False,unfiltered,
OXFORD_mv000202,451043,451043,181.56,183.914,2.353999999999985,OXFORD,OXFORD_451043_BCG_3AXIS_seg0001_c0020,BCG_3AXIS,False,unfiltered,
OXFORD_mv000203,451043,451043,194.458,194.974,0.5159999999999911,OXFORD,OXFORD_451043_BCG_3AXIS_seg0001_c0021,BCG_3AXIS,False,unfiltered,
OXFORD_mv000204,451043,451043,281.732,283.326,1.593999999999994,OXFORD,OXFORD_451043_BCG_3AXIS_seg0001_c0022,BCG_3AXIS,False,unfiltered,
OXFORD_mv000205,451043,451043,301.91,303.066,1.155999999999949,OXFORD,OXFORD_451043_BCG_3AXIS_seg0001_c0023,BCG_3AXIS,False,unfiltered,
OXFORD_mv000206,451043,451043,303.924,305.346,1.4220000000000257,OXFORD,OXFORD_451043_BCG_3AXIS_seg0001_c0024,BCG_3AXIS,False,unfiltered,
OXFORD_mv000207,451043,451043,311.442,311.772,0.3299999999999841,OXFORD,OXFORD_451043_BCG_3AXIS_seg0001_c0025,BCG_3AXIS,False,unfiltered,
OXFORD_mv000208,451043,451043,354.68,356.558,1.877999999999986,OXFORD,OXFORD_451043_BCG_3AXIS_seg0001_c0026,BCG_3AXIS,False,unfiltered,
OXFORD_mv000209,451043,451043,358.908,359.286,0.3779999999999859,OXFORD,OXFORD_451043_BCG_3AXIS_seg0001_c0027,BCG_3AXIS,False,unfiltered,
OXFORD_mv000210,451043,451043,374.022,375.034,1.0120000000000005,OXFORD,OXFORD_451043_BCG_3AXIS_seg0001_c0028,BCG_3AXIS,False,unfiltered,
OXFORD_mv000211,451043,451043,380.358,380.968,0.6100000000000136,OXFORD,OXFORD_451043_BCG_3AXIS_seg0001_c0029,BCG_3AXIS,False,unfiltered,
OXFORD_mv000212,451043,451043,384.538,385.012,0.4739999999999895,OXFORD,OXFORD_451043_BCG_3AXIS_seg0001_c0030,BCG_3AXIS,False,unfiltered,
OXFORD_mv000213,451043,451043,437.396,439.816,2.419999999999959,OXFORD,OXFORD_451043_BCG_3AXIS_seg0001_c0031,BCG_3AXIS,False,unfiltered,
OXFORD_mv000214,451043,451043,457.176,458.74,1.5640000000000214,OXFORD,OXFORD_451043_BCG_3AXIS_seg0001_c0032,BCG_3AXIS,False,unfiltered,
OXFORD_mv000215,451043,451043,459.58,464.786,5.206000000000017,OXFORD,OXFORD_451043_BCG_3AXIS_seg0001_c0033,BCG_3AXIS,False,unfiltered,
OXFORD_mv000216,451043,451043,466.55,467.658,1.108000000000004,OXFORD,OXFORD_451043_BCG_3AXIS_seg0001_c0034,BCG_3AXIS,False,unfiltered,
OXFORD_mv000217,451043,451043,468.926,471.088,2.1620000000000346,OXFORD,OXFORD_451043_BCG_3AXIS_seg0001_c0035,BCG_3AXIS,False,unfiltered,
OXFORD_mv000218,451043,451043,473.328,474.112,0.7840000000000487,OXFORD,OXFORD_451043_BCG_3AXIS_seg0001_c0036,BCG_3AXIS,False,unfiltered,
OXFORD_mv000219,451043,451043,475.04,476.112,1.0720000000000027,OXFORD,OXFORD_451043_BCG_3AXIS_seg0001_c0037,BCG_3AXIS,False,unfiltered,
OXFORD_mv000220,451043,451043,477.736,478.134,0.3980000000000245,OXFORD,OXFORD_451043_BCG_3AXIS_seg0001_c0038,BCG_3AXIS,False,unfiltered,
OXFORD_mv000221,451043,451043,480.022,480.756,0.7339999999999804,OXFORD,OXFORD_451043_BCG_3AXIS_seg0001_c0039,BCG_3AXIS,False,unfiltered,
OXFORD_mv000222,451043,451043,482.262,482.564,0.3020000000000209,OXFORD,OXFORD_451043_BCG_3AXIS_seg0001_c0040,BCG_3AXIS,False,unfiltered,
OXFORD_mv000223,451043,451043,490.472,493.012,2.5400000000000205,OXFORD,OXFORD_451043_BCG_3AXIS_seg0001_c0041,BCG_3AXIS,False,unfiltered,
OXFORD_mv000224,451043,451043,493.516,494.666,1.1499999999999773,OXFORD,OXFORD_451043_BCG_3AXIS_seg0001_c0042,BCG_3AXIS,False,unfiltered,
OXFORD_mv000225,451043,451043,498.028,500.44,2.4119999999999777,OXFORD,OXFORD_451043_BCG_3AXIS_seg0001_c0043,BCG_3AXIS,False,unfiltered,
OXFORD_mv000226,451043,451043,501.294,504.058,2.76400000000001,OXFORD,OXFORD_451043_BCG_3AXIS_seg0001_c0044,BCG_3AXIS,False,unfiltered,
OXFORD_mv000227,451043,451043,520.456,521.21,0.7540000000000191,OXFORD,OXFORD_451043_BCG_3AXIS_seg0001_c0045,BCG_3AXIS,False,unfiltered,
OXFORD_mv000228,451043,451043,532.618,536.1,3.481999999999971,OXFORD,OXFORD_451043_BCG_3AXIS_seg0001_c0046,BCG_3AXIS,False,unfiltered,
OXFORD_mv000229,451043,451043,536.884,541.03,4.145999999999958,OXFORD,OXFORD_451043_BCG_3AXIS_seg0001_c0047,BCG_3AXIS,False,unfiltered,
OXFORD_mv000230,451043,451043,548.292,549.044,0.7519999999999527,OXFORD,OXFORD_451043_BCG_3AXIS_seg0001_c0048,BCG_3AXIS,False,unfiltered,
OXFORD_mv000231,451043,451043,550.7,551.76,1.0599999999999454,OXFORD,OXFORD_451043_BCG_3AXIS_seg0001_c0049,BCG_3AXIS,False,unfiltered,
OXFORD_mv000232,451043,451043,558.11,558.784,0.6739999999999782,OXFORD,OXFORD_451043_BCG_3AXIS_seg0001_c0050,BCG_3AXIS,False,unfiltered,
OXFORD_mv000233,451043,451043,569.562,570.618,1.05600000000004,OXFORD,OXFORD_451043_BCG_3AXIS_seg0001_c0051,BCG_3AXIS,False,unfiltered,
OXFORD_mv000234,451043,451043,577.434,578.07,0.636000000000081,OXFORD,OXFORD_451043_BCG_3AXIS_seg0001_c0052,BCG_3AXIS,False,unfiltered,
OXFORD_mv000235,451043,451043,601.82,603.154,1.3339999999999463,OXFORD,OXFORD_451043_BCG_3AXIS_seg0001_c0053,BCG_3AXIS,False,unfiltered,
OXFORD_mv000236,451043,451043,604.288,604.598,0.3099999999999454,OXFORD,OXFORD_451043_BCG_3AXIS_seg0001_c0054,BCG_3AXIS,False,unfiltered,
OXFORD_mv000237,451043,451043,605.908,606.742,0.8339999999999463,OXFORD,OXFORD_451043_BCG_3AXIS_seg0001_c0055,BCG_3AXIS,False,unfiltered,
OXFORD_mv000238,451043,451043,607.254,607.906,0.65199999999993,OXFORD,OXFORD_451043_BCG_3AXIS_seg0001_c0056,BCG_3AXIS,False,unfiltered,
OXFORD_mv000239,451043,451043,615.638,619.852,4.213999999999942,OXFORD,OXFORD_451043_BCG_3AXIS_seg0001_c0057,BCG_3AXIS,False,unfiltered,
OXFORD_mv000240,451043,451043,691.784,693.86,2.076000000000022,OXFORD,OXFORD_451043_BCG_3AXIS_seg0001_c0058,BCG_3AXIS,False,unfiltered,
OXFORD_mv000241,451043,451043,696.3,698.31,2.009999999999991,OXFORD,OXFORD_451043_BCG_3AXIS_seg0001_c0059,BCG_3AXIS,False,unfiltered,
OXFORD_mv000242,451043,451043,714.15,715.08,0.9300000000000636,OXFORD,OXFORD_451043_BCG_3AXIS_seg0001_c0060,BCG_3AXIS,False,unfiltered,
OXFORD_mv000243,451043,451043,721.544,722.26,0.7160000000000082,OXFORD,OXFORD_451043_BCG_3AXIS_seg0001_c0061,BCG_3AXIS,False,unfiltered,
OXFORD_mv000244,451043,451043,725.652,726.714,1.0620000000000118,OXFORD,OXFORD_451043_BCG_3AXIS_seg0001_c0062,BCG_3AXIS,False,unfiltered,
OXFORD_mv000245,451043,451043,742.066,742.594,0.52800000000002,OXFORD,OXFORD_451043_BCG_3AXIS_seg0001_c0063,BCG_3AXIS,False,unfiltered,
OXFORD_mv000246,451043,451043,743.824,744.662,0.8380000000000791,OXFORD,OXFORD_451043_BCG_3AXIS_seg0001_c0064,BCG_3AXIS,False,unfiltered,
OXFORD_mv000247,451043,451043,759.536,759.874,0.3380000000000791,OXFORD,OXFORD_451043_BCG_3AXIS_seg0001_c0065,BCG_3AXIS,False,unfiltered,
OXFORD_mv000248,451043,451043,772.998,776.56,3.561999999999898,OXFORD,OXFORD_451043_BCG_3AXIS_seg0001_c0066,BCG_3AXIS,False,unfiltered,
OXFORD_mv000249,451043,451043,782.592,783.466,0.8740000000000236,OXFORD,OXFORD_451043_BCG_3AXIS_seg0001_c0067,BCG_3AXIS,False,unfiltered,
OXFORD_mv000250,451043,451043,797.496,798.882,1.3859999999999673,OXFORD,OXFORD_451043_BCG_3AXIS_seg0001_c0068,BCG_3AXIS,False,unfiltered,
OXFORD_mv000251,451043,451043,800.396,802.776,2.3799999999999955,OXFORD,OXFORD_451043_BCG_3AXIS_seg0001_c0069,BCG_3AXIS,False,unfiltered,
OXFORD_mv000252,451043,451043,803.652,806.558,2.905999999999949,OXFORD,OXFORD_451043_BCG_3AXIS_seg0001_c0070,BCG_3AXIS,False,unfiltered,
OXFORD_mv000253,451043,451043,813.774,814.098,0.3239999999999554,OXFORD,OXFORD_451043_BCG_3AXIS_seg0001_c0071,BCG_3AXIS,False,unfiltered,
OXFORD_mv000254,451043,451043,819.592,819.978,0.3859999999999672,OXFORD,OXFORD_451043_BCG_3AXIS_seg0001_c0072,BCG_3AXIS,False,unfiltered,
OXFORD_mv000255,451043,451043,822.052,822.448,0.3959999999999581,OXFORD,OXFORD_451043_BCG_3AXIS_seg0001_c0073,BCG_3AXIS,False,unfiltered,
OXFORD_mv000256,451043,451043,838.232,840.254,2.022000000000048,OXFORD,OXFORD_451043_BCG_3AXIS_seg0001_c0074,BCG_3AXIS,False,unfiltered,
OXFORD_mv000257,451043,451043,843.302,844.402,1.1000000000000227,OXFORD,OXFORD_451043_BCG_3AXIS_seg0001_c0075,BCG_3AXIS,False,unfiltered,
OXFORD_mv000258,451043,451043,849.102,849.692,0.5900000000000318,OXFORD,OXFORD_451043_BCG_3AXIS_seg0001_c0076,BCG_3AXIS,False,unfiltered,
OXFORD_mv000259,451043,451043,859.934,860.238,0.3040000000000873,OXFORD,OXFORD_451043_BCG_3AXIS_seg0001_c0077,BCG_3AXIS,False,unfiltered,
OXFORD_mv000260,451043,451043,882.198,882.578,0.3799999999999954,OXFORD,OXFORD_451043_BCG_3AXIS_seg0001_c0078,BCG_3AXIS,False,unfiltered,
OXFORD_mv000261,451043,451043,887.88,889.888,2.008000000000038,OXFORD,OXFORD_451043_BCG_3AXIS_seg0001_c0079,BCG_3AXIS,False,unfiltered,
OXFORD_mv000262,451049,451049,0.016,1.628,1.612,OXFORD,OXFORD_451049_BCG_3AXIS_seg0001_c0001,BCG_3AXIS,False,unfiltered,
OXFORD_mv000263,451049,451049,37.738,38.6,0.8620000000000019,OXFORD,OXFORD_451049_BCG_3AXIS_seg0001_c0002,BCG_3AXIS,False,unfiltered,
OXFORD_mv000264,451049,451049,44.548,45.84,1.2920000000000016,OXFORD,OXFORD_451049_BCG_3AXIS_seg0001_c0003,BCG_3AXIS,False,unfiltered,
OXFORD_mv000265,451049,451049,71.726,72.478,0.7519999999999953,OXFORD,OXFORD_451049_BCG_3AXIS_seg0001_c0004,BCG_3AXIS,False,unfiltered,
OXFORD_mv000266,451049,451049,82.122,83.106,0.9839999999999948,OXFORD,OXFORD_451049_BCG_3AXIS_seg0001_c0005,BCG_3AXIS,False,unfiltered,
OXFORD_mv000267,451049,451049,83.87,87.798,3.927999999999997,OXFORD,OXFORD_451049_BCG_3AXIS_seg0001_c0006,BCG_3AXIS,False,unfiltered,
OXFORD_mv000268,451049,451049,88.446,92.114,3.6680000000000064,OXFORD,OXFORD_451049_BCG_3AXIS_seg0001_c0007,BCG_3AXIS,False,unfiltered,
OXFORD_mv000269,451049,451049,92.79,93.34,0.5499999999999972,OXFORD,OXFORD_451049_BCG_3AXIS_seg0001_c0008,BCG_3AXIS,False,unfiltered,
OXFORD_mv000270,451049,451049,94.008,96.306,2.298000000000002,OXFORD,OXFORD_451049_BCG_3AXIS_seg0001_c0009,BCG_3AXIS,False,unfiltered,
OXFORD_mv000271,451049,451049,100.354,101.07,0.715999999999994,OXFORD,OXFORD_451049_BCG_3AXIS_seg0001_c0010,BCG_3AXIS,False,unfiltered,
OXFORD_mv000272,451049,451049,120.924,121.596,0.671999999999997,OXFORD,OXFORD_451049_BCG_3AXIS_seg0001_c0011,BCG_3AXIS,False,unfiltered,
OXFORD_mv000273,451049,451049,137.572,137.988,0.4159999999999968,OXFORD,OXFORD_451049_BCG_3AXIS_seg0001_c0012,BCG_3AXIS,False,unfiltered,
OXFORD_mv000274,451049,451049,153.804,154.274,0.4699999999999988,OXFORD,OXFORD_451049_BCG_3AXIS_seg0001_c0013,BCG_3AXIS,False,unfiltered,
OXFORD_mv000275,451049,451049,155.754,156.412,0.6580000000000155,OXFORD,OXFORD_451049_BCG_3AXIS_seg0001_c0014,BCG_3AXIS,False,unfiltered,
OXFORD_mv000276,451049,451049,158.694,159.182,0.4879999999999995,OXFORD,OXFORD_451049_BCG_3AXIS_seg0001_c0015,BCG_3AXIS,False,unfiltered,
OXFORD_mv000277,451049,451049,170.514,171.1,0.5859999999999843,OXFORD,OXFORD_451049_BCG_3AXIS_seg0001_c0016,BCG_3AXIS,False,unfiltered,
OXFORD_mv000278,451049,451049,178.02,178.548,0.5279999999999916,OXFORD,OXFORD_451049_BCG_3AXIS_seg0001_c0017,BCG_3AXIS,False,unfiltered,
OXFORD_mv000279,451049,451049,182.188,183.048,0.8600000000000136,OXFORD,OXFORD_451049_BCG_3AXIS_seg0001_c0018,BCG_3AXIS,False,unfiltered,
OXFORD_mv000280,451049,451049,188.432,188.934,0.5020000000000095,OXFORD,OXFORD_451049_BCG_3AXIS_seg0001_c0019,BCG_3AXIS,False,unfiltered,
OXFORD_mv000281,451049,451049,200.062,201.138,1.0759999999999934,OXFORD,OXFORD_451049_BCG_3AXIS_seg0001_c0020,BCG_3AXIS,False,unfiltered,
OXFORD_mv000282,451049,451049,211.076,211.592,0.5160000000000196,OXFORD,OXFORD_451049_BCG_3AXIS_seg0001_c0021,BCG_3AXIS,False,unfiltered,
OXFORD_mv000283,451049,451049,294.296,295.838,1.54200000000003,OXFORD,OXFORD_451049_BCG_3AXIS_seg0001_c0022,BCG_3AXIS,False,unfiltered,
OXFORD_mv000284,451049,451049,296.46,296.766,0.30600000000004,OXFORD,OXFORD_451049_BCG_3AXIS_seg0001_c0023,BCG_3AXIS,False,unfiltered,
OXFORD_mv000285,451049,451049,313.128,314.002,0.8740000000000236,OXFORD,OXFORD_451049_BCG_3AXIS_seg0001_c0024,BCG_3AXIS,False,unfiltered,
OXFORD_mv000286,451049,451049,317.476,318.704,1.2280000000000086,OXFORD,OXFORD_451049_BCG_3AXIS_seg0001_c0025,BCG_3AXIS,False,unfiltered,
OXFORD_mv000287,451049,451049,322.646,323.14,0.4939999999999713,OXFORD,OXFORD_451049_BCG_3AXIS_seg0001_c0026,BCG_3AXIS,False,unfiltered,
OXFORD_mv000288,451049,451049,334.704,335.036,0.3319999999999936,OXFORD,OXFORD_451049_BCG_3AXIS_seg0001_c0027,BCG_3AXIS,False,unfiltered,
OXFORD_mv000289,451049,451049,342.96,343.476,0.5160000000000196,OXFORD,OXFORD_451049_BCG_3AXIS_seg0001_c0028,BCG_3AXIS,False,unfiltered,
OXFORD_mv000290,451049,451049,376.752,377.224,0.47199999999998,OXFORD,OXFORD_451049_BCG_3AXIS_seg0001_c0029,BCG_3AXIS,False,unfiltered,
OXFORD_mv000291,451049,451049,378.312,378.708,0.396000000000015,OXFORD,OXFORD_451049_BCG_3AXIS_seg0001_c0030,BCG_3AXIS,False,unfiltered,
OXFORD_mv000292,451049,451049,395.218,396.106,0.8879999999999768,OXFORD,OXFORD_451049_BCG_3AXIS_seg0001_c0031,BCG_3AXIS,False,unfiltered,
OXFORD_mv000293,451049,451049,425.248,425.958,0.7100000000000364,OXFORD,OXFORD_451049_BCG_3AXIS_seg0001_c0032,BCG_3AXIS,False,unfiltered,
OXFORD_mv000294,451049,451049,453.178,453.694,0.5160000000000196,OXFORD,OXFORD_451049_BCG_3AXIS_seg0001_c0033,BCG_3AXIS,False,unfiltered,
OXFORD_mv000295,451049,451049,472.63,473.16,0.5300000000000296,OXFORD,OXFORD_451049_BCG_3AXIS_seg0001_c0034,BCG_3AXIS,False,unfiltered,
OXFORD_mv000296,451049,451049,478.594,481.23,2.636000000000024,OXFORD,OXFORD_451049_BCG_3AXIS_seg0001_c0035,BCG_3AXIS,False,unfiltered,
OXFORD_mv000297,451049,451049,504.93,505.278,0.3480000000000132,OXFORD,OXFORD_451049_BCG_3AXIS_seg0001_c0036,BCG_3AXIS,False,unfiltered,
OXFORD_mv000298,451049,451049,533.064,533.686,0.6220000000000709,OXFORD,OXFORD_451049_BCG_3AXIS_seg0001_c0037,BCG_3AXIS,False,unfiltered,
OXFORD_mv000299,451049,451049,538.372,538.724,0.3520000000000891,OXFORD,OXFORD_451049_BCG_3AXIS_seg0001_c0038,BCG_3AXIS,False,unfiltered,
OXFORD_mv000300,451049,451049,622.22,625.108,2.88799999999992,OXFORD,OXFORD_451049_BCG_3AXIS_seg0001_c0039,BCG_3AXIS,False,unfiltered,
OXFORD_mv000301,451049,451049,625.852,626.38,0.52800000000002,OXFORD,OXFORD_451049_BCG_3AXIS_seg0001_c0040,BCG_3AXIS,False,unfiltered,
OXFORD_mv000302,451049,451049,632.722,633.44,0.7180000000000746,OXFORD,OXFORD_451049_BCG_3AXIS_seg0001_c0041,BCG_3AXIS,False,unfiltered,
OXFORD_mv000303,451049,451049,696.842,697.612,0.7699999999999818,OXFORD,OXFORD_451049_BCG_3AXIS_seg0001_c0042,BCG_3AXIS,False,unfiltered,
OXFORD_mv000304,451049,451049,722.04,723.252,1.211999999999989,OXFORD,OXFORD_451049_BCG_3AXIS_seg0001_c0043,BCG_3AXIS,False,unfiltered,
OXFORD_mv000305,451049,451049,757.69,758.424,0.7339999999999236,OXFORD,OXFORD_451049_BCG_3AXIS_seg0001_c0044,BCG_3AXIS,False,unfiltered,
OXFORD_mv000306,451049,451049,760.316,760.7,0.3840000000000145,OXFORD,OXFORD_451049_BCG_3AXIS_seg0001_c0045,BCG_3AXIS,False,unfiltered,
OXFORD_mv000307,451049,451049,762.762,763.302,0.5400000000000773,OXFORD,OXFORD_451049_BCG_3AXIS_seg0001_c0046,BCG_3AXIS,False,unfiltered,
OXFORD_mv000308,451049,451049,794.704,795.542,0.8380000000000791,OXFORD,OXFORD_451049_BCG_3AXIS_seg0001_c0047,BCG_3AXIS,False,unfiltered,
OXFORD_mv000309,451049,451049,799.414,799.986,0.5720000000000027,OXFORD,OXFORD_451049_BCG_3AXIS_seg0001_c0048,BCG_3AXIS,False,unfiltered,
OXFORD_mv000310,451049,451049,844.734,845.896,1.1619999999999209,OXFORD,OXFORD_451049_BCG_3AXIS_seg0001_c0049,BCG_3AXIS,False,unfiltered,
OXFORD_mv000311,451049,451049,848.29,848.826,0.5360000000000582,OXFORD,OXFORD_451049_BCG_3AXIS_seg0001_c0050,BCG_3AXIS,False,unfiltered,
OXFORD_mv000312,451049,451049,850.242,851.288,1.0460000000000491,OXFORD,OXFORD_451049_BCG_3AXIS_seg0001_c0051,BCG_3AXIS,False,unfiltered,
OXFORD_mv000313,451280,451280,4.086,4.566,0.4799999999999995,OXFORD,OXFORD_451280_BCG_3AXIS_seg0001_c0001,BCG_3AXIS,False,unfiltered,
OXFORD_mv000314,451280,451280,5.998,6.52,0.5219999999999994,OXFORD,OXFORD_451280_BCG_3AXIS_seg0001_c0002,BCG_3AXIS,False,unfiltered,
OXFORD_mv000315,451280,451280,7.472,7.782,0.3099999999999996,OXFORD,OXFORD_451280_BCG_3AXIS_seg0001_c0003,BCG_3AXIS,False,unfiltered,
OXFORD_mv000316,451280,451280,10.252,11.956,1.7039999999999988,OXFORD,OXFORD_451280_BCG_3AXIS_seg0001_c0004,BCG_3AXIS,False,unfiltered,
OXFORD_mv000317,451280,451280,12.84,13.146,0.3060000000000009,OXFORD,OXFORD_451280_BCG_3AXIS_seg0001_c0005,BCG_3AXIS,False,unfiltered,
OXFORD_mv000318,451280,451280,15.704,18.414,2.710000000000001,OXFORD,OXFORD_451280_BCG_3AXIS_seg0001_c0006,BCG_3AXIS,False,unfiltered,
OXFORD_mv000319,451280,451280,24.106,24.446,0.3399999999999998,OXFORD,OXFORD_451280_BCG_3AXIS_seg0001_c0007,BCG_3AXIS,False,unfiltered,
OXFORD_mv000320,451280,451280,29.02,29.342,0.3219999999999992,OXFORD,OXFORD_451280_BCG_3AXIS_seg0001_c0008,BCG_3AXIS,False,unfiltered,
OXFORD_mv000321,451280,451280,34.132,34.484,0.3520000000000038,OXFORD,OXFORD_451280_BCG_3AXIS_seg0001_c0009,BCG_3AXIS,False,unfiltered,
OXFORD_mv000322,451280,451280,39.092,39.742,0.6499999999999986,OXFORD,OXFORD_451280_BCG_3AXIS_seg0001_c0010,BCG_3AXIS,False,unfiltered,
OXFORD_mv000323,451280,451280,40.462,40.79,0.3279999999999958,OXFORD,OXFORD_451280_BCG_3AXIS_seg0001_c0011,BCG_3AXIS,False,unfiltered,
OXFORD_mv000324,451280,451280,41.9,42.264,0.3640000000000043,OXFORD,OXFORD_451280_BCG_3AXIS_seg0001_c0012,BCG_3AXIS,False,unfiltered,
OXFORD_mv000325,451280,451280,43.106,44.034,0.9279999999999972,OXFORD,OXFORD_451280_BCG_3AXIS_seg0001_c0013,BCG_3AXIS,False,unfiltered,
OXFORD_mv000326,451280,451280,44.868,45.226,0.357999999999997,OXFORD,OXFORD_451280_BCG_3AXIS_seg0001_c0014,BCG_3AXIS,False,unfiltered,
OXFORD_mv000327,451280,451280,47.016,48.342,1.3260000000000003,OXFORD,OXFORD_451280_BCG_3AXIS_seg0001_c0015,BCG_3AXIS,False,unfiltered,
OXFORD_mv000328,451280,451280,61.32,62.64,1.3200000000000005,OXFORD,OXFORD_451280_BCG_3AXIS_seg0001_c0016,BCG_3AXIS,False,unfiltered,
OXFORD_mv000329,451280,451280,94.552,95.266,0.7139999999999986,OXFORD,OXFORD_451280_BCG_3AXIS_seg0001_c0017,BCG_3AXIS,False,unfiltered,
OXFORD_mv000330,451280,451280,96.356,97.856,1.5,OXFORD,OXFORD_451280_BCG_3AXIS_seg0001_c0018,BCG_3AXIS,False,unfiltered,
OXFORD_mv000331,451280,451280,99.076,99.63,0.554000000000002,OXFORD,OXFORD_451280_BCG_3AXIS_seg0001_c0019,BCG_3AXIS,False,unfiltered,
OXFORD_mv000332,451280,451280,101.55,102.31,0.7600000000000051,OXFORD,OXFORD_451280_BCG_3AXIS_seg0001_c0020,BCG_3AXIS,False,unfiltered,
OXFORD_mv000333,451280,451280,105.74,106.274,0.534000000000006,OXFORD,OXFORD_451280_BCG_3AXIS_seg0001_c0021,BCG_3AXIS,False,unfiltered,
OXFORD_mv000334,451280,451280,111.252,111.708,0.456000000000003,OXFORD,OXFORD_451280_BCG_3AXIS_seg0001_c0022,BCG_3AXIS,False,unfiltered,
OXFORD_mv000335,451280,451280,121.382,122.256,0.8739999999999952,OXFORD,OXFORD_451280_BCG_3AXIS_seg0001_c0023,BCG_3AXIS,False,unfiltered,
OXFORD_mv000336,451280,451280,125.686,126.728,1.0419999999999874,OXFORD,OXFORD_451280_BCG_3AXIS_seg0001_c0024,BCG_3AXIS,False,unfiltered,
OXFORD_mv000337,451280,451280,129.98,130.408,0.4279999999999972,OXFORD,OXFORD_451280_BCG_3AXIS_seg0001_c0025,BCG_3AXIS,False,unfiltered,
OXFORD_mv000338,451280,451280,134.384,134.808,0.4240000000000066,OXFORD,OXFORD_451280_BCG_3AXIS_seg0001_c0026,BCG_3AXIS,False,unfiltered,
OXFORD_mv000339,451280,451280,137.24,137.616,0.3760000000000048,OXFORD,OXFORD_451280_BCG_3AXIS_seg0001_c0027,BCG_3AXIS,False,unfiltered,
OXFORD_mv000340,451280,451280,140.496,141.368,0.8719999999999857,OXFORD,OXFORD_451280_BCG_3AXIS_seg0001_c0028,BCG_3AXIS,False,unfiltered,
OXFORD_mv000341,451280,451280,145.166,146.072,0.906000000000006,OXFORD,OXFORD_451280_BCG_3AXIS_seg0001_c0029,BCG_3AXIS,False,unfiltered,
OXFORD_mv000342,451280,451280,153.972,154.288,0.3160000000000025,OXFORD,OXFORD_451280_BCG_3AXIS_seg0001_c0030,BCG_3AXIS,False,unfiltered,
OXFORD_mv000343,451280,451280,163.622,164.398,0.775999999999982,OXFORD,OXFORD_451280_BCG_3AXIS_seg0001_c0031,BCG_3AXIS,False,unfiltered,
OXFORD_mv000344,451280,451280,182.446,192.962,10.515999999999991,OXFORD,OXFORD_451280_BCG_3AXIS_seg0001_c0032,BCG_3AXIS,False,unfiltered,
OXFORD_mv000345,451280,451280,193.536,198.188,4.651999999999987,OXFORD,OXFORD_451280_BCG_3AXIS_seg0001_c0033,BCG_3AXIS,False,unfiltered,
OXFORD_mv000346,451280,451280,225.9,226.324,0.4240000000000066,OXFORD,OXFORD_451280_BCG_3AXIS_seg0001_c0034,BCG_3AXIS,False,unfiltered,
OXFORD_mv000347,451280,451280,228.756,229.166,0.4099999999999966,OXFORD,OXFORD_451280_BCG_3AXIS_seg0001_c0035,BCG_3AXIS,False,unfiltered,
OXFORD_mv000348,451280,451280,238.198,238.5,0.3019999999999925,OXFORD,OXFORD_451280_BCG_3AXIS_seg0001_c0036,BCG_3AXIS,False,unfiltered,
OXFORD_mv000349,451280,451280,243.412,243.842,0.4300000000000068,OXFORD,OXFORD_451280_BCG_3AXIS_seg0001_c0037,BCG_3AXIS,False,unfiltered,
OXFORD_mv000350,451280,451280,247.824,248.17,0.3459999999999752,OXFORD,OXFORD_451280_BCG_3AXIS_seg0001_c0038,BCG_3AXIS,False,unfiltered,
OXFORD_mv000351,451280,451280,253.032,253.394,0.3619999999999947,OXFORD,OXFORD_451280_BCG_3AXIS_seg0001_c0039,BCG_3AXIS,False,unfiltered,
OXFORD_mv000352,451280,451280,259.574,259.896,0.3220000000000027,OXFORD,OXFORD_451280_BCG_3AXIS_seg0001_c0040,BCG_3AXIS,False,unfiltered,
OXFORD_mv000353,451280,451280,260.776,261.164,0.3879999999999768,OXFORD,OXFORD_451280_BCG_3AXIS_seg0001_c0041,BCG_3AXIS,False,unfiltered,
OXFORD_mv000354,451280,451280,264.864,265.192,0.3280000000000314,OXFORD,OXFORD_451280_BCG_3AXIS_seg0001_c0042,BCG_3AXIS,False,unfiltered,
OXFORD_mv000355,451280,451280,272.95,273.382,0.4320000000000163,OXFORD,OXFORD_451280_BCG_3AXIS_seg0001_c0043,BCG_3AXIS,False,unfiltered,
OXFORD_mv000356,451280,451280,274.502,274.926,0.4239999999999781,OXFORD,OXFORD_451280_BCG_3AXIS_seg0001_c0044,BCG_3AXIS,False,unfiltered,
OXFORD_mv000357,451280,451280,276.246,276.546,0.3000000000000113,OXFORD,OXFORD_451280_BCG_3AXIS_seg0001_c0045,BCG_3AXIS,False,unfiltered,
OXFORD_mv000358,451280,451280,288.672,290.492,1.8199999999999927,OXFORD,OXFORD_451280_BCG_3AXIS_seg0001_c0046,BCG_3AXIS,False,unfiltered,
OXFORD_mv000359,451280,451280,296.404,296.922,0.5180000000000291,OXFORD,OXFORD_451280_BCG_3AXIS_seg0001_c0047,BCG_3AXIS,False,unfiltered,
OXFORD_mv000360,451280,451280,300.626,301.154,0.52800000000002,OXFORD,OXFORD_451280_BCG_3AXIS_seg0001_c0048,BCG_3AXIS,False,unfiltered,
OXFORD_mv000361,451280,451280,342.142,342.444,0.3020000000000209,OXFORD,OXFORD_451280_BCG_3AXIS_seg0001_c0049,BCG_3AXIS,False,unfiltered,
OXFORD_mv000362,451280,451280,343.676,344.014,0.3380000000000223,OXFORD,OXFORD_451280_BCG_3AXIS_seg0001_c0050,BCG_3AXIS,False,unfiltered,
OXFORD_mv000363,451280,451280,344.636,345.552,0.9159999999999968,OXFORD,OXFORD_451280_BCG_3AXIS_seg0001_c0051,BCG_3AXIS,False,unfiltered,
OXFORD_mv000364,451280,451280,392.958,393.508,0.5499999999999545,OXFORD,OXFORD_451280_BCG_3AXIS_seg0001_c0052,BCG_3AXIS,False,unfiltered,
OXFORD_mv000365,451280,451280,398.526,400.474,1.947999999999979,OXFORD,OXFORD_451280_BCG_3AXIS_seg0001_c0053,BCG_3AXIS,False,unfiltered,
OXFORD_mv000366,451280,451280,409.758,416.918,7.160000000000025,OXFORD,OXFORD_451280_BCG_3AXIS_seg0001_c0054,BCG_3AXIS,False,unfiltered,
OXFORD_mv000367,451280,451280,420.058,422.97,2.9120000000000346,OXFORD,OXFORD_451280_BCG_3AXIS_seg0001_c0055,BCG_3AXIS,False,unfiltered,
OXFORD_mv000368,451280,451280,423.484,423.868,0.3840000000000145,OXFORD,OXFORD_451280_BCG_3AXIS_seg0001_c0056,BCG_3AXIS,False,unfiltered,
OXFORD_mv000369,451280,451280,433.514,433.938,0.4239999999999781,OXFORD,OXFORD_451280_BCG_3AXIS_seg0001_c0057,BCG_3AXIS,False,unfiltered,
OXFORD_mv000370,451280,451280,434.844,435.288,0.4440000000000168,OXFORD,OXFORD_451280_BCG_3AXIS_seg0001_c0058,BCG_3AXIS,False,unfiltered,
OXFORD_mv000371,451280,451280,436.886,438.15,1.2639999999999532,OXFORD,OXFORD_451280_BCG_3AXIS_seg0001_c0059,BCG_3AXIS,False,unfiltered,
OXFORD_mv000372,451280,451280,448.526,448.922,0.396000000000015,OXFORD,OXFORD_451280_BCG_3AXIS_seg0001_c0060,BCG_3AXIS,False,unfiltered,
OXFORD_mv000373,451280,451280,498.682,499.106,0.4239999999999781,OXFORD,OXFORD_451280_BCG_3AXIS_seg0001_c0061,BCG_3AXIS,False,unfiltered,
OXFORD_mv000374,451280,451280,504.688,504.996,0.3079999999999927,OXFORD,OXFORD_451280_BCG_3AXIS_seg0001_c0062,BCG_3AXIS,False,unfiltered,
OXFORD_mv000375,451280,451280,509.562,510.17,0.6080000000000041,OXFORD,OXFORD_451280_BCG_3AXIS_seg0001_c0063,BCG_3AXIS,False,unfiltered,
OXFORD_mv000376,451280,451280,517.666,517.992,0.3259999999999081,OXFORD,OXFORD_451280_BCG_3AXIS_seg0001_c0064,BCG_3AXIS,False,unfiltered,
OXFORD_mv000377,451280,451280,518.856,519.546,0.6900000000000546,OXFORD,OXFORD_451280_BCG_3AXIS_seg0001_c0065,BCG_3AXIS,False,unfiltered,
OXFORD_mv000378,451280,451280,520.166,520.548,0.3819999999999481,OXFORD,OXFORD_451280_BCG_3AXIS_seg0001_c0066,BCG_3AXIS,False,unfiltered,
OXFORD_mv000379,451280,451280,521.894,522.44,0.5460000000000491,OXFORD,OXFORD_451280_BCG_3AXIS_seg0001_c0067,BCG_3AXIS,False,unfiltered,
OXFORD_mv000380,451280,451280,538.934,539.3,0.3659999999999854,OXFORD,OXFORD_451280_BCG_3AXIS_seg0001_c0068,BCG_3AXIS,False,unfiltered,
OXFORD_mv000381,451280,451280,553.152,553.654,0.5019999999999527,OXFORD,OXFORD_451280_BCG_3AXIS_seg0001_c0069,BCG_3AXIS,False,unfiltered,
OXFORD_mv000382,451280,451280,554.34,556.892,2.552000000000021,OXFORD,OXFORD_451280_BCG_3AXIS_seg0001_c0070,BCG_3AXIS,False,unfiltered,
OXFORD_mv000383,451280,451280,557.398,557.804,0.405999999999949,OXFORD,OXFORD_451280_BCG_3AXIS_seg0001_c0071,BCG_3AXIS,False,unfiltered,
OXFORD_mv000384,451280,451280,566.126,567.068,0.9420000000000072,OXFORD,OXFORD_451280_BCG_3AXIS_seg0001_c0072,BCG_3AXIS,False,unfiltered,
OXFORD_mv000385,451280,451280,568.816,569.884,1.0679999999999836,OXFORD,OXFORD_451280_BCG_3AXIS_seg0001_c0073,BCG_3AXIS,False,unfiltered,
OXFORD_mv000386,451280,451280,605.928,607.856,1.9279999999999973,OXFORD,OXFORD_451280_BCG_3AXIS_seg0001_c0074,BCG_3AXIS,False,unfiltered,
OXFORD_mv000387,451280,451280,608.694,609.104,0.4100000000000818,OXFORD,OXFORD_451280_BCG_3AXIS_seg0001_c0075,BCG_3AXIS,False,unfiltered,
OXFORD_mv000388,451280,451280,617.178,617.65,0.47199999999998,OXFORD,OXFORD_451280_BCG_3AXIS_seg0001_c0076,BCG_3AXIS,False,unfiltered,
OXFORD_mv000389,451280,451280,628.542,630.33,1.788000000000011,OXFORD,OXFORD_451280_BCG_3AXIS_seg0001_c0077,BCG_3AXIS,False,unfiltered,
OXFORD_mv000390,451280,451280,644.906,646.728,1.8220000000000027,OXFORD,OXFORD_451280_BCG_3AXIS_seg0001_c0078,BCG_3AXIS,False,unfiltered,
OXFORD_mv000391,451280,451280,681.976,682.4,0.4239999999999781,OXFORD,OXFORD_451280_BCG_3AXIS_seg0001_c0079,BCG_3AXIS,False,unfiltered,
OXFORD_mv000392,451280,451280,688.008,688.586,0.5779999999999745,OXFORD,OXFORD_451280_BCG_3AXIS_seg0001_c0080,BCG_3AXIS,False,unfiltered,
OXFORD_mv000393,451280,451280,693.432,693.842,0.4099999999999681,OXFORD,OXFORD_451280_BCG_3AXIS_seg0001_c0081,BCG_3AXIS,False,unfiltered,
OXFORD_mv000394,451280,451280,696.778,697.994,1.2160000000000082,OXFORD,OXFORD_451280_BCG_3AXIS_seg0001_c0082,BCG_3AXIS,False,unfiltered,
OXFORD_mv000395,451280,451280,698.754,699.064,0.3099999999999454,OXFORD,OXFORD_451280_BCG_3AXIS_seg0001_c0083,BCG_3AXIS,False,unfiltered,
OXFORD_mv000396,451280,451280,703.364,703.714,0.3500000000000227,OXFORD,OXFORD_451280_BCG_3AXIS_seg0001_c0084,BCG_3AXIS,False,unfiltered,
OXFORD_mv000397,451280,451280,708.294,708.71,0.4160000000000536,OXFORD,OXFORD_451280_BCG_3AXIS_seg0001_c0085,BCG_3AXIS,False,unfiltered,
OXFORD_mv000398,451280,451280,716.414,716.794,0.3799999999999954,OXFORD,OXFORD_451280_BCG_3AXIS_seg0001_c0086,BCG_3AXIS,False,unfiltered,
OXFORD_mv000399,451280,451280,718.728,719.644,0.9160000000000535,OXFORD,OXFORD_451280_BCG_3AXIS_seg0001_c0087,BCG_3AXIS,False,unfiltered,
OXFORD_mv000400,451280,451280,781.036,781.466,0.4300000000000636,OXFORD,OXFORD_451280_BCG_3AXIS_seg0001_c0088,BCG_3AXIS,False,unfiltered,
OXFORD_mv000401,451280,451280,787.018,787.504,0.48599999999999,OXFORD,OXFORD_451280_BCG_3AXIS_seg0001_c0089,BCG_3AXIS,False,unfiltered,
OXFORD_mv000402,451280,451280,798.0,798.348,0.3479999999999563,OXFORD,OXFORD_451280_BCG_3AXIS_seg0001_c0090,BCG_3AXIS,False,unfiltered,
OXFORD_mv000403,451280,451280,812.71,813.154,0.44399999999996,OXFORD,OXFORD_451280_BCG_3AXIS_seg0001_c0091,BCG_3AXIS,False,unfiltered,
OXFORD_mv000404,451280,451280,823.714,824.238,0.5240000000000009,OXFORD,OXFORD_451280_BCG_3AXIS_seg0001_c0092,BCG_3AXIS,False,unfiltered,
OXFORD_mv000405,451280,451280,827.786,828.376,0.5900000000000318,OXFORD,OXFORD_451280_BCG_3AXIS_seg0001_c0093,BCG_3AXIS,False,unfiltered,
OXFORD_mv000406,451280,451280,833.648,835.96,2.312000000000012,OXFORD,OXFORD_451280_BCG_3AXIS_seg0001_c0094,BCG_3AXIS,False,unfiltered,
OXFORD_mv000407,451280,451280,837.076,837.588,0.5119999999999436,OXFORD,OXFORD_451280_BCG_3AXIS_seg0001_c0095,BCG_3AXIS,False,unfiltered,
OXFORD_mv000408,451280,451280,841.388,844.646,3.2579999999999245,OXFORD,OXFORD_451280_BCG_3AXIS_seg0001_c0096,BCG_3AXIS,False,unfiltered,
OXFORD_mv000409,451280,451280,847.398,847.832,0.4339999999999691,OXFORD,OXFORD_451280_BCG_3AXIS_seg0001_c0097,BCG_3AXIS,False,unfiltered,
OXFORD_mv000410,451280,451280,850.234,851.404,1.169999999999959,OXFORD,OXFORD_451280_BCG_3AXIS_seg0001_c0098,BCG_3AXIS,False,unfiltered,
OXFORD_mv000411,451280,451280,854.96,855.492,0.5319999999999254,OXFORD,OXFORD_451280_BCG_3AXIS_seg0001_c0099,BCG_3AXIS,False,unfiltered,
OXFORD_mv000412,451280,451280,859.418,860.316,0.8980000000000246,OXFORD,OXFORD_451280_BCG_3AXIS_seg0001_c0100,BCG_3AXIS,False,unfiltered,
OXFORD_mv000413,451280,451280,875.426,875.89,0.4639999999999418,OXFORD,OXFORD_451280_BCG_3AXIS_seg0001_c0101,BCG_3AXIS,False,unfiltered,
OXFORD_mv000414,451280,451280,879.32,879.722,0.4019999999999299,OXFORD,OXFORD_451280_BCG_3AXIS_seg0001_c0102,BCG_3AXIS,False,unfiltered,
OXFORD_mv000415,451280,451280,884.13,884.428,0.2980000000000018,OXFORD,OXFORD_451280_BCG_3AXIS_seg0001_c0103,BCG_3AXIS,False,unfiltered,
OXFORD_mv000416,451280,451280,892.728,893.194,0.4660000000000082,OXFORD,OXFORD_451280_BCG_3AXIS_seg0001_c0104,BCG_3AXIS,False,unfiltered,
OXFORD_mv000417,451280,451280,895.502,895.894,0.3920000000000527,OXFORD,OXFORD_451280_BCG_3AXIS_seg0001_c0105,BCG_3AXIS,False,unfiltered,
OXFORD_mv000418,451280,451280,898.084,899.138,1.054000000000087,OXFORD,OXFORD_451280_BCG_3AXIS_seg0001_c0106,BCG_3AXIS,False,unfiltered,
OXFORD_mv000419,451377,451377,1.492,2.006,0.5139999999999998,OXFORD,OXFORD_451377_BCG_3AXIS_seg0001_c0001,BCG_3AXIS,False,unfiltered,
OXFORD_mv000420,451377,451377,3.302,3.884,0.5819999999999999,OXFORD,OXFORD_451377_BCG_3AXIS_seg0001_c0002,BCG_3AXIS,False,unfiltered,
OXFORD_mv000421,451377,451377,5.712,7.494,1.782,OXFORD,OXFORD_451377_BCG_3AXIS_seg0001_c0003,BCG_3AXIS,False,unfiltered,
OXFORD_mv000422,451377,451377,9.262,10.646,1.3840000000000003,OXFORD,OXFORD_451377_BCG_3AXIS_seg0001_c0004,BCG_3AXIS,False,unfiltered,
OXFORD_mv000423,451377,451377,15.918,17.008,1.09,OXFORD,OXFORD_451377_BCG_3AXIS_seg0001_c0005,BCG_3AXIS,False,unfiltered,
OXFORD_mv000424,451377,451377,18.76,20.054,1.293999999999997,OXFORD,OXFORD_451377_BCG_3AXIS_seg0001_c0006,BCG_3AXIS,False,unfiltered,
OXFORD_mv000425,451377,451377,32.968,33.42,0.4519999999999982,OXFORD,OXFORD_451377_BCG_3AXIS_seg0001_c0007,BCG_3AXIS,False,unfiltered,
OXFORD_mv000426,451377,451377,34.896,35.432,0.5360000000000014,OXFORD,OXFORD_451377_BCG_3AXIS_seg0001_c0008,BCG_3AXIS,False,unfiltered,
OXFORD_mv000427,451377,451377,40.726,41.372,0.6460000000000008,OXFORD,OXFORD_451377_BCG_3AXIS_seg0001_c0009,BCG_3AXIS,False,unfiltered,
OXFORD_mv000428,451377,451377,117.308,118.552,1.2439999999999998,OXFORD,OXFORD_451377_BCG_3AXIS_seg0001_c0010,BCG_3AXIS,False,unfiltered,
OXFORD_mv000429,451377,451377,121.924,123.394,1.4699999999999989,OXFORD,OXFORD_451377_BCG_3AXIS_seg0001_c0011,BCG_3AXIS,False,unfiltered,
OXFORD_mv000430,451377,451377,126.574,128.962,2.387999999999991,OXFORD,OXFORD_451377_BCG_3AXIS_seg0001_c0012,BCG_3AXIS,False,unfiltered,
OXFORD_mv000431,451377,451377,146.136,148.682,2.5459999999999923,OXFORD,OXFORD_451377_BCG_3AXIS_seg0001_c0013,BCG_3AXIS,False,unfiltered,
OXFORD_mv000432,451377,451377,151.942,153.4,1.4579999999999984,OXFORD,OXFORD_451377_BCG_3AXIS_seg0001_c0014,BCG_3AXIS,False,unfiltered,
OXFORD_mv000433,451377,451377,163.748,166.894,3.146000000000015,OXFORD,OXFORD_451377_BCG_3AXIS_seg0001_c0015,BCG_3AXIS,False,unfiltered,
OXFORD_mv000434,451377,451377,168.152,169.168,1.0160000000000196,OXFORD,OXFORD_451377_BCG_3AXIS_seg0001_c0016,BCG_3AXIS,False,unfiltered,
OXFORD_mv000435,451377,451377,169.702,170.908,1.2059999999999889,OXFORD,OXFORD_451377_BCG_3AXIS_seg0001_c0017,BCG_3AXIS,False,unfiltered,
OXFORD_mv000436,451377,451377,174.096,174.766,0.6699999999999875,OXFORD,OXFORD_451377_BCG_3AXIS_seg0001_c0018,BCG_3AXIS,False,unfiltered,
OXFORD_mv000437,451377,451377,219.246,219.588,0.3419999999999845,OXFORD,OXFORD_451377_BCG_3AXIS_seg0001_c0019,BCG_3AXIS,False,unfiltered,
OXFORD_mv000438,451377,451377,228.096,230.554,2.4579999999999984,OXFORD,OXFORD_451377_BCG_3AXIS_seg0001_c0020,BCG_3AXIS,False,unfiltered,
OXFORD_mv000439,451377,451377,232.282,233.17,0.8879999999999768,OXFORD,OXFORD_451377_BCG_3AXIS_seg0001_c0021,BCG_3AXIS,False,unfiltered,
OXFORD_mv000440,451377,451377,233.74,235.97,2.2299999999999898,OXFORD,OXFORD_451377_BCG_3AXIS_seg0001_c0022,BCG_3AXIS,False,unfiltered,
OXFORD_mv000441,451377,451377,239.046,239.77,0.724000000000018,OXFORD,OXFORD_451377_BCG_3AXIS_seg0001_c0023,BCG_3AXIS,False,unfiltered,
OXFORD_mv000442,451377,451377,242.98,243.286,0.3060000000000116,OXFORD,OXFORD_451377_BCG_3AXIS_seg0001_c0024,BCG_3AXIS,False,unfiltered,
OXFORD_mv000443,451377,451377,248.278,248.956,0.6779999999999973,OXFORD,OXFORD_451377_BCG_3AXIS_seg0001_c0025,BCG_3AXIS,False,unfiltered,
OXFORD_mv000444,451377,451377,255.522,256.978,1.4560000000000173,OXFORD,OXFORD_451377_BCG_3AXIS_seg0001_c0026,BCG_3AXIS,False,unfiltered,
OXFORD_mv000445,451377,451377,315.782,316.2,0.4180000000000063,OXFORD,OXFORD_451377_BCG_3AXIS_seg0001_c0027,BCG_3AXIS,False,unfiltered,
OXFORD_mv000446,451377,451377,318.282,318.68,0.3980000000000245,OXFORD,OXFORD_451377_BCG_3AXIS_seg0001_c0028,BCG_3AXIS,False,unfiltered,
OXFORD_mv000447,451377,451377,333.566,334.416,0.8500000000000227,OXFORD,OXFORD_451377_BCG_3AXIS_seg0001_c0029,BCG_3AXIS,False,unfiltered,
OXFORD_mv000448,451377,451377,337.62,338.298,0.6779999999999973,OXFORD,OXFORD_451377_BCG_3AXIS_seg0001_c0030,BCG_3AXIS,False,unfiltered,
OXFORD_mv000449,451377,451377,426.418,426.882,0.4639999999999986,OXFORD,OXFORD_451377_BCG_3AXIS_seg0001_c0031,BCG_3AXIS,False,unfiltered,
OXFORD_mv000450,451377,451377,433.216,433.726,0.5099999999999909,OXFORD,OXFORD_451377_BCG_3AXIS_seg0001_c0032,BCG_3AXIS,False,unfiltered,
OXFORD_mv000451,451377,451377,456.944,458.494,1.5500000000000114,OXFORD,OXFORD_451377_BCG_3AXIS_seg0001_c0033,BCG_3AXIS,False,unfiltered,
OXFORD_mv000452,451377,451377,462.642,463.146,0.5040000000000191,OXFORD,OXFORD_451377_BCG_3AXIS_seg0001_c0034,BCG_3AXIS,False,unfiltered,
OXFORD_mv000453,451377,451377,468.248,468.982,0.7340000000000373,OXFORD,OXFORD_451377_BCG_3AXIS_seg0001_c0035,BCG_3AXIS,False,unfiltered,
OXFORD_mv000454,451377,451377,472.072,472.828,0.7559999999999718,OXFORD,OXFORD_451377_BCG_3AXIS_seg0001_c0036,BCG_3AXIS,False,unfiltered,
OXFORD_mv000455,451377,451377,484.57,485.126,0.5559999999999832,OXFORD,OXFORD_451377_BCG_3AXIS_seg0001_c0037,BCG_3AXIS,False,unfiltered,
OXFORD_mv000456,451377,451377,491.092,491.42,0.3280000000000314,OXFORD,OXFORD_451377_BCG_3AXIS_seg0001_c0038,BCG_3AXIS,False,unfiltered,
OXFORD_mv000457,451377,451377,495.8,497.056,1.2559999999999718,OXFORD,OXFORD_451377_BCG_3AXIS_seg0001_c0039,BCG_3AXIS,False,unfiltered,
OXFORD_mv000458,451377,451377,497.9,498.422,0.5220000000000482,OXFORD,OXFORD_451377_BCG_3AXIS_seg0001_c0040,BCG_3AXIS,False,unfiltered,
OXFORD_mv000459,451377,451377,539.56,540.272,0.7120000000001028,OXFORD,OXFORD_451377_BCG_3AXIS_seg0001_c0041,BCG_3AXIS,False,unfiltered,
OXFORD_mv000460,451377,451377,586.788,587.184,0.3959999999999581,OXFORD,OXFORD_451377_BCG_3AXIS_seg0001_c0042,BCG_3AXIS,False,unfiltered,
OXFORD_mv000461,451377,451377,639.99,640.83,0.8400000000000318,OXFORD,OXFORD_451377_BCG_3AXIS_seg0001_c0043,BCG_3AXIS,False,unfiltered,
OXFORD_mv000462,451377,451377,684.652,684.954,0.3019999999999072,OXFORD,OXFORD_451377_BCG_3AXIS_seg0001_c0044,BCG_3AXIS,False,unfiltered,
OXFORD_mv000463,451377,451377,690.726,692.066,1.3400000000000318,OXFORD,OXFORD_451377_BCG_3AXIS_seg0001_c0045,BCG_3AXIS,False,unfiltered,
OXFORD_mv000464,451377,451377,692.606,693.782,1.1760000000000446,OXFORD,OXFORD_451377_BCG_3AXIS_seg0001_c0046,BCG_3AXIS,False,unfiltered,
OXFORD_mv000465,451377,451377,695.048,695.676,0.6280000000000427,OXFORD,OXFORD_451377_BCG_3AXIS_seg0001_c0047,BCG_3AXIS,False,unfiltered,
OXFORD_mv000466,451377,451377,704.848,708.982,4.134000000000015,OXFORD,OXFORD_451377_BCG_3AXIS_seg0001_c0048,BCG_3AXIS,False,unfiltered,
OXFORD_mv000467,451377,451377,736.1,736.432,0.3319999999999936,OXFORD,OXFORD_451377_BCG_3AXIS_seg0001_c0049,BCG_3AXIS,False,unfiltered,
OXFORD_mv000468,451377,451377,738.854,739.388,0.5339999999999918,OXFORD,OXFORD_451377_BCG_3AXIS_seg0001_c0050,BCG_3AXIS,False,unfiltered,
OXFORD_mv000469,451377,451377,772.866,773.324,0.45799999999997,OXFORD,OXFORD_451377_BCG_3AXIS_seg0001_c0051,BCG_3AXIS,False,unfiltered,
OXFORD_mv000470,451377,451377,851.03,851.568,0.5380000000000109,OXFORD,OXFORD_451377_BCG_3AXIS_seg0001_c0052,BCG_3AXIS,False,unfiltered,
OXFORD_mv000471,451421,451421,2.082,2.532,0.4500000000000002,OXFORD,OXFORD_451421_BCG_3AXIS_seg0001_c0001,BCG_3AXIS,False,unfiltered,
OXFORD_mv000472,451421,451421,16.774,19.888,3.1140000000000008,OXFORD,OXFORD_451421_BCG_3AXIS_seg0001_c0002,BCG_3AXIS,False,unfiltered,
OXFORD_mv000473,451421,451421,21.946,22.346,0.3999999999999986,OXFORD,OXFORD_451421_BCG_3AXIS_seg0001_c0003,BCG_3AXIS,False,unfiltered,
OXFORD_mv000474,451421,451421,24.372,25.166,0.7940000000000005,OXFORD,OXFORD_451421_BCG_3AXIS_seg0001_c0004,BCG_3AXIS,False,unfiltered,
OXFORD_mv000475,451421,451421,76.846,78.85,2.0039999999999907,OXFORD,OXFORD_451421_BCG_3AXIS_seg0001_c0005,BCG_3AXIS,False,unfiltered,
OXFORD_mv000476,451421,451421,97.83,100.102,2.2720000000000056,OXFORD,OXFORD_451421_BCG_3AXIS_seg0001_c0006,BCG_3AXIS,False,unfiltered,
OXFORD_mv000477,451421,451421,107.836,109.446,1.6099999999999994,OXFORD,OXFORD_451421_BCG_3AXIS_seg0001_c0007,BCG_3AXIS,False,unfiltered,
OXFORD_mv000478,451421,451421,148.29,150.814,2.524000000000001,OXFORD,OXFORD_451421_BCG_3AXIS_seg0001_c0008,BCG_3AXIS,False,unfiltered,
OXFORD_mv000479,451421,451421,154.838,155.502,0.6640000000000157,OXFORD,OXFORD_451421_BCG_3AXIS_seg0001_c0009,BCG_3AXIS,False,unfiltered,
OXFORD_mv000480,451421,451421,167.55,168.232,0.681999999999988,OXFORD,OXFORD_451421_BCG_3AXIS_seg0001_c0010,BCG_3AXIS,False,unfiltered,
OXFORD_mv000481,451421,451421,171.44,171.76,0.3199999999999932,OXFORD,OXFORD_451421_BCG_3AXIS_seg0001_c0011,BCG_3AXIS,False,unfiltered,
OXFORD_mv000482,451421,451421,235.834,236.808,0.9739999999999897,OXFORD,OXFORD_451421_BCG_3AXIS_seg0001_c0012,BCG_3AXIS,False,unfiltered,
OXFORD_mv000483,451421,451421,259.522,260.016,0.4940000000000282,OXFORD,OXFORD_451421_BCG_3AXIS_seg0001_c0013,BCG_3AXIS,False,unfiltered,
OXFORD_mv000484,451421,451421,359.286,364.012,4.725999999999999,OXFORD,OXFORD_451421_BCG_3AXIS_seg0001_c0014,BCG_3AXIS,False,unfiltered,
OXFORD_mv000485,451421,451421,366.37,367.26,0.8899999999999864,OXFORD,OXFORD_451421_BCG_3AXIS_seg0001_c0015,BCG_3AXIS,False,unfiltered,
OXFORD_mv000486,451421,451421,377.054,377.582,0.52800000000002,OXFORD,OXFORD_451421_BCG_3AXIS_seg0001_c0016,BCG_3AXIS,False,unfiltered,
OXFORD_mv000487,451421,451421,389.004,389.794,0.7899999999999636,OXFORD,OXFORD_451421_BCG_3AXIS_seg0001_c0017,BCG_3AXIS,False,unfiltered,
OXFORD_mv000488,451421,451421,399.458,400.492,1.0339999999999918,OXFORD,OXFORD_451421_BCG_3AXIS_seg0001_c0018,BCG_3AXIS,False,unfiltered,
OXFORD_mv000489,451421,451421,427.438,428.142,0.7040000000000077,OXFORD,OXFORD_451421_BCG_3AXIS_seg0001_c0019,BCG_3AXIS,False,unfiltered,
OXFORD_mv000490,451421,451421,435.732,436.43,0.6979999999999791,OXFORD,OXFORD_451421_BCG_3AXIS_seg0001_c0020,BCG_3AXIS,False,unfiltered,
OXFORD_mv000491,451421,451421,437.986,438.864,0.8779999999999859,OXFORD,OXFORD_451421_BCG_3AXIS_seg0001_c0021,BCG_3AXIS,False,unfiltered,
OXFORD_mv000492,451421,451421,440.674,442.922,2.248000000000048,OXFORD,OXFORD_451421_BCG_3AXIS_seg0001_c0022,BCG_3AXIS,False,unfiltered,
OXFORD_mv000493,451421,451421,444.378,446.092,1.7139999999999986,OXFORD,OXFORD_451421_BCG_3AXIS_seg0001_c0023,BCG_3AXIS,False,unfiltered,
OXFORD_mv000494,451421,451421,446.91,447.46,0.5499999999999545,OXFORD,OXFORD_451421_BCG_3AXIS_seg0001_c0024,BCG_3AXIS,False,unfiltered,
OXFORD_mv000495,451421,451421,447.982,449.286,1.3039999999999736,OXFORD,OXFORD_451421_BCG_3AXIS_seg0001_c0025,BCG_3AXIS,False,unfiltered,
OXFORD_mv000496,451421,451421,476.872,477.312,0.4399999999999977,OXFORD,OXFORD_451421_BCG_3AXIS_seg0001_c0026,BCG_3AXIS,False,unfiltered,
OXFORD_mv000497,451421,451421,483.17,483.736,0.5659999999999741,OXFORD,OXFORD_451421_BCG_3AXIS_seg0001_c0027,BCG_3AXIS,False,unfiltered,
OXFORD_mv000498,451421,451421,494.71,495.252,0.54200000000003,OXFORD,OXFORD_451421_BCG_3AXIS_seg0001_c0028,BCG_3AXIS,False,unfiltered,
OXFORD_mv000499,451421,451421,533.818,534.282,0.4640000000000555,OXFORD,OXFORD_451421_BCG_3AXIS_seg0001_c0029,BCG_3AXIS,False,unfiltered,
OXFORD_mv000500,451421,451421,542.598,542.962,0.3640000000000327,OXFORD,OXFORD_451421_BCG_3AXIS_seg0001_c0030,BCG_3AXIS,False,unfiltered,
OXFORD_mv000501,451421,451421,545.256,545.676,0.4200000000000727,OXFORD,OXFORD_451421_BCG_3AXIS_seg0001_c0031,BCG_3AXIS,False,unfiltered,
OXFORD_mv000502,451421,451421,560.994,561.618,0.6240000000000236,OXFORD,OXFORD_451421_BCG_3AXIS_seg0001_c0032,BCG_3AXIS,False,unfiltered,
OXFORD_mv000503,451421,451421,564.074,564.602,0.52800000000002,OXFORD,OXFORD_451421_BCG_3AXIS_seg0001_c0033,BCG_3AXIS,False,unfiltered,
OXFORD_mv000504,451421,451421,567.824,568.668,0.8440000000000509,OXFORD,OXFORD_451421_BCG_3AXIS_seg0001_c0034,BCG_3AXIS,False,unfiltered,
OXFORD_mv000505,451421,451421,581.15,581.556,0.4060000000000627,OXFORD,OXFORD_451421_BCG_3AXIS_seg0001_c0035,BCG_3AXIS,False,unfiltered,
OXFORD_mv000506,451421,451421,593.14,593.74,0.6000000000000227,OXFORD,OXFORD_451421_BCG_3AXIS_seg0001_c0036,BCG_3AXIS,False,unfiltered,
OXFORD_mv000507,451421,451421,599.998,602.236,2.2379999999999427,OXFORD,OXFORD_451421_BCG_3AXIS_seg0001_c0037,BCG_3AXIS,False,unfiltered,
OXFORD_mv000508,451421,451421,603.388,603.91,0.5219999999999345,OXFORD,OXFORD_451421_BCG_3AXIS_seg0001_c0038,BCG_3AXIS,False,unfiltered,
OXFORD_mv000509,451421,451421,609.17,609.676,0.5060000000000855,OXFORD,OXFORD_451421_BCG_3AXIS_seg0001_c0039,BCG_3AXIS,False,unfiltered,
OXFORD_mv000510,451421,451421,612.362,612.928,0.5660000000000309,OXFORD,OXFORD_451421_BCG_3AXIS_seg0001_c0040,BCG_3AXIS,False,unfiltered,
OXFORD_mv000511,451421,451421,651.188,651.854,0.6660000000000537,OXFORD,OXFORD_451421_BCG_3AXIS_seg0001_c0041,BCG_3AXIS,False,unfiltered,
OXFORD_mv000512,451421,451421,668.15,668.502,0.3519999999999754,OXFORD,OXFORD_451421_BCG_3AXIS_seg0001_c0042,BCG_3AXIS,False,unfiltered,
OXFORD_mv000513,451421,451421,698.152,698.678,0.5259999999999536,OXFORD,OXFORD_451421_BCG_3AXIS_seg0001_c0043,BCG_3AXIS,False,unfiltered,
OXFORD_mv000514,451421,451421,704.472,705.952,1.4800000000000182,OXFORD,OXFORD_451421_BCG_3AXIS_seg0001_c0044,BCG_3AXIS,False,unfiltered,
OXFORD_mv000515,451421,451421,723.734,724.868,1.1340000000000146,OXFORD,OXFORD_451421_BCG_3AXIS_seg0001_c0045,BCG_3AXIS,False,unfiltered,
OXFORD_mv000516,451421,451421,780.908,781.42,0.5119999999999436,OXFORD,OXFORD_451421_BCG_3AXIS_seg0001_c0046,BCG_3AXIS,False,unfiltered,
OXFORD_mv000517,451421,451421,808.664,809.188,0.5240000000000009,OXFORD,OXFORD_451421_BCG_3AXIS_seg0001_c0047,BCG_3AXIS,False,unfiltered,
OXFORD_mv000518,451421,451421,829.884,831.216,1.3319999999999936,OXFORD,OXFORD_451421_BCG_3AXIS_seg0001_c0048,BCG_3AXIS,False,unfiltered,
OXFORD_mv000519,451421,451421,831.76,834.79,3.0299999999999727,OXFORD,OXFORD_451421_BCG_3AXIS_seg0001_c0049,BCG_3AXIS,False,unfiltered,
OXFORD_mv000520,451421,451421,837.056,838.264,1.20799999999997,OXFORD,OXFORD_451421_BCG_3AXIS_seg0001_c0050,BCG_3AXIS,False,unfiltered,
OXFORD_mv000521,451421,451421,840.552,843.968,3.41599999999994,OXFORD,OXFORD_451421_BCG_3AXIS_seg0001_c0051,BCG_3AXIS,False,unfiltered,
OXFORD_mv000522,451421,451421,844.898,845.566,0.6680000000000064,OXFORD,OXFORD_451421_BCG_3AXIS_seg0001_c0052,BCG_3AXIS,False,unfiltered,
OXFORD_mv000523,451421,451421,857.006,857.54,0.5339999999999918,OXFORD,OXFORD_451421_BCG_3AXIS_seg0001_c0053,BCG_3AXIS,False,unfiltered,
OXFORD_mv000524,451421,451421,862.874,864.888,2.01400000000001,OXFORD,OXFORD_451421_BCG_3AXIS_seg0001_c0054,BCG_3AXIS,False,unfiltered,
OXFORD_mv000525,451421,451421,865.852,867.432,1.580000000000041,OXFORD,OXFORD_451421_BCG_3AXIS_seg0001_c0055,BCG_3AXIS,False,unfiltered,
OXFORD_mv000526,451421,451421,868.224,869.902,1.6779999999999973,OXFORD,OXFORD_451421_BCG_3AXIS_seg0001_c0056,BCG_3AXIS,False,unfiltered,
OXFORD_mv000527,451421,451421,893.96,894.746,0.7859999999999445,OXFORD,OXFORD_451421_BCG_3AXIS_seg0001_c0057,BCG_3AXIS,False,unfiltered,
OXFORD_mv000528,451609,451609,1.146,2.548,1.402,OXFORD,OXFORD_451609_BCG_3AXIS_seg0001_c0001,BCG_3AXIS,False,unfiltered,
OXFORD_mv000529,451609,451609,63.248,63.69,0.4420000000000001,OXFORD,OXFORD_451609_BCG_3AXIS_seg0001_c0002,BCG_3AXIS,False,unfiltered,
OXFORD_mv000530,451609,451609,133.232,135.23,1.9979999999999905,OXFORD,OXFORD_451609_BCG_3AXIS_seg0001_c0003,BCG_3AXIS,False,unfiltered,
OXFORD_mv000531,451609,451609,155.204,156.0,0.7959999999999923,OXFORD,OXFORD_451609_BCG_3AXIS_seg0001_c0004,BCG_3AXIS,False,unfiltered,
OXFORD_mv000532,451609,451609,160.7,164.478,3.77800000000002,OXFORD,OXFORD_451609_BCG_3AXIS_seg0001_c0005,BCG_3AXIS,False,unfiltered,
OXFORD_mv000533,451609,451609,218.902,219.238,0.3360000000000127,OXFORD,OXFORD_451609_BCG_3AXIS_seg0001_c0006,BCG_3AXIS,False,unfiltered,
OXFORD_mv000534,451609,451609,219.804,221.208,1.4039999999999964,OXFORD,OXFORD_451609_BCG_3AXIS_seg0001_c0007,BCG_3AXIS,False,unfiltered,
OXFORD_mv000535,451609,451609,234.264,235.372,1.108000000000004,OXFORD,OXFORD_451609_BCG_3AXIS_seg0001_c0008,BCG_3AXIS,False,unfiltered,
OXFORD_mv000536,451609,451609,245.46,245.914,0.4539999999999793,OXFORD,OXFORD_451609_BCG_3AXIS_seg0001_c0009,BCG_3AXIS,False,unfiltered,
OXFORD_mv000537,451609,451609,255.41,258.666,3.256,OXFORD,OXFORD_451609_BCG_3AXIS_seg0001_c0010,BCG_3AXIS,False,unfiltered,
OXFORD_mv000538,451609,451609,343.778,345.194,1.4159999999999968,OXFORD,OXFORD_451609_BCG_3AXIS_seg0001_c0011,BCG_3AXIS,False,unfiltered,
OXFORD_mv000539,451609,451609,415.058,415.978,0.920000000000016,OXFORD,OXFORD_451609_BCG_3AXIS_seg0001_c0012,BCG_3AXIS,False,unfiltered,
OXFORD_mv000540,451609,451609,416.706,417.298,0.5919999999999845,OXFORD,OXFORD_451609_BCG_3AXIS_seg0001_c0013,BCG_3AXIS,False,unfiltered,
OXFORD_mv000541,451609,451609,424.204,424.824,0.6200000000000045,OXFORD,OXFORD_451609_BCG_3AXIS_seg0001_c0014,BCG_3AXIS,False,unfiltered,
OXFORD_mv000542,451609,451609,426.158,426.878,0.7199999999999704,OXFORD,OXFORD_451609_BCG_3AXIS_seg0001_c0015,BCG_3AXIS,False,unfiltered,
OXFORD_mv000543,451609,451609,473.662,474.996,1.3340000000000032,OXFORD,OXFORD_451609_BCG_3AXIS_seg0001_c0016,BCG_3AXIS,False,unfiltered,
OXFORD_mv000544,451609,451609,508.008,508.608,0.6000000000000227,OXFORD,OXFORD_451609_BCG_3AXIS_seg0001_c0017,BCG_3AXIS,False,unfiltered,
OXFORD_mv000545,451609,451609,509.124,509.902,0.7779999999999632,OXFORD,OXFORD_451609_BCG_3AXIS_seg0001_c0018,BCG_3AXIS,False,unfiltered,
OXFORD_mv000546,451609,451609,517.844,519.106,1.2619999999999436,OXFORD,OXFORD_451609_BCG_3AXIS_seg0001_c0019,BCG_3AXIS,False,unfiltered,
OXFORD_mv000547,451609,451609,522.982,523.776,0.7939999999999827,OXFORD,OXFORD_451609_BCG_3AXIS_seg0001_c0020,BCG_3AXIS,False,unfiltered,
OXFORD_mv000548,451609,451609,527.76,528.548,0.7880000000000109,OXFORD,OXFORD_451609_BCG_3AXIS_seg0001_c0021,BCG_3AXIS,False,unfiltered,
OXFORD_mv000549,451609,451609,539.276,539.944,0.6680000000000064,OXFORD,OXFORD_451609_BCG_3AXIS_seg0001_c0022,BCG_3AXIS,False,unfiltered,
OXFORD_mv000550,451609,451609,586.11,586.666,0.55600000000004,OXFORD,OXFORD_451609_BCG_3AXIS_seg0001_c0023,BCG_3AXIS,False,unfiltered,
OXFORD_mv000551,451609,451609,587.2,588.16,0.9599999999999228,OXFORD,OXFORD_451609_BCG_3AXIS_seg0001_c0024,BCG_3AXIS,False,unfiltered,
OXFORD_mv000552,451609,451609,589.328,590.216,0.8880000000000337,OXFORD,OXFORD_451609_BCG_3AXIS_seg0001_c0025,BCG_3AXIS,False,unfiltered,
OXFORD_mv000553,451609,451609,622.564,623.222,0.6580000000000155,OXFORD,OXFORD_451609_BCG_3AXIS_seg0001_c0026,BCG_3AXIS,False,unfiltered,
OXFORD_mv000554,451609,451609,629.872,635.014,5.142000000000053,OXFORD,OXFORD_451609_BCG_3AXIS_seg0001_c0027,BCG_3AXIS,False,unfiltered,
OXFORD_mv000555,451609,451609,640.31,641.754,1.4440000000000737,OXFORD,OXFORD_451609_BCG_3AXIS_seg0001_c0028,BCG_3AXIS,False,unfiltered,
OXFORD_mv000556,451609,451609,645.094,646.172,1.0779999999999743,OXFORD,OXFORD_451609_BCG_3AXIS_seg0001_c0029,BCG_3AXIS,False,unfiltered,
OXFORD_mv000557,451609,451609,686.0,687.134,1.1340000000000146,OXFORD,OXFORD_451609_BCG_3AXIS_seg0001_c0030,BCG_3AXIS,False,unfiltered,
OXFORD_mv000558,451609,451609,690.092,690.464,0.3720000000000709,OXFORD,OXFORD_451609_BCG_3AXIS_seg0001_c0031,BCG_3AXIS,False,unfiltered,
OXFORD_mv000559,451609,451609,702.148,702.588,0.4399999999999409,OXFORD,OXFORD_451609_BCG_3AXIS_seg0001_c0032,BCG_3AXIS,False,unfiltered,
OXFORD_mv000560,451609,451609,703.426,704.784,1.3579999999999472,OXFORD,OXFORD_451609_BCG_3AXIS_seg0001_c0033,BCG_3AXIS,False,unfiltered,
OXFORD_mv000561,451609,451609,705.416,706.026,0.6099999999999,OXFORD,OXFORD_451609_BCG_3AXIS_seg0001_c0034,BCG_3AXIS,False,unfiltered,
OXFORD_mv000562,451609,451609,713.092,713.796,0.7040000000000646,OXFORD,OXFORD_451609_BCG_3AXIS_seg0001_c0035,BCG_3AXIS,False,unfiltered,
OXFORD_mv000563,451609,451609,718.376,720.572,2.1960000000000264,OXFORD,OXFORD_451609_BCG_3AXIS_seg0001_c0036,BCG_3AXIS,False,unfiltered,
OXFORD_mv000564,451609,451609,722.52,723.28,0.7599999999999909,OXFORD,OXFORD_451609_BCG_3AXIS_seg0001_c0037,BCG_3AXIS,False,unfiltered,
OXFORD_mv000565,451609,451609,751.726,752.308,0.5819999999999936,OXFORD,OXFORD_451609_BCG_3AXIS_seg0001_c0038,BCG_3AXIS,False,unfiltered,
OXFORD_mv000566,451609,451609,780.056,780.836,0.7799999999999727,OXFORD,OXFORD_451609_BCG_3AXIS_seg0001_c0039,BCG_3AXIS,False,unfiltered,
OXFORD_mv000567,451609,451609,871.314,872.044,0.7300000000000182,OXFORD,OXFORD_451609_BCG_3AXIS_seg0001_c0040,BCG_3AXIS,False,unfiltered,
OXFORD_mv000568,451609,451609,872.664,873.884,1.2200000000000273,OXFORD,OXFORD_451609_BCG_3AXIS_seg0001_c0041,BCG_3AXIS,False,unfiltered,
OXFORD_mv000569,451625,451625,0.774,2.822,2.048,OXFORD,OXFORD_451625_BCG_3AXIS_seg0001_c0001,BCG_3AXIS,False,unfiltered,
OXFORD_mv000570,451625,451625,4.182,7.114,2.9319999999999995,OXFORD,OXFORD_451625_BCG_3AXIS_seg0001_c0002,BCG_3AXIS,False,unfiltered,
OXFORD_mv000571,451625,451625,45.206,45.668,0.4619999999999962,OXFORD,OXFORD_451625_BCG_3AXIS_seg0001_c0003,BCG_3AXIS,False,unfiltered,
OXFORD_mv000572,451625,451625,51.994,52.366,0.3719999999999999,OXFORD,OXFORD_451625_BCG_3AXIS_seg0001_c0004,BCG_3AXIS,False,unfiltered,
OXFORD_mv000573,451625,451625,59.588,60.398,0.8100000000000023,OXFORD,OXFORD_451625_BCG_3AXIS_seg0001_c0005,BCG_3AXIS,False,unfiltered,
OXFORD_mv000574,451625,451625,69.544,69.886,0.3419999999999987,OXFORD,OXFORD_451625_BCG_3AXIS_seg0001_c0006,BCG_3AXIS,False,unfiltered,
OXFORD_mv000575,451625,451625,74.848,75.236,0.3880000000000052,OXFORD,OXFORD_451625_BCG_3AXIS_seg0001_c0007,BCG_3AXIS,False,unfiltered,
OXFORD_mv000576,451625,451625,75.894,76.41,0.5159999999999911,OXFORD,OXFORD_451625_BCG_3AXIS_seg0001_c0008,BCG_3AXIS,False,unfiltered,
OXFORD_mv000577,451625,451625,97.532,97.872,0.3400000000000034,OXFORD,OXFORD_451625_BCG_3AXIS_seg0001_c0009,BCG_3AXIS,False,unfiltered,
OXFORD_mv000578,451625,451625,121.588,121.892,0.304000000000002,OXFORD,OXFORD_451625_BCG_3AXIS_seg0001_c0010,BCG_3AXIS,False,unfiltered,
OXFORD_mv000579,451625,451625,192.03,192.402,0.3719999999999857,OXFORD,OXFORD_451625_BCG_3AXIS_seg0001_c0011,BCG_3AXIS,False,unfiltered,
OXFORD_mv000580,451625,451625,225.048,225.348,0.3000000000000113,OXFORD,OXFORD_451625_BCG_3AXIS_seg0001_c0012,BCG_3AXIS,False,unfiltered,
OXFORD_mv000581,451625,451625,235.852,236.226,0.3739999999999952,OXFORD,OXFORD_451625_BCG_3AXIS_seg0001_c0013,BCG_3AXIS,False,unfiltered,
OXFORD_mv000582,451625,451625,264.398,265.024,0.6259999999999764,OXFORD,OXFORD_451625_BCG_3AXIS_seg0001_c0014,BCG_3AXIS,False,unfiltered,
OXFORD_mv000583,451625,451625,273.132,273.696,0.5640000000000214,OXFORD,OXFORD_451625_BCG_3AXIS_seg0001_c0015,BCG_3AXIS,False,unfiltered,
OXFORD_mv000584,451625,451625,276.562,277.358,0.7959999999999923,OXFORD,OXFORD_451625_BCG_3AXIS_seg0001_c0016,BCG_3AXIS,False,unfiltered,
OXFORD_mv000585,451625,451625,293.244,293.916,0.6719999999999686,OXFORD,OXFORD_451625_BCG_3AXIS_seg0001_c0017,BCG_3AXIS,False,unfiltered,
OXFORD_mv000586,451625,451625,298.07,298.626,0.5559999999999832,OXFORD,OXFORD_451625_BCG_3AXIS_seg0001_c0018,BCG_3AXIS,False,unfiltered,
OXFORD_mv000587,451625,451625,308.254,309.916,1.6619999999999775,OXFORD,OXFORD_451625_BCG_3AXIS_seg0001_c0019,BCG_3AXIS,False,unfiltered,
OXFORD_mv000588,451625,451625,314.192,314.752,0.5600000000000023,OXFORD,OXFORD_451625_BCG_3AXIS_seg0001_c0020,BCG_3AXIS,False,unfiltered,
OXFORD_mv000589,451625,451625,320.566,320.994,0.4280000000000541,OXFORD,OXFORD_451625_BCG_3AXIS_seg0001_c0021,BCG_3AXIS,False,unfiltered,
OXFORD_mv000590,451625,451625,344.622,344.996,0.3739999999999668,OXFORD,OXFORD_451625_BCG_3AXIS_seg0001_c0022,BCG_3AXIS,False,unfiltered,
OXFORD_mv000591,451625,451625,352.76,353.51,0.75,OXFORD,OXFORD_451625_BCG_3AXIS_seg0001_c0023,BCG_3AXIS,False,unfiltered,
OXFORD_mv000592,451625,451625,362.752,363.514,0.7620000000000005,OXFORD,OXFORD_451625_BCG_3AXIS_seg0001_c0024,BCG_3AXIS,False,unfiltered,
OXFORD_mv000593,451625,451625,377.836,378.37,0.5339999999999918,OXFORD,OXFORD_451625_BCG_3AXIS_seg0001_c0025,BCG_3AXIS,False,unfiltered,
OXFORD_mv000594,451625,451625,389.916,390.322,0.4060000000000059,OXFORD,OXFORD_451625_BCG_3AXIS_seg0001_c0026,BCG_3AXIS,False,unfiltered,
OXFORD_mv000595,451625,451625,408.268,412.532,4.26400000000001,OXFORD,OXFORD_451625_BCG_3AXIS_seg0001_c0027,BCG_3AXIS,False,unfiltered,
OXFORD_mv000596,451625,451625,414.038,414.578,0.5399999999999636,OXFORD,OXFORD_451625_BCG_3AXIS_seg0001_c0028,BCG_3AXIS,False,unfiltered,
OXFORD_mv000597,451625,451625,415.336,416.114,0.7779999999999632,OXFORD,OXFORD_451625_BCG_3AXIS_seg0001_c0029,BCG_3AXIS,False,unfiltered,
OXFORD_mv000598,451625,451625,420.278,420.694,0.4159999999999968,OXFORD,OXFORD_451625_BCG_3AXIS_seg0001_c0030,BCG_3AXIS,False,unfiltered,
OXFORD_mv000599,451625,451625,430.372,430.782,0.4099999999999681,OXFORD,OXFORD_451625_BCG_3AXIS_seg0001_c0031,BCG_3AXIS,False,unfiltered,
OXFORD_mv000600,451625,451625,471.858,472.658,0.8000000000000114,OXFORD,OXFORD_451625_BCG_3AXIS_seg0001_c0032,BCG_3AXIS,False,unfiltered,
OXFORD_mv000601,451625,451625,473.712,474.18,0.4680000000000177,OXFORD,OXFORD_451625_BCG_3AXIS_seg0001_c0033,BCG_3AXIS,False,unfiltered,
OXFORD_mv000602,451625,451625,475.42,475.718,0.2980000000000018,OXFORD,OXFORD_451625_BCG_3AXIS_seg0001_c0034,BCG_3AXIS,False,unfiltered,
OXFORD_mv000603,451625,451625,476.452,477.248,0.7959999999999923,OXFORD,OXFORD_451625_BCG_3AXIS_seg0001_c0035,BCG_3AXIS,False,unfiltered,
OXFORD_mv000604,451625,451625,484.54,485.018,0.4779999999999518,OXFORD,OXFORD_451625_BCG_3AXIS_seg0001_c0036,BCG_3AXIS,False,unfiltered,
OXFORD_mv000605,451625,451625,495.052,495.478,0.4259999999999877,OXFORD,OXFORD_451625_BCG_3AXIS_seg0001_c0037,BCG_3AXIS,False,unfiltered,
OXFORD_mv000606,451625,451625,496.202,496.964,0.7620000000000005,OXFORD,OXFORD_451625_BCG_3AXIS_seg0001_c0038,BCG_3AXIS,False,unfiltered,
OXFORD_mv000607,451625,451625,498.362,498.676,0.3139999999999645,OXFORD,OXFORD_451625_BCG_3AXIS_seg0001_c0039,BCG_3AXIS,False,unfiltered,
OXFORD_mv000608,451625,451625,500.398,500.824,0.4259999999999877,OXFORD,OXFORD_451625_BCG_3AXIS_seg0001_c0040,BCG_3AXIS,False,unfiltered,
OXFORD_mv000609,451625,451625,506.818,507.842,1.024000000000001,OXFORD,OXFORD_451625_BCG_3AXIS_seg0001_c0041,BCG_3AXIS,False,unfiltered,
OXFORD_mv000610,451625,451625,537.548,537.962,0.4139999999999872,OXFORD,OXFORD_451625_BCG_3AXIS_seg0001_c0042,BCG_3AXIS,False,unfiltered,
OXFORD_mv000611,451625,451625,548.926,549.606,0.67999999999995,OXFORD,OXFORD_451625_BCG_3AXIS_seg0001_c0043,BCG_3AXIS,False,unfiltered,
OXFORD_mv000612,451625,451625,551.794,552.232,0.4379999999999882,OXFORD,OXFORD_451625_BCG_3AXIS_seg0001_c0044,BCG_3AXIS,False,unfiltered,
OXFORD_mv000613,451625,451625,596.378,596.698,0.3199999999999363,OXFORD,OXFORD_451625_BCG_3AXIS_seg0001_c0045,BCG_3AXIS,False,unfiltered,
OXFORD_mv000614,451625,451625,602.802,603.914,1.1119999999999663,OXFORD,OXFORD_451625_BCG_3AXIS_seg0001_c0046,BCG_3AXIS,False,unfiltered,
OXFORD_mv000615,451625,451625,628.73,629.386,0.6559999999999491,OXFORD,OXFORD_451625_BCG_3AXIS_seg0001_c0047,BCG_3AXIS,False,unfiltered,
OXFORD_mv000616,451625,451625,652.984,653.408,0.4239999999999781,OXFORD,OXFORD_451625_BCG_3AXIS_seg0001_c0048,BCG_3AXIS,False,unfiltered,
OXFORD_mv000617,451625,451625,657.708,658.676,0.9680000000000746,OXFORD,OXFORD_451625_BCG_3AXIS_seg0001_c0049,BCG_3AXIS,False,unfiltered,
OXFORD_mv000618,451625,451625,662.31,663.036,0.7259999999999991,OXFORD,OXFORD_451625_BCG_3AXIS_seg0001_c0050,BCG_3AXIS,False,unfiltered,
OXFORD_mv000619,451625,451625,667.108,667.596,0.4880000000000564,OXFORD,OXFORD_451625_BCG_3AXIS_seg0001_c0051,BCG_3AXIS,False,unfiltered,
OXFORD_mv000620,451625,451625,674.786,675.208,0.4220000000000254,OXFORD,OXFORD_451625_BCG_3AXIS_seg0001_c0052,BCG_3AXIS,False,unfiltered,
OXFORD_mv000621,451625,451625,700.788,701.2,0.4120000000000345,OXFORD,OXFORD_451625_BCG_3AXIS_seg0001_c0053,BCG_3AXIS,False,unfiltered,
OXFORD_mv000622,451625,451625,717.09,717.576,0.48599999999999,OXFORD,OXFORD_451625_BCG_3AXIS_seg0001_c0054,BCG_3AXIS,False,unfiltered,
OXFORD_mv000623,451625,451625,744.44,744.83,0.3899999999999863,OXFORD,OXFORD_451625_BCG_3AXIS_seg0001_c0055,BCG_3AXIS,False,unfiltered,
OXFORD_mv000624,451625,451625,777.734,778.034,0.2999999999999545,OXFORD,OXFORD_451625_BCG_3AXIS_seg0001_c0056,BCG_3AXIS,False,unfiltered,
OXFORD_mv000625,451625,451625,818.26,818.782,0.5220000000000482,OXFORD,OXFORD_451625_BCG_3AXIS_seg0001_c0057,BCG_3AXIS,False,unfiltered,
OXFORD_mv000626,451625,451625,827.3,829.6,2.300000000000068,OXFORD,OXFORD_451625_BCG_3AXIS_seg0001_c0058,BCG_3AXIS,False,unfiltered,
OXFORD_mv000627,451625,451625,830.616,831.008,0.3920000000000527,OXFORD,OXFORD_451625_BCG_3AXIS_seg0001_c0059,BCG_3AXIS,False,unfiltered,
OXFORD_mv000628,451625,451625,881.4,882.426,1.0260000000000673,OXFORD,OXFORD_451625_BCG_3AXIS_seg0001_c0060,BCG_3AXIS,False,unfiltered,
OXFORD_mv000629,451625,451625,883.16,883.702,0.54200000000003,OXFORD,OXFORD_451625_BCG_3AXIS_seg0001_c0061,BCG_3AXIS,False,unfiltered,
OXFORD_mv000630,451625,451625,884.49,888.416,3.926000000000045,OXFORD,OXFORD_451625_BCG_3AXIS_seg0001_c0062,BCG_3AXIS,False,unfiltered,
OXFORD_mv000631,451625,451625,888.938,889.662,0.7240000000000464,OXFORD,OXFORD_451625_BCG_3AXIS_seg0001_c0063,BCG_3AXIS,False,unfiltered,
OXFORD_mv000632,451625,451625,890.216,890.892,0.6760000000000446,OXFORD,OXFORD_451625_BCG_3AXIS_seg0001_c0064,BCG_3AXIS,False,unfiltered,
OXFORD_mv000633,451625,451625,902.75,903.23,0.4800000000000182,OXFORD,OXFORD_451625_BCG_3AXIS_seg0001_c0065,BCG_3AXIS,False,unfiltered,
OXFORD_mv000634,451743,451743,3.868,4.186,0.318,OXFORD,OXFORD_451743_BCG_3AXIS_seg0001_c0001,BCG_3AXIS,False,unfiltered,
OXFORD_mv000635,451743,451743,29.326,32.334,3.0080000000000027,OXFORD,OXFORD_451743_BCG_3AXIS_seg0001_c0002,BCG_3AXIS,False,unfiltered,
OXFORD_mv000636,451743,451743,34.772,35.55,0.7779999999999987,OXFORD,OXFORD_451743_BCG_3AXIS_seg0001_c0003,BCG_3AXIS,False,unfiltered,
OXFORD_mv000637,451743,451743,39.914,42.508,2.594000000000001,OXFORD,OXFORD_451743_BCG_3AXIS_seg0001_c0004,BCG_3AXIS,False,unfiltered,
OXFORD_mv000638,451743,451743,61.336,62.614,1.2779999999999987,OXFORD,OXFORD_451743_BCG_3AXIS_seg0001_c0005,BCG_3AXIS,False,unfiltered,
OXFORD_mv000639,451743,451743,79.16,80.514,1.3539999999999992,OXFORD,OXFORD_451743_BCG_3AXIS_seg0001_c0006,BCG_3AXIS,False,unfiltered,
OXFORD_mv000640,451743,451743,95.196,97.062,1.866,OXFORD,OXFORD_451743_BCG_3AXIS_seg0001_c0007,BCG_3AXIS,False,unfiltered,
OXFORD_mv000641,451743,451743,107.36,108.862,1.5019999999999951,OXFORD,OXFORD_451743_BCG_3AXIS_seg0001_c0008,BCG_3AXIS,False,unfiltered,
OXFORD_mv000642,451743,451743,110.104,110.536,0.4320000000000021,OXFORD,OXFORD_451743_BCG_3AXIS_seg0001_c0009,BCG_3AXIS,False,unfiltered,
OXFORD_mv000643,451743,451743,158.47,159.538,1.068000000000012,OXFORD,OXFORD_451743_BCG_3AXIS_seg0001_c0010,BCG_3AXIS,False,unfiltered,
OXFORD_mv000644,451743,451743,175.592,176.854,1.2620000000000005,OXFORD,OXFORD_451743_BCG_3AXIS_seg0001_c0011,BCG_3AXIS,False,unfiltered,
OXFORD_mv000645,451743,451743,192.124,192.566,0.4420000000000073,OXFORD,OXFORD_451743_BCG_3AXIS_seg0001_c0012,BCG_3AXIS,False,unfiltered,
OXFORD_mv000646,451743,451743,193.41,194.22,0.8100000000000023,OXFORD,OXFORD_451743_BCG_3AXIS_seg0001_c0013,BCG_3AXIS,False,unfiltered,
OXFORD_mv000647,451743,451743,198.53,200.14,1.6099999999999852,OXFORD,OXFORD_451743_BCG_3AXIS_seg0001_c0014,BCG_3AXIS,False,unfiltered,
OXFORD_mv000648,451743,451743,200.892,201.796,0.9039999999999964,OXFORD,OXFORD_451743_BCG_3AXIS_seg0001_c0015,BCG_3AXIS,False,unfiltered,
OXFORD_mv000649,451743,451743,203.958,204.796,0.8379999999999939,OXFORD,OXFORD_451743_BCG_3AXIS_seg0001_c0016,BCG_3AXIS,False,unfiltered,
OXFORD_mv000650,451743,451743,207.848,208.924,1.0759999999999934,OXFORD,OXFORD_451743_BCG_3AXIS_seg0001_c0017,BCG_3AXIS,False,unfiltered,
OXFORD_mv000651,451743,451743,210.6,211.4,0.8000000000000114,OXFORD,OXFORD_451743_BCG_3AXIS_seg0001_c0018,BCG_3AXIS,False,unfiltered,
OXFORD_mv000652,451743,451743,227.12,227.704,0.5840000000000032,OXFORD,OXFORD_451743_BCG_3AXIS_seg0001_c0019,BCG_3AXIS,False,unfiltered,
OXFORD_mv000653,451743,451743,228.466,229.316,0.8499999999999943,OXFORD,OXFORD_451743_BCG_3AXIS_seg0001_c0020,BCG_3AXIS,False,unfiltered,
OXFORD_mv000654,451743,451743,231.588,231.91,0.3220000000000027,OXFORD,OXFORD_451743_BCG_3AXIS_seg0001_c0021,BCG_3AXIS,False,unfiltered,
OXFORD_mv000655,451743,451743,232.456,233.244,0.7880000000000109,OXFORD,OXFORD_451743_BCG_3AXIS_seg0001_c0022,BCG_3AXIS,False,unfiltered,
OXFORD_mv000656,451743,451743,234.13,236.9,2.7700000000000102,OXFORD,OXFORD_451743_BCG_3AXIS_seg0001_c0023,BCG_3AXIS,False,unfiltered,
OXFORD_mv000657,451743,451743,238.326,240.71,2.3840000000000146,OXFORD,OXFORD_451743_BCG_3AXIS_seg0001_c0024,BCG_3AXIS,False,unfiltered,
OXFORD_mv000658,451743,451743,241.4,242.98,1.579999999999984,OXFORD,OXFORD_451743_BCG_3AXIS_seg0001_c0025,BCG_3AXIS,False,unfiltered,
OXFORD_mv000659,451743,451743,244.478,248.182,3.7039999999999793,OXFORD,OXFORD_451743_BCG_3AXIS_seg0001_c0026,BCG_3AXIS,False,unfiltered,
OXFORD_mv000660,451743,451743,249.35,252.47,3.1200000000000045,OXFORD,OXFORD_451743_BCG_3AXIS_seg0001_c0027,BCG_3AXIS,False,unfiltered,
OXFORD_mv000661,451743,451743,253.048,253.702,0.6539999999999964,OXFORD,OXFORD_451743_BCG_3AXIS_seg0001_c0028,BCG_3AXIS,False,unfiltered,
OXFORD_mv000662,451743,451743,254.316,257.028,2.712000000000017,OXFORD,OXFORD_451743_BCG_3AXIS_seg0001_c0029,BCG_3AXIS,False,unfiltered,
OXFORD_mv000663,451743,451743,265.284,266.194,0.910000000000025,OXFORD,OXFORD_451743_BCG_3AXIS_seg0001_c0030,BCG_3AXIS,False,unfiltered,
OXFORD_mv000664,451743,451743,267.466,268.294,0.8279999999999745,OXFORD,OXFORD_451743_BCG_3AXIS_seg0001_c0031,BCG_3AXIS,False,unfiltered,
OXFORD_mv000665,451743,451743,270.41,273.036,2.6259999999999764,OXFORD,OXFORD_451743_BCG_3AXIS_seg0001_c0032,BCG_3AXIS,False,unfiltered,
OXFORD_mv000666,451743,451743,274.22,276.014,1.7939999999999827,OXFORD,OXFORD_451743_BCG_3AXIS_seg0001_c0033,BCG_3AXIS,False,unfiltered,
OXFORD_mv000667,451743,451743,276.652,277.224,0.5720000000000027,OXFORD,OXFORD_451743_BCG_3AXIS_seg0001_c0034,BCG_3AXIS,False,unfiltered,
OXFORD_mv000668,451743,451743,279.332,279.66,0.3280000000000314,OXFORD,OXFORD_451743_BCG_3AXIS_seg0001_c0035,BCG_3AXIS,False,unfiltered,
OXFORD_mv000669,451743,451743,298.762,301.772,3.009999999999991,OXFORD,OXFORD_451743_BCG_3AXIS_seg0001_c0036,BCG_3AXIS,False,unfiltered,
OXFORD_mv000670,451743,451743,318.698,319.506,0.8079999999999927,OXFORD,OXFORD_451743_BCG_3AXIS_seg0001_c0037,BCG_3AXIS,False,unfiltered,
OXFORD_mv000671,451743,451743,322.186,322.92,0.7340000000000373,OXFORD,OXFORD_451743_BCG_3AXIS_seg0001_c0038,BCG_3AXIS,False,unfiltered,
OXFORD_mv000672,451743,451743,332.32,333.054,0.7339999999999804,OXFORD,OXFORD_451743_BCG_3AXIS_seg0001_c0039,BCG_3AXIS,False,unfiltered,
OXFORD_mv000673,451743,451743,333.594,334.92,1.3260000000000218,OXFORD,OXFORD_451743_BCG_3AXIS_seg0001_c0040,BCG_3AXIS,False,unfiltered,
OXFORD_mv000674,451743,451743,338.184,338.948,0.7639999999999532,OXFORD,OXFORD_451743_BCG_3AXIS_seg0001_c0041,BCG_3AXIS,False,unfiltered,
OXFORD_mv000675,451743,451743,340.3,342.506,2.2059999999999604,OXFORD,OXFORD_451743_BCG_3AXIS_seg0001_c0042,BCG_3AXIS,False,unfiltered,
OXFORD_mv000676,451743,451743,345.308,346.028,0.7200000000000273,OXFORD,OXFORD_451743_BCG_3AXIS_seg0001_c0043,BCG_3AXIS,False,unfiltered,
OXFORD_mv000677,451743,451743,346.63,347.352,0.72199999999998,OXFORD,OXFORD_451743_BCG_3AXIS_seg0001_c0044,BCG_3AXIS,False,unfiltered,
OXFORD_mv000678,451743,451743,349.976,350.706,0.7300000000000182,OXFORD,OXFORD_451743_BCG_3AXIS_seg0001_c0045,BCG_3AXIS,False,unfiltered,
OXFORD_mv000679,451743,451743,351.988,353.446,1.4580000000000268,OXFORD,OXFORD_451743_BCG_3AXIS_seg0001_c0046,BCG_3AXIS,False,unfiltered,
OXFORD_mv000680,451743,451743,356.202,356.902,0.6999999999999886,OXFORD,OXFORD_451743_BCG_3AXIS_seg0001_c0047,BCG_3AXIS,False,unfiltered,
OXFORD_mv000681,451743,451743,361.828,362.496,0.6680000000000064,OXFORD,OXFORD_451743_BCG_3AXIS_seg0001_c0048,BCG_3AXIS,False,unfiltered,
OXFORD_mv000682,451743,451743,363.092,364.71,1.617999999999995,OXFORD,OXFORD_451743_BCG_3AXIS_seg0001_c0049,BCG_3AXIS,False,unfiltered,
OXFORD_mv000683,451743,451743,365.372,366.114,0.7419999999999618,OXFORD,OXFORD_451743_BCG_3AXIS_seg0001_c0050,BCG_3AXIS,False,unfiltered,
OXFORD_mv000684,451743,451743,366.774,368.76,1.98599999999999,OXFORD,OXFORD_451743_BCG_3AXIS_seg0001_c0051,BCG_3AXIS,False,unfiltered,
OXFORD_mv000685,451743,451743,369.402,370.182,0.7800000000000296,OXFORD,OXFORD_451743_BCG_3AXIS_seg0001_c0052,BCG_3AXIS,False,unfiltered,
OXFORD_mv000686,451743,451743,370.722,371.69,0.9680000000000176,OXFORD,OXFORD_451743_BCG_3AXIS_seg0001_c0053,BCG_3AXIS,False,unfiltered,
OXFORD_mv000687,451743,451743,372.206,373.666,1.4599999999999795,OXFORD,OXFORD_451743_BCG_3AXIS_seg0001_c0054,BCG_3AXIS,False,unfiltered,
OXFORD_mv000688,451743,451743,374.176,375.054,0.8779999999999859,OXFORD,OXFORD_451743_BCG_3AXIS_seg0001_c0055,BCG_3AXIS,False,unfiltered,
OXFORD_mv000689,451743,451743,377.056,378.406,1.3500000000000227,OXFORD,OXFORD_451743_BCG_3AXIS_seg0001_c0056,BCG_3AXIS,False,unfiltered,
OXFORD_mv000690,451743,451743,379.748,380.504,0.7560000000000286,OXFORD,OXFORD_451743_BCG_3AXIS_seg0001_c0057,BCG_3AXIS,False,unfiltered,
OXFORD_mv000691,451743,451743,386.39,387.21,0.8199999999999932,OXFORD,OXFORD_451743_BCG_3AXIS_seg0001_c0058,BCG_3AXIS,False,unfiltered,
OXFORD_mv000692,451743,451743,402.02,402.376,0.3559999999999945,OXFORD,OXFORD_451743_BCG_3AXIS_seg0001_c0059,BCG_3AXIS,False,unfiltered,
OXFORD_mv000693,451743,451743,416.37,416.892,0.5219999999999914,OXFORD,OXFORD_451743_BCG_3AXIS_seg0001_c0060,BCG_3AXIS,False,unfiltered,
OXFORD_mv000694,451743,451743,499.036,499.6,0.5640000000000214,OXFORD,OXFORD_451743_BCG_3AXIS_seg0001_c0061,BCG_3AXIS,False,unfiltered,
OXFORD_mv000695,451743,451743,536.51,537.36,0.8500000000000227,OXFORD,OXFORD_451743_BCG_3AXIS_seg0001_c0062,BCG_3AXIS,False,unfiltered,
OXFORD_mv000696,451743,451743,551.338,551.702,0.3640000000000327,OXFORD,OXFORD_451743_BCG_3AXIS_seg0001_c0063,BCG_3AXIS,False,unfiltered,
OXFORD_mv000697,451743,451743,552.302,552.876,0.5739999999999554,OXFORD,OXFORD_451743_BCG_3AXIS_seg0001_c0064,BCG_3AXIS,False,unfiltered,
OXFORD_mv000698,451743,451743,589.27,591.344,2.074000000000069,OXFORD,OXFORD_451743_BCG_3AXIS_seg0001_c0065,BCG_3AXIS,False,unfiltered,
OXFORD_mv000699,451743,451743,672.536,674.058,1.5220000000000482,OXFORD,OXFORD_451743_BCG_3AXIS_seg0001_c0066,BCG_3AXIS,False,unfiltered,
OXFORD_mv000700,451743,451743,676.042,676.554,0.5119999999999436,OXFORD,OXFORD_451743_BCG_3AXIS_seg0001_c0067,BCG_3AXIS,False,unfiltered,
OXFORD_mv000701,451743,451743,677.168,677.512,0.3439999999999372,OXFORD,OXFORD_451743_BCG_3AXIS_seg0001_c0068,BCG_3AXIS,False,unfiltered,
OXFORD_mv000702,451743,451743,678.198,679.362,1.1639999999999873,OXFORD,OXFORD_451743_BCG_3AXIS_seg0001_c0069,BCG_3AXIS,False,unfiltered,
OXFORD_mv000703,451743,451743,681.296,682.082,0.7859999999999445,OXFORD,OXFORD_451743_BCG_3AXIS_seg0001_c0070,BCG_3AXIS,False,unfiltered,
OXFORD_mv000704,451743,451743,696.428,697.446,1.018000000000029,OXFORD,OXFORD_451743_BCG_3AXIS_seg0001_c0071,BCG_3AXIS,False,unfiltered,
OXFORD_mv000705,451743,451743,714.716,715.372,0.6559999999999491,OXFORD,OXFORD_451743_BCG_3AXIS_seg0001_c0072,BCG_3AXIS,False,unfiltered,
OXFORD_mv000706,451743,451743,717.14,717.782,0.6420000000000528,OXFORD,OXFORD_451743_BCG_3AXIS_seg0001_c0073,BCG_3AXIS,False,unfiltered,
OXFORD_mv000707,451743,451743,718.346,718.87,0.5240000000000009,OXFORD,OXFORD_451743_BCG_3AXIS_seg0001_c0074,BCG_3AXIS,False,unfiltered,
OXFORD_mv000708,451743,451743,728.236,729.956,1.7200000000000273,OXFORD,OXFORD_451743_BCG_3AXIS_seg0001_c0075,BCG_3AXIS,False,unfiltered,
OXFORD_mv000709,451743,451743,730.68,731.454,0.7740000000000009,OXFORD,OXFORD_451743_BCG_3AXIS_seg0001_c0076,BCG_3AXIS,False,unfiltered,
OXFORD_mv000710,451743,451743,734.782,735.794,1.0119999999999436,OXFORD,OXFORD_451743_BCG_3AXIS_seg0001_c0077,BCG_3AXIS,False,unfiltered,
OXFORD_mv000711,451743,451743,736.31,738.04,1.7300000000000182,OXFORD,OXFORD_451743_BCG_3AXIS_seg0001_c0078,BCG_3AXIS,False,unfiltered,
OXFORD_mv000712,451743,451743,739.292,739.648,0.3559999999999945,OXFORD,OXFORD_451743_BCG_3AXIS_seg0001_c0079,BCG_3AXIS,False,unfiltered,
OXFORD_mv000713,451743,451743,740.978,744.52,3.54200000000003,OXFORD,OXFORD_451743_BCG_3AXIS_seg0001_c0080,BCG_3AXIS,False,unfiltered,
OXFORD_mv000714,451743,451743,746.262,746.63,0.3680000000000518,OXFORD,OXFORD_451743_BCG_3AXIS_seg0001_c0081,BCG_3AXIS,False,unfiltered,
OXFORD_mv000715,451743,451743,748.644,749.08,0.4360000000000354,OXFORD,OXFORD_451743_BCG_3AXIS_seg0001_c0082,BCG_3AXIS,False,unfiltered,
OXFORD_mv000716,451743,451743,769.536,772.098,2.562000000000012,OXFORD,OXFORD_451743_BCG_3AXIS_seg0001_c0083,BCG_3AXIS,False,unfiltered,
OXFORD_mv000717,451743,451743,784.876,785.7,0.8240000000000691,OXFORD,OXFORD_451743_BCG_3AXIS_seg0001_c0084,BCG_3AXIS,False,unfiltered,
OXFORD_mv000718,451743,451743,832.864,833.436,0.5720000000000027,OXFORD,OXFORD_451743_BCG_3AXIS_seg0001_c0085,BCG_3AXIS,False,unfiltered,
OXFORD_mv000719,451743,451743,868.2,868.914,0.7139999999999418,OXFORD,OXFORD_451743_BCG_3AXIS_seg0001_c0086,BCG_3AXIS,False,unfiltered,
OXFORD_mv000720,451743,451743,887.652,888.762,1.1099999999999,OXFORD,OXFORD_451743_BCG_3AXIS_seg0001_c0087,BCG_3AXIS,False,unfiltered,
OXFORD_mv000721,451743,451743,892.028,892.692,0.6639999999999873,OXFORD,OXFORD_451743_BCG_3AXIS_seg0001_c0088,BCG_3AXIS,False,unfiltered,
OXFORD_mv000722,451743,451743,897.448,898.35,0.9020000000000435,OXFORD,OXFORD_451743_BCG_3AXIS_seg0001_c0089,BCG_3AXIS,False,unfiltered,
OXFORD_mv000723,451875,451875,1.412,2.926,1.5140000000000002,OXFORD,OXFORD_451875_BCG_3AXIS_seg0001_c0001,BCG_3AXIS,False,unfiltered,
OXFORD_mv000724,451875,451875,8.378,8.87,0.4919999999999991,OXFORD,OXFORD_451875_BCG_3AXIS_seg0001_c0002,BCG_3AXIS,False,unfiltered,
OXFORD_mv000725,451875,451875,9.624,10.538,0.9139999999999996,OXFORD,OXFORD_451875_BCG_3AXIS_seg0001_c0003,BCG_3AXIS,False,unfiltered,
OXFORD_mv000726,451875,451875,36.998,38.474,1.475999999999999,OXFORD,OXFORD_451875_BCG_3AXIS_seg0001_c0004,BCG_3AXIS,False,unfiltered,
OXFORD_mv000727,451875,451875,88.916,90.212,1.2960000000000065,OXFORD,OXFORD_451875_BCG_3AXIS_seg0001_c0005,BCG_3AXIS,False,unfiltered,
OXFORD_mv000728,451875,451875,91.118,92.28,1.162000000000006,OXFORD,OXFORD_451875_BCG_3AXIS_seg0001_c0006,BCG_3AXIS,False,unfiltered,
OXFORD_mv000729,451875,451875,108.59,109.072,0.4819999999999993,OXFORD,OXFORD_451875_BCG_3AXIS_seg0001_c0007,BCG_3AXIS,False,unfiltered,
OXFORD_mv000730,451875,451875,147.58,147.956,0.3759999999999763,OXFORD,OXFORD_451875_BCG_3AXIS_seg0001_c0008,BCG_3AXIS,False,unfiltered,
OXFORD_mv000731,451875,451875,150.144,151.076,0.931999999999988,OXFORD,OXFORD_451875_BCG_3AXIS_seg0001_c0009,BCG_3AXIS,False,unfiltered,
OXFORD_mv000732,451875,451875,156.298,160.248,3.9499999999999886,OXFORD,OXFORD_451875_BCG_3AXIS_seg0001_c0010,BCG_3AXIS,False,unfiltered,
OXFORD_mv000733,451875,451875,161.026,161.506,0.4799999999999897,OXFORD,OXFORD_451875_BCG_3AXIS_seg0001_c0011,BCG_3AXIS,False,unfiltered,
OXFORD_mv000734,451875,451875,162.378,165.054,2.676000000000016,OXFORD,OXFORD_451875_BCG_3AXIS_seg0001_c0012,BCG_3AXIS,False,unfiltered,
OXFORD_mv000735,451875,451875,165.582,166.354,0.7720000000000198,OXFORD,OXFORD_451875_BCG_3AXIS_seg0001_c0013,BCG_3AXIS,False,unfiltered,
OXFORD_mv000736,451875,451875,168.09,171.114,3.024000000000001,OXFORD,OXFORD_451875_BCG_3AXIS_seg0001_c0014,BCG_3AXIS,False,unfiltered,
OXFORD_mv000737,451875,451875,171.89,173.762,1.872000000000014,OXFORD,OXFORD_451875_BCG_3AXIS_seg0001_c0015,BCG_3AXIS,False,unfiltered,
OXFORD_mv000738,451875,451875,179.33,182.842,3.5120000000000005,OXFORD,OXFORD_451875_BCG_3AXIS_seg0001_c0016,BCG_3AXIS,False,unfiltered,
OXFORD_mv000739,451875,451875,183.672,185.01,1.337999999999994,OXFORD,OXFORD_451875_BCG_3AXIS_seg0001_c0017,BCG_3AXIS,False,unfiltered,
OXFORD_mv000740,451875,451875,185.884,186.758,0.8740000000000236,OXFORD,OXFORD_451875_BCG_3AXIS_seg0001_c0018,BCG_3AXIS,False,unfiltered,
OXFORD_mv000741,451875,451875,187.298,190.208,2.9099999999999966,OXFORD,OXFORD_451875_BCG_3AXIS_seg0001_c0019,BCG_3AXIS,False,unfiltered,
OXFORD_mv000742,451875,451875,191.896,195.39,3.494,OXFORD,OXFORD_451875_BCG_3AXIS_seg0001_c0020,BCG_3AXIS,False,unfiltered,
OXFORD_mv000743,451875,451875,200.138,204.462,4.323999999999984,OXFORD,OXFORD_451875_BCG_3AXIS_seg0001_c0021,BCG_3AXIS,False,unfiltered,
OXFORD_mv000744,451875,451875,206.18,208.336,2.156000000000006,OXFORD,OXFORD_451875_BCG_3AXIS_seg0001_c0022,BCG_3AXIS,False,unfiltered,
OXFORD_mv000745,451875,451875,210.616,217.802,7.185999999999979,OXFORD,OXFORD_451875_BCG_3AXIS_seg0001_c0023,BCG_3AXIS,False,unfiltered,
OXFORD_mv000746,451875,451875,218.664,221.658,2.994,OXFORD,OXFORD_451875_BCG_3AXIS_seg0001_c0024,BCG_3AXIS,False,unfiltered,
OXFORD_mv000747,451875,451875,224.304,224.75,0.4459999999999979,OXFORD,OXFORD_451875_BCG_3AXIS_seg0001_c0025,BCG_3AXIS,False,unfiltered,
OXFORD_mv000748,451875,451875,225.608,226.048,0.4399999999999977,OXFORD,OXFORD_451875_BCG_3AXIS_seg0001_c0026,BCG_3AXIS,False,unfiltered,
OXFORD_mv000749,451875,451875,226.798,228.618,1.8199999999999927,OXFORD,OXFORD_451875_BCG_3AXIS_seg0001_c0027,BCG_3AXIS,False,unfiltered,
OXFORD_mv000750,451875,451875,229.4,231.168,1.768000000000001,OXFORD,OXFORD_451875_BCG_3AXIS_seg0001_c0028,BCG_3AXIS,False,unfiltered,
OXFORD_mv000751,451875,451875,232.006,243.212,11.205999999999989,OXFORD,OXFORD_451875_BCG_3AXIS_seg0001_c0029,BCG_3AXIS,False,unfiltered,
OXFORD_mv000752,451875,451875,243.796,246.624,2.828000000000003,OXFORD,OXFORD_451875_BCG_3AXIS_seg0001_c0030,BCG_3AXIS,False,unfiltered,
OXFORD_mv000753,451875,451875,247.368,250.06,2.692000000000008,OXFORD,OXFORD_451875_BCG_3AXIS_seg0001_c0031,BCG_3AXIS,False,unfiltered,
OXFORD_mv000754,451875,451875,250.918,261.012,10.093999999999994,OXFORD,OXFORD_451875_BCG_3AXIS_seg0001_c0032,BCG_3AXIS,False,unfiltered,
OXFORD_mv000755,451875,451875,261.674,263.628,1.954000000000008,OXFORD,OXFORD_451875_BCG_3AXIS_seg0001_c0033,BCG_3AXIS,False,unfiltered,
OXFORD_mv000756,451875,451875,264.554,267.996,3.442000000000008,OXFORD,OXFORD_451875_BCG_3AXIS_seg0001_c0034,BCG_3AXIS,False,unfiltered,
OXFORD_mv000757,451875,451875,268.574,269.014,0.4399999999999977,OXFORD,OXFORD_451875_BCG_3AXIS_seg0001_c0035,BCG_3AXIS,False,unfiltered,
OXFORD_mv000758,451875,451875,269.866,297.376,27.50999999999999,OXFORD,OXFORD_451875_BCG_3AXIS_seg0001_c0036,BCG_3AXIS,False,unfiltered,
OXFORD_mv000759,451875,451875,298.674,311.608,12.934000000000026,OXFORD,OXFORD_451875_BCG_3AXIS_seg0001_c0037,BCG_3AXIS,False,unfiltered,
OXFORD_mv000760,451875,451875,313.326,315.072,1.745999999999981,OXFORD,OXFORD_451875_BCG_3AXIS_seg0001_c0038,BCG_3AXIS,False,unfiltered,
OXFORD_mv000761,451875,451875,317.616,319.432,1.816000000000031,OXFORD,OXFORD_451875_BCG_3AXIS_seg0001_c0039,BCG_3AXIS,False,unfiltered,
OXFORD_mv000762,451875,451875,320.21,321.56,1.3500000000000227,OXFORD,OXFORD_451875_BCG_3AXIS_seg0001_c0040,BCG_3AXIS,False,unfiltered,
OXFORD_mv000763,451875,451875,322.406,322.712,0.3059999999999832,OXFORD,OXFORD_451875_BCG_3AXIS_seg0001_c0041,BCG_3AXIS,False,unfiltered,
OXFORD_mv000764,451875,451875,323.262,324.124,0.8620000000000232,OXFORD,OXFORD_451875_BCG_3AXIS_seg0001_c0042,BCG_3AXIS,False,unfiltered,
OXFORD_mv000765,451875,451875,325.36,327.542,2.1819999999999595,OXFORD,OXFORD_451875_BCG_3AXIS_seg0001_c0043,BCG_3AXIS,False,unfiltered,
OXFORD_mv000766,451875,451875,328.394,333.156,4.7620000000000005,OXFORD,OXFORD_451875_BCG_3AXIS_seg0001_c0044,BCG_3AXIS,False,unfiltered,
OXFORD_mv000767,451875,451875,334.16,342.242,8.081999999999994,OXFORD,OXFORD_451875_BCG_3AXIS_seg0001_c0045,BCG_3AXIS,False,unfiltered,
OXFORD_mv000768,451875,451875,343.674,345.22,1.5460000000000491,OXFORD,OXFORD_451875_BCG_3AXIS_seg0001_c0046,BCG_3AXIS,False,unfiltered,
OXFORD_mv000769,451875,451875,346.112,347.032,0.9199999999999592,OXFORD,OXFORD_451875_BCG_3AXIS_seg0001_c0047,BCG_3AXIS,False,unfiltered,
OXFORD_mv000770,451875,451875,347.774,350.292,2.5179999999999723,OXFORD,OXFORD_451875_BCG_3AXIS_seg0001_c0048,BCG_3AXIS,False,unfiltered,
OXFORD_mv000771,451875,451875,351.144,353.52,2.3759999999999764,OXFORD,OXFORD_451875_BCG_3AXIS_seg0001_c0049,BCG_3AXIS,False,unfiltered,
OXFORD_mv000772,451875,451875,356.146,357.474,1.3279999999999743,OXFORD,OXFORD_451875_BCG_3AXIS_seg0001_c0050,BCG_3AXIS,False,unfiltered,
OXFORD_mv000773,451875,451875,357.986,358.344,0.3580000000000041,OXFORD,OXFORD_451875_BCG_3AXIS_seg0001_c0051,BCG_3AXIS,False,unfiltered,
OXFORD_mv000774,451875,451875,361.336,363.136,1.8000000000000114,OXFORD,OXFORD_451875_BCG_3AXIS_seg0001_c0052,BCG_3AXIS,False,unfiltered,
OXFORD_mv000775,451875,451875,365.68,367.484,1.8039999999999736,OXFORD,OXFORD_451875_BCG_3AXIS_seg0001_c0053,BCG_3AXIS,False,unfiltered,
OXFORD_mv000776,451875,451875,368.092,370.582,2.490000000000009,OXFORD,OXFORD_451875_BCG_3AXIS_seg0001_c0054,BCG_3AXIS,False,unfiltered,
OXFORD_mv000777,451875,451875,371.428,372.282,0.853999999999985,OXFORD,OXFORD_451875_BCG_3AXIS_seg0001_c0055,BCG_3AXIS,False,unfiltered,
OXFORD_mv000778,451875,451875,373.108,378.96,5.851999999999975,OXFORD,OXFORD_451875_BCG_3AXIS_seg0001_c0056,BCG_3AXIS,False,unfiltered,
OXFORD_mv000779,451875,451875,379.762,382.402,2.6399999999999864,OXFORD,OXFORD_451875_BCG_3AXIS_seg0001_c0057,BCG_3AXIS,False,unfiltered,
OXFORD_mv000780,451875,451875,383.21,383.7,0.4900000000000091,OXFORD,OXFORD_451875_BCG_3AXIS_seg0001_c0058,BCG_3AXIS,False,unfiltered,
OXFORD_mv000781,451875,451875,385.63,386.546,0.9159999999999968,OXFORD,OXFORD_451875_BCG_3AXIS_seg0001_c0059,BCG_3AXIS,False,unfiltered,
OXFORD_mv000782,451875,451875,387.23,389.7,2.4699999999999704,OXFORD,OXFORD_451875_BCG_3AXIS_seg0001_c0060,BCG_3AXIS,False,unfiltered,
OXFORD_mv000783,451875,451875,390.434,392.078,1.6439999999999486,OXFORD,OXFORD_451875_BCG_3AXIS_seg0001_c0061,BCG_3AXIS,False,unfiltered,
OXFORD_mv000784,451875,451875,392.896,396.942,4.045999999999992,OXFORD,OXFORD_451875_BCG_3AXIS_seg0001_c0062,BCG_3AXIS,False,unfiltered,
OXFORD_mv000785,451875,451875,397.8,401.764,3.963999999999999,OXFORD,OXFORD_451875_BCG_3AXIS_seg0001_c0063,BCG_3AXIS,False,unfiltered,
OXFORD_mv000786,451875,451875,402.652,407.93,5.27800000000002,OXFORD,OXFORD_451875_BCG_3AXIS_seg0001_c0064,BCG_3AXIS,False,unfiltered,
OXFORD_mv000787,451875,451875,411.488,413.794,2.305999999999983,OXFORD,OXFORD_451875_BCG_3AXIS_seg0001_c0065,BCG_3AXIS,False,unfiltered,
OXFORD_mv000788,451875,451875,421.288,423.032,1.7439999999999714,OXFORD,OXFORD_451875_BCG_3AXIS_seg0001_c0066,BCG_3AXIS,False,unfiltered,
OXFORD_mv000789,451875,451875,431.766,432.718,0.9519999999999982,OXFORD,OXFORD_451875_BCG_3AXIS_seg0001_c0067,BCG_3AXIS,False,unfiltered,
OXFORD_mv000790,451875,451875,451.132,451.638,0.5059999999999718,OXFORD,OXFORD_451875_BCG_3AXIS_seg0001_c0068,BCG_3AXIS,False,unfiltered,
OXFORD_mv000791,451875,451875,477.928,478.376,0.4479999999999791,OXFORD,OXFORD_451875_BCG_3AXIS_seg0001_c0069,BCG_3AXIS,False,unfiltered,
OXFORD_mv000792,451875,451875,481.818,482.382,0.5640000000000214,OXFORD,OXFORD_451875_BCG_3AXIS_seg0001_c0070,BCG_3AXIS,False,unfiltered,
OXFORD_mv000793,451875,451875,484.014,484.872,0.8580000000000041,OXFORD,OXFORD_451875_BCG_3AXIS_seg0001_c0071,BCG_3AXIS,False,unfiltered,
OXFORD_mv000794,451875,451875,486.52,487.488,0.9680000000000176,OXFORD,OXFORD_451875_BCG_3AXIS_seg0001_c0072,BCG_3AXIS,False,unfiltered,
OXFORD_mv000795,451875,451875,488.3,488.79,0.4900000000000091,OXFORD,OXFORD_451875_BCG_3AXIS_seg0001_c0073,BCG_3AXIS,False,unfiltered,
OXFORD_mv000796,451875,451875,491.824,492.274,0.4499999999999886,OXFORD,OXFORD_451875_BCG_3AXIS_seg0001_c0074,BCG_3AXIS,False,unfiltered,
OXFORD_mv000797,451875,451875,493.176,494.104,0.9279999999999972,OXFORD,OXFORD_451875_BCG_3AXIS_seg0001_c0075,BCG_3AXIS,False,unfiltered,
OXFORD_mv000798,451875,451875,495.65,496.68,1.0300000000000296,OXFORD,OXFORD_451875_BCG_3AXIS_seg0001_c0076,BCG_3AXIS,False,unfiltered,
OXFORD_mv000799,451875,451875,498.13,499.036,0.906000000000006,OXFORD,OXFORD_451875_BCG_3AXIS_seg0001_c0077,BCG_3AXIS,False,unfiltered,
OXFORD_mv000800,451875,451875,502.352,503.648,1.2960000000000491,OXFORD,OXFORD_451875_BCG_3AXIS_seg0001_c0078,BCG_3AXIS,False,unfiltered,
OXFORD_mv000801,451875,451875,508.064,508.478,0.4139999999999872,OXFORD,OXFORD_451875_BCG_3AXIS_seg0001_c0079,BCG_3AXIS,False,unfiltered,
OXFORD_mv000802,451875,451875,510.18,511.986,1.8059999999999832,OXFORD,OXFORD_451875_BCG_3AXIS_seg0001_c0080,BCG_3AXIS,False,unfiltered,
OXFORD_mv000803,451875,451875,513.294,515.18,1.885999999999968,OXFORD,OXFORD_451875_BCG_3AXIS_seg0001_c0081,BCG_3AXIS,False,unfiltered,
OXFORD_mv000804,451875,451875,515.992,516.38,0.3880000000000336,OXFORD,OXFORD_451875_BCG_3AXIS_seg0001_c0082,BCG_3AXIS,False,unfiltered,
OXFORD_mv000805,451875,451875,517.216,517.716,0.5,OXFORD,OXFORD_451875_BCG_3AXIS_seg0001_c0083,BCG_3AXIS,False,unfiltered,
OXFORD_mv000806,451875,451875,518.56,520.73,2.1700000000000728,OXFORD,OXFORD_451875_BCG_3AXIS_seg0001_c0084,BCG_3AXIS,False,unfiltered,
OXFORD_mv000807,451875,451875,522.922,524.24,1.3179999999999836,OXFORD,OXFORD_451875_BCG_3AXIS_seg0001_c0085,BCG_3AXIS,False,unfiltered,
OXFORD_mv000808,451875,451875,528.14,528.938,0.7980000000000018,OXFORD,OXFORD_451875_BCG_3AXIS_seg0001_c0086,BCG_3AXIS,False,unfiltered,
OXFORD_mv000809,451875,451875,534.24,534.688,0.4479999999999791,OXFORD,OXFORD_451875_BCG_3AXIS_seg0001_c0087,BCG_3AXIS,False,unfiltered,
OXFORD_mv000810,451875,451875,536.848,537.746,0.8980000000000246,OXFORD,OXFORD_451875_BCG_3AXIS_seg0001_c0088,BCG_3AXIS,False,unfiltered,
OXFORD_mv000811,451875,451875,538.588,539.446,0.8580000000000609,OXFORD,OXFORD_451875_BCG_3AXIS_seg0001_c0089,BCG_3AXIS,False,unfiltered,
OXFORD_mv000812,451875,451875,542.092,543.492,1.3999999999999773,OXFORD,OXFORD_451875_BCG_3AXIS_seg0001_c0090,BCG_3AXIS,False,unfiltered,
OXFORD_mv000813,451875,451875,545.112,546.162,1.0500000000000682,OXFORD,OXFORD_451875_BCG_3AXIS_seg0001_c0091,BCG_3AXIS,False,unfiltered,
OXFORD_mv000814,451875,451875,547.5,547.958,0.45799999999997,OXFORD,OXFORD_451875_BCG_3AXIS_seg0001_c0092,BCG_3AXIS,False,unfiltered,
OXFORD_mv000815,451875,451875,548.5,548.846,0.3460000000000036,OXFORD,OXFORD_451875_BCG_3AXIS_seg0001_c0093,BCG_3AXIS,False,unfiltered,
OXFORD_mv000816,451875,451875,549.73,550.178,0.4479999999999791,OXFORD,OXFORD_451875_BCG_3AXIS_seg0001_c0094,BCG_3AXIS,False,unfiltered,
OXFORD_mv000817,451875,451875,551.85,552.85,1.0,OXFORD,OXFORD_451875_BCG_3AXIS_seg0001_c0095,BCG_3AXIS,False,unfiltered,
OXFORD_mv000818,451875,451875,553.744,554.206,0.4619999999999891,OXFORD,OXFORD_451875_BCG_3AXIS_seg0001_c0096,BCG_3AXIS,False,unfiltered,
OXFORD_mv000819,451875,451875,557.948,559.12,1.1720000000000257,OXFORD,OXFORD_451875_BCG_3AXIS_seg0001_c0097,BCG_3AXIS,False,unfiltered,
OXFORD_mv000820,451875,451875,559.644,559.97,0.3260000000000218,OXFORD,OXFORD_451875_BCG_3AXIS_seg0001_c0098,BCG_3AXIS,False,unfiltered,
OXFORD_mv000821,451875,451875,563.882,564.898,1.0160000000000764,OXFORD,OXFORD_451875_BCG_3AXIS_seg0001_c0099,BCG_3AXIS,False,unfiltered,
OXFORD_mv000822,451875,451875,567.252,568.424,1.1720000000000257,OXFORD,OXFORD_451875_BCG_3AXIS_seg0001_c0100,BCG_3AXIS,False,unfiltered,
OXFORD_mv000823,451875,451875,568.994,569.866,0.8719999999999573,OXFORD,OXFORD_451875_BCG_3AXIS_seg0001_c0101,BCG_3AXIS,False,unfiltered,
OXFORD_mv000824,451875,451875,572.81,573.288,0.4780000000000655,OXFORD,OXFORD_451875_BCG_3AXIS_seg0001_c0102,BCG_3AXIS,False,unfiltered,
OXFORD_mv000825,451875,451875,576.656,577.488,0.8320000000001073,OXFORD,OXFORD_451875_BCG_3AXIS_seg0001_c0103,BCG_3AXIS,False,unfiltered,
OXFORD_mv000826,451875,451875,578.478,578.934,0.4560000000000173,OXFORD,OXFORD_451875_BCG_3AXIS_seg0001_c0104,BCG_3AXIS,False,unfiltered,
OXFORD_mv000827,451875,451875,581.146,582.07,0.924000000000092,OXFORD,OXFORD_451875_BCG_3AXIS_seg0001_c0105,BCG_3AXIS,False,unfiltered,
OXFORD_mv000828,451875,451875,586.532,587.106,0.5739999999999554,OXFORD,OXFORD_451875_BCG_3AXIS_seg0001_c0106,BCG_3AXIS,False,unfiltered,
OXFORD_mv000829,451875,451875,594.582,595.032,0.4500000000000455,OXFORD,OXFORD_451875_BCG_3AXIS_seg0001_c0107,BCG_3AXIS,False,unfiltered,
OXFORD_mv000830,451875,451875,598.078,598.504,0.4260000000000445,OXFORD,OXFORD_451875_BCG_3AXIS_seg0001_c0108,BCG_3AXIS,False,unfiltered,
OXFORD_mv000831,451875,451875,602.354,603.332,0.9779999999999518,OXFORD,OXFORD_451875_BCG_3AXIS_seg0001_c0109,BCG_3AXIS,False,unfiltered,
OXFORD_mv000832,451875,451875,613.786,618.008,4.222000000000094,OXFORD,OXFORD_451875_BCG_3AXIS_seg0001_c0110,BCG_3AXIS,False,unfiltered,
OXFORD_mv000833,451875,451875,621.212,622.188,0.9759999999999992,OXFORD,OXFORD_451875_BCG_3AXIS_seg0001_c0111,BCG_3AXIS,False,unfiltered,
OXFORD_mv000834,451875,451875,622.954,623.83,0.87600000000009,OXFORD,OXFORD_451875_BCG_3AXIS_seg0001_c0112,BCG_3AXIS,False,unfiltered,
OXFORD_mv000835,451875,451875,637.494,637.806,0.3120000000000118,OXFORD,OXFORD_451875_BCG_3AXIS_seg0001_c0113,BCG_3AXIS,False,unfiltered,
OXFORD_mv000836,451875,451875,643.2,644.168,0.9679999999999608,OXFORD,OXFORD_451875_BCG_3AXIS_seg0001_c0114,BCG_3AXIS,False,unfiltered,
OXFORD_mv000837,451875,451875,646.71,647.082,0.3719999999999572,OXFORD,OXFORD_451875_BCG_3AXIS_seg0001_c0115,BCG_3AXIS,False,unfiltered,
OXFORD_mv000838,451875,451875,650.054,650.47,0.4160000000000536,OXFORD,OXFORD_451875_BCG_3AXIS_seg0001_c0116,BCG_3AXIS,False,unfiltered,
OXFORD_mv000839,451875,451875,657.564,658.944,1.3799999999999957,OXFORD,OXFORD_451875_BCG_3AXIS_seg0001_c0117,BCG_3AXIS,False,unfiltered,
OXFORD_mv000840,451875,451875,663.554,664.092,0.5380000000000109,OXFORD,OXFORD_451875_BCG_3AXIS_seg0001_c0118,BCG_3AXIS,False,unfiltered,
OXFORD_mv000841,451875,451875,668.572,669.512,0.9399999999999408,OXFORD,OXFORD_451875_BCG_3AXIS_seg0001_c0119,BCG_3AXIS,False,unfiltered,
OXFORD_mv000842,451875,451875,673.046,673.512,0.4659999999998945,OXFORD,OXFORD_451875_BCG_3AXIS_seg0001_c0120,BCG_3AXIS,False,unfiltered,
OXFORD_mv000843,451875,451875,679.02,679.622,0.6019999999999754,OXFORD,OXFORD_451875_BCG_3AXIS_seg0001_c0121,BCG_3AXIS,False,unfiltered,
OXFORD_mv000844,451875,451875,682.074,682.458,0.3840000000000145,OXFORD,OXFORD_451875_BCG_3AXIS_seg0001_c0122,BCG_3AXIS,False,unfiltered,
OXFORD_mv000845,451875,451875,683.054,683.896,0.8419999999999845,OXFORD,OXFORD_451875_BCG_3AXIS_seg0001_c0123,BCG_3AXIS,False,unfiltered,
OXFORD_mv000846,451875,451875,688.474,688.774,0.2999999999999545,OXFORD,OXFORD_451875_BCG_3AXIS_seg0001_c0124,BCG_3AXIS,False,unfiltered,
OXFORD_mv000847,451875,451875,700.554,702.934,2.3799999999999955,OXFORD,OXFORD_451875_BCG_3AXIS_seg0001_c0125,BCG_3AXIS,False,unfiltered,
OXFORD_mv000848,451875,451875,703.48,703.78,0.2999999999999545,OXFORD,OXFORD_451875_BCG_3AXIS_seg0001_c0126,BCG_3AXIS,False,unfiltered,
OXFORD_mv000849,451875,451875,707.318,707.698,0.3799999999999954,OXFORD,OXFORD_451875_BCG_3AXIS_seg0001_c0127,BCG_3AXIS,False,unfiltered,
OXFORD_mv000850,451875,451875,708.29,708.746,0.4560000000000173,OXFORD,OXFORD_451875_BCG_3AXIS_seg0001_c0128,BCG_3AXIS,False,unfiltered,
OXFORD_mv000851,451875,451875,714.218,714.6,0.3820000000000618,OXFORD,OXFORD_451875_BCG_3AXIS_seg0001_c0129,BCG_3AXIS,False,unfiltered,
OXFORD_mv000852,451875,451875,718.69,719.066,0.3759999999999763,OXFORD,OXFORD_451875_BCG_3AXIS_seg0001_c0130,BCG_3AXIS,False,unfiltered,
OXFORD_mv000853,451875,451875,720.988,721.834,0.84599999999989,OXFORD,OXFORD_451875_BCG_3AXIS_seg0001_c0131,BCG_3AXIS,False,unfiltered,
OXFORD_mv000854,451875,451875,722.552,723.494,0.9420000000000072,OXFORD,OXFORD_451875_BCG_3AXIS_seg0001_c0132,BCG_3AXIS,False,unfiltered,
OXFORD_mv000855,451875,451875,724.972,726.46,1.4880000000000564,OXFORD,OXFORD_451875_BCG_3AXIS_seg0001_c0133,BCG_3AXIS,False,unfiltered,
OXFORD_mv000856,451875,451875,727.25,727.706,0.4560000000000173,OXFORD,OXFORD_451875_BCG_3AXIS_seg0001_c0134,BCG_3AXIS,False,unfiltered,
OXFORD_mv000857,451875,451875,729.148,731.654,2.505999999999972,OXFORD,OXFORD_451875_BCG_3AXIS_seg0001_c0135,BCG_3AXIS,False,unfiltered,
OXFORD_mv000858,451875,451875,735.004,736.02,1.0159999999999627,OXFORD,OXFORD_451875_BCG_3AXIS_seg0001_c0136,BCG_3AXIS,False,unfiltered,
OXFORD_mv000859,451875,451875,738.608,739.052,0.4440000000000736,OXFORD,OXFORD_451875_BCG_3AXIS_seg0001_c0137,BCG_3AXIS,False,unfiltered,
OXFORD_mv000860,451875,451875,739.594,740.404,0.8099999999999454,OXFORD,OXFORD_451875_BCG_3AXIS_seg0001_c0138,BCG_3AXIS,False,unfiltered,
OXFORD_mv000861,451875,451875,760.658,762.484,1.8260000000000216,OXFORD,OXFORD_451875_BCG_3AXIS_seg0001_c0139,BCG_3AXIS,False,unfiltered,
OXFORD_mv000862,451875,451875,763.034,766.032,2.998000000000048,OXFORD,OXFORD_451875_BCG_3AXIS_seg0001_c0140,BCG_3AXIS,False,unfiltered,
OXFORD_mv000863,451875,451875,777.154,778.224,1.07000000000005,OXFORD,OXFORD_451875_BCG_3AXIS_seg0001_c0141,BCG_3AXIS,False,unfiltered,
OXFORD_mv000864,451875,451875,784.742,785.114,0.3720000000000709,OXFORD,OXFORD_451875_BCG_3AXIS_seg0001_c0142,BCG_3AXIS,False,unfiltered,
OXFORD_mv000865,451875,451875,785.74,786.62,0.8799999999999955,OXFORD,OXFORD_451875_BCG_3AXIS_seg0001_c0143,BCG_3AXIS,False,unfiltered,
OXFORD_mv000866,451875,451875,788.248,788.622,0.3739999999999099,OXFORD,OXFORD_451875_BCG_3AXIS_seg0001_c0144,BCG_3AXIS,False,unfiltered,
OXFORD_mv000867,451875,451875,789.71,790.448,0.7379999999999427,OXFORD,OXFORD_451875_BCG_3AXIS_seg0001_c0145,BCG_3AXIS,False,unfiltered,
OXFORD_mv000868,451875,451875,813.358,813.88,0.5220000000000482,OXFORD,OXFORD_451875_BCG_3AXIS_seg0001_c0146,BCG_3AXIS,False,unfiltered,
OXFORD_mv000869,451875,451875,836.304,837.232,0.9279999999999972,OXFORD,OXFORD_451875_BCG_3AXIS_seg0001_c0147,BCG_3AXIS,False,unfiltered,
OXFORD_mv000870,451875,451875,842.828,843.192,0.3640000000000327,OXFORD,OXFORD_451875_BCG_3AXIS_seg0001_c0148,BCG_3AXIS,False,unfiltered,
OXFORD_mv000871,451875,451875,854.582,855.012,0.42999999999995,OXFORD,OXFORD_451875_BCG_3AXIS_seg0001_c0149,BCG_3AXIS,False,unfiltered,
OXFORD_mv000872,451875,451875,857.728,858.234,0.5060000000000855,OXFORD,OXFORD_451875_BCG_3AXIS_seg0001_c0150,BCG_3AXIS,False,unfiltered,
OXFORD_mv000873,451875,451875,858.876,859.952,1.0760000000000218,OXFORD,OXFORD_451875_BCG_3AXIS_seg0001_c0151,BCG_3AXIS,False,unfiltered,
OXFORD_mv000874,451875,451875,860.466,860.972,0.5059999999999718,OXFORD,OXFORD_451875_BCG_3AXIS_seg0001_c0152,BCG_3AXIS,False,unfiltered,
OXFORD_mv000875,451875,451875,862.79,863.71,0.9200000000000728,OXFORD,OXFORD_451875_BCG_3AXIS_seg0001_c0153,BCG_3AXIS,False,unfiltered,
OXFORD_mv000876,451875,451875,866.87,867.31,0.4399999999999409,OXFORD,OXFORD_451875_BCG_3AXIS_seg0001_c0154,BCG_3AXIS,False,unfiltered,
OXFORD_mv000877,451875,451875,870.918,871.85,0.9320000000000164,OXFORD,OXFORD_451875_BCG_3AXIS_seg0001_c0155,BCG_3AXIS,False,unfiltered,
OXFORD_mv000878,451875,451875,876.364,877.778,1.4139999999999873,OXFORD,OXFORD_451875_BCG_3AXIS_seg0001_c0156,BCG_3AXIS,False,unfiltered,
OXFORD_mv000879,451875,451875,879.144,879.576,0.4320000000000163,OXFORD,OXFORD_451875_BCG_3AXIS_seg0001_c0157,BCG_3AXIS,False,unfiltered,
OXFORD_mv000880,451875,451875,880.484,881.422,0.9379999999999882,OXFORD,OXFORD_451875_BCG_3AXIS_seg0001_c0158,BCG_3AXIS,False,unfiltered,
OXFORD_mv000881,451875,451875,883.688,886.488,2.800000000000068,OXFORD,OXFORD_451875_BCG_3AXIS_seg0001_c0159,BCG_3AXIS,False,unfiltered,
OXFORD_mv000882,451875,451875,888.502,890.114,1.61200000000008,OXFORD,OXFORD_451875_BCG_3AXIS_seg0001_c0160,BCG_3AXIS,False,unfiltered,
OXFORD_mv000883,451875,451875,890.98,891.48,0.5,OXFORD,OXFORD_451875_BCG_3AXIS_seg0001_c0161,BCG_3AXIS,False,unfiltered,
OXFORD_mv000884,451875,451875,893.28,894.268,0.9880000000000564,OXFORD,OXFORD_451875_BCG_3AXIS_seg0001_c0162,BCG_3AXIS,False,unfiltered,
OXFORD_mv000885,451875,451875,895.128,897.022,1.8940000000000048,OXFORD,OXFORD_451875_BCG_3AXIS_seg0001_c0163,BCG_3AXIS,False,unfiltered,
OXFORD_mv000886,451875,451875,898.726,901.59,2.8640000000000327,OXFORD,OXFORD_451875_BCG_3AXIS_seg0001_c0164,BCG_3AXIS,False,unfiltered,
OXFORD_mv000887,451875,451875,902.514,903.406,0.8919999999999391,OXFORD,OXFORD_451875_BCG_3AXIS_seg0001_c0165,BCG_3AXIS,False,unfiltered,
OXFORD_mv000888,451898,451898,2.83,3.244,0.4140000000000001,OXFORD,OXFORD_451898_BCG_3AXIS_seg0001_c0001,BCG_3AXIS,False,unfiltered,
OXFORD_mv000889,451898,451898,61.562,64.492,2.930000000000007,OXFORD,OXFORD_451898_BCG_3AXIS_seg0001_c0002,BCG_3AXIS,False,unfiltered,
OXFORD_mv000890,451898,451898,65.958,66.952,0.9939999999999998,OXFORD,OXFORD_451898_BCG_3AXIS_seg0001_c0003,BCG_3AXIS,False,unfiltered,
OXFORD_mv000891,451898,451898,161.554,162.004,0.4499999999999886,OXFORD,OXFORD_451898_BCG_3AXIS_seg0001_c0004,BCG_3AXIS,False,unfiltered,
OXFORD_mv000892,451898,451898,223.584,224.12,0.5360000000000014,OXFORD,OXFORD_451898_BCG_3AXIS_seg0001_c0005,BCG_3AXIS,False,unfiltered,
OXFORD_mv000893,451898,451898,225.688,226.236,0.5480000000000018,OXFORD,OXFORD_451898_BCG_3AXIS_seg0001_c0006,BCG_3AXIS,False,unfiltered,
OXFORD_mv000894,451898,451898,248.31,248.844,0.5339999999999918,OXFORD,OXFORD_451898_BCG_3AXIS_seg0001_c0007,BCG_3AXIS,False,unfiltered,
OXFORD_mv000895,451898,451898,275.748,276.186,0.4379999999999882,OXFORD,OXFORD_451898_BCG_3AXIS_seg0001_c0008,BCG_3AXIS,False,unfiltered,
OXFORD_mv000896,451898,451898,280.618,284.292,3.673999999999978,OXFORD,OXFORD_451898_BCG_3AXIS_seg0001_c0009,BCG_3AXIS,False,unfiltered,
OXFORD_mv000897,451898,451898,285.098,287.604,2.505999999999972,OXFORD,OXFORD_451898_BCG_3AXIS_seg0001_c0010,BCG_3AXIS,False,unfiltered,
OXFORD_mv000898,451898,451898,360.16,360.626,0.4659999999999513,OXFORD,OXFORD_451898_BCG_3AXIS_seg0001_c0011,BCG_3AXIS,False,unfiltered,
OXFORD_mv000899,451898,451898,369.552,370.192,0.6399999999999864,OXFORD,OXFORD_451898_BCG_3AXIS_seg0001_c0012,BCG_3AXIS,False,unfiltered,
OXFORD_mv000900,451898,451898,370.778,371.1,0.3220000000000027,OXFORD,OXFORD_451898_BCG_3AXIS_seg0001_c0013,BCG_3AXIS,False,unfiltered,
OXFORD_mv000901,451898,451898,408.044,408.642,0.5980000000000132,OXFORD,OXFORD_451898_BCG_3AXIS_seg0001_c0014,BCG_3AXIS,False,unfiltered,
OXFORD_mv000902,451898,451898,417.198,423.852,6.653999999999996,OXFORD,OXFORD_451898_BCG_3AXIS_seg0001_c0015,BCG_3AXIS,False,unfiltered,
OXFORD_mv000903,451898,451898,462.718,463.338,0.6200000000000045,OXFORD,OXFORD_451898_BCG_3AXIS_seg0001_c0016,BCG_3AXIS,False,unfiltered,
OXFORD_mv000904,451898,451898,505.918,509.696,3.77800000000002,OXFORD,OXFORD_451898_BCG_3AXIS_seg0001_c0017,BCG_3AXIS,False,unfiltered,
OXFORD_mv000905,451898,451898,527.76,528.188,0.4279999999999972,OXFORD,OXFORD_451898_BCG_3AXIS_seg0001_c0018,BCG_3AXIS,False,unfiltered,
OXFORD_mv000906,451898,451898,529.666,530.564,0.8979999999999109,OXFORD,OXFORD_451898_BCG_3AXIS_seg0001_c0019,BCG_3AXIS,False,unfiltered,
OXFORD_mv000907,451898,451898,532.584,532.886,0.3020000000000209,OXFORD,OXFORD_451898_BCG_3AXIS_seg0001_c0020,BCG_3AXIS,False,unfiltered,
OXFORD_mv000908,451898,451898,559.888,562.712,2.8239999999999554,OXFORD,OXFORD_451898_BCG_3AXIS_seg0001_c0021,BCG_3AXIS,False,unfiltered,
OXFORD_mv000909,451898,451898,608.29,608.932,0.6420000000000528,OXFORD,OXFORD_451898_BCG_3AXIS_seg0001_c0022,BCG_3AXIS,False,unfiltered,
OXFORD_mv000910,451898,451898,609.71,610.4,0.6899999999999409,OXFORD,OXFORD_451898_BCG_3AXIS_seg0001_c0023,BCG_3AXIS,False,unfiltered,
OXFORD_mv000911,451898,451898,612.862,621.092,8.230000000000018,OXFORD,OXFORD_451898_BCG_3AXIS_seg0001_c0024,BCG_3AXIS,False,unfiltered,
OXFORD_mv000912,451898,451898,638.73,639.134,0.4039999999999963,OXFORD,OXFORD_451898_BCG_3AXIS_seg0001_c0025,BCG_3AXIS,False,unfiltered,
OXFORD_mv000913,451898,451898,715.0,716.698,1.697999999999979,OXFORD,OXFORD_451898_BCG_3AXIS_seg0001_c0026,BCG_3AXIS,False,unfiltered,
OXFORD_mv000914,451898,451898,720.93,721.668,0.7380000000000564,OXFORD,OXFORD_451898_BCG_3AXIS_seg0001_c0027,BCG_3AXIS,False,unfiltered,
OXFORD_mv000915,451898,451898,786.228,786.772,0.5440000000000964,OXFORD,OXFORD_451898_BCG_3AXIS_seg0001_c0028,BCG_3AXIS,False,unfiltered,
OXFORD_mv000916,451898,451898,798.498,800.464,1.966000000000008,OXFORD,OXFORD_451898_BCG_3AXIS_seg0001_c0029,BCG_3AXIS,False,unfiltered,
OXFORD_mv000917,451898,451898,801.116,809.212,8.096000000000004,OXFORD,OXFORD_451898_BCG_3AXIS_seg0001_c0030,BCG_3AXIS,False,unfiltered,
OXFORD_mv000918,451898,451898,857.872,858.214,0.3420000000000982,OXFORD,OXFORD_451898_BCG_3AXIS_seg0001_c0031,BCG_3AXIS,False,unfiltered,
OXFORD_mv000919,451898,451898,888.102,889.768,1.6660000000000537,OXFORD,OXFORD_451898_BCG_3AXIS_seg0001_c0032,BCG_3AXIS,False,unfiltered,
OXFORD_mv000920,451898,451898,890.274,895.46,5.186000000000036,OXFORD,OXFORD_451898_BCG_3AXIS_seg0001_c0033,BCG_3AXIS,False,unfiltered,
OXFORD_mv000921,451905,451905,0.002,4.422,4.42,OXFORD,OXFORD_451905_BCG_3AXIS_seg0001_c0001,BCG_3AXIS,False,unfiltered,
OXFORD_mv000922,451905,451905,24.642,25.158,0.5160000000000018,OXFORD,OXFORD_451905_BCG_3AXIS_seg0001_c0002,BCG_3AXIS,False,unfiltered,
OXFORD_mv000923,451905,451905,27.544,27.996,0.4519999999999982,OXFORD,OXFORD_451905_BCG_3AXIS_seg0001_c0003,BCG_3AXIS,False,unfiltered,
OXFORD_mv000924,451905,451905,28.554,30.578,2.024000000000001,OXFORD,OXFORD_451905_BCG_3AXIS_seg0001_c0004,BCG_3AXIS,False,unfiltered,
OXFORD_mv000925,451905,451905,31.208,32.794,1.5859999999999983,OXFORD,OXFORD_451905_BCG_3AXIS_seg0001_c0005,BCG_3AXIS,False,unfiltered,
OXFORD_mv000926,451905,451905,35.706,36.596,0.8899999999999935,OXFORD,OXFORD_451905_BCG_3AXIS_seg0001_c0006,BCG_3AXIS,False,unfiltered,
OXFORD_mv000927,451905,451905,39.264,39.6,0.3359999999999985,OXFORD,OXFORD_451905_BCG_3AXIS_seg0001_c0007,BCG_3AXIS,False,unfiltered,
OXFORD_mv000928,451905,451905,68.024,68.51,0.4860000000000042,OXFORD,OXFORD_451905_BCG_3AXIS_seg0001_c0008,BCG_3AXIS,False,unfiltered,
OXFORD_mv000929,451905,451905,90.948,91.468,0.5200000000000102,OXFORD,OXFORD_451905_BCG_3AXIS_seg0001_c0009,BCG_3AXIS,False,unfiltered,
OXFORD_mv000930,451905,451905,114.604,115.492,0.8880000000000052,OXFORD,OXFORD_451905_BCG_3AXIS_seg0001_c0010,BCG_3AXIS,False,unfiltered,
OXFORD_mv000931,451905,451905,123.26,123.644,0.3840000000000003,OXFORD,OXFORD_451905_BCG_3AXIS_seg0001_c0011,BCG_3AXIS,False,unfiltered,
OXFORD_mv000932,451905,451905,143.354,144.124,0.7699999999999818,OXFORD,OXFORD_451905_BCG_3AXIS_seg0001_c0012,BCG_3AXIS,False,unfiltered,
OXFORD_mv000933,451905,451905,144.686,146.252,1.5660000000000025,OXFORD,OXFORD_451905_BCG_3AXIS_seg0001_c0013,BCG_3AXIS,False,unfiltered,
OXFORD_mv000934,451905,451905,155.198,157.538,2.3400000000000034,OXFORD,OXFORD_451905_BCG_3AXIS_seg0001_c0014,BCG_3AXIS,False,unfiltered,
OXFORD_mv000935,451905,451905,167.914,168.616,0.7020000000000266,OXFORD,OXFORD_451905_BCG_3AXIS_seg0001_c0015,BCG_3AXIS,False,unfiltered,
OXFORD_mv000936,451905,451905,170.636,171.002,0.3660000000000138,OXFORD,OXFORD_451905_BCG_3AXIS_seg0001_c0016,BCG_3AXIS,False,unfiltered,
OXFORD_mv000937,451905,451905,175.804,176.148,0.3439999999999941,OXFORD,OXFORD_451905_BCG_3AXIS_seg0001_c0017,BCG_3AXIS,False,unfiltered,
OXFORD_mv000938,451905,451905,196.096,196.648,0.5519999999999925,OXFORD,OXFORD_451905_BCG_3AXIS_seg0001_c0018,BCG_3AXIS,False,unfiltered,
OXFORD_mv000939,451905,451905,203.718,204.824,1.106000000000023,OXFORD,OXFORD_451905_BCG_3AXIS_seg0001_c0019,BCG_3AXIS,False,unfiltered,
OXFORD_mv000940,451905,451905,213.76,214.108,0.3480000000000132,OXFORD,OXFORD_451905_BCG_3AXIS_seg0001_c0020,BCG_3AXIS,False,unfiltered,
OXFORD_mv000941,451905,451905,229.602,230.12,0.5180000000000007,OXFORD,OXFORD_451905_BCG_3AXIS_seg0001_c0021,BCG_3AXIS,False,unfiltered,
OXFORD_mv000942,451905,451905,249.256,249.606,0.3499999999999943,OXFORD,OXFORD_451905_BCG_3AXIS_seg0001_c0022,BCG_3AXIS,False,unfiltered,
OXFORD_mv000943,451905,451905,285.374,285.918,0.5439999999999827,OXFORD,OXFORD_451905_BCG_3AXIS_seg0001_c0023,BCG_3AXIS,False,unfiltered,
OXFORD_mv000944,451905,451905,302.09,304.832,2.742000000000018,OXFORD,OXFORD_451905_BCG_3AXIS_seg0001_c0024,BCG_3AXIS,False,unfiltered,
OXFORD_mv000945,451905,451905,305.528,306.588,1.0600000000000025,OXFORD,OXFORD_451905_BCG_3AXIS_seg0001_c0025,BCG_3AXIS,False,unfiltered,
OXFORD_mv000946,451905,451905,333.778,334.336,0.5579999999999927,OXFORD,OXFORD_451905_BCG_3AXIS_seg0001_c0026,BCG_3AXIS,False,unfiltered,
OXFORD_mv000947,451905,451905,351.588,352.002,0.4139999999999872,OXFORD,OXFORD_451905_BCG_3AXIS_seg0001_c0027,BCG_3AXIS,False,unfiltered,
OXFORD_mv000948,451905,451905,365.492,366.206,0.7139999999999986,OXFORD,OXFORD_451905_BCG_3AXIS_seg0001_c0028,BCG_3AXIS,False,unfiltered,
OXFORD_mv000949,451905,451905,374.364,376.59,2.225999999999999,OXFORD,OXFORD_451905_BCG_3AXIS_seg0001_c0029,BCG_3AXIS,False,unfiltered,
OXFORD_mv000950,451905,451905,378.332,379.266,0.934000000000026,OXFORD,OXFORD_451905_BCG_3AXIS_seg0001_c0030,BCG_3AXIS,False,unfiltered,
OXFORD_mv000951,451905,451905,382.186,383.834,1.6480000000000246,OXFORD,OXFORD_451905_BCG_3AXIS_seg0001_c0031,BCG_3AXIS,False,unfiltered,
OXFORD_mv000952,451905,451905,386.286,387.334,1.0480000000000018,OXFORD,OXFORD_451905_BCG_3AXIS_seg0001_c0032,BCG_3AXIS,False,unfiltered,
OXFORD_mv000953,451905,451905,392.318,393.16,0.8420000000000414,OXFORD,OXFORD_451905_BCG_3AXIS_seg0001_c0033,BCG_3AXIS,False,unfiltered,
OXFORD_mv000954,451905,451905,398.34,398.654,0.3140000000000214,OXFORD,OXFORD_451905_BCG_3AXIS_seg0001_c0034,BCG_3AXIS,False,unfiltered,
OXFORD_mv000955,451905,451905,404.074,404.396,0.3220000000000027,OXFORD,OXFORD_451905_BCG_3AXIS_seg0001_c0035,BCG_3AXIS,False,unfiltered,
OXFORD_mv000956,451905,451905,409.442,410.024,0.5819999999999936,OXFORD,OXFORD_451905_BCG_3AXIS_seg0001_c0036,BCG_3AXIS,False,unfiltered,
OXFORD_mv000957,451905,451905,412.528,413.052,0.5240000000000009,OXFORD,OXFORD_451905_BCG_3AXIS_seg0001_c0037,BCG_3AXIS,False,unfiltered,
OXFORD_mv000958,451905,451905,458.49,458.808,0.3179999999999836,OXFORD,OXFORD_451905_BCG_3AXIS_seg0001_c0038,BCG_3AXIS,False,unfiltered,
OXFORD_mv000959,451905,451905,464.942,465.606,0.6639999999999873,OXFORD,OXFORD_451905_BCG_3AXIS_seg0001_c0039,BCG_3AXIS,False,unfiltered,
OXFORD_mv000960,451905,451905,467.462,467.788,0.3260000000000218,OXFORD,OXFORD_451905_BCG_3AXIS_seg0001_c0040,BCG_3AXIS,False,unfiltered,
OXFORD_mv000961,451905,451905,469.144,471.234,2.089999999999975,OXFORD,OXFORD_451905_BCG_3AXIS_seg0001_c0041,BCG_3AXIS,False,unfiltered,
OXFORD_mv000962,451905,451905,479.714,480.328,0.6139999999999759,OXFORD,OXFORD_451905_BCG_3AXIS_seg0001_c0042,BCG_3AXIS,False,unfiltered,
OXFORD_mv000963,451905,451905,480.936,481.726,0.7900000000000205,OXFORD,OXFORD_451905_BCG_3AXIS_seg0001_c0043,BCG_3AXIS,False,unfiltered,
OXFORD_mv000964,451905,451905,486.79,487.592,0.8019999999999641,OXFORD,OXFORD_451905_BCG_3AXIS_seg0001_c0044,BCG_3AXIS,False,unfiltered,
OXFORD_mv000965,451905,451905,488.458,489.518,1.0599999999999454,OXFORD,OXFORD_451905_BCG_3AXIS_seg0001_c0045,BCG_3AXIS,False,unfiltered,
OXFORD_mv000966,451905,451905,501.828,502.168,0.3400000000000318,OXFORD,OXFORD_451905_BCG_3AXIS_seg0001_c0046,BCG_3AXIS,False,unfiltered,
OXFORD_mv000967,451905,451905,503.17,503.992,0.8220000000000027,OXFORD,OXFORD_451905_BCG_3AXIS_seg0001_c0047,BCG_3AXIS,False,unfiltered,
OXFORD_mv000968,451905,451905,512.23,513.482,1.2519999999999527,OXFORD,OXFORD_451905_BCG_3AXIS_seg0001_c0048,BCG_3AXIS,False,unfiltered,
OXFORD_mv000969,451905,451905,520.392,521.226,0.8339999999999463,OXFORD,OXFORD_451905_BCG_3AXIS_seg0001_c0049,BCG_3AXIS,False,unfiltered,
OXFORD_mv000970,451905,451905,521.92,525.132,3.211999999999989,OXFORD,OXFORD_451905_BCG_3AXIS_seg0001_c0050,BCG_3AXIS,False,unfiltered,
OXFORD_mv000971,451905,451905,527.838,529.0,1.1620000000000346,OXFORD,OXFORD_451905_BCG_3AXIS_seg0001_c0051,BCG_3AXIS,False,unfiltered,
OXFORD_mv000972,451905,451905,531.792,532.722,0.92999999999995,OXFORD,OXFORD_451905_BCG_3AXIS_seg0001_c0052,BCG_3AXIS,False,unfiltered,
OXFORD_mv000973,451905,451905,555.446,555.94,0.4940000000000282,OXFORD,OXFORD_451905_BCG_3AXIS_seg0001_c0053,BCG_3AXIS,False,unfiltered,
OXFORD_mv000974,451905,451905,557.978,558.292,0.3140000000000782,OXFORD,OXFORD_451905_BCG_3AXIS_seg0001_c0054,BCG_3AXIS,False,unfiltered,
OXFORD_mv000975,451905,451905,576.142,576.448,0.3059999999999263,OXFORD,OXFORD_451905_BCG_3AXIS_seg0001_c0055,BCG_3AXIS,False,unfiltered,
OXFORD_mv000976,451905,451905,602.97,603.78,0.8099999999999454,OXFORD,OXFORD_451905_BCG_3AXIS_seg0001_c0056,BCG_3AXIS,False,unfiltered,
OXFORD_mv000977,451905,451905,631.246,631.78,0.5339999999999918,OXFORD,OXFORD_451905_BCG_3AXIS_seg0001_c0057,BCG_3AXIS,False,unfiltered,
OXFORD_mv000978,451905,451905,634.786,635.468,0.6820000000000164,OXFORD,OXFORD_451905_BCG_3AXIS_seg0001_c0058,BCG_3AXIS,False,unfiltered,
OXFORD_mv000979,451905,451905,661.636,662.71,1.0740000000000691,OXFORD,OXFORD_451905_BCG_3AXIS_seg0001_c0059,BCG_3AXIS,False,unfiltered,
OXFORD_mv000980,451905,451905,668.89,669.388,0.4980000000000473,OXFORD,OXFORD_451905_BCG_3AXIS_seg0001_c0060,BCG_3AXIS,False,unfiltered,
OXFORD_mv000981,451905,451905,673.262,673.75,0.4880000000000564,OXFORD,OXFORD_451905_BCG_3AXIS_seg0001_c0061,BCG_3AXIS,False,unfiltered,
OXFORD_mv000982,451905,451905,686.446,686.812,0.3659999999999854,OXFORD,OXFORD_451905_BCG_3AXIS_seg0001_c0062,BCG_3AXIS,False,unfiltered,
OXFORD_mv000983,451905,451905,694.432,694.736,0.3039999999999736,OXFORD,OXFORD_451905_BCG_3AXIS_seg0001_c0063,BCG_3AXIS,False,unfiltered,
OXFORD_mv000984,451905,451905,704.084,705.554,1.4700000000000273,OXFORD,OXFORD_451905_BCG_3AXIS_seg0001_c0064,BCG_3AXIS,False,unfiltered,
OXFORD_mv000985,451905,451905,707.71,708.69,0.9800000000000182,OXFORD,OXFORD_451905_BCG_3AXIS_seg0001_c0065,BCG_3AXIS,False,unfiltered,
OXFORD_mv000986,451905,451905,709.574,712.98,3.4060000000000628,OXFORD,OXFORD_451905_BCG_3AXIS_seg0001_c0066,BCG_3AXIS,False,unfiltered,
OXFORD_mv000987,451905,451905,714.304,717.212,2.9080000000000155,OXFORD,OXFORD_451905_BCG_3AXIS_seg0001_c0067,BCG_3AXIS,False,unfiltered,
OXFORD_mv000988,451905,451905,754.108,754.964,0.8560000000001082,OXFORD,OXFORD_451905_BCG_3AXIS_seg0001_c0068,BCG_3AXIS,False,unfiltered,
OXFORD_mv000989,451905,451905,770.228,770.948,0.7200000000000273,OXFORD,OXFORD_451905_BCG_3AXIS_seg0001_c0069,BCG_3AXIS,False,unfiltered,
OXFORD_mv000990,451927,451927,1.054,2.102,1.0479999999999998,OXFORD,OXFORD_451927_BCG_3AXIS_seg0001_c0001,BCG_3AXIS,False,unfiltered,
OXFORD_mv000991,451927,451927,3.132,3.818,0.6859999999999999,OXFORD,OXFORD_451927_BCG_3AXIS_seg0001_c0002,BCG_3AXIS,False,unfiltered,
OXFORD_mv000992,451927,451927,10.864,11.488,0.6239999999999988,OXFORD,OXFORD_451927_BCG_3AXIS_seg0001_c0003,BCG_3AXIS,False,unfiltered,
OXFORD_mv000993,451927,451927,54.586,55.412,0.8260000000000005,OXFORD,OXFORD_451927_BCG_3AXIS_seg0001_c0004,BCG_3AXIS,False,unfiltered,
OXFORD_mv000994,451927,451927,73.614,74.554,0.9399999999999976,OXFORD,OXFORD_451927_BCG_3AXIS_seg0001_c0005,BCG_3AXIS,False,unfiltered,
OXFORD_mv000995,451927,451927,93.366,94.446,1.0799999999999983,OXFORD,OXFORD_451927_BCG_3AXIS_seg0001_c0006,BCG_3AXIS,False,unfiltered,
OXFORD_mv000996,451927,451927,100.124,101.718,1.5940000000000083,OXFORD,OXFORD_451927_BCG_3AXIS_seg0001_c0007,BCG_3AXIS,False,unfiltered,
OXFORD_mv000997,451927,451927,120.402,124.078,3.676000000000002,OXFORD,OXFORD_451927_BCG_3AXIS_seg0001_c0008,BCG_3AXIS,False,unfiltered,
OXFORD_mv000998,451927,451927,124.606,128.022,3.415999999999997,OXFORD,OXFORD_451927_BCG_3AXIS_seg0001_c0009,BCG_3AXIS,False,unfiltered,
OXFORD_mv000999,451927,451927,135.524,135.936,0.4120000000000061,OXFORD,OXFORD_451927_BCG_3AXIS_seg0001_c0010,BCG_3AXIS,False,unfiltered,
OXFORD_mv001000,451927,451927,166.678,167.146,0.4679999999999893,OXFORD,OXFORD_451927_BCG_3AXIS_seg0001_c0011,BCG_3AXIS,False,unfiltered,
OXFORD_mv001001,451927,451927,215.056,217.22,2.163999999999988,OXFORD,OXFORD_451927_BCG_3AXIS_seg0001_c0012,BCG_3AXIS,False,unfiltered,
OXFORD_mv001002,451927,451927,220.548,220.962,0.4139999999999872,OXFORD,OXFORD_451927_BCG_3AXIS_seg0001_c0013,BCG_3AXIS,False,unfiltered,
OXFORD_mv001003,451927,451927,225.518,225.83,0.3120000000000118,OXFORD,OXFORD_451927_BCG_3AXIS_seg0001_c0014,BCG_3AXIS,False,unfiltered,
OXFORD_mv001004,451927,451927,252.392,254.554,2.162000000000006,OXFORD,OXFORD_451927_BCG_3AXIS_seg0001_c0015,BCG_3AXIS,False,unfiltered,
OXFORD_mv001005,451927,451927,263.992,266.162,2.169999999999959,OXFORD,OXFORD_451927_BCG_3AXIS_seg0001_c0016,BCG_3AXIS,False,unfiltered,
OXFORD_mv001006,451927,451927,266.668,268.106,1.4379999999999882,OXFORD,OXFORD_451927_BCG_3AXIS_seg0001_c0017,BCG_3AXIS,False,unfiltered,
OXFORD_mv001007,451927,451927,269.362,270.38,1.0179999999999725,OXFORD,OXFORD_451927_BCG_3AXIS_seg0001_c0018,BCG_3AXIS,False,unfiltered,
OXFORD_mv001008,451927,451927,273.792,274.706,0.914000000000044,OXFORD,OXFORD_451927_BCG_3AXIS_seg0001_c0019,BCG_3AXIS,False,unfiltered,
OXFORD_mv001009,451927,451927,275.694,278.458,2.76400000000001,OXFORD,OXFORD_451927_BCG_3AXIS_seg0001_c0020,BCG_3AXIS,False,unfiltered,
OXFORD_mv001010,451927,451927,283.128,284.134,1.0060000000000286,OXFORD,OXFORD_451927_BCG_3AXIS_seg0001_c0021,BCG_3AXIS,False,unfiltered,
OXFORD_mv001011,451927,451927,298.924,299.518,0.5939999999999941,OXFORD,OXFORD_451927_BCG_3AXIS_seg0001_c0022,BCG_3AXIS,False,unfiltered,
OXFORD_mv001012,451927,451927,300.48,302.144,1.6639999999999873,OXFORD,OXFORD_451927_BCG_3AXIS_seg0001_c0023,BCG_3AXIS,False,unfiltered,
OXFORD_mv001013,451927,451927,304.144,304.714,0.5699999999999932,OXFORD,OXFORD_451927_BCG_3AXIS_seg0001_c0024,BCG_3AXIS,False,unfiltered,
OXFORD_mv001014,451927,451927,305.652,306.182,0.5300000000000296,OXFORD,OXFORD_451927_BCG_3AXIS_seg0001_c0025,BCG_3AXIS,False,unfiltered,
OXFORD_mv001015,451927,451927,307.058,307.598,0.5400000000000205,OXFORD,OXFORD_451927_BCG_3AXIS_seg0001_c0026,BCG_3AXIS,False,unfiltered,
OXFORD_mv001016,451927,451927,308.278,308.904,0.6259999999999764,OXFORD,OXFORD_451927_BCG_3AXIS_seg0001_c0027,BCG_3AXIS,False,unfiltered,
OXFORD_mv001017,451927,451927,330.684,330.994,0.3100000000000023,OXFORD,OXFORD_451927_BCG_3AXIS_seg0001_c0028,BCG_3AXIS,False,unfiltered,
OXFORD_mv001018,451927,451927,334.408,335.324,0.9159999999999968,OXFORD,OXFORD_451927_BCG_3AXIS_seg0001_c0029,BCG_3AXIS,False,unfiltered,
OXFORD_mv001019,451927,451927,341.138,341.928,0.7900000000000205,OXFORD,OXFORD_451927_BCG_3AXIS_seg0001_c0030,BCG_3AXIS,False,unfiltered,
OXFORD_mv001020,451927,451927,384.074,389.864,5.789999999999964,OXFORD,OXFORD_451927_BCG_3AXIS_seg0001_c0031,BCG_3AXIS,False,unfiltered,
OXFORD_mv001021,451927,451927,392.366,393.042,0.6759999999999877,OXFORD,OXFORD_451927_BCG_3AXIS_seg0001_c0032,BCG_3AXIS,False,unfiltered,
OXFORD_mv001022,451927,451927,393.654,394.966,1.3120000000000118,OXFORD,OXFORD_451927_BCG_3AXIS_seg0001_c0033,BCG_3AXIS,False,unfiltered,
OXFORD_mv001023,451927,451927,406.194,408.296,2.1019999999999754,OXFORD,OXFORD_451927_BCG_3AXIS_seg0001_c0034,BCG_3AXIS,False,unfiltered,
OXFORD_mv001024,451927,451927,419.414,421.362,1.948000000000036,OXFORD,OXFORD_451927_BCG_3AXIS_seg0001_c0035,BCG_3AXIS,False,unfiltered,
OXFORD_mv001025,451927,451927,450.562,451.366,0.8039999999999736,OXFORD,OXFORD_451927_BCG_3AXIS_seg0001_c0036,BCG_3AXIS,False,unfiltered,
OXFORD_mv001026,451927,451927,481.596,481.96,0.3639999999999759,OXFORD,OXFORD_451927_BCG_3AXIS_seg0001_c0037,BCG_3AXIS,False,unfiltered,
OXFORD_mv001027,451927,451927,494.07,494.72,0.6500000000000341,OXFORD,OXFORD_451927_BCG_3AXIS_seg0001_c0038,BCG_3AXIS,False,unfiltered,
OXFORD_mv001028,451927,451927,522.21,524.228,2.0179999999999154,OXFORD,OXFORD_451927_BCG_3AXIS_seg0001_c0039,BCG_3AXIS,False,unfiltered,
OXFORD_mv001029,451927,451927,535.658,536.212,0.5539999999999736,OXFORD,OXFORD_451927_BCG_3AXIS_seg0001_c0040,BCG_3AXIS,False,unfiltered,
OXFORD_mv001030,451927,451927,562.848,563.176,0.3280000000000882,OXFORD,OXFORD_451927_BCG_3AXIS_seg0001_c0041,BCG_3AXIS,False,unfiltered,
OXFORD_mv001031,451927,451927,566.956,568.5,1.5439999999999827,OXFORD,OXFORD_451927_BCG_3AXIS_seg0001_c0042,BCG_3AXIS,False,unfiltered,
OXFORD_mv001032,451927,451927,571.676,572.348,0.6719999999999118,OXFORD,OXFORD_451927_BCG_3AXIS_seg0001_c0043,BCG_3AXIS,False,unfiltered,
OXFORD_mv001033,451927,451927,576.364,576.756,0.391999999999939,OXFORD,OXFORD_451927_BCG_3AXIS_seg0001_c0044,BCG_3AXIS,False,unfiltered,
OXFORD_mv001034,451927,451927,582.398,583.56,1.1619999999999209,OXFORD,OXFORD_451927_BCG_3AXIS_seg0001_c0045,BCG_3AXIS,False,unfiltered,
OXFORD_mv001035,451927,451927,595.644,596.198,0.5539999999999736,OXFORD,OXFORD_451927_BCG_3AXIS_seg0001_c0046,BCG_3AXIS,False,unfiltered,
OXFORD_mv001036,451927,451927,599.66,600.704,1.0439999999999827,OXFORD,OXFORD_451927_BCG_3AXIS_seg0001_c0047,BCG_3AXIS,False,unfiltered,
OXFORD_mv001037,451927,451927,601.484,602.476,0.9919999999999618,OXFORD,OXFORD_451927_BCG_3AXIS_seg0001_c0048,BCG_3AXIS,False,unfiltered,
OXFORD_mv001038,451927,451927,611.372,611.742,0.3700000000000045,OXFORD,OXFORD_451927_BCG_3AXIS_seg0001_c0049,BCG_3AXIS,False,unfiltered,
OXFORD_mv001039,451927,451927,657.59,658.002,0.4119999999999209,OXFORD,OXFORD_451927_BCG_3AXIS_seg0001_c0050,BCG_3AXIS,False,unfiltered,
OXFORD_mv001040,451927,451927,659.022,659.988,0.9660000000000082,OXFORD,OXFORD_451927_BCG_3AXIS_seg0001_c0051,BCG_3AXIS,False,unfiltered,
OXFORD_mv001041,451927,451927,668.224,668.612,0.3879999999999199,OXFORD,OXFORD_451927_BCG_3AXIS_seg0001_c0052,BCG_3AXIS,False,unfiltered,
OXFORD_mv001042,451927,451927,681.09,681.998,0.9080000000000156,OXFORD,OXFORD_451927_BCG_3AXIS_seg0001_c0053,BCG_3AXIS,False,unfiltered,
OXFORD_mv001043,451927,451927,686.964,692.376,5.411999999999921,OXFORD,OXFORD_451927_BCG_3AXIS_seg0001_c0054,BCG_3AXIS,False,unfiltered,
OXFORD_mv001044,451927,451927,693.346,694.454,1.1079999999999472,OXFORD,OXFORD_451927_BCG_3AXIS_seg0001_c0055,BCG_3AXIS,False,unfiltered,
OXFORD_mv001045,451927,451927,695.254,695.686,0.4320000000000163,OXFORD,OXFORD_451927_BCG_3AXIS_seg0001_c0056,BCG_3AXIS,False,unfiltered,
OXFORD_mv001046,451927,451927,700.886,701.882,0.9959999999999808,OXFORD,OXFORD_451927_BCG_3AXIS_seg0001_c0057,BCG_3AXIS,False,unfiltered,
OXFORD_mv001047,451927,451927,708.656,710.706,2.050000000000068,OXFORD,OXFORD_451927_BCG_3AXIS_seg0001_c0058,BCG_3AXIS,False,unfiltered,
OXFORD_mv001048,451927,451927,714.406,714.724,0.3180000000000973,OXFORD,OXFORD_451927_BCG_3AXIS_seg0001_c0059,BCG_3AXIS,False,unfiltered,
OXFORD_mv001049,451927,451927,732.166,732.484,0.3179999999999836,OXFORD,OXFORD_451927_BCG_3AXIS_seg0001_c0060,BCG_3AXIS,False,unfiltered,
OXFORD_mv001050,451927,451927,734.904,735.266,0.3619999999999663,OXFORD,OXFORD_451927_BCG_3AXIS_seg0001_c0061,BCG_3AXIS,False,unfiltered,
OXFORD_mv001051,451927,451927,736.81,737.47,0.6600000000000819,OXFORD,OXFORD_451927_BCG_3AXIS_seg0001_c0062,BCG_3AXIS,False,unfiltered,
OXFORD_mv001052,451927,451927,762.756,763.276,0.5199999999999818,OXFORD,OXFORD_451927_BCG_3AXIS_seg0001_c0063,BCG_3AXIS,False,unfiltered,
OXFORD_mv001053,451927,451927,770.85,771.352,0.5019999999999527,OXFORD,OXFORD_451927_BCG_3AXIS_seg0001_c0064,BCG_3AXIS,False,unfiltered,
OXFORD_mv001054,451927,451927,772.506,772.822,0.3160000000000309,OXFORD,OXFORD_451927_BCG_3AXIS_seg0001_c0065,BCG_3AXIS,False,unfiltered,
OXFORD_mv001055,451927,451927,780.566,781.112,0.5459999999999354,OXFORD,OXFORD_451927_BCG_3AXIS_seg0001_c0066,BCG_3AXIS,False,unfiltered,
OXFORD_mv001056,451927,451927,801.604,803.364,1.759999999999991,OXFORD,OXFORD_451927_BCG_3AXIS_seg0001_c0067,BCG_3AXIS,False,unfiltered,
OXFORD_mv001057,451927,451927,822.952,823.84,0.8880000000000337,OXFORD,OXFORD_451927_BCG_3AXIS_seg0001_c0068,BCG_3AXIS,False,unfiltered,
OXFORD_mv001058,451927,451927,826.208,826.896,0.6879999999999882,OXFORD,OXFORD_451927_BCG_3AXIS_seg0001_c0069,BCG_3AXIS,False,unfiltered,
OXFORD_mv001059,451927,451927,829.512,831.634,2.122000000000071,OXFORD,OXFORD_451927_BCG_3AXIS_seg0001_c0070,BCG_3AXIS,False,unfiltered,
OXFORD_mv001060,451927,451927,867.258,868.054,0.7959999999999354,OXFORD,OXFORD_451927_BCG_3AXIS_seg0001_c0071,BCG_3AXIS,False,unfiltered,
OXFORD_mv001061,451927,451927,881.872,882.926,1.054000000000087,OXFORD,OXFORD_451927_BCG_3AXIS_seg0001_c0072,BCG_3AXIS,False,unfiltered,
OXFORD_mv001062,451927,451927,896.17,898.142,1.9720000000000937,OXFORD,OXFORD_451927_BCG_3AXIS_seg0001_c0073,BCG_3AXIS,False,unfiltered,
OXFORD_mv001063,451927,451927,899.41,899.92,0.5099999999999909,OXFORD,OXFORD_451927_BCG_3AXIS_seg0001_c0074,BCG_3AXIS,False,unfiltered,
OXFORD_mv001064,451993,451993,1.04,4.304,3.264,OXFORD,OXFORD_451993_BCG_3AXIS_seg0001_c0001,BCG_3AXIS,False,unfiltered,
OXFORD_mv001065,451993,451993,7.184,7.758,0.5739999999999998,OXFORD,OXFORD_451993_BCG_3AXIS_seg0001_c0002,BCG_3AXIS,False,unfiltered,
OXFORD_mv001066,451993,451993,21.29,21.782,0.4920000000000009,OXFORD,OXFORD_451993_BCG_3AXIS_seg0001_c0003,BCG_3AXIS,False,unfiltered,
OXFORD_mv001067,451993,451993,40.328,40.894,0.5659999999999954,OXFORD,OXFORD_451993_BCG_3AXIS_seg0001_c0004,BCG_3AXIS,False,unfiltered,
OXFORD_mv001068,451993,451993,42.764,43.918,1.1539999999999964,OXFORD,OXFORD_451993_BCG_3AXIS_seg0001_c0005,BCG_3AXIS,False,unfiltered,
OXFORD_mv001069,451993,451993,61.364,62.772,1.4080000000000013,OXFORD,OXFORD_451993_BCG_3AXIS_seg0001_c0006,BCG_3AXIS,False,unfiltered,
OXFORD_mv001070,451993,451993,64.782,69.88,5.097999999999999,OXFORD,OXFORD_451993_BCG_3AXIS_seg0001_c0007,BCG_3AXIS,False,unfiltered,
OXFORD_mv001071,451993,451993,71.288,72.98,1.6920000000000073,OXFORD,OXFORD_451993_BCG_3AXIS_seg0001_c0008,BCG_3AXIS,False,unfiltered,
OXFORD_mv001072,451993,451993,73.844,76.04,2.196000000000012,OXFORD,OXFORD_451993_BCG_3AXIS_seg0001_c0009,BCG_3AXIS,False,unfiltered,
OXFORD_mv001073,451993,451993,77.902,78.996,1.093999999999994,OXFORD,OXFORD_451993_BCG_3AXIS_seg0001_c0010,BCG_3AXIS,False,unfiltered,
OXFORD_mv001074,451993,451993,84.86,85.738,0.8780000000000001,OXFORD,OXFORD_451993_BCG_3AXIS_seg0001_c0011,BCG_3AXIS,False,unfiltered,
OXFORD_mv001075,451993,451993,97.442,102.584,5.14200000000001,OXFORD,OXFORD_451993_BCG_3AXIS_seg0001_c0012,BCG_3AXIS,False,unfiltered,
OXFORD_mv001076,451993,451993,103.308,104.496,1.1879999999999882,OXFORD,OXFORD_451993_BCG_3AXIS_seg0001_c0013,BCG_3AXIS,False,unfiltered,
OXFORD_mv001077,451993,451993,141.472,142.736,1.2639999999999816,OXFORD,OXFORD_451993_BCG_3AXIS_seg0001_c0014,BCG_3AXIS,False,unfiltered,
OXFORD_mv001078,451993,451993,144.646,145.428,0.7820000000000107,OXFORD,OXFORD_451993_BCG_3AXIS_seg0001_c0015,BCG_3AXIS,False,unfiltered,
OXFORD_mv001079,451993,451993,146.482,147.944,1.461999999999989,OXFORD,OXFORD_451993_BCG_3AXIS_seg0001_c0016,BCG_3AXIS,False,unfiltered,
OXFORD_mv001080,451993,451993,175.206,176.578,1.372000000000014,OXFORD,OXFORD_451993_BCG_3AXIS_seg0001_c0017,BCG_3AXIS,False,unfiltered,
OXFORD_mv001081,451993,451993,184.004,186.456,2.451999999999998,OXFORD,OXFORD_451993_BCG_3AXIS_seg0001_c0018,BCG_3AXIS,False,unfiltered,
OXFORD_mv001082,451993,451993,188.152,188.966,0.8140000000000214,OXFORD,OXFORD_451993_BCG_3AXIS_seg0001_c0019,BCG_3AXIS,False,unfiltered,
OXFORD_mv001083,451993,451993,206.392,207.33,0.9380000000000166,OXFORD,OXFORD_451993_BCG_3AXIS_seg0001_c0020,BCG_3AXIS,False,unfiltered,
OXFORD_mv001084,451993,451993,208.06,210.024,1.9639999999999984,OXFORD,OXFORD_451993_BCG_3AXIS_seg0001_c0021,BCG_3AXIS,False,unfiltered,
OXFORD_mv001085,451993,451993,252.552,255.004,2.451999999999998,OXFORD,OXFORD_451993_BCG_3AXIS_seg0001_c0022,BCG_3AXIS,False,unfiltered,
OXFORD_mv001086,451993,451993,264.15,265.408,1.2580000000000382,OXFORD,OXFORD_451993_BCG_3AXIS_seg0001_c0023,BCG_3AXIS,False,unfiltered,
OXFORD_mv001087,451993,451993,268.902,269.962,1.0600000000000025,OXFORD,OXFORD_451993_BCG_3AXIS_seg0001_c0024,BCG_3AXIS,False,unfiltered,
OXFORD_mv001088,451993,451993,270.918,273.346,2.4279999999999973,OXFORD,OXFORD_451993_BCG_3AXIS_seg0001_c0025,BCG_3AXIS,False,unfiltered,
OXFORD_mv001089,451993,451993,280.082,282.594,2.5120000000000005,OXFORD,OXFORD_451993_BCG_3AXIS_seg0001_c0026,BCG_3AXIS,False,unfiltered,
OXFORD_mv001090,451993,451993,285.862,286.898,1.0360000000000014,OXFORD,OXFORD_451993_BCG_3AXIS_seg0001_c0027,BCG_3AXIS,False,unfiltered,
OXFORD_mv001091,451993,451993,294.188,295.516,1.3280000000000314,OXFORD,OXFORD_451993_BCG_3AXIS_seg0001_c0028,BCG_3AXIS,False,unfiltered,
OXFORD_mv001092,451993,451993,305.204,306.072,0.867999999999995,OXFORD,OXFORD_451993_BCG_3AXIS_seg0001_c0029,BCG_3AXIS,False,unfiltered,
OXFORD_mv001093,451993,451993,307.806,308.75,0.9440000000000168,OXFORD,OXFORD_451993_BCG_3AXIS_seg0001_c0030,BCG_3AXIS,False,unfiltered,
OXFORD_mv001094,451993,451993,316.214,317.382,1.1680000000000064,OXFORD,OXFORD_451993_BCG_3AXIS_seg0001_c0031,BCG_3AXIS,False,unfiltered,
OXFORD_mv001095,451993,451993,318.06,318.58,0.5199999999999818,OXFORD,OXFORD_451993_BCG_3AXIS_seg0001_c0032,BCG_3AXIS,False,unfiltered,
OXFORD_mv001096,451993,451993,319.466,319.782,0.3159999999999741,OXFORD,OXFORD_451993_BCG_3AXIS_seg0001_c0033,BCG_3AXIS,False,unfiltered,
OXFORD_mv001097,451993,451993,322.084,322.612,0.52800000000002,OXFORD,OXFORD_451993_BCG_3AXIS_seg0001_c0034,BCG_3AXIS,False,unfiltered,
OXFORD_mv001098,451993,451993,325.684,326.562,0.8779999999999859,OXFORD,OXFORD_451993_BCG_3AXIS_seg0001_c0035,BCG_3AXIS,False,unfiltered,
OXFORD_mv001099,451993,451993,347.664,349.13,1.4660000000000082,OXFORD,OXFORD_451993_BCG_3AXIS_seg0001_c0036,BCG_3AXIS,False,unfiltered,
OXFORD_mv001100,451993,451993,350.918,353.132,2.213999999999998,OXFORD,OXFORD_451993_BCG_3AXIS_seg0001_c0037,BCG_3AXIS,False,unfiltered,
OXFORD_mv001101,451993,451993,355.782,356.684,0.9020000000000435,OXFORD,OXFORD_451993_BCG_3AXIS_seg0001_c0038,BCG_3AXIS,False,unfiltered,
OXFORD_mv001102,451993,451993,358.406,359.378,0.97199999999998,OXFORD,OXFORD_451993_BCG_3AXIS_seg0001_c0039,BCG_3AXIS,False,unfiltered,
OXFORD_mv001103,451993,451993,360.086,361.708,1.622000000000014,OXFORD,OXFORD_451993_BCG_3AXIS_seg0001_c0040,BCG_3AXIS,False,unfiltered,
OXFORD_mv001104,451993,451993,364.768,368.614,3.846000000000004,OXFORD,OXFORD_451993_BCG_3AXIS_seg0001_c0041,BCG_3AXIS,False,unfiltered,
OXFORD_mv001105,451993,451993,439.896,440.212,0.3159999999999741,OXFORD,OXFORD_451993_BCG_3AXIS_seg0001_c0042,BCG_3AXIS,False,unfiltered,
OXFORD_mv001106,451993,451993,488.578,489.484,0.906000000000006,OXFORD,OXFORD_451993_BCG_3AXIS_seg0001_c0043,BCG_3AXIS,False,unfiltered,
OXFORD_mv001107,451993,451993,490.778,492.584,1.8059999999999832,OXFORD,OXFORD_451993_BCG_3AXIS_seg0001_c0044,BCG_3AXIS,False,unfiltered,
OXFORD_mv001108,451993,451993,493.178,495.788,2.6100000000000136,OXFORD,OXFORD_451993_BCG_3AXIS_seg0001_c0045,BCG_3AXIS,False,unfiltered,
OXFORD_mv001109,451993,451993,497.232,498.794,1.561999999999955,OXFORD,OXFORD_451993_BCG_3AXIS_seg0001_c0046,BCG_3AXIS,False,unfiltered,
OXFORD_mv001110,451993,451993,507.67,508.402,0.7319999999999709,OXFORD,OXFORD_451993_BCG_3AXIS_seg0001_c0047,BCG_3AXIS,False,unfiltered,
OXFORD_mv001111,451993,451993,519.9,520.254,0.3540000000000418,OXFORD,OXFORD_451993_BCG_3AXIS_seg0001_c0048,BCG_3AXIS,False,unfiltered,
OXFORD_mv001112,451993,451993,537.67,538.124,0.4540000000000646,OXFORD,OXFORD_451993_BCG_3AXIS_seg0001_c0049,BCG_3AXIS,False,unfiltered,
OXFORD_mv001113,451993,451993,538.736,540.134,1.3980000000000246,OXFORD,OXFORD_451993_BCG_3AXIS_seg0001_c0050,BCG_3AXIS,False,unfiltered,
OXFORD_mv001114,451993,451993,543.432,545.152,1.7200000000000273,OXFORD,OXFORD_451993_BCG_3AXIS_seg0001_c0051,BCG_3AXIS,False,unfiltered,
OXFORD_mv001115,451993,451993,566.316,566.836,0.5199999999999818,OXFORD,OXFORD_451993_BCG_3AXIS_seg0001_c0052,BCG_3AXIS,False,unfiltered,
OXFORD_mv001116,451993,451993,567.424,570.748,3.324000000000069,OXFORD,OXFORD_451993_BCG_3AXIS_seg0001_c0053,BCG_3AXIS,False,unfiltered,
OXFORD_mv001117,451993,451993,572.274,574.29,2.0159999999999627,OXFORD,OXFORD_451993_BCG_3AXIS_seg0001_c0054,BCG_3AXIS,False,unfiltered,
OXFORD_mv001118,451993,451993,578.364,580.426,2.062000000000012,OXFORD,OXFORD_451993_BCG_3AXIS_seg0001_c0055,BCG_3AXIS,False,unfiltered,
OXFORD_mv001119,451993,451993,596.318,601.232,4.913999999999987,OXFORD,OXFORD_451993_BCG_3AXIS_seg0001_c0056,BCG_3AXIS,False,unfiltered,
OXFORD_mv001120,451993,451993,602.654,603.17,0.5159999999999627,OXFORD,OXFORD_451993_BCG_3AXIS_seg0001_c0057,BCG_3AXIS,False,unfiltered,
OXFORD_mv001121,451993,451993,607.102,607.862,0.7599999999999909,OXFORD,OXFORD_451993_BCG_3AXIS_seg0001_c0058,BCG_3AXIS,False,unfiltered,
OXFORD_mv001122,451993,451993,610.202,610.546,0.3440000000000509,OXFORD,OXFORD_451993_BCG_3AXIS_seg0001_c0059,BCG_3AXIS,False,unfiltered,
OXFORD_mv001123,451993,451993,630.524,631.802,1.27800000000002,OXFORD,OXFORD_451993_BCG_3AXIS_seg0001_c0060,BCG_3AXIS,False,unfiltered,
OXFORD_mv001124,451993,451993,632.91,633.792,0.8820000000000618,OXFORD,OXFORD_451993_BCG_3AXIS_seg0001_c0061,BCG_3AXIS,False,unfiltered,
OXFORD_mv001125,451993,451993,646.27,649.264,2.994000000000028,OXFORD,OXFORD_451993_BCG_3AXIS_seg0001_c0062,BCG_3AXIS,False,unfiltered,
OXFORD_mv001126,451993,451993,649.81,650.678,0.8680000000000518,OXFORD,OXFORD_451993_BCG_3AXIS_seg0001_c0063,BCG_3AXIS,False,unfiltered,
OXFORD_mv001127,451993,451993,694.088,694.452,0.3640000000000327,OXFORD,OXFORD_451993_BCG_3AXIS_seg0001_c0064,BCG_3AXIS,False,unfiltered,
OXFORD_mv001128,451993,451993,696.676,697.972,1.2959999999999354,OXFORD,OXFORD_451993_BCG_3AXIS_seg0001_c0065,BCG_3AXIS,False,unfiltered,
OXFORD_mv001129,451993,451993,698.504,699.126,0.6219999999999573,OXFORD,OXFORD_451993_BCG_3AXIS_seg0001_c0066,BCG_3AXIS,False,unfiltered,
OXFORD_mv001130,451993,451993,702.85,703.624,0.7740000000000009,OXFORD,OXFORD_451993_BCG_3AXIS_seg0001_c0067,BCG_3AXIS,False,unfiltered,
OXFORD_mv001131,451993,451993,784.12,785.46,1.3400000000000318,OXFORD,OXFORD_451993_BCG_3AXIS_seg0001_c0068,BCG_3AXIS,False,unfiltered,
OXFORD_mv001132,451993,451993,788.898,791.236,2.337999999999965,OXFORD,OXFORD_451993_BCG_3AXIS_seg0001_c0069,BCG_3AXIS,False,unfiltered,
OXFORD_mv001133,451993,451993,833.994,834.544,0.5499999999999545,OXFORD,OXFORD_451993_BCG_3AXIS_seg0001_c0070,BCG_3AXIS,False,unfiltered,
OXFORD_mv001134,451993,451993,877.078,877.536,0.45799999999997,OXFORD,OXFORD_451993_BCG_3AXIS_seg0001_c0071,BCG_3AXIS,False,unfiltered,
OXFORD_mv001135,451993,451993,899.452,900.006,0.5539999999999736,OXFORD,OXFORD_451993_BCG_3AXIS_seg0001_c0072,BCG_3AXIS,False,unfiltered,
