movement_id,subject_id,record_id,start_time,end_time,duration,dataset,candidate_id,sensor_id,artifact_filtered,filter_method,artifact_probability,primary_rms,primary_peak,primary_peak_to_peak,primary_std,primary_variance,primary_energy,primary_mean_energy,primary_dominant_frequency_hz,primary_spectral_centroid_hz,primary_band_power,primary_spectral_entropy,primary_directional_consistency,resultant_direction,secondary_rms,secondary_peak,secondary_zero_crossing_rate,sensors_involved,max_sensor_overlap_fraction,inter_event_interval_seconds
COUGH_mv000001,5,005_Trial_1_No_Talking,9.825,16.263,6.438000000000002,COUGH,COUGH_005_Trial_1_No_Talking_IMU_seg0001_c0001,IMU,False,unfiltered,,0.6620468842732967,2.5395619120663144,2.5199704185656167,0.4554084067258103,0.207396816916541,278.7626649567232,0.4383060769759799,0.3144654088050314,3.8627315302585696,0.4829011974874518,0.6499769246989725,0.6916338874832308,ay,71.20481642766657,305.28028833839085,0.0787401574803149,,,
COUGH_mv000002,5,005_Trial_1_No_Talking,24.404,25.651,1.247,COUGH,COUGH_005_Trial_1_No_Talking_IMU_seg0001_c0002,IMU,False,unfiltered,,0.0666474030655512,0.2133519559461853,0.207059643569512,0.0358073239901935,0.0012821644513386,0.5507926655873747,0.004441876335382,4.838709677419355,7.666653686283025,0.0008071935345474,0.7305876445949626,0.3861814606936349,az,18.09810322686469,40.93347105123154,0.0975609756097561,,,8.140999999999998
COUGH_mv000003,5,005_Trial_1_No_Talking,38.355,40.273,1.9180000000000064,COUGH,COUGH_005_Trial_1_No_Talking_IMU_seg0001_c0003,IMU,False,unfiltered,,0.0484176182414316,0.1038734146382991,0.0982505308079987,0.0206439316374663,0.0004261719134523,0.4454104936728733,0.002344265756173,1.0526315789473684,2.7842777598884103,0.0002623268982562,0.4143650315613819,0.4660563138457839,ax,12.42810246503434,25.16248396378377,0.0529100529100529,,,12.703999999999997
COUGH_mv000004,5,005_Trial_1_No_Talking,42.117,42.908,0.7910000000000039,COUGH,COUGH_005_Trial_1_No_Talking_IMU_seg0001_c0004,IMU,False,unfiltered,,0.0360473377407534,0.0687110143597883,0.0584527964485351,0.0138252693598906,0.0001911380728735,0.1026534340974796,0.0012994105581959,2.564102564102564,4.864502089529273,4.1114325029896335e-05,0.5213770099658818,0.3973554475483547,ax,6.04502462394193,12.001023854886338,0.141025641025641,,,1.843999999999994
COUGH_mv000005,5,005_Trial_1_No_Talking,43.446,48.901,5.455000000000005,COUGH,COUGH_005_Trial_1_No_Talking_IMU_seg0001_c0005,IMU,False,unfiltered,,0.144148673638378,0.4256006136902595,0.4141399173464739,0.0884519934265104,0.0078237551411234,11.199794820208249,0.0207788401117036,0.3717472118959108,1.5341110716271524,0.0125974987687073,0.4705548446919314,0.5113716046337952,az,22.603695946557316,64.23546199738722,0.0557620817843866,,,0.5379999999999967
COUGH_mv000006,5,005_Trial_1_No_Talking,50.036,50.726,0.6899999999999977,COUGH,COUGH_005_Trial_1_No_Talking_IMU_seg0001_c0006,IMU,False,unfiltered,,0.0639652586180535,0.0932604743112505,0.0847786701289956,0.0185003915873614,0.0003422644888857,0.2823172473951385,0.0040915543100744,2.941176470588235,3.400135642880821,9.717146743486924e-05,0.4141141245883477,0.6786900390044048,ax,8.88461234507233,15.032837861214368,0.0735294117647058,,,1.134999999999998
COUGH_mv000007,5,005_Trial_1_No_Talking,52.257,53.128,0.8710000000000022,COUGH,COUGH_005_Trial_1_No_Talking_IMU_seg0001_c0007,IMU,False,unfiltered,,0.0401012415350041,0.0653614721477228,0.0538859393855689,0.0115143520023061,0.000132580302033,0.1399055328204403,0.0016081095726487,2.3255813953488373,5.861092232146569,5.599245768983303e-05,0.5472099920955057,0.4533584781591511,ay,9.706631957746216,15.073256674910397,0.0348837209302325,,,1.5309999999999988
COUGH_mv000008,5,005_Trial_1_No_Talking,53.94,55.856,1.916000000000004,COUGH,COUGH_005_Trial_1_No_Talking_IMU_seg0001_c0008,IMU,False,unfiltered,,0.0455626695594212,0.0821003207427772,0.073524254300058,0.0191123790858424,0.0003652830343209,0.3944318029023924,0.002075956857381,3.1578947368421053,4.1005769849470495,0.0003391703146048,0.5594106479425416,0.5025815608132902,ax,11.56373784693364,23.7966934638242,0.0529100529100529,,,0.8119999999999976
COUGH_mv000009,5,005_Trial_1_No_Talking,57.123,57.469,0.3460000000000036,COUGH,COUGH_005_Trial_1_No_Talking_IMU_seg0001_c0009,IMU,False,unfiltered,,0.0483796978293617,0.08859117747358,0.0841180669226582,0.0225287824308399,0.0005075460378161,0.0819208306721122,0.0023405951620603,5.88235294117647,6.322856421447428,4.2199767908599495e-05,0.4752865015428961,0.5023492431556386,ax,10.562449752115675,13.740938101077612,0.088235294117647,,,1.266999999999996
COUGH_mv000010,5,005_Trial_1_No_Talking,82.462,82.958,0.4959999999999951,COUGH,COUGH_005_Trial_1_No_Talking_IMU_seg0001_c0010,IMU,False,unfiltered,,0.0454173434615166,0.0832952061772675,0.079739883549687,0.0193253047610779,0.0003734674041085,0.1031367543550686,0.0020627350871013,4.0,7.181142441014679,9.280830395136082e-05,0.5002613341835292,0.744545811773731,ax,11.135345396334634,17.503044296863322,0.0612244897959183,,,24.993000000000002
COUGH_mv000011,5,005_Trial_1_No_Talking,107.272,112.352,5.079999999999998,COUGH,COUGH_005_Trial_1_No_Talking_IMU_seg0001_c0011,IMU,False,unfiltered,,0.1699656320004892,0.599536349303406,0.5839674698221137,0.1133665891518753,0.0128519835359301,14.50193466278552,0.0288883160613257,0.398406374501992,1.8771333647030215,0.0265401784968643,0.5075313915955372,0.4870886804664548,ay,35.08108097777225,123.32651108126522,0.0399201596806387,,,24.314000000000007
COUGH_mv000012,5,005_Trial_1_No_Talking,126.171,126.74,0.5689999999999884,COUGH,COUGH_005_Trial_1_No_Talking_IMU_seg0001_c0012,IMU,False,unfiltered,,0.1003844080420855,0.2919160205402241,0.2773403773194793,0.0625749125575377,0.0039156196815834,0.5743906745437157,0.0100770293779599,3.571428571428571,8.092293785432952,0.0004223190460256,0.5549177580385553,0.6429541265409631,ay,20.076899901651384,55.01461999099512,0.125,,,13.819000000000003
COUGH_mv000013,5,005_Trial_1_No_Talking,127.914,138.825,10.910999999999987,COUGH,COUGH_005_Trial_1_No_Talking_IMU_seg0001_c0013,IMU,False,unfiltered,,0.2478469387096288,1.0892545846533337,1.0716261176362318,0.1496610106790011,0.02239841811746,66.15806911487005,0.0614281050277344,0.3717472118959108,5.324666536629723,0.0550341846414955,0.7164198790780726,0.5590842486125345,az,117.02777252616023,554.0581783521928,0.0929368029739776,,,1.1740000000000066
COUGH_mv000014,5,005_Trial_1_No_Talking,259.529,260.431,0.9019999999999868,COUGH,COUGH_005_Trial_1_No_Talking_IMU_seg0002_c0001,IMU,False,unfiltered,,0.4530774588195241,0.6671852034956738,0.5092923851281494,0.1235664246565192,0.0152686613023952,18.475126532132183,0.2052791836903575,2.2222222222222223,3.2942440813884684,0.0051441384414092,0.4851852060425412,0.6993799202962421,ay,135.51590670801224,292.8164328228885,0.1235955056179775,,,120.70400000000001
COUGH_mv000015,5,005_Trial_1_No_Talking,262.46,262.774,0.3140000000000214,COUGH,COUGH_005_Trial_1_No_Talking_IMU_seg0002_c0002,IMU,False,unfiltered,,0.638096178252646,1.0346673293273856,0.7018842357523032,0.1542311335334413,0.0237872425510102,13.02933544642024,0.4071667327006325,6.25,8.997280099346913,0.0038742347945898,0.5821996096701197,0.4541634900843682,az,293.14666057443526,568.2177946711212,0.064516129032258,,,2.0289999999999964
COUGH_mv000016,5,005_Trial_1_No_Talking,269.496,270.429,0.9329999999999928,COUGH,COUGH_005_Trial_1_No_Talking_IMU_seg0002_c0003,IMU,False,unfiltered,,0.3379438512389651,0.5736675756272154,0.4158399643574238,0.1044526484108613,0.010910355760043,10.621162332890815,0.1142060465902238,2.1739130434782608,6.352483600624296,0.0024218957818093,0.6301314419521712,0.5907756551885215,az,131.6877896104418,248.8284904629992,0.1521739130434782,,,6.72199999999998
COUGH_mv000017,5,005_Trial_1_No_Talking,278.661,279.574,0.9130000000000108,COUGH,COUGH_005_Trial_1_No_Talking_IMU_seg0002_c0004,IMU,False,unfiltered,,0.4969622242396951,1.2022768703646791,1.0286407448235346,0.1952084499559227,0.0381063389341939,22.47440216123512,0.246971452321265,2.2222222222222223,8.265827556361797,0.0113581859305628,0.7154208352843673,0.5870082421447007,az,275.9465556432773,880.9978207371761,0.0888888888888888,,,8.232000000000028
COUGH_mv000018,5,005_Trial_1_No_Talking,280.132,281.531,1.399000000000001,COUGH,COUGH_005_Trial_1_No_Talking_IMU_seg0002_c0005,IMU,False,unfiltered,,0.4112384391236576,1.0124724389578432,0.970455853191524,0.1866685901774256,0.0348451625588276,23.50727047998785,0.1691170538128622,1.4492753623188404,5.236902921038522,0.0174539877577877,0.6095182624916435,0.6155907852073856,ay,208.4606983128174,576.4743747391713,0.1231884057971014,,,0.5579999999999927
COUGH_mv000019,5,005_Trial_1_No_Talking,282.656,283.204,0.5480000000000018,COUGH,COUGH_005_Trial_1_No_Talking_IMU_seg0002_c0006,IMU,False,unfiltered,,0.3960699330121806,0.6938112784792373,0.6577470022178793,0.1394044088225107,0.0194335891991537,8.627926550995028,0.1568713918362732,3.7037037037037033,15.180510438283711,0.0032372608689298,0.8661173978039489,0.4512544457836807,az,179.90174072076744,446.2878496368137,0.1851851851851851,,,1.125
COUGH_mv000020,5,005_Trial_1_No_Talking,285.657,286.823,1.1659999999999968,COUGH,COUGH_005_Trial_1_No_Talking_IMU_seg0002_c0007,IMU,False,unfiltered,,0.9029363056160356,1.3882049668926146,1.2795339803552332,0.3901276352527539,0.1521995717879058,94.57410075194603,0.8152939719995348,1.7241379310344829,3.587359591291912,0.0475768426119969,0.446788548124773,0.4575805702211128,az,193.45756269174117,441.7835152847956,0.0956521739130434,,,2.4529999999999745
COUGH_mv000021,5,005_Trial_1_No_Talking,305.174,306.43,1.2560000000000286,COUGH,COUGH_005_Trial_1_No_Talking_IMU_seg0002_c0008,IMU,False,unfiltered,,0.3871551275049716,0.5215331446704733,0.3866793600224813,0.0930817546794178,0.0086642130541993,18.736136594173857,0.1498890927533908,1.6129032258064515,5.962738684519394,0.0026919143043002,0.599868906468099,0.3827883231388179,az,168.78766624671616,362.2627082533908,0.1532258064516129,,,18.351
COUGH_mv000022,5,005_Trial_1_No_Talking,14762.624,14766.202,3.57799999999952,COUGH,COUGH_005_Trial_1_No_Talking_IMU_seg0003_c0001,IMU,False,unfiltered,,1.1369523008154114,4.016539746972224,3.94494011416219,0.6626640184529248,0.4391236013521782,457.601829152628,1.2926605343294575,1.694915254237288,5.3792111553428645,0.7118280207936507,0.6945030974538158,0.7503582664295917,ax,98.90988915010296,276.48470873495194,0.1246458923512747,,,14456.194
COUGH_mv000023,5,005_Trial_1_No_Talking,15086.256,15086.722,0.4660000000003492,COUGH,COUGH_005_Trial_1_No_Talking_IMU_seg0003_c0002,IMU,False,unfiltered,,0.3740923744479429,0.7348123437598237,0.6736780234026716,0.1625557580245926,0.0264243744669499,6.5774199171447,0.1399451046200999,4.3478260869565215,5.389336698245989,0.0029249613682357,0.5160037362196495,0.7246053000035018,ax,41.94682349587605,78.85174112892668,0.217391304347826,,,320.0540000000001
COUGH_mv000024,5,005_Trial_1_No_Talking,15089.55,15090.047,0.4970000000012078,COUGH,COUGH_005_Trial_1_No_Talking_IMU_seg0003_c0003,IMU,False,unfiltered,,0.3545987492709751,0.7156489448373479,0.6580568721453608,0.1606964918449695,0.0258233624912803,6.287013649226994,0.1257402729845398,4.0,8.002742072688482,0.0024906181833013,0.5707314243232231,0.7172904581817052,ax,57.63982394420461,124.964682398391,0.1836734693877551,,,2.82799999999952
COUGH_mv000025,5,005_Trial_1_No_Talking,15090.899,15235.135,144.2360000000008,COUGH,COUGH_005_Trial_1_No_Talking_IMU_seg0003_c0004,IMU,False,unfiltered,,0.6110509839826378,1.810406352718842,1.7947117603108278,0.2620877153188382,0.0686899705210483,5312.124280607035,0.3733833050261499,2.361872627583298,6.84682922771744,4.54883490295307,0.6695501794682756,0.7804129929700627,ax,115.68871359137988,506.0493670127512,0.1467735132855335,,,0.8519999999989523
COUGH_mv000026,5,005_Trial_2_Talking,10.565,15.068,4.503,COUGH,COUGH_005_Trial_2_Talking_IMU_seg0001_c0001,IMU,False,unfiltered,,0.9984658318000198,3.8045319303429657,3.778816074906352,0.5915615809216608,0.3499451040225346,443.63563768608697,0.9969340172721056,0.4504504504504504,5.062872943807566,0.7056884193510988,0.6963664969297829,0.8358481857317284,ax,101.29847436722582,309.2407563915124,0.1081081081081081,,,
COUGH_mv000027,5,005_Trial_2_Talking,56.261,57.113,0.8519999999999968,COUGH,COUGH_005_Trial_2_Talking_IMU_seg0001_c0002,IMU,False,unfiltered,,0.212329303331091,0.5690776352805831,0.5468032645263037,0.1253669687023124,0.0157168768416065,3.83211730951065,0.0450837330530664,2.380952380952381,7.276171001737866,0.0040022436010901,0.6671736674349075,0.7079403728234714,az,44.031818274557125,87.65810531236745,0.2023809523809523,,,41.193000000000005
COUGH_mv000028,5,005_Trial_2_Talking,80.129,80.463,0.333999999999989,COUGH,COUGH_005_Trial_2_Talking_IMU_seg0001_c0003,IMU,False,unfiltered,,0.2526525247797291,0.5572792463063401,0.5301842754124967,0.1423873069945975,0.0202741451931737,2.1703321414374352,0.0638332982775716,5.88235294117647,11.015296429047543,0.0006962683851715,0.7098625927536403,0.8095193529389701,az,46.7721608922233,104.33794755002349,0.303030303030303,,,23.016000000000005
COUGH_mv000029,5,005_Trial_2_Talking,338.274,339.662,1.3879999999999768,COUGH,COUGH_005_Trial_2_Talking_IMU_seg0001_c0004,IMU,False,unfiltered,,0.3521157834768652,0.7879023394812326,0.7453037265918122,0.1669325275364851,0.0278664687497193,17.110002446346673,0.1239855249735266,4.3478260869565215,6.276451117707698,0.0210904449261969,0.5867359785813587,0.624059019030348,ax,52.41433880027378,118.49880085646306,0.1313868613138686,,,257.81100000000004
COUGH_mv000030,5,005_Trial_2_Talking,340.981,476.447,135.466,COUGH,COUGH_005_Trial_2_Talking_IMU_seg0001_c0005,IMU,False,unfiltered,,0.749851800381148,2.208767464076768,2.1981357093493457,0.3303997222312321,0.1091639764504753,7513.154928510652,0.562277722534849,2.454722346954049,6.68125082763847,7.201856496864766,0.6181714876150022,0.7957971349794022,ax,138.4738006329228,501.29233685092254,0.141007409625028,,,1.3190000000000168
COUGH_mv000031,5,005_Trial_2_Talking,511.01,512.612,1.6019999999999754,COUGH,COUGH_005_Trial_2_Talking_IMU_seg0001_c0006,IMU,False,unfiltered,,0.338555276424042,0.5963937907158219,0.5574139672713617,0.1338924375150181,0.017927184823713,18.22452835593496,0.1146196751945594,7.594936708860759,7.323761765625631,0.0100580194847672,0.670988236507205,0.7394850917382896,ax,47.7499771813185,109.66860686140492,0.1139240506329113,,,34.56299999999999
COUGH_mv000032,5,005_Trial_2_Talking,519.324,519.78,0.4560000000000173,COUGH,COUGH_005_Trial_2_Talking_IMU_seg0001_c0007,IMU,False,unfiltered,,0.3512379434030961,0.6629635968996038,0.5741418207206633,0.1452217809667266,0.0210893656671479,5.674932272757682,0.1233680928860365,4.3478260869565215,7.404797380112521,0.0019118075225465,0.578982907477677,0.7130372852891452,ax,43.48495519363922,77.70505547659471,0.2222222222222222,,,6.711999999999989
COUGH_mv000033,5,005_Trial_2_Talking,626.857,627.547,0.6900000000000546,COUGH,COUGH_005_Trial_2_Talking_IMU_seg0001_c0008,IMU,False,unfiltered,,0.4865378390702383,1.0575637157232516,0.9531906829143376,0.2132025426219816,0.0454553241804778,16.33361575045246,0.2367190688471371,2.941176470588235,4.769529041634714,0.0123857124204817,0.4081894540768787,0.6315736794964484,ax,81.34775192175218,141.08163785399674,0.088235294117647,,,107.077
COUGH_mv000034,5,005_Trial_2_Talking,628.114,628.874,0.7599999999999909,COUGH,COUGH_005_Trial_2_Talking_IMU_seg0001_c0009,IMU,False,unfiltered,,0.5707443418835627,1.8506370653681845,1.8209621874988684,0.3644808693864536,0.132846304148705,24.756931888199684,0.3257491037921011,7.894736842105264,7.600504651166852,0.0075038093729727,0.6566887853083259,0.8186943612474727,ax,129.96382283656382,311.1668867251912,0.12,,,0.5670000000000073
COUGH_mv000035,5,005_Trial_2_Talking,666.51,666.916,0.4060000000000627,COUGH,COUGH_005_Trial_2_Talking_IMU_seg0001_c0010,IMU,False,unfiltered,,0.2045367870849327,0.5005284990798162,0.4616934226771659,0.1181848398394838,0.0139676563678844,1.715247188112112,0.0418352972710271,5.0,8.495359952708961,0.000230958481137,0.6672018924351257,0.7339498079361353,az,52.83215986732588,103.36997497985864,0.15,,,37.63599999999997
COUGH_mv000036,5,005_Trial_2_Talking,686.828,687.163,0.3350000000000364,COUGH,COUGH_005_Trial_2_Talking_IMU_seg0001_c0011,IMU,False,unfiltered,,0.2152627193881475,0.494998206441265,0.4369471593644785,0.1264853800276794,0.0159985513607464,1.5754933041849322,0.0463380383583803,11.76470588235294,12.063900271789468,0.0003391597632519,0.5893151069385266,0.806899984796802,az,58.73901193127922,151.70198056027212,0.2121212121212121,,,19.91199999999992
COUGH_mv000037,5,005_Trial_3_Nonverbal,8.952,12.217,3.265000000000001,COUGH,COUGH_005_Trial_3_Nonverbal_IMU_seg0001_c0001,IMU,False,unfiltered,,1.0809691084241482,3.692323319506128,3.61531907086225,0.6458061712926816,0.4170656108797124,377.4236309176373,1.168494213367298,0.6211180124223602,5.7058941153992695,0.7510177841697951,0.7143953350187678,0.7959122616807194,ax,96.66648828671303,314.8509684334011,0.124223602484472,,,
COUGH_mv000038,5,005_Trial_3_Nonverbal,191.066,191.543,0.4770000000000038,COUGH,COUGH_005_Trial_3_Nonverbal_IMU_seg0001_c0002,IMU,False,unfiltered,,0.3016460403325502,0.610963526098301,0.5746254879470712,0.1516653704183397,0.0230023845841321,4.367536015118714,0.0909903336483065,8.333333333333334,7.471980799733627,0.0025759898558485,0.5034549099558816,0.7060065125155601,ax,46.05999015107468,89.80542364929673,0.0851063829787234,,,178.849
COUGH_mv000039,5,005_Trial_3_Nonverbal,232.777,233.274,0.4970000000000141,COUGH,COUGH_005_Trial_3_Nonverbal_IMU_seg0001_c0003,IMU,False,unfiltered,,0.3982183592785905,0.7300329435562654,0.6185209632202144,0.1490205675642134,0.0222071295571602,7.92889308332663,0.1585778616665326,8.0,6.307324626373335,0.0043555804217221,0.4748248718235784,0.8429967505199507,ax,63.69510721565548,127.63483629161745,0.0612244897959183,,,41.23399999999998
COUGH_mv000040,5,005_Trial_3_Nonverbal,273.87,274.266,0.396000000000015,COUGH,COUGH_005_Trial_3_Nonverbal_IMU_seg0001_c0004,IMU,False,unfiltered,,0.3232595498069122,0.5584495234066553,0.4764548472938952,0.1416048152517958,0.0200519237024952,4.179869461654702,0.1044967365413675,5.0,7.564734127820416,0.0014618536232721,0.5499798070715398,0.5849553509213469,ax,69.7028351166904,174.07963365947822,0.1538461538461538,,,40.596000000000004
COUGH_mv000041,5,005_Trial_3_Nonverbal,320.174,320.681,0.507000000000005,COUGH,COUGH_005_Trial_3_Nonverbal_IMU_seg0001_c0005,IMU,False,unfiltered,,0.3263936971683328,0.532190166358895,0.3877754582230404,0.0951679531209678,0.0090569393012347,5.433175123111882,0.1065328455512133,4.0,6.324565191301748,0.0014037443240805,0.6085254142000842,0.7432330626788187,ax,39.85492773542351,82.07226084540103,0.16,,,45.90799999999996
COUGH_mv000042,5,005_Trial_3_Nonverbal,321.208,457.951,136.743,COUGH,COUGH_005_Trial_3_Nonverbal_IMU_seg0001_c0006,IMU,False,unfiltered,,0.5426835410437053,1.574981499379027,1.548773412410767,0.2325968645867735,0.0541013014155978,3972.2891821077856,0.294505425719735,2.461447212336892,6.258938614694646,3.146286035175384,0.6830652355181371,0.7403689369320203,ax,94.16474971116864,431.62325917391536,0.1629717505746274,,,0.5270000000000437
COUGH_mv000043,5,005_Trial_3_Nonverbal,459.532,461.196,1.664000000000044,COUGH,COUGH_005_Trial_3_Nonverbal_IMU_seg0001_c0007,IMU,False,unfiltered,,0.2671669794065139,0.5691345238668929,0.5473194808043625,0.1187208694245325,0.0140946448369169,11.777402156058104,0.0713781948852006,3.658536585365853,5.821387021639918,0.0100539537706252,0.5965747222360175,0.6952839030968977,ax,33.71689297541945,64.42187602036975,0.1707317073170731,,,1.5809999999999604
COUGH_mv000044,6,006_Trial_1_No_Talking,10.686,13.819,3.133000000000001,COUGH,COUGH_006_Trial_1_No_Talking_IMU_seg0001_c0001,IMU,False,unfiltered,,0.9402953664191644,2.31555622179822,2.2516470960958426,0.4745129419516796,0.225162532079638,274.08816659389873,0.8841553761093508,0.6451612903225806,4.046011601443062,0.3617989122892304,0.6221942651484315,0.6049772518615044,ay,124.32388144208052,414.36756727891145,0.0906148867313915,,,
COUGH_mv000045,6,006_Trial_1_No_Talking,330.14,478.523,148.38300000000004,COUGH,COUGH_006_Trial_1_No_Talking_IMU_seg0001_c0002,IMU,False,unfiltered,,1.061122188845524,3.637531611643172,3.609480702919758,0.5637804953640756,0.3178484469529625,16478.721685528726,1.125980299660316,2.692360256935902,5.417441063997037,22.507331721769724,0.5360559664791513,0.5169358609079757,ay,227.52838495395832,884.7823796937992,0.1122044553778871,,,316.32099999999997
COUGH_mv000046,6,006_Trial_2_Talking,40.903,43.824,2.921,COUGH,COUGH_006_Trial_2_Talking_IMU_seg0001_c0001,IMU,False,unfiltered,,0.9460292193623,2.385762223924176,2.351922156426107,0.4836970353950806,0.2339628220499898,258.6467010434131,0.8949712838872426,3.4722222222222223,3.615145816497584,0.3806034442450351,0.5910260321277755,0.6358804710104208,ay,118.48444455575031,329.149961877147,0.1041666666666666,,,
COUGH_mv000047,6,006_Trial_2_Talking,358.478,512.754,154.276,COUGH,COUGH_006_Trial_2_Talking_IMU_seg0001_c0002,IMU,False,unfiltered,,1.0996563975124174,3.709356240347476,3.688262568126537,0.5893113892374148,0.3472879134849317,18399.85963444925,1.2092441925899875,2.733964248159832,5.491034104672297,25.869170603921333,0.4774239190465486,0.5492528303575546,ay,232.5404815407285,1008.1672670258996,0.1302661846861649,,,314.654
COUGH_mv000048,6,006_Trial_3_Nonverbal,12.329,13.151,0.8219999999999992,COUGH,COUGH_006_Trial_3_Nonverbal_IMU_seg0001_c0001,IMU,False,unfiltered,,1.0731062252198702,2.508401274385612,2.152521864434327,0.4213404376176363,0.1775277643718212,94.42767158966238,1.1515569706056388,4.878048780487805,5.067058582391569,0.0490243527177028,0.5010568136475395,0.6180502866594655,ay,180.77239546994824,333.6033469602812,0.1604938271604938,,,
COUGH_mv000049,6,006_Trial_3_Nonverbal,13.819,14.449,0.629999999999999,COUGH,COUGH_006_Trial_3_Nonverbal_IMU_seg0001_c0002,IMU,False,unfiltered,,1.1854846430088548,1.9728589989066407,1.7811004472022265,0.3806466761661237,0.1448918920763178,88.53855184501941,1.405373838809832,3.2258064516129035,5.961077638279769,0.0437074810529122,0.5688824174730358,0.6733772529476659,ay,218.81404778328977,432.7860670352108,0.1290322580645161,,,0.668000000000001
COUGH_mv000050,6,006_Trial_3_Nonverbal,15.036,15.755,0.7190000000000012,COUGH,COUGH_006_Trial_3_Nonverbal_IMU_seg0001_c0003,IMU,False,unfiltered,,1.0868319933126285,1.9836625191019044,1.881463068053141,0.3509951741450866,0.1231976122731396,85.04667228152891,1.1812037816879015,5.555555555555555,5.998419174653352,0.0550784943497107,0.568278397592499,0.6895541967346812,ay,158.4101151238634,391.90363894923047,0.1971830985915492,,,0.5869999999999997
COUGH_mv000051,6,006_Trial_3_Nonverbal,196.229,196.533,0.3039999999999736,COUGH,COUGH_006_Trial_3_Nonverbal_IMU_seg0001_c0004,IMU,False,unfiltered,,0.5056520780768984,1.0354740125535578,0.988518051550758,0.2745150210119703,0.0753584967612025,7.926204745968059,0.2556840240634858,6.25,5.378479118454789,0.0057399030743677,0.454188554494507,0.4977706935630118,ay,99.88947197508,264.8741710153235,0.2,,,180.47400000000002
COUGH_mv000052,6,006_Trial_3_Nonverbal,328.721,464.906,136.185,COUGH,COUGH_006_Trial_3_Nonverbal_IMU_seg0001_c0005,IMU,False,unfiltered,,1.2414731211910408,4.3545787478777225,4.337912693759332,0.6962667434938812,0.4847873780955741,20702.144018914125,1.541255510639825,2.739726027397261,5.590552061125308,31.821498161457573,0.5298864298442156,0.4583542888932928,ay,247.2542059614527,867.8513364653676,0.1206164842528478,,,132.18800000000002
COUGH_mv000053,7,007_Trial_1_No_Talking,43.732,48.264,4.532000000000004,COUGH,COUGH_007_Trial_1_No_Talking_IMU_seg0001_c0001,IMU,False,unfiltered,,1.1824352143183536,3.587044597205692,3.566601475284897,0.7241044242967181,0.5243272172860814,626.3725601549206,1.398153036060091,0.4464285714285714,3.494840584265084,0.9282919571824744,0.6195065448565534,0.7465179594344412,ay,84.09598988744398,265.7271935617485,0.0715883668903803,,,
COUGH_mv000054,7,007_Trial_1_No_Talking,307.424,307.779,0.3550000000000182,COUGH,COUGH_007_Trial_1_No_Talking_IMU_seg0001_c0002,IMU,False,unfiltered,,0.2836969902953508,0.5940299389333431,0.5671364693374783,0.1534459977672236,0.0235456742307788,2.8974233628950543,0.0804839823026404,5.555555555555555,10.339026973047345,0.0014196305456564,0.6757504804193653,0.5709184801413447,ay,42.30408394209056,80.79055034699505,0.0285714285714285,,,259.15999999999997
COUGH_mv000055,7,007_Trial_1_No_Talking,356.549,495.692,139.14300000000003,COUGH,COUGH_007_Trial_1_No_Talking_IMU_seg0001_c0003,IMU,False,unfiltered,,0.8657061452947953,2.6798461655302632,2.6638336349205174,0.3939264503472477,0.1551780482831826,10285.412412136102,0.7494471300011732,2.66686097347712,5.798092316314168,10.09821590480515,0.5784518631157659,0.6994533935988491,ay,104.92308759152876,452.7032022160158,0.1281060992494352,,,48.76999999999998
COUGH_mv000056,7,007_Trial_1_No_Talking,652.528,652.934,0.405999999999949,COUGH,COUGH_007_Trial_1_No_Talking_IMU_seg0001_c0004,IMU,False,unfiltered,,0.5694879599871258,0.975974169107165,0.81911812740685,0.2627299395998963,0.0690270211621651,13.296977999382223,0.3243165365702982,5.0,6.858155121754022,0.0055792611296571,0.4517605045333316,0.7301225095141963,ay,51.18722730331759,75.94114061229241,0.05,,,156.836
COUGH_mv000057,7,007_Trial_2_Talking,8.984,11.934,2.95,COUGH,COUGH_007_Trial_2_Talking_IMU_seg0001_c0001,IMU,False,unfiltered,,1.1492680483444977,2.8123784632117577,2.724870262435481,0.6848304141493531,0.4689926961439745,385.6785777081067,1.320817046945571,0.684931506849315,3.977349578674323,0.5156679343659527,0.6393436989940025,0.709628973416405,ay,78.75166174308794,286.46844279335056,0.0962199312714776,,,
COUGH_mv000058,7,007_Trial_2_Talking,12.573,13.749,1.1760000000000002,COUGH,COUGH_007_Trial_2_Talking_IMU_seg0001_c0002,IMU,False,unfiltered,,1.2858605360862276,2.787351217422314,2.646652124377527,0.6701639185034067,0.4491196776638407,193.4521662368834,1.6534373182639608,3.4482758620689657,4.683494465568976,0.2815679497926666,0.551321415164689,0.6985423972205076,ay,83.68265074267855,254.3751347081573,0.0862068965517241,,,0.6390000000000011
COUGH_mv000059,7,007_Trial_2_Talking,333.067,333.372,0.3050000000000068,COUGH,COUGH_007_Trial_2_Talking_IMU_seg0001_c0003,IMU,False,unfiltered,,0.3956639248121832,0.6142454061681409,0.491897718250852,0.1269827743698544,0.0161246249866653,4.853048183331212,0.156549941397781,6.25,8.955120772372899,0.00116238995059,0.5511668140452483,0.703688371140656,ay,30.567018737508608,75.46395562535635,0.2,,,319.318
COUGH_mv000060,7,007_Trial_2_Talking,333.929,463.105,129.17600000000004,COUGH,COUGH_007_Trial_2_Talking_IMU_seg0001_c0004,IMU,False,unfiltered,,0.9308965321550828,2.96293896500739,2.956741104612439,0.4069748256326478,0.1656285086987241,11040.947392941873,0.8665683535783589,2.5902668759811616,5.876272707147892,10.241599995621277,0.5457613936591292,0.7116419821325335,ay,102.80532069654228,442.8083978700388,0.1155416012558869,,,0.5569999999999595
COUGH_mv000061,7,007_Trial_2_Talking,467.627,468.743,1.1159999999999854,COUGH,COUGH_007_Trial_2_Talking_IMU_seg0001_c0005,IMU,False,unfiltered,,0.3555962222386334,0.5969888143623348,0.5561674834396676,0.1467824176789876,0.0215450781396887,14.035802733013025,0.1264486732703875,3.636363636363636,4.156327727365715,0.0099430494562819,0.4497554375525716,0.6904453354729762,ay,32.70510869065404,69.25356064603169,0.1272727272727272,,,4.521999999999991
COUGH_mv000062,7,007_Trial_2_Talking,617.191,618.844,1.65300000000002,COUGH,COUGH_007_Trial_2_Talking_IMU_seg0001_c0006,IMU,False,unfiltered,,0.5082586228451448,1.3600774228719652,1.2934405945287475,0.2552744215715813,0.0651650303087054,42.36559974221667,0.2583268276964431,1.2195121951219512,3.2816987844711982,0.0393762503942386,0.5041935930789102,0.584031757460655,ay,56.70669309427844,112.89583160191368,0.0736196319018405,,,148.44800000000004
COUGH_mv000063,7,007_Trial_3_Nonverbal,17.054,18.301,1.247,COUGH,COUGH_007_Trial_3_Nonverbal_IMU_seg0001_c0001,IMU,False,unfiltered,,1.2500410041004206,3.0013066739128376,2.8889312853642104,0.6562315446142052,0.4306398401467455,193.7627114796161,1.562602511932388,3.2258064516129035,4.776699298558676,0.2949671107970242,0.5913512342552283,0.7909818372875979,ay,86.64894477789417,283.08480736737846,0.08130081300813,,,
COUGH_mv000064,7,007_Trial_3_Nonverbal,19.032,20.076,1.0440000000000005,COUGH,COUGH_007_Trial_3_Nonverbal_IMU_seg0001_c0002,IMU,False,unfiltered,,1.3240934948965175,3.016422959655804,2.7663075529263343,0.6243407284864605,0.3898013452470042,182.3352526556365,1.7532235832272742,5.769230769230768,6.533526355521346,0.1763727594824007,0.5984898057562665,0.7379170300548801,ay,95.59157235531052,201.0042532770216,0.1359223300970873,,,0.7310000000000016
COUGH_mv000065,7,007_Trial_3_Nonverbal,20.968,22.266,1.2979999999999985,COUGH,COUGH_007_Trial_3_Nonverbal_IMU_seg0001_c0003,IMU,False,unfiltered,,1.272348761820457,4.074723672799321,4.00797983170595,0.7246420780928137,0.5251061413426715,208.83440695008045,1.61887137170605,4.6875,6.420519886280329,0.3702799494111195,0.6456692493710681,0.7026195147843,ay,85.74398425740523,241.9811870535993,0.1484375,,,0.8919999999999995
COUGH_mv000066,7,007_Trial_3_Nonverbal,337.361,337.868,0.507000000000005,COUGH,COUGH_007_Trial_3_Nonverbal_IMU_seg0001_c0004,IMU,False,unfiltered,,0.3328601725951574,0.622216237971423,0.517290571110025,0.1244521669484817,0.0154883418581727,5.650590619503976,0.1107958945000779,4.0,4.779613639943423,0.0015476822823112,0.4747883518379329,0.5844513553518268,ay,28.7589586595729,67.95363718446275,0.12,,,315.09499999999997
COUGH_mv000067,7,007_Trial_3_Nonverbal,338.395,338.912,0.5169999999999959,COUGH,COUGH_007_Trial_3_Nonverbal_IMU_seg0001_c0005,IMU,False,unfiltered,,0.3394406452383863,0.6502870598573629,0.5342940310302046,0.1405936528009893,0.0197665752079251,5.991437485272308,0.115219951639852,3.846153846153846,4.1411563734905,0.0023478580044126,0.430796590862712,0.6314156405605253,ay,27.33818868824516,55.93701444944104,0.0980392156862745,,,0.5269999999999868
COUGH_mv000068,7,007_Trial_3_Nonverbal,339.45,339.977,0.5269999999999868,COUGH,COUGH_007_Trial_3_Nonverbal_IMU_seg0001_c0006,IMU,False,unfiltered,,0.3620226127887186,0.6475508377353723,0.507871985331281,0.1315330228587305,0.0173009361023553,6.946199725029637,0.1310603721703705,3.846153846153846,4.761443284093119,0.0020202509747906,0.41038267085676,0.5949213488930266,ay,24.81667139811167,59.8018716963457,0.1153846153846153,,,0.5380000000000109
COUGH_mv000069,7,007_Trial_3_Nonverbal,340.515,341.57,1.0550000000000068,COUGH,COUGH_007_Trial_3_Nonverbal_IMU_seg0001_c0007,IMU,False,unfiltered,,0.3479564705923572,0.7355523677984389,0.6679057276029452,0.1628612696535928,0.0265237931531802,12.71273906984444,0.1210737054270899,3.846153846153846,4.666850073852304,0.0135388455950122,0.4617292999465271,0.6858521203155009,ay,24.058013334571424,52.677892391560135,0.1538461538461538,,,0.5380000000000109
COUGH_mv000070,7,007_Trial_3_Nonverbal,343.303,344.013,0.7099999999999795,COUGH,COUGH_007_Trial_3_Nonverbal_IMU_seg0001_c0008,IMU,False,unfiltered,,0.4325321224146639,0.7344083040839685,0.6883448449866661,0.1490795807278081,0.022224721389979,13.2829666213579,0.1870840369205337,2.8571428571428568,6.966513606372167,0.0057686126405776,0.6096252412538081,0.6044772331383977,ay,38.53904243519579,136.41421594642026,0.1142857142857142,,,1.733000000000004
COUGH_mv000071,7,007_Trial_3_Nonverbal,346.456,468.085,121.62899999999996,COUGH,COUGH_007_Trial_3_Nonverbal_IMU_seg0001_c0009,IMU,False,unfiltered,,0.9858370408017908,3.013395298379821,2.9960335152149025,0.4368943814511571,0.1908767005435892,11659.580428188932,0.971874671016832,2.6342114038012667,5.969415765769336,11.336446027492086,0.5887296063394796,0.7192614895543619,ay,106.07592678383298,453.6752550152974,0.1152050683561187,,,2.4430000000000405
COUGH_mv000072,7,007_Trial_3_Nonverbal,481.278,481.723,0.4449999999999932,COUGH,COUGH_007_Trial_3_Nonverbal_IMU_seg0001_c0010,IMU,False,unfiltered,,0.4931862239639764,0.9357745417690996,0.9280955986959076,0.2332702841005257,0.05441502544434,10.945469317853048,0.2432326515078455,9.090909090909092,8.054305411819564,0.0148762910053538,0.4535820562256933,0.6488223643495488,ay,43.11889026338184,68.89001560850042,0.1363636363636363,,,13.19300000000004
COUGH_mv000073,7,007_Trial_3_Nonverbal,640.685,641.404,0.7190000000000509,COUGH,COUGH_007_Trial_3_Nonverbal_IMU_seg0001_c0011,IMU,False,unfiltered,,0.4661256580543939,1.1492344035794175,1.0539000158994962,0.240177161178602,0.0576850687518121,15.643665294958204,0.2172731290966417,8.333333333333332,6.09424744611082,0.0169589727462387,0.5648025650442174,0.4615887514316131,ay,71.588448303292,160.72583609818565,0.1126760563380281,,,158.96199999999993
COUGH_mv000074,8,008_Trial_1_No_Talking,18.283,21.729,3.445999999999998,COUGH,COUGH_008_Trial_1_No_Talking_IMU_seg0001_c0001,IMU,False,unfiltered,,1.2275322539207636,2.703350435737614,2.675900744270539,0.6254458899956407,0.391182561312439,513.8308831357845,1.5068354344157902,1.7647058823529411,4.161548600662909,0.6484397090765142,0.6075134483640401,0.869751535090984,ay,68.36385672060712,217.6653850703111,0.1264705882352941,,,
COUGH_mv000075,8,008_Trial_1_No_Talking,343.418,480.608,137.19,COUGH,COUGH_008_Trial_1_No_Talking_IMU_seg0001_c0002,IMU,False,unfiltered,,0.9850754318510264,2.2335004019471287,2.206365477845003,0.3938315750769682,0.1551033095276056,13130.125268692096,0.9703736064364864,4.922394678492239,5.825748815383667,10.2127908235061,0.5780930076752031,0.7660377110739623,ay,89.96660544160612,297.631132874848,0.1101256467110125,,,321.689
COUGH_mv000076,8,008_Trial_2_Talking,11.761,14.997,3.2360000000000007,COUGH,COUGH_008_Trial_2_Talking_IMU_seg0001_c0001,IMU,False,unfiltered,,1.18309114748113,2.8933495427146263,2.8171919933733385,0.6166211448391029,0.3802216362626859,447.9054922394293,1.3997046632482164,1.875,4.97889277794122,0.6320232876090076,0.6711942689189379,0.856186454802256,ay,76.52057261707506,258.20886520531053,0.1504702194357366,,,
COUGH_mv000077,8,008_Trial_2_Talking,335.697,467.079,131.382,COUGH,COUGH_008_Trial_2_Talking_IMU_seg0001_c0002,IMU,False,unfiltered,,0.8893548520296778,2.183365319753337,2.160169162003517,0.3587943827239503,0.1287334090742605,10249.156700554686,0.7909520528287302,2.500385862015743,5.9180136172794695,7.910151548809227,0.5377983437004569,0.738642722775035,ay,89.89281325986347,335.1218137502786,0.099714440071004,,,320.7
COUGH_mv000078,8,008_Trial_3_Nonverbal,8.934,11.773,2.8390000000000004,COUGH,COUGH_008_Trial_3_Nonverbal_IMU_seg0001_c0001,IMU,False,unfiltered,,1.1750015284145974,2.5995127313838067,2.544522304809467,0.6059142699637736,0.3671321025457328,387.9566342892359,1.38062859177664,0.7142857142857142,4.003384475375822,0.5544274646594164,0.624146459234161,0.8353090951694593,ay,91.73938390561572,351.3075355691329,0.0857142857142857,,,
COUGH_mv000079,8,008_Trial_3_Nonverbal,154.643,154.938,0.2949999999999875,COUGH,COUGH_008_Trial_3_Nonverbal_IMU_seg0001_c0002,IMU,False,unfiltered,,0.688979675792999,1.1044080064648052,0.6608352482349497,0.1594361187443832,0.025419875960273,14.24078980967478,0.474692993655826,6.25,12.147139571994806,0.0032772390438086,0.6083187032284862,0.7754965361904249,az,49.60100853865657,92.25955981168472,0.1379310344827586,,,142.87
COUGH_mv000080,8,008_Trial_3_Nonverbal,317.276,452.389,135.113,COUGH,COUGH_008_Trial_3_Nonverbal_IMU_seg0001_c0003,IMU,False,unfiltered,,0.977624073204903,2.675324631116277,2.6517634818677096,0.4018710575292886,0.1615003468797088,12736.308888720869,0.9557488285097456,2.5363950172594927,6.468304450046021,9.996990445771765,0.589608674122857,0.7555417400799438,ay,95.85519810097658,464.1023875127646,0.1053658536585365,,,162.33800000000002
COUGH_mv000081,8,008_Trial_3_Nonverbal,452.937,453.514,0.5769999999999982,COUGH,COUGH_008_Trial_3_Nonverbal_IMU_seg0001_c0004,IMU,False,unfiltered,,0.425865096902437,0.7114369517625423,0.605742755061162,0.1493914771379282,0.0223178134414521,10.518942684063884,0.1813610807597221,3.4482758620689657,4.617493026739717,0.0065274180242791,0.4273353198931424,0.6795520387172012,ay,31.13601951058592,59.25137812533894,0.0701754385964912,,,0.5480000000000018
COUGH_mv000082,9,009_Trial_1_No_Talking,8.951,12.276,3.325,COUGH,COUGH_009_Trial_1_No_Talking_IMU_seg0001_c0001,IMU,False,unfiltered,,1.407720448916847,4.348861517457125,4.263978256023619,0.764750895203746,0.5848439317149309,651.9716876962552,1.981676862298648,1.829268292682927,5.696477088999052,0.98362833277759,0.6794545375311027,0.7358170324532115,ax,89.52037805526506,350.6616796576191,0.1463414634146341,,,
COUGH_mv000083,9,009_Trial_1_No_Talking,13.129,14.192,1.0630000000000006,COUGH,COUGH_009_Trial_1_No_Talking_IMU_seg0001_c0002,IMU,False,unfiltered,,0.3956723736629319,0.8697087751201705,0.8289667570083101,0.1844555133068982,0.0340238363893113,16.595002491686238,0.1565566272800588,1.8867924528301885,7.079255002099894,0.0121678018133708,0.6368587163190136,0.4708512259601246,ay,48.86819332093733,101.65971491755307,0.1523809523809524,,,0.8529999999999998
COUGH_mv000084,9,009_Trial_1_No_Talking,167.204,168.107,0.9029999999999916,COUGH,COUGH_009_Trial_1_No_Talking_IMU_seg0001_c0003,IMU,False,unfiltered,,0.3920210116807887,0.6823829655308074,0.6068693896971807,0.1254508098810403,0.0157379056998089,13.83124262393062,0.1536804735992291,2.2222222222222223,3.299310887913256,0.0076291375111953,0.3037553572169603,0.6996628128436303,ax,36.55920853303197,70.3979406378647,0.0561797752808988,,,153.012
COUGH_mv000085,9,009_Trial_1_No_Talking,169.069,169.485,0.4160000000000252,COUGH,COUGH_009_Trial_1_No_Talking_IMU_seg0001_c0004,IMU,False,unfiltered,,0.5660281448532964,0.7624549675019981,0.4519523009380063,0.1455714531532395,0.0211910479731458,13.456290152174706,0.3203878607660644,4.761904761904762,5.053063198076603,0.0017745799538435,0.3957101488721874,0.3608332889997416,ax,78.62319349767225,120.45881469456066,0.073170731707317,,,0.9619999999999891
COUGH_mv000086,9,009_Trial_1_No_Talking,329.617,330.206,0.5889999999999986,COUGH,COUGH_009_Trial_1_No_Talking_IMU_seg0001_c0005,IMU,False,unfiltered,,0.2322992915165733,0.4775505757415255,0.4088779250218341,0.103597643599484,0.0107324717593657,3.1838146895070123,0.0539629608391019,3.4482758620689657,4.77378279475306,0.0013329239186647,0.5000222334558173,0.5749055142833863,ax,31.82550699110365,76.95210115257358,0.1034482758620689,,,160.132
COUGH_mv000087,9,009_Trial_1_No_Talking,331.858,332.425,0.5670000000000073,COUGH,COUGH_009_Trial_1_No_Talking_IMU_seg0001_c0006,IMU,False,unfiltered,,0.2934089757738764,0.7347024481077568,0.6602450250225509,0.1418157387636535,0.0201117037610808,4.907063142686488,0.0860888270646752,3.571428571428571,3.844635090215724,0.0021300780290409,0.4488288499545698,0.6043621399876873,ax,27.408634754972788,48.92539061423454,0.1071428571428571,,,1.6519999999999868
COUGH_mv000088,9,009_Trial_1_No_Talking,333.439,481.164,147.72499999999997,COUGH,COUGH_009_Trial_1_No_Talking_IMU_seg0001_c0007,IMU,False,unfiltered,,0.975966201414658,2.0426321614985143,2.029042693406959,0.3983494634464902,0.1586822950281066,13879.023593272042,0.9525100263037568,5.847632120796156,6.244992393425568,10.549518499859255,0.4658377883652277,0.6715172924550691,ax,94.5899356489778,221.4009370862192,0.0846945778997941,,,1.01400000000001
COUGH_mv000089,9,009_Trial_1_No_Talking,489.58,490.27,0.6899999999999977,COUGH,COUGH_009_Trial_1_No_Talking_IMU_seg0001_c0008,IMU,False,unfiltered,,0.2922642297729945,0.6822864598520412,0.5954705117412287,0.1591727017632567,0.0253359489866146,5.8938682203313215,0.0854183800048017,2.941176470588235,4.876298003901382,0.001813904632009,0.5057275930902463,0.4430240916510344,ax,26.48100511368761,57.84513973079959,0.1323529411764706,,,8.415999999999997
COUGH_mv000090,9,009_Trial_1_No_Talking,492.835,493.514,0.6790000000000305,COUGH,COUGH_009_Trial_1_No_Talking_IMU_seg0001_c0009,IMU,False,unfiltered,,0.2048124845770046,0.4443279293096727,0.4109358940087067,0.1188559556851898,0.0141267382018398,2.8524744610251926,0.0419481538386057,2.941176470588235,5.701250380586114,0.0015685060429021,0.5250149229538463,0.7600565951881556,ax,20.317371986011278,36.65852852436476,0.0597014925373134,,,2.5649999999999977
COUGH_mv000091,9,009_Trial_1_No_Talking,508.661,509.209,0.5480000000000018,COUGH,COUGH_009_Trial_1_No_Talking_IMU_seg0001_c0010,IMU,False,unfiltered,,0.1776259866075974,0.4027604945519222,0.3739599699462504,0.0968409168251845,0.0093781631715423,1.7353045115077317,0.0315509911183223,3.7037037037037033,8.026950149443515,0.0002843300668988,0.7203314165153213,0.568075393137044,ax,22.51480409723847,41.60074517511583,0.1666666666666666,,,15.146999999999991
COUGH_mv000092,9,009_Trial_1_No_Talking,624.855,625.889,1.0339999999999918,COUGH,COUGH_009_Trial_1_No_Talking_IMU_seg0001_c0011,IMU,False,unfiltered,,0.3677771114019953,0.9722311294863596,0.8845587200638705,0.178326467109242,0.0318003288716635,13.931780378133151,0.1352600036711956,1.96078431372549,5.362278629547851,0.0080675187670312,0.590559525855143,0.6623678128136755,ax,48.24386111523204,101.7687131648834,0.088235294117647,,,115.64600000000002
COUGH_mv000093,9,009_Trial_1_No_Talking,626.487,627.257,0.7699999999999818,COUGH,COUGH_009_Trial_1_No_Talking_IMU_seg0001_c0012,IMU,False,unfiltered,,0.347337781529601,0.5690974226758531,0.4612774803535824,0.1022551974604282,0.0104561254076711,9.289552154798672,0.1206435344779048,10.526315789473683,8.801576035079341,0.0030573375586627,0.6731667901227648,0.4166207275487553,az,83.83483044172225,149.71848036232404,0.0789473684210526,,,0.5979999999999563
COUGH_mv000094,9,009_Trial_2_Talking,0.02,0.618,0.598,COUGH,COUGH_009_Trial_2_Talking_IMU_seg0001_c0001,IMU,False,unfiltered,,0.0264838162661869,0.05048255057255,0.0488708612052562,0.0134600565995056,0.0001811731236618,0.0420835514412687,0.0007013925240211,3.333333333333333,8.648429300163357,2.607152629908393e-05,0.6470376662438044,0.4363787688501896,ax,4.211576288943323,11.989470520184096,0.1694915254237288,,,
COUGH_mv000095,9,009_Trial_2_Talking,5.871,6.378,0.5069999999999997,COUGH,COUGH_009_Trial_2_Talking_IMU_seg0001_c0002,IMU,False,unfiltered,,0.0283070710286853,0.0614029255871694,0.0529889739884817,0.0124611930903134,0.000155281333234,0.0408658037813748,0.000801290270223,4.0,9.136616251491953,2.5983949431729652e-05,0.6024475892254236,0.4806061297583436,ay,5.308488980132392,7.72364146657905,0.1,,,5.253
COUGH_mv000096,9,009_Trial_2_Talking,19.923,24.08,4.157,COUGH,COUGH_009_Trial_2_Talking_IMU_seg0001_c0003,IMU,False,unfiltered,,0.1768442302599706,0.3881297030554244,0.3738215904204851,0.0951563115162339,0.0090547236213745,12.853565410035255,0.0312738817762415,0.4878048780487805,2.0101201225030803,0.0086494493399759,0.4541318119511937,0.5360705175368357,az,25.30370123556611,67.3121218964544,0.0439024390243902,,,13.544999999999998
COUGH_mv000097,9,009_Trial_2_Talking,26.322,39.127,12.805000000000003,COUGH,COUGH_009_Trial_2_Talking_IMU_seg0001_c0004,IMU,False,unfiltered,,0.7135413954066756,4.355671118820871,4.353883293589618,0.6132070355703065,0.3760228684729231,643.5546322200569,0.5091413229589058,0.1582278481012658,4.242343143698198,1.2644610997971697,0.6604754527985329,0.7007214222174817,ax,49.942649919622006,290.0342225222,0.058590657165479,,,2.242000000000001
COUGH_mv000098,9,009_Trial_2_Talking,39.655,47.563,7.908000000000001,COUGH,COUGH_009_Trial_2_Talking_IMU_seg0001_c0005,IMU,False,unfiltered,,0.047028645678642,0.3044186619439089,0.3027919723698156,0.0301282850648113,0.0009077135609465,1.7273326347208289,0.0022116935143672,0.2564102564102564,4.518093670991557,0.0029387948569059,0.6941918438699719,0.3894924635361694,az,12.808200401608484,42.178309117803465,0.0371794871794871,,,0.5279999999999987
COUGH_mv000099,9,009_Trial_2_Talking,48.395,49.358,0.962999999999994,COUGH,COUGH_009_Trial_2_Talking_IMU_seg0001_c0006,IMU,False,unfiltered,,0.0220252974137606,0.0557227715860698,0.0511267531528332,0.0115070005768168,0.0001324110622748,0.0465709177118026,0.0004851137261646,2.083333333333333,9.77253678984678,3.248514181864682e-05,0.7738862358174649,0.6535187846166561,az,4.0448879414241246,10.481027658101612,0.1894736842105263,,,0.8320000000000007
COUGH_mv000100,9,009_Trial_2_Talking,50.27,50.758,0.4879999999999995,COUGH,COUGH_009_Trial_2_Talking_IMU_seg0001_c0007,IMU,False,unfiltered,,0.0223396456383465,0.0481472702226161,0.0433841189156637,0.0114283048223621,0.0001306061511128,0.0244539285950979,0.0004990597672468,4.166666666666667,13.216460009743312,7.456519574401802e-06,0.8296023994727934,0.7315466894399704,az,4.164767476827408,8.478789635465363,0.0833333333333333,,,0.9120000000000061
COUGH_mv000101,9,009_Trial_2_Talking,53.434,53.881,0.4470000000000027,COUGH,COUGH_009_Trial_2_Talking_IMU_seg0001_c0008,IMU,False,unfiltered,,0.0228148294810282,0.0579667658481024,0.0540220596772122,0.0117217863677232,0.0001374002756505,0.0234232399911778,0.0005205164442483,4.545454545454546,13.848294509642937,6.868062625074252e-06,0.8008537680219373,0.7280260006940258,az,4.482769238198826,13.319337064252364,0.1363636363636363,,,2.675999999999995
COUGH_mv000102,9,009_Trial_2_Talking,57.206,58.727,1.5209999999999937,COUGH,COUGH_009_Trial_2_Talking_IMU_seg0001_c0009,IMU,False,unfiltered,,0.0198841799407683,0.060059516545379,0.0577084909936403,0.0118185461653989,0.0001396780334636,0.0597024723994451,0.0003953806119168,1.3333333333333333,8.44148298239895,7.733002469076696e-05,0.7465323399884208,0.6930141458721633,az,3.5405736624819704,10.067672901537378,0.1666666666666666,,,3.325000000000003
COUGH_mv000103,9,009_Trial_2_Talking,64.101,65.196,1.0949999999999989,COUGH,COUGH_009_Trial_2_Talking_IMU_seg0001_c0010,IMU,False,unfiltered,,0.0642890523744956,0.150074629923776,0.1430089566039283,0.0371389948878298,0.0013793049412782,0.4505059658179595,0.0041330822552106,1.851851851851852,9.289711942232003,0.000518133598072,0.7285896964091457,0.6189212671586178,az,20.514814242917403,54.66813270060625,0.0555555555555555,,,5.374000000000002
COUGH_mv000104,9,009_Trial_2_Talking,80.516,81.114,0.597999999999999,COUGH,COUGH_009_Trial_2_Talking_IMU_seg0001_c0011,IMU,False,unfiltered,,0.0675174240024622,0.1483918120980951,0.1358390813660148,0.0323263319874261,0.0010449917397612,0.2735161526356959,0.0045586025439282,3.333333333333333,8.486440670542773,0.0002124290682538,0.6020301627394717,0.4941204337614963,az,24.717903726706005,49.86175558600193,0.1525423728813559,,,15.320000000000007
COUGH_mv000105,9,009_Trial_2_Talking,94.291,95.142,0.8509999999999991,COUGH,COUGH_009_Trial_2_Talking_IMU_seg0001_c0012,IMU,False,unfiltered,,0.0490362809489853,0.1079087326316363,0.0975195775701276,0.0254731245631953,0.000648880075012,0.2043873321911652,0.0024045568493078,2.380952380952381,7.184847380742005,0.0002089977402309,0.6210059281765116,0.5170968477811354,az,17.33128054230868,43.74316085286432,0.0714285714285714,,,13.176999999999992
COUGH_mv000106,9,009_Trial_2_Talking,102.686,103.172,0.48599999999999,COUGH,COUGH_009_Trial_2_Talking_IMU_seg0001_c0013,IMU,False,unfiltered,,0.1061918021911718,0.2185158499821388,0.1888713257077171,0.0428818211210323,0.0018388505826562,0.5525582437778392,0.0112766988526089,8.333333333333334,8.374031768276874,0.0003436709995549,0.591247829139771,0.6434923610020213,ax,13.624182716264071,24.16454294162973,0.1666666666666666,,,7.544000000000011
COUGH_mv000107,9,009_Trial_2_Talking,103.963,105.626,1.663000000000011,COUGH,COUGH_009_Trial_2_Talking_IMU_seg0001_c0014,IMU,False,unfiltered,,0.0332130802602606,0.0694269267265392,0.06542478929825,0.0149729118860965,0.0002241880903488,0.1820129355617945,0.0011031087003745,1.2195121951219512,5.762557191084443,0.0001625585339751,0.6513200985582803,0.5128196007684375,ax,10.612275395893876,25.40944557465751,0.0670731707317073,,,0.7909999999999968
COUGH_mv000108,9,009_Trial_2_Talking,113.271,113.808,0.5370000000000061,COUGH,COUGH_009_Trial_2_Talking_IMU_seg0001_c0015,IMU,False,unfiltered,,0.0252674454951925,0.0544396098840183,0.0496658544847782,0.013479091923343,0.0001816859190779,0.0344759653000364,0.0006384438018525,3.7037037037037033,10.76847656470464,1.0329856345670314e-05,0.75478559980786,0.6574922540811853,az,5.248253083951975,12.258292079566594,0.0943396226415094,,,7.644999999999996
COUGH_mv000109,9,009_Trial_2_Talking,118.169,118.777,0.6080000000000041,COUGH,COUGH_009_Trial_2_Talking_IMU_seg0001_c0016,IMU,False,unfiltered,,0.0252009643852908,0.0525419198257316,0.0466962819173394,0.0130470494227217,0.0001702254986389,0.0387404049628706,0.0006350886059486,3.333333333333333,7.606374477895738,2.433245762433937e-05,0.6365839192570231,0.7413762223669178,az,4.244586296265714,12.745785345437948,0.1333333333333333,,,4.36099999999999
COUGH_mv000110,9,009_Trial_2_Talking,121.231,122.335,1.1039999999999992,COUGH,COUGH_009_Trial_2_Talking_IMU_seg0001_c0017,IMU,False,unfiltered,,0.0545456183300438,0.1422709753095365,0.1363764941248446,0.0309454104366632,0.0009576184270935,0.3272746926907496,0.0029752244790068,1.818181818181818,8.7839924735604,0.0005127701581209,0.6951088120847214,0.4865743141526878,az,19.38326990070607,61.5124647193525,0.073394495412844,,,2.4539999999999935
COUGH_mv000111,9,009_Trial_2_Talking,123.238,123.765,0.527000000000001,COUGH,COUGH_009_Trial_2_Talking_IMU_seg0001_c0018,IMU,False,unfiltered,,0.0239926939780029,0.0536333640145263,0.0477806967328863,0.0114464755245828,0.0001310218019348,0.0305094163090711,0.000575649364322,3.846153846153846,13.12678165521712,1.626578995853322e-05,0.7638220949873336,0.6387672172833279,az,4.936044394615808,10.033567278609704,0.0961538461538461,,,0.9030000000000058
COUGH_mv000112,9,009_Trial_2_Talking,139.502,140.861,1.3589999999999804,COUGH,COUGH_009_Trial_2_Talking_IMU_seg0001_c0019,IMU,False,unfiltered,,0.0543494572272773,0.1709306018034861,0.1680620990201965,0.0344727790108819,0.001188372492733,0.3987715726214534,0.0029538635008996,1.4925373134328357,7.215914242879631,0.0005616060182308,0.6783888772014618,0.5040647728060255,az,16.481318968860382,34.721221983421906,0.0298507462686567,,,15.737000000000009
COUGH_mv000113,9,009_Trial_2_Talking,147.451,147.938,0.4869999999999947,COUGH,COUGH_009_Trial_2_Talking_IMU_seg0001_c0020,IMU,False,unfiltered,,0.023031223283681,0.0489928142998429,0.0445866820366202,0.0118311449353653,0.0001399759904816,0.0259914250511958,0.0005304372459427,4.166666666666667,12.531606059849208,6.663893616308077e-06,0.7129356310765289,0.693140090969816,az,4.517502701933827,11.717418059015513,0.0416666666666666,,,6.590000000000003
COUGH_mv000114,9,009_Trial_2_Talking,155.309,156.405,1.0960000000000036,COUGH,COUGH_009_Trial_2_Talking_IMU_seg0001_c0021,IMU,False,unfiltered,,0.0611017033760057,0.2188290801319055,0.2056216728039553,0.033108007116466,0.0010961401352239,0.4069425789439843,0.0037334181554493,1.851851851851852,8.860379623841583,0.0004097287811764,0.7181726524600645,0.5553046265082775,az,24.193802271803325,52.45861710231425,0.074074074074074,,,7.371000000000009
COUGH_mv000115,9,009_Trial_2_Talking,559.808,562.869,3.0610000000000355,COUGH,COUGH_009_Trial_2_Talking_IMU_seg0002_c0001,IMU,False,unfiltered,,1.3484589238689615,3.583146968711237,3.4984949265966163,0.6815133894011365,0.464460499933025,550.9574652166368,1.8183414693618376,1.9867549668874172,5.789979123407965,0.7095298387936015,0.6653817496799515,0.7415918863970616,ax,77.3211834759021,299.80059190720186,0.1125827814569536,,,403.403
COUGH_mv000116,9,009_Trial_2_Talking,698.394,699.873,1.4790000000000418,COUGH,COUGH_009_Trial_2_Talking_IMU_seg0002_c0002,IMU,False,unfiltered,,0.5154098815423733,0.919529588329184,0.8338848085437796,0.170252546608142,0.0289859296265575,39.05015986075392,0.2656473459915233,2.73972602739726,3.339968051808227,0.0224871847456389,0.440661178308483,0.521464730971175,ax,62.4029660217015,101.5825902481622,0.0342465753424657,,,135.52499999999998
COUGH_mv000117,9,009_Trial_2_Talking,862.175,1001.217,139.04200000000003,COUGH,COUGH_009_Trial_2_Talking_IMU_seg0002_c0003,IMU,False,unfiltered,,1.0080122974358054,2.3023179025896865,2.281317469633449,0.4286032761328097,0.1837007683117775,13934.641690495757,1.0160887917818109,5.67303485489281,5.987683035473569,11.326857870523355,0.4651139308935195,0.674080606830212,ax,110.4540298136987,258.3966411277021,0.1029679865820754,,,162.3019999999999
COUGH_mv000118,9,009_Trial_2_Talking,1141.2,1141.666,0.4659999999998945,COUGH,COUGH_009_Trial_2_Talking_IMU_seg0002_c0004,IMU,False,unfiltered,,0.8863142913620101,2.022518495850471,1.7010366422283232,0.4508837677744117,0.2032961720424496,36.92099208440949,0.7855530230725422,13.043478260869565,8.900636780045954,0.0321659894919435,0.6057107568671402,0.7340059476521554,ax,89.43639125043923,224.915082561978,0.0869565217391304,,,139.98300000000006
COUGH_mv000119,9,009_Trial_3_Nonverbal,9.633,12.674,3.0410000000000004,COUGH,COUGH_009_Trial_3_Nonverbal_IMU_seg0001_c0001,IMU,False,unfiltered,,1.2652382466583545,4.131589728672003,4.0333386801612106,0.7075912870511497,0.5006854295107025,481.8491740629392,1.6008278208071067,2.0,6.099567344378845,0.7302068609432294,0.6977132471835105,0.7511810713359794,ax,75.90568137787982,240.0771575397443,0.1,,,
COUGH_mv000120,9,009_Trial_3_Nonverbal,159.998,162.076,2.078000000000003,COUGH,COUGH_009_Trial_3_Nonverbal_IMU_seg0001_c0002,IMU,False,unfiltered,,0.4299469316079288,0.8747081233191806,0.7864719666150808,0.1734155050316791,0.0300729373853923,38.07999898380905,0.184854363999073,0.970873786407767,2.7283569427902417,0.0284460105278876,0.471668810905063,0.5412328096059364,ax,52.97811504196424,100.3710064805076,0.0682926829268292,,,147.32399999999998
COUGH_mv000121,9,009_Trial_3_Nonverbal,321.375,321.963,0.5880000000000223,COUGH,COUGH_009_Trial_3_Nonverbal_IMU_seg0001_c0003,IMU,False,unfiltered,,0.2439020047535496,0.5550004582320612,0.5068848713349826,0.1309771864765498,0.0171550233773129,3.509803087445232,0.0594881879228005,3.4482758620689657,5.206554667603768,0.0013621319787042,0.5705095594237373,0.7413434831417914,ax,38.36773693325265,102.13129766893329,0.1034482758620689,,,159.299
COUGH_mv000122,9,009_Trial_3_Nonverbal,323.038,466.711,143.673,COUGH,COUGH_009_Trial_3_Nonverbal_IMU_seg0001_c0004,IMU,False,unfiltered,,1.0393306199609398,2.515843829023307,2.500301190714005,0.4419911897874049,0.1953562118496858,15307.629517765095,1.0802081375883914,5.7868736767819335,6.26787439814906,12.02871072178309,0.50672984004393,0.7161717595283879,ax,111.68476919372198,290.05770953524564,0.0990825688073394,,,1.0749999999999886
COUGH_mv000123,9,009_Trial_3_Nonverbal,467.239,467.817,0.5780000000000314,COUGH,COUGH_009_Trial_3_Nonverbal_IMU_seg0001_c0005,IMU,False,unfiltered,,0.278927435409515,0.5592560897308594,0.5164573107830542,0.1176217091108861,0.0138348664541659,4.512429824999491,0.0778005142241291,3.4482758620689657,4.693645361011384,0.000618811882587,0.5205696873503348,0.621637826602729,ax,29.58639018728361,57.85107784117176,0.1052631578947368,,,0.5279999999999632
COUGH_mv000124,9,009_Trial_3_Nonverbal,482.57,483.32,0.75,COUGH,COUGH_009_Trial_3_Nonverbal_IMU_seg0001_c0006,IMU,False,unfiltered,,0.2516562893713731,0.5777839729468648,0.5420304934321022,0.1272064873988961,0.0161814904363655,4.749816598512619,0.0633308879801682,2.702702702702702,7.735267625017492,0.0023105435180589,0.6563841823076547,0.6859757597276034,ax,28.18349902663249,67.49665954444419,0.1351351351351351,,,14.752999999999986
COUGH_mv000125,9,009_Trial_3_Nonverbal,483.857,484.556,0.6989999999999554,COUGH,COUGH_009_Trial_3_Nonverbal_IMU_seg0001_c0007,IMU,False,unfiltered,,0.222805851657711,0.4944022675627539,0.468362914127323,0.1276141678105035,0.0162853758259673,3.474971327304255,0.0496424475329179,2.8571428571428568,6.954324221894436,0.0028344176248354,0.5881183203729752,0.6658440443209103,ax,27.877188709906854,43.86069757532032,0.1159420289855072,,,0.5370000000000346
COUGH_mv000126,9,009_Trial_3_Nonverbal,543.11,543.476,0.3659999999999854,COUGH,COUGH_009_Trial_3_Nonverbal_IMU_seg0001_c0008,IMU,False,unfiltered,,0.262362272621415,0.5972968135076041,0.5615167020283177,0.1585914162746325,0.0251512373159937,2.5468565975177264,0.0688339620950736,5.555555555555555,6.88926339453921,0.0012400316502631,0.5193632820578942,0.7691368089166355,ax,41.56276501060438,92.80983067892548,0.0833333333333333,,,58.55400000000003
COUGH_mv000127,9,009_Trial_3_Nonverbal,607.556,608.143,0.5869999999999891,COUGH,COUGH_009_Trial_3_Nonverbal_IMU_seg0001_c0009,IMU,False,unfiltered,,0.5754257591603021,1.2698071137743634,1.0502140682289516,0.2150964247570113,0.0462664719432486,19.53577345400739,0.33111480430521,3.4482758620689657,7.502487264148267,0.0103838034488696,0.5325436038285477,0.7858044075415149,ax,73.71155925023183,154.75225674924195,0.0517241379310344,,,64.08000000000004
COUGH_mv000128,9,009_Trial_3_Nonverbal,608.712,609.553,0.8410000000000082,COUGH,COUGH_009_Trial_3_Nonverbal_IMU_seg0001_c0010,IMU,False,unfiltered,,0.36200185024018,0.624889744090568,0.5034473552774955,0.0961521478427802,0.0092452355347798,11.00780852449435,0.1310453395773137,4.761904761904762,9.51265114701949,0.0024055882118178,0.7136295094143035,0.3964017135832842,ax,62.5902319407181,141.2969200387349,0.1204819277108433,,,0.56899999999996
COUGH_mv000129,10,010_Trial_1_No_Talking,13.667,15.857,2.1899999999999995,COUGH,COUGH_010_Trial_1_No_Talking_IMU_seg0001_c0001,IMU,False,unfiltered,,1.009367676178777,2.109220035001917,1.9921107386886685,0.5049896441610604,0.2550145407099143,221.08461394005613,1.0188231057145445,0.9259259259259258,3.88741941980097,0.2104283682871857,0.5748696459042615,0.6774701226773726,ax,66.28022421644289,207.4539672427999,0.0833333333333333,,,
COUGH_mv000130,10,010_Trial_1_No_Talking,16.394,17.225,0.8310000000000031,COUGH,COUGH_010_Trial_1_No_Talking_IMU_seg0001_c0002,IMU,False,unfiltered,,1.279371781022804,2.279075781874046,2.1967976913338454,0.5414755403913354,0.2931957608420886,135.8537487884293,1.6367921540774617,4.878048780487805,7.30459332753262,0.1161674573039781,0.5574704782697542,0.6871100092145408,ax,78.03206576839831,197.78360322701224,0.1219512195121951,,,0.536999999999999
COUGH_mv000131,10,010_Trial_1_No_Talking,326.143,329.783,3.640000000000043,COUGH,COUGH_010_Trial_1_No_Talking_IMU_seg0001_c0003,IMU,False,unfiltered,,0.360203309074797,0.7372808535701245,0.6872077247228835,0.1552449794526763,0.0241010036452619,46.70871259263616,0.1297464238684337,2.2222222222222223,5.159087862877337,0.042830519948619,0.647856309514755,0.6456499621879547,ax,34.61095659184687,96.90428868043034,0.1253481894150417,,,308.91799999999995
COUGH_mv000132,10,010_Trial_1_No_Talking,330.31,468.239,137.92899999999997,COUGH,COUGH_010_Trial_1_No_Talking_IMU_seg0001_c0004,IMU,False,unfiltered,,0.7671219958618262,2.253085108511369,2.2448889746238785,0.3545042327220347,0.1256732510178385,8006.218109659106,0.5884761565350317,2.5139664804469275,6.468918057676811,8.10831357721424,0.4713205491626772,0.6342854380159969,ax,98.1770654139173,394.35285256974106,0.1324610408703322,,,0.5269999999999868
COUGH_mv000133,10,010_Trial_2_Talking,12.217,13.028,0.8109999999999999,COUGH,COUGH_010_Trial_2_Talking_IMU_seg0001_c0001,IMU,False,unfiltered,,1.112742429742274,1.9084270194086503,1.752988870160887,0.4296022024939251,0.1845580523876314,100.2938529108479,1.2381957149487397,5.0,6.718636962000129,0.0669440300233426,0.4620781487368169,0.6678147773638343,ax,73.95759874258133,211.26328451764877,0.1,,,
COUGH_mv000134,10,010_Trial_2_Talking,13.636,14.406,0.7700000000000014,COUGH,COUGH_010_Trial_2_Talking_IMU_seg0001_c0002,IMU,False,unfiltered,,1.1661240217534747,2.0244106384312897,1.9533683869752596,0.4559384397771007,0.2078798608663769,104.70808302650836,1.3598452341104983,5.2631578947368425,6.804706049579018,0.0730688821912173,0.4815295851347303,0.7040446959461396,ax,78.85286137068485,196.42208211414115,0.1052631578947368,,,0.6079999999999988
COUGH_mv000135,10,010_Trial_2_Talking,15.066,15.887,0.8209999999999997,COUGH,COUGH_010_Trial_2_Talking_IMU_seg0001_c0003,IMU,False,unfiltered,,1.1710863659329085,2.086630232577704,1.978852977632351,0.4801446113298024,0.2305388477890471,112.45834867086356,1.371443276473946,7.317073170731707,6.683024824306579,0.0718442082634677,0.4138583246259537,0.6582547075465413,ax,84.93676860539306,231.9726783676907,0.1234567901234567,,,0.6600000000000001
COUGH_mv000136,10,010_Trial_2_Talking,330.911,331.945,1.0339999999999918,COUGH,COUGH_010_Trial_2_Talking_IMU_seg0001_c0004,IMU,False,unfiltered,,0.3191753802788249,0.5728265391892572,0.4657686095171647,0.1333119559254453,0.0177720775926678,10.492911107741646,0.1018729233761324,3.92156862745098,4.661542160276014,0.0083901182106176,0.4542685316622131,0.6321247702317373,ax,34.17219138781259,72.46328143241979,0.1274509803921568,,,315.024
COUGH_mv000137,10,010_Trial_2_Talking,333.304,472.135,138.83100000000002,COUGH,COUGH_010_Trial_2_Talking_IMU_seg0001_c0005,IMU,False,unfiltered,,0.8775283911177428,2.312905973822588,2.3008898644295552,0.3980610401204758,0.158452591661795,10545.147921419104,0.7700560772176942,2.5120490725865343,6.707660408677885,10.590930102533038,0.52867139661768,0.633299172546924,ax,111.0772008555592,437.21418767373495,0.1196231651208646,,,1.3589999999999804
COUGH_mv000138,10,010_Trial_2_Talking,474.183,474.7,0.5169999999999959,COUGH,COUGH_010_Trial_2_Talking_IMU_seg0001_c0006,IMU,False,unfiltered,,0.3158767844928677,0.547933558158776,0.4957183482553141,0.1331284120331851,0.0177231740904775,5.188463435040787,0.0997781429815536,3.846153846153846,4.235698133030905,0.002832517242405,0.4747887006530646,0.5716542493241156,ax,30.21099246291303,59.25692976384397,0.0392156862745098,,,2.048000000000002
COUGH_mv000139,10,010_Trial_3_Nonverbal,14.854,15.655,0.8010000000000002,COUGH,COUGH_010_Trial_3_Nonverbal_IMU_seg0001_c0001,IMU,False,unfiltered,,1.1753265545610032,2.1286209702048904,1.976678986333516,0.448228728765721,0.2009089932909343,110.5114007884991,1.3813925098562387,5.0,7.5634390862731475,0.0772454314982749,0.6072609649153965,0.701563695414926,ax,84.41539567974584,262.12056498173405,0.1265822784810126,,,
COUGH_mv000140,10,010_Trial_3_Nonverbal,16.283,17.216,0.9329999999999998,COUGH,COUGH_010_Trial_3_Nonverbal_IMU_seg0001_c0002,IMU,False,unfiltered,,1.1892931626759269,2.3528046097044037,2.2850998027275407,0.5494189709842857,0.3018612056774313,131.5408950912569,1.4144182267877088,4.3478260869565215,5.873505224734323,0.1388519436759971,0.5491702944064543,0.688012202346554,ax,85.01280749445392,260.88296684096315,0.1304347826086956,,,0.6280000000000019
COUGH_mv000141,10,010_Trial_3_Nonverbal,17.744,18.727,0.9830000000000004,COUGH,COUGH_010_Trial_3_Nonverbal_IMU_seg0001_c0003,IMU,False,unfiltered,,1.1531312834447658,2.127526754222648,1.9538897971452964,0.5629564688262934,0.3169199857933694,130.31175217217935,1.329711756858973,4.081632653061225,4.475275363386346,0.1944245709966586,0.464818588607246,0.645410638881188,ax,81.6836965308603,258.5365952803295,0.0927835051546391,,,0.5279999999999987
COUGH_mv000142,10,010_Trial_3_Nonverbal,319.61,322.185,2.5749999999999886,COUGH,COUGH_010_Trial_3_Nonverbal_IMU_seg0001_c0004,IMU,False,unfiltered,,0.320027630409313,0.6217882323720867,0.5795325255796304,0.1387313542473373,0.0192463886513001,26.11650947747696,0.1024176842253998,3.937007874015748,4.598798472067188,0.0250188666951578,0.5113496131023112,0.6095778835486946,ax,28.623665663876213,68.13514972816854,0.1456692913385826,,,300.88300000000004
COUGH_mv000143,10,010_Trial_3_Nonverbal,322.723,456.374,133.651,COUGH,COUGH_010_Trial_3_Nonverbal_IMU_seg0001_c0005,IMU,False,unfiltered,,0.896904594404143,2.497390888620453,2.482576054125352,0.4124223216457042,0.1700921713916327,10604.90419584016,0.8044378514632603,2.5337581550599304,6.8911237598099095,10.564138613514162,0.5730323575939491,0.638845895334059,ax,105.70400270264447,448.7785344976149,0.1324533454710969,,,0.5380000000000109
COUGH_mv000144,11,011_Trial_1_No_Talking,11.883,12.785,0.902000000000001,COUGH,COUGH_011_Trial_1_No_Talking_IMU_seg0001_c0001,IMU,False,unfiltered,,1.187584119686547,3.7530336884472897,3.602387642892072,0.6318265348371552,0.399204770124327,126.93204371985044,1.4103560413316716,6.666666666666667,6.732879616206596,0.0810435452340895,0.6459644333576573,0.921816239049514,ax,130.97200189801086,338.81757938033746,0.0898876404494382,,,
COUGH_mv000145,11,011_Trial_1_No_Talking,13.496,14.59,1.0939999999999994,COUGH,COUGH_011_Trial_1_No_Talking_IMU_seg0001_c0002,IMU,False,unfiltered,,1.2306970638292096,4.399872705398519,4.207690258031633,0.6963681822790754,0.4849286452906635,165.0930636580443,1.5146152629178375,3.7037037037037033,6.877255731742454,0.3123924027932418,0.680735722297176,0.9348405352578066,ax,140.04411020270905,332.5860490479108,0.1111111111111111,,,0.7110000000000003
COUGH_mv000146,11,011_Trial_1_No_Talking,15.199,16.324,1.1250000000000018,COUGH,COUGH_011_Trial_1_No_Talking_IMU_seg0001_c0003,IMU,False,unfiltered,,1.2321048069927123,4.491358161781017,4.449934583965797,0.6925250894765608,0.4795909995545185,170.0252126064295,1.5180822554145492,1.7857142857142856,6.882957517234333,0.3229619606207107,0.682369728561177,0.9078181414554612,ax,138.55077593369748,460.6903684282165,0.09009009009009,,,0.609
COUGH_mv000147,11,011_Trial_1_No_Talking,338.357,473.697,135.33999999999995,COUGH,COUGH_011_Trial_1_No_Talking_IMU_seg0001_c0004,IMU,False,unfiltered,,0.6900110868809196,2.45017432924735,2.4476756140090963,0.3635026517610767,0.1321341778373346,6355.663139948132,0.476115300018588,5.049445609829188,7.415058804719217,8.037172233144247,0.6577029416097959,0.8811479646895726,ax,170.21646387255808,566.2845392460756,0.1116272100689241,,,322.033
COUGH_mv000148,11,011_Trial_1_No_Talking,474.284,475.664,1.3799999999999957,COUGH,COUGH_011_Trial_1_No_Talking_IMU_seg0001_c0005,IMU,False,unfiltered,,0.3519061716488054,0.692394308312576,0.6714004089659618,0.1582708610875565,0.0250496654693966,16.965799649299036,0.1238379536445185,4.411764705882352,5.2367476915419005,0.0157398665738293,0.5647787672986317,0.864669892109924,ax,77.10151695051076,166.52460220461256,0.1323529411764706,,,0.5869999999999891
COUGH_mv000149,11,011_Trial_1_No_Talking,477.164,477.479,0.3149999999999977,COUGH,COUGH_011_Trial_1_No_Talking_IMU_seg0001_c0006,IMU,False,unfiltered,,0.2865024902879864,0.5108332967733278,0.4400345006846501,0.1395045444348375,0.0194615179179715,2.626677662118968,0.0820836769412177,6.25,6.663197982245869,0.0006647714405367,0.4033624987482651,0.851617176741034,ax,53.993672348538055,92.69570502011294,0.064516129032258,,,1.5
COUGH_mv000150,11,011_Trial_1_No_Talking,478.198,478.725,0.5270000000000437,COUGH,COUGH_011_Trial_1_No_Talking_IMU_seg0001_c0007,IMU,False,unfiltered,,0.3122472852616159,0.546039945222951,0.5090825155368546,0.1555616442793257,0.0241994251708874,5.167413459122193,0.0974983671532489,3.846153846153846,4.785684339183213,0.0045103756943775,0.4297575263452738,0.8936364545872494,ax,72.87939228620567,122.57244217668092,0.0769230769230769,,,0.7189999999999941
COUGH_mv000151,11,011_Trial_1_No_Talking,479.263,479.588,0.3250000000000455,COUGH,COUGH_011_Trial_1_No_Talking_IMU_seg0001_c0008,IMU,False,unfiltered,,0.2648996759570252,0.4821183350663161,0.4351897378139653,0.1266762277008927,0.0160468666645284,2.3156706646305194,0.0701718383221369,6.25,7.598954777182895,0.0005763866354381,0.4606398836628793,0.8255662471103056,ax,55.54433308024024,94.7010457666496,0.125,,,0.5379999999999541
COUGH_mv000152,11,011_Trial_1_No_Talking,623.719,624.368,0.6490000000000009,COUGH,COUGH_011_Trial_1_No_Talking_IMU_seg0001_c0009,IMU,False,unfiltered,,0.5505709587055511,1.6514897708359255,1.6191227412179805,0.3610693912406874,0.1303711052909205,19.703344737046724,0.3031283805699496,6.25,5.573261562407741,0.0334623328289894,0.4900766172141226,0.961159607692429,ax,95.163159803273,197.35052841915123,0.125,,,144.13100000000003
COUGH_mv000153,11,011_Trial_2_Talking,11.133,12.167,1.0340000000000007,COUGH,COUGH_011_Trial_2_Talking_IMU_seg0001_c0001,IMU,False,unfiltered,,1.1568665578724877,3.648616448667358,3.5724317838149746,0.6138744604034494,0.3768418531356262,137.849043970545,1.338340232723738,3.92156862745098,6.483389220156166,0.237909970394038,0.6549929477856029,0.9015219400366492,ax,175.5476732672573,754.6842121718101,0.0784313725490196,,,
COUGH_mv000154,11,011_Trial_2_Talking,12.927,14.013,1.0860000000000003,COUGH,COUGH_011_Trial_2_Talking_IMU_seg0001_c0002,IMU,False,unfiltered,,1.2856577614466906,4.251058482175678,4.163408070911289,0.7113678141477117,0.5060441670052933,178.51491499335648,1.6529158795681156,1.851851851851852,7.247416350851813,0.3230230916214955,0.6975116438875939,0.8983432987016804,ax,148.4828773906902,340.1877736505936,0.0373831775700934,,,0.7599999999999998
COUGH_mv000155,11,011_Trial_2_Talking,14.722,15.869,1.1470000000000002,COUGH,COUGH_011_Trial_2_Talking_IMU_seg0001_c0003,IMU,False,unfiltered,,1.2463787898611869,4.055822691574577,3.993204745386871,0.7369566413575277,0.5431050912409677,177.0944500110054,1.5534600878158369,5.263157894736842,7.012347451840308,0.2118142895723715,0.6609418445216937,0.9207408137572796,ax,142.1571655720409,456.9621977019592,0.0707964601769911,,,0.7089999999999996
COUGH_mv000156,11,011_Trial_2_Talking,312.057,313.365,1.3079999999999927,COUGH,COUGH_011_Trial_2_Talking_IMU_seg0001_c0004,IMU,False,unfiltered,,0.3243128824501449,0.5525281643007912,0.538611841097445,0.1391954073803195,0.0193753614357731,13.6732499440058,0.1051788457231215,3.0769230769230766,4.721722438967115,0.0084553465657213,0.6111837492333249,0.8849526410664313,ax,71.52096550487427,168.3129563708139,0.1317829457364341,,,296.188
COUGH_mv000157,11,011_Trial_2_Talking,314.896,445.991,131.09499999999997,COUGH,COUGH_011_Trial_2_Talking_IMU_seg0001_c0005,IMU,False,unfiltered,,0.8518281771362798,2.876827864974731,2.8667341720897634,0.4541220861991301,0.2062268691738501,9382.153376687693,0.7256112433633172,5.058004640371229,7.71794108905668,12.110693746703507,0.5826173373490434,0.8904238375580023,ax,214.54625983166312,684.0057504555216,0.1016319900997757,,,1.531000000000006
COUGH_mv000158,11,011_Trial_2_Talking,446.578,447.056,0.4780000000000086,COUGH,COUGH_011_Trial_2_Talking_IMU_seg0001_c0006,IMU,False,unfiltered,,0.3158890720468518,0.4987851163806557,0.4826132740196403,0.1493979702296301,0.0223197535087334,4.789723480253816,0.0997859058386211,4.166666666666667,5.49176328918623,0.0040090785516889,0.3676516338495082,0.854677188270254,ax,87.67940107144867,184.8829419303175,0.0851063829787234,,,0.5869999999999891
COUGH_mv000159,11,011_Trial_2_Talking,604.828,605.304,0.4759999999999991,COUGH,COUGH_011_Trial_2_Talking_IMU_seg0001_c0007,IMU,False,unfiltered,,0.619564069374478,1.5988323755611689,1.519904092931979,0.330328193575453,0.1091167154708219,18.425262530873425,0.383859636059863,4.166666666666667,5.939155102004071,0.0241772728108397,0.5518830753218004,0.9007848742825438,ax,110.88849063319944,211.36073739053435,0.1489361702127659,,,157.772
COUGH_mv000160,11,011_Trial_3_Nonverbal,0.669,3.061,2.392,COUGH,COUGH_011_Trial_3_Nonverbal_IMU_seg0001_c0001,IMU,False,unfiltered,,0.1062407081938689,0.2770768114028338,0.2651928677766862,0.0515602359912997,0.0026584579354785,2.6750398743757486,0.0112870880775348,2.5423728813559325,6.124105611753167,0.0026190390900591,0.6961235582401909,0.4101594702599269,ay,41.42827597528242,139.36486070958549,0.1059322033898305,,,
COUGH_mv000161,11,011_Trial_3_Nonverbal,7.057,7.584,0.5269999999999992,COUGH,COUGH_011_Trial_3_Nonverbal_IMU_seg0001_c0002,IMU,False,unfiltered,,0.0459084611876334,0.156708646121228,0.1499491068172535,0.0350605453640378,0.0012292418412237,0.1117021008566718,0.0021075868086164,3.846153846153846,6.910522457937417,6.267745372458333e-05,0.576662142841122,0.6157092166638123,ax,18.511167974902104,77.07116173633318,0.0769230769230769,,,3.9960000000000004
COUGH_mv000162,11,011_Trial_3_Nonverbal,8.78,9.399,0.6189999999999998,COUGH,COUGH_011_Trial_3_Nonverbal_IMU_seg0001_c0003,IMU,False,unfiltered,,0.0899361549529622,0.2163928151129175,0.2038660109951004,0.0476041470811905,0.0022661548193276,0.5014877419988406,0.0080885119677232,3.2258064516129035,5.2690757817039975,9.450109673620232e-05,0.5437760873877218,0.571365406779644,ax,29.348623960624128,78.23804971852506,0.0655737704918032,,,1.1959999999999997
COUGH_mv000163,11,011_Trial_3_Nonverbal,23.808,31.494,7.686,COUGH,COUGH_011_Trial_3_Nonverbal_IMU_seg0001_c0004,IMU,False,unfiltered,,0.7913556993551033,4.391253309570799,4.370053866939629,0.6014082923983108,0.3616919341654521,475.3190767624697,0.6262438429018046,0.5277044854881267,3.722534606175898,1.1053011909631434,0.6405923768191676,0.926787281770483,ax,125.6355938911666,705.9268961684071,0.0738786279683377,,,14.409
COUGH_mv000164,11,011_Trial_3_Nonverbal,32.487,33.125,0.6379999999999981,COUGH,COUGH_011_Trial_3_Nonverbal_IMU_seg0001_c0005,IMU,False,unfiltered,,0.0826590456940675,0.1370429805282425,0.1174779423811274,0.0294129557416875,0.0008651219654624,0.4372811414434523,0.0068325178350539,6.25,6.215823878901458,0.0002540797680315,0.5600339031399333,0.5086245414554549,ax,20.942671222336006,34.89348330573007,0.1428571428571428,,,0.9930000000000021
COUGH_mv000165,11,011_Trial_3_Nonverbal,45.01,45.566,0.5560000000000045,COUGH,COUGH_011_Trial_3_Nonverbal_IMU_seg0001_c0006,IMU,False,unfiltered,,0.0581847840474791,0.0941107087783341,0.084441623944688,0.0234810924463178,0.0005513617024725,0.1895862693004996,0.0033854690946517,7.142857142857142,12.10891789936812,0.0001021305040004,0.7221034471038696,0.5001743340440167,ax,16.539098191850037,35.776667347889195,0.0909090909090909,,,11.884999999999998
COUGH_mv000166,11,011_Trial_3_Nonverbal,48.224,50.778,2.554000000000002,COUGH,COUGH_011_Trial_3_Nonverbal_IMU_seg0001_c0007,IMU,False,unfiltered,,0.0852363702570794,0.2382736802038554,0.2338539382921999,0.0414192795464565,0.0017155567181475,1.8381054200942888,0.0072652388146019,6.349206349206349,8.200209039492513,0.0018721392479923,0.7571711481894289,0.5365189833909021,az,21.208141989826625,46.77803234953578,0.1349206349206349,,,2.657999999999994
COUGH_mv000167,11,011_Trial_3_Nonverbal,51.347,53.679,2.3320000000000007,COUGH,COUGH_011_Trial_3_Nonverbal_IMU_seg0001_c0008,IMU,False,unfiltered,,0.0938114997615963,0.1990180991984732,0.190148902403386,0.0425230268198721,0.0018082078099235,2.0329380196171174,0.0088005974875199,1.7391304347826084,7.205733059003484,0.0019273342483239,0.7271790967523954,0.5936706536929541,az,22.87746549194413,64.34963830574834,0.1260869565217391,,,0.5690000000000026
COUGH_mv000168,11,011_Trial_3_Nonverbal,54.915,55.25,0.3350000000000008,COUGH,COUGH_011_Trial_3_Nonverbal_IMU_seg0001_c0009,IMU,False,unfiltered,,0.0696675435144409,0.119451354585771,0.102713191230634,0.0299846026869954,0.0008990763982969,0.165021265057442,0.0048535666193365,11.76470588235294,11.68127175360571,0.0001537876575117,0.5885505658303866,0.6853813499553907,az,12.88222472846293,22.40435339006606,0.1515151515151515,,,1.235999999999997
COUGH_mv000169,11,011_Trial_3_Nonverbal,71.301,71.789,0.4879999999999995,COUGH,COUGH_011_Trial_3_Nonverbal_IMU_seg0001_c0010,IMU,False,unfiltered,,0.0766840584507732,0.1811027614790462,0.1719701450012437,0.0438759437541508,0.0019250984403174,0.288141796203599,0.0058804448204816,4.166666666666667,8.109385777391115,0.0001222970462849,0.6828479981520021,0.6976120463595048,az,13.487769747463144,21.48241332694897,0.1041666666666666,,,16.051000000000002
COUGH_mv000170,11,011_Trial_3_Nonverbal,74.881,75.418,0.5370000000000061,COUGH,COUGH_011_Trial_3_Nonverbal_IMU_seg0001_c0011,IMU,False,unfiltered,,0.0743548168295129,0.1559663523385794,0.1437893845590785,0.0374369459149523,0.001401524919439,0.2985464944305224,0.0055286387857504,7.4074074074074066,10.226452173327496,0.0003666912717311,0.6861272528324167,0.6664145699106507,az,13.934264600601264,27.89333508505627,0.1132075471698113,,,3.0919999999999987
COUGH_mv000171,11,011_Trial_3_Nonverbal,91.256,93.112,1.8559999999999943,COUGH,COUGH_011_Trial_3_Nonverbal_IMU_seg0001_c0012,IMU,False,unfiltered,,0.1012435313465086,0.2596213255364587,0.2443050083872034,0.0444896041412298,0.0019793248766433,1.8860464856701136,0.0102502526395114,2.1739130434782608,9.201706978372346,0.0017072857839556,0.7777722367889891,0.6147389421823795,az,24.822359998067817,59.580748744359255,0.1584699453551912,,,15.837999999999994
COUGH_mv000172,11,011_Trial_3_Nonverbal,108.788,109.457,0.6689999999999969,COUGH,COUGH_011_Trial_3_Nonverbal_IMU_seg0001_c0013,IMU,False,unfiltered,,0.1074076947692161,0.2083602996541683,0.1828056473313102,0.0430784685802966,0.0018557544552236,0.7729396640076853,0.011536412895637,3.0303030303030303,7.004879744414369,0.0003592201225026,0.6004049172363085,0.4644691912242471,ax,29.755384407019022,59.70962741549892,0.1363636363636363,,,15.676000000000002
COUGH_mv000173,11,011_Trial_3_Nonverbal,111.941,113.542,1.600999999999999,COUGH,COUGH_011_Trial_3_Nonverbal_IMU_seg0001_c0014,IMU,False,unfiltered,,0.1204288481013402,0.2981491252983159,0.290016964106118,0.0623961176119982,0.0038932754930503,2.305994085347492,0.0145031074550156,2.531645569620253,7.374098687439687,0.0019856097065239,0.7101498567093408,0.4889708858975031,ax,29.78966934421608,79.8612678760929,0.0696202531645569,,,2.484000000000009
COUGH_mv000174,11,011_Trial_3_Nonverbal,114.344,116.758,2.414000000000001,COUGH,COUGH_011_Trial_3_Nonverbal_IMU_seg0001_c0015,IMU,False,unfiltered,,0.095032901508981,0.3101405093207549,0.3003903498805599,0.0490532319417138,0.0024062195639275,2.1584693162425506,0.0090312523692156,2.5210084033613445,5.869744507460075,0.001417213561302,0.670069673572327,0.5236751351632163,ax,27.800195838933828,78.01612665497845,0.1008403361344537,,,0.8019999999999925
COUGH_mv000175,11,011_Trial_3_Nonverbal,126.125,126.603,0.4779999999999944,COUGH,COUGH_011_Trial_3_Nonverbal_IMU_seg0001_c0016,IMU,False,unfiltered,,0.1261511446031119,0.2469074977009369,0.2261388520356117,0.052981962892264,0.0028070883919172,0.7638773416644123,0.0159141112846752,8.333333333333334,10.062036427048652,0.0005679893863046,0.5586512292122052,0.6146566661506266,az,26.31890684589556,44.102125916710825,0.1063829787234042,,,9.367000000000004
COUGH_mv000176,11,011_Trial_3_Nonverbal,130.253,130.771,0.5180000000000007,COUGH,COUGH_011_Trial_3_Nonverbal_IMU_seg0001_c0017,IMU,False,unfiltered,,0.106103020921538,0.2862408630265045,0.2645458854753988,0.052183783000649,0.0027231472082588,0.5854082545311702,0.0112578510486763,3.846153846153846,11.79667236674642,0.000260390690011,0.7796174144945364,0.6197163960660287,az,26.399706798329373,49.10835305694645,0.0980392156862745,,,3.6499999999999915
COUGH_mv000177,11,011_Trial_3_Nonverbal,132.899,134.46,1.561000000000007,COUGH,COUGH_011_Trial_3_Nonverbal_IMU_seg0001_c0018,IMU,False,unfiltered,,0.0806458038844047,0.2706077876064429,0.264039142736984,0.0486794519931787,0.0023696890463561,1.0080805810450908,0.0065037456841618,1.2987012987012987,6.484176129383828,0.0008912117766447,0.6831251335091968,0.5956309323229659,az,18.9019371340687,45.07220444386813,0.1168831168831168,,,2.1280000000000143
COUGH_mv000178,11,011_Trial_3_Nonverbal,135.921,137.188,1.266999999999996,COUGH,COUGH_011_Trial_3_Nonverbal_IMU_seg0001_c0019,IMU,False,unfiltered,,0.0845658295217507,0.1775683601740072,0.1679098787388901,0.038857901371704,0.001509936499013,0.9010738198604276,0.0071513795227018,1.5873015873015872,6.075787200867286,0.0010660757837249,0.6334521605948396,0.4831523527802887,ax,24.99234179966112,70.13448006370201,0.104,,,1.4609999999999843
COUGH_mv000179,11,011_Trial_3_Nonverbal,153.534,154.527,0.992999999999995,COUGH,COUGH_011_Trial_3_Nonverbal_IMU_seg0001_c0020,IMU,False,unfiltered,,0.0915449246131816,0.2565027776083616,0.2477031197171219,0.0457383179079247,0.0020919937250463,0.8296668490208777,0.0083804732224331,4.081632653061225,12.95696094778974,0.0006925473357698,0.8407572656227303,0.681931207328745,az,17.778418263466214,30.065778382300703,0.173469387755102,,,16.346000000000004
COUGH_mv000180,11,011_Trial_3_Nonverbal,155.906,156.758,0.8520000000000039,COUGH,COUGH_011_Trial_3_Nonverbal_IMU_seg0001_c0021,IMU,False,unfiltered,,0.0953019596383034,0.2211921539353063,0.2071748026405962,0.0477844222848504,0.0022833510130969,0.7720093984265695,0.0090824635109008,2.380952380952381,8.491566845581549,0.0005445857181997,0.7071565823454338,0.6104019318797814,az,14.865730091534315,36.193546160239805,0.1904761904761904,,,1.379000000000019
COUGH_mv000181,11,011_Trial_3_Nonverbal,158.188,159.243,1.0550000000000068,COUGH,COUGH_011_Trial_3_Nonverbal_IMU_seg0001_c0022,IMU,False,unfiltered,,0.0786582675283866,0.1664393733992687,0.1529276098048219,0.0360789094530684,0.0013016877073227,0.6496479203095614,0.0061871230505672,1.923076923076923,7.3655579316210895,0.0005315422232769,0.6943390312825705,0.5960247277781874,ax,22.854968594434908,46.46811420394118,0.0961538461538461,,,1.4299999999999784
COUGH_mv000182,11,011_Trial_3_Nonverbal,167.444,171.105,3.661000000000002,COUGH,COUGH_011_Trial_3_Nonverbal_IMU_seg0001_c0023,IMU,False,unfiltered,,0.2445719545830028,0.5530188040521482,0.5351242883515248,0.1333010372800207,0.0177691665399294,21.653189630615245,0.0598154409685504,0.5524861878453039,2.281295146023653,0.0241210018269839,0.5262604580227637,0.4955066214283807,az,44.0526051063367,110.14114739335612,0.0554016620498614,,,8.200999999999993
COUGH_mv000183,11,011_Trial_3_Nonverbal,171.937,172.423,0.48599999999999,COUGH,COUGH_011_Trial_3_Nonverbal_IMU_seg0001_c0024,IMU,False,unfiltered,,0.0956485104915318,0.1667662317567832,0.1419010446538978,0.0360864071350384,0.0013022287799157,0.4482832404031847,0.0091486375592486,8.333333333333334,7.3910023407442305,0.0002653519209764,0.4389975333358329,0.7647547112789629,ax,28.60307559448473,44.949039579983456,0.1666666666666666,,,0.832000000000022
COUGH_mv000184,11,011_Trial_3_Nonverbal,177.94,178.325,0.3849999999999909,COUGH,COUGH_011_Trial_3_Nonverbal_IMU_seg0001_c0025,IMU,False,unfiltered,,0.0641397364236286,0.1123572611440706,0.1048663886894187,0.0284007926602827,0.0008066050237323,0.1604423257512096,0.0041139057884925,10.526315789473683,8.039154967529981,0.0001143300811312,0.5078622908074155,0.8946548266044398,ax,17.182324980011792,30.258119317833447,0.131578947368421,,,5.516999999999996
COUGH_mv000185,11,011_Trial_3_Nonverbal,182.411,183.729,1.318000000000012,COUGH,COUGH_011_Trial_3_Nonverbal_IMU_seg0001_c0026,IMU,False,unfiltered,,0.0833376523506996,0.1490126559282675,0.1430515684808441,0.0386597672448429,0.0014945776034254,0.9098165232117152,0.006945164299326,6.153846153846153,4.628227393536813,0.0006488376893891,0.5081134687162051,0.8358232101976346,ax,23.563676259935885,41.55599160500873,0.1,,,4.086000000000013
COUGH_mv000186,11,011_Trial_3_Nonverbal,184.45,206.625,22.17500000000001,COUGH,COUGH_011_Trial_3_Nonverbal_IMU_seg0001_c0027,IMU,False,unfiltered,,0.1361572389309181,0.4262613158049599,0.4188427296059575,0.0616432634411612,0.0037998919276764,40.562880644681,0.0185387937132911,4.478976234003656,4.585171170210443,0.03933556061805,0.6780881011282126,0.7025028841990637,ax,38.87828191625885,113.03151227011998,0.0841335162322816,,,0.7209999999999752
COUGH_mv000187,11,011_Trial_3_Nonverbal,589.416,590.246,0.8299999999999272,COUGH,COUGH_011_Trial_3_Nonverbal_IMU_seg0002_c0001,IMU,False,unfiltered,,1.2542090849547487,3.7902279233052942,3.741658136319941,0.6671789470281921,0.4451277473576472,130.56235558899132,1.573040428783028,2.4390243902439024,7.1467600088683785,0.1755676148436791,0.6496378249018863,0.9442992804121816,ax,175.5929397268703,438.6272413686196,0.1219512195121951,,,382.79100000000005
COUGH_mv000188,11,011_Trial_3_Nonverbal,590.845,591.899,1.0539999999999736,COUGH,COUGH_011_Trial_3_Nonverbal_IMU_seg0002_c0002,IMU,False,unfiltered,,1.2404357812654916,4.38857332144464,4.3000527740550325,0.7310681573856039,0.5344606507431822,161.56149738159172,1.5386809274437308,3.846153846153846,6.713304560068426,0.3392278504729067,0.6542042142081543,0.940823044587547,ax,175.12828885983177,628.3890792296312,0.1153846153846153,,,0.5990000000000464
COUGH_mv000189,11,011_Trial_3_Nonverbal,592.426,593.573,1.1469999999999343,COUGH,COUGH_011_Trial_3_Nonverbal_IMU_seg0002_c0003,IMU,False,unfiltered,,1.1700052693656149,4.260948518088383,4.2213087215351965,0.705502222828513,0.4977333864159728,156.05600565913676,1.3689123303433048,5.263157894736842,7.059328827931439,0.2264277194944967,0.6652169955448263,0.937413105062984,ax,175.40066589183695,571.8956208154689,0.1415929203539823,,,0.5270000000000437
COUGH_mv000190,11,011_Trial_3_Nonverbal,895.498,896.035,0.5369999999999209,COUGH,COUGH_011_Trial_3_Nonverbal_IMU_seg0002_c0004,IMU,False,unfiltered,,0.2855556429991557,0.5117663348000281,0.4561746346475629,0.1296588816567569,0.0168114255924809,4.403269363427707,0.0815420252486612,3.7037037037037033,3.566665433400863,0.0035614467723847,0.3987022612942746,0.8757710243558876,ax,66.43497157146426,130.916165672577,0.1320754716981132,,,301.92500000000007
COUGH_mv000191,11,011_Trial_3_Nonverbal,896.573,897.121,0.5480000000000018,COUGH,COUGH_011_Trial_3_Nonverbal_IMU_seg0002_c0005,IMU,False,unfiltered,,0.2941806025120194,0.5468213222945887,0.5384096112795741,0.1522736746012706,0.0231872719765736,4.759822479188411,0.0865422268943347,3.7037037037037033,5.095065914377135,0.0047999723828585,0.4875149409497311,0.9124694535378738,ax,71.62302223959529,130.97247756860617,0.1666666666666666,,,0.5380000000000109
COUGH_mv000192,11,011_Trial_3_Nonverbal,898.895,1032.524,133.6289999999999,COUGH,COUGH_011_Trial_3_Nonverbal_IMU_seg0002_c0006,IMU,False,unfiltered,,0.8902900862981572,3.0853162104433483,3.0683750543592256,0.4886481086019015,0.2387769740402157,10446.684649687082,0.7926164377607802,5.250379362670713,7.615741433873375,15.554357802517416,0.6205387198464507,0.9026177152493272,ax,219.1717868803898,611.4244346579295,0.1048637984672585,,,1.774000000000001
COUGH_mv000193,11,011_Trial_3_Nonverbal,1034.674,1034.988,0.3140000000000782,COUGH,COUGH_011_Trial_3_Nonverbal_IMU_seg0002_c0007,IMU,False,unfiltered,,0.2943566055863208,0.4928276615158444,0.4361330319204405,0.1346036292176969,0.0181181369985752,2.772665960073627,0.0866458112523008,6.25,6.214643690388417,0.0005526683104868,0.3329817599076244,0.8271687353397547,ax,70.83661845463223,128.8393194167457,0.1290322580645161,,,2.150000000000091
COUGH_mv000194,12,012_Trial_1_No_Talking,727.136,731.029,3.893000000000029,COUGH,COUGH_012_Trial_1_No_Talking_IMU_seg0002_c0001,IMU,False,unfiltered,,1.118510487883996,3.2857736828004267,3.2062896657310205,0.5881766537735235,0.3459517760442193,481.6602989300004,1.2510657115064945,0.5208333333333334,3.9233185330049793,0.6182264866687427,0.6412627234423265,0.7404768811768122,ay,100.11654893569848,233.84236297413247,0.1145833333333333,,,
COUGH_mv000195,12,012_Trial_1_No_Talking,1023.642,1165.69,142.048,COUGH,COUGH_012_Trial_1_No_Talking_IMU_seg0002_c0002,IMU,False,unfiltered,,1.057197267520385,3.0484279422415512,3.0278982002664923,0.4761426474102181,0.2267118206828113,15659.619201022932,1.117666062452568,2.612419700214133,7.026979073401099,15.438348741560866,0.5275780408408529,0.619015972322272,ay,126.85149163311188,553.3224501430876,0.1160599571734475,,,292.61300000000006
COUGH_mv000196,12,012_Trial_2_Talking,10.667,14.073,3.4060000000000006,COUGH,COUGH_012_Trial_2_Talking_IMU_seg0001_c0001,IMU,False,unfiltered,,1.1218120863857963,2.792151789672149,2.6731050986010234,0.5691349207232439,0.3239145579866531,424.1018143633423,1.2584623571612532,0.5952380952380952,3.4352961701683205,0.5347778160089939,0.6006867239740388,0.7267910833952542,ay,90.66812726735068,235.18660921171215,0.1071428571428571,,,
COUGH_mv000197,12,012_Trial_2_Talking,292.789,293.143,0.353999999999985,COUGH,COUGH_012_Trial_2_Talking_IMU_seg0001_c0002,IMU,False,unfiltered,,0.4551278199785746,0.8630558049634588,0.8152892331310759,0.231924066846989,0.0537887727828466,7.457087970664193,0.2071413325184498,5.555555555555555,7.848325461967464,0.0033794502027015,0.5390823350035043,0.6559912312971757,ay,65.26418443882564,150.56168037790076,0.1714285714285714,,,278.716
COUGH_mv000198,12,012_Trial_2_Talking,302.827,437.363,134.536,COUGH,COUGH_012_Trial_2_Talking_IMU_seg0001_c0003,IMU,False,unfiltered,,1.0298206236684158,2.776351914295344,2.7375536999625725,0.4580416567840201,0.20980215934945,14073.23995969832,1.060530516932805,2.607385079125848,6.538149905846066,13.185985980269136,0.4929881774729101,0.6260162419018032,ay,121.155299460519,328.9372557470708,0.1226919888461828,,,9.684000000000026
COUGH_mv000199,12,012_Trial_2_Talking,470.903,471.268,0.3649999999999522,COUGH,COUGH_012_Trial_2_Talking_IMU_seg0001_c0004,IMU,False,unfiltered,,0.4565918104150738,0.8550026227493973,0.8068398556780647,0.2557627687014514,0.0654145938538321,7.713615009510245,0.2084760813381147,5.555555555555555,8.573871156082948,0.0024720227855549,0.6374000118165046,0.4814225912357446,ay,55.143693599609925,120.59757640858074,0.25,,,33.54000000000002
COUGH_mv000200,12,012_Trial_3_Nonverbal,12.523,15.707,3.184000000000001,COUGH,COUGH_012_Trial_3_Nonverbal_IMU_seg0001_c0001,IMU,False,unfiltered,,1.150349115235387,3.3080147764204466,3.2757324329072994,0.5891341120873862,0.347079002024993,416.84047238069394,1.323303086922838,0.6369426751592356,4.910973508899039,0.5632827255197241,0.662864946393009,0.7322254070343863,ay,107.15971288320526,409.8001914639272,0.1464968152866242,,,
COUGH_mv000201,12,012_Trial_3_Nonverbal,182.751,183.633,0.882000000000005,COUGH,COUGH_012_Trial_3_Nonverbal_IMU_seg0001_c0002,IMU,False,unfiltered,,0.4449821728071333,0.8799400865281909,0.811065528242127,0.2138372909382807,0.0457263869958229,17.42480380222186,0.1980091341161575,2.272727272727273,5.817475719519246,0.0206348751577935,0.6170736908629012,0.5644397049406782,ay,71.03374003954457,148.99712317424587,0.160919540229885,,,167.044
COUGH_mv000202,12,012_Trial_3_Nonverbal,225.386,225.731,0.3449999999999988,COUGH,COUGH_012_Trial_3_Nonverbal_IMU_seg0001_c0003,IMU,False,unfiltered,,0.5425927319027135,0.8628564586047056,0.7346453577773506,0.1988205114110181,0.0395295957577387,10.304240544977748,0.2944068727136499,5.88235294117647,12.779438213262534,0.0025804274351128,0.6789618393145389,0.635871313164799,ay,74.86474910140822,122.78577618072237,0.1470588235294117,,,41.752999999999986
COUGH_mv000203,12,012_Trial_3_Nonverbal,292.083,292.468,0.3849999999999909,COUGH,COUGH_012_Trial_3_Nonverbal_IMU_seg0001_c0004,IMU,False,unfiltered,,0.5468618763514481,1.1778689945902197,1.1087479729842729,0.2983321571060299,0.0890020759635369,11.663258560458436,0.2990579118066265,5.2631578947368425,8.64609335499163,0.0033509907206103,0.6756871336709874,0.5864131644666625,ay,78.32106587293548,148.7579077622087,0.0526315789473684,,,66.35200000000003
COUGH_mv000204,12,012_Trial_3_Nonverbal,308.406,444.525,136.11899999999997,COUGH,COUGH_012_Trial_3_Nonverbal_IMU_seg0001_c0005,IMU,False,unfiltered,,1.1335180728932803,3.6590816527966488,3.64240612141487,0.5343113318865388,0.285488599382367,17250.5736128753,1.2848632215756963,2.6366751079994044,7.1557342197967575,17.714024167812916,0.6654565142037188,0.6532391273747267,ay,129.7396721245749,708.4386054827104,0.1272253258845437,,,15.937999999999988
COUGH_mv000205,12,012_Trial_3_Nonverbal,461.022,461.316,0.2939999999999827,COUGH,COUGH_012_Trial_3_Nonverbal_IMU_seg0001_c0006,IMU,False,unfiltered,,0.5289445692609211,1.0058978457627752,0.8911877020214366,0.2681764749777451,0.0719186217314891,8.393470720518645,0.2797823573506214,6.25,7.118036033891361,0.0042314448459249,0.4394494766553621,0.592938506758522,ay,69.98009885441368,155.9322694314428,0.1034482758620689,,,16.497000000000014
COUGH_mv000206,12,012_Trial_3_Nonverbal,462.37,463.029,0.6589999999999918,COUGH,COUGH_012_Trial_3_Nonverbal_IMU_seg0001_c0007,IMU,False,unfiltered,,0.3801789384309894,0.7986080132790496,0.7553747462343127,0.1836739865473857,0.0337361333342092,9.539377664949928,0.144536025226514,3.0303030303030303,8.386342686997542,0.0075209012180294,0.6746793165435261,0.5747206525839986,ay,58.8280225767575,127.01407857035537,0.1692307692307692,,,1.0540000000000305
COUGH_mv000207,13,013_Trial_1_No_Talking,10.535,12.795,2.26,COUGH,COUGH_013_Trial_1_No_Talking_IMU_seg0001_c0001,IMU,False,unfiltered,,0.966844611159844,2.51217333887058,2.4482929110601024,0.4958818240100091,0.2458987833834936,209.392624476858,0.9347885021288302,4.4642857142857135,4.6445027376953885,0.2963379518163481,0.6278213311294641,0.563671758335849,ay,97.22903544399716,304.2401314719164,0.0896860986547085,,,
COUGH_mv000208,13,013_Trial_1_No_Talking,315.64,460.377,144.73700000000002,COUGH,COUGH_013_Trial_1_No_Talking_IMU_seg0001_c0002,IMU,False,unfiltered,,0.90800176612314,3.0503590823666804,3.0290326495432605,0.4537163503167728,0.2058585265447725,11770.093851168414,0.8244672072827413,2.731857663210984,6.46604155188459,14.550499818744331,0.4678764363771929,0.5082589227999895,ay,150.34486352374176,419.5940417095295,0.1031173380035026,,,302.84499999999997
COUGH_mv000209,13,013_Trial_2_Talking,14.245,16.73,2.485000000000001,COUGH,COUGH_013_Trial_2_Talking_IMU_seg0001_c0001,IMU,False,unfiltered,,0.9302486359023256,2.2270873127105806,2.178828528264883,0.4566816084346638,0.2085580914824716,212.8791810511418,0.8653625245981375,4.065040650406504,4.746059998166905,0.2356422931044336,0.5918868790055447,0.5205870036201776,ay,95.61269626486283,339.0529906631597,0.0816326530612244,,,
COUGH_mv000210,13,013_Trial_2_Talking,154.757,155.193,0.436000000000007,COUGH,COUGH_013_Trial_2_Talking_IMU_seg0001_c0002,IMU,False,unfiltered,,0.4333327167952336,0.5867140518528068,0.3997257797419601,0.1250852687554202,0.0156463244596157,8.262198711586079,0.1877772434451381,4.545454545454546,5.611243916632764,0.0012486488625291,0.3108246763131772,0.4097794607320668,az,72.19597042311128,111.9974090328303,0.0697674418604651,,,138.02700000000002
COUGH_mv000211,13,013_Trial_2_Talking,308.937,448.119,139.18200000000002,COUGH,COUGH_013_Trial_2_Talking_IMU_seg0001_c0003,IMU,False,unfiltered,,0.947341144386998,3.069107230762312,3.0583276970128184,0.4973968730712402,0.2474036493410474,12320.26558755176,0.8974552438484673,2.8263403263403264,6.572063978301576,17.190588028628355,0.5086356665177106,0.4929501701854287,ay,161.2747878940678,537.1736857352378,0.1027901216580461,,,153.744
COUGH_mv000212,13,013_Trial_2_Talking,588.124,588.439,0.3149999999999409,COUGH,COUGH_013_Trial_2_Talking_IMU_seg0001_c0004,IMU,False,unfiltered,,0.7086892251920157,1.2008762480068549,0.95121460906379,0.2236296207431225,0.0500102072737128,16.071693372904306,0.5022404179032596,6.25,8.16659033921895,0.005165590064208,0.574618729171686,0.5145489342041883,az,93.0463825186526,168.70075723000582,0.0967741935483871,,,140.005
COUGH_mv000213,13,013_Trial_3_Nonverbal,15.151,18.142,2.991,COUGH,COUGH_013_Trial_3_Nonverbal_IMU_seg0002_c0001,IMU,False,unfiltered,,0.9597799654160212,2.580581653646335,2.5361217962734663,0.5147127480726881,0.2649292130285385,272.66856427613766,0.9211775820139786,0.6756756756756757,4.118457558615527,0.4114356477225689,0.5975407436116802,0.5004350015643336,ay,120.82113459845296,410.0882163041708,0.1084745762711864,,,
COUGH_mv000214,13,013_Trial_3_Nonverbal,314.813,447.448,132.635,COUGH,COUGH_013_Trial_3_Nonverbal_IMU_seg0002_c0002,IMU,False,unfiltered,,0.9536701212837452,3.7609520019794016,3.753981551335264,0.4955374843243906,0.2455573983705456,11897.905012400395,0.909486700229353,2.797737349029201,6.464871314172766,15.273616633436554,0.5280941591032117,0.4905601373335716,ay,161.89318020692028,520.1658772996014,0.1212445531687179,,,296.671
COUGH_mv000215,14,014_Trial_1_No_Talking,0.0,8.679,8.679,COUGH,COUGH_014_Trial_1_No_Talking_IMU_seg0001_c0001,IMU,False,unfiltered,,0.103623977139705,0.3864843661967344,0.3825466444810104,0.0664626088102845,0.0044172783698689,9.20240484298035,0.0107379286382501,0.4672897196261682,1.4188619673196756,0.0090946931908628,0.498375139748796,0.4175912952152451,az,18.075796118711715,47.167598166036825,0.0257009345794392,,,
COUGH_mv000216,14,014_Trial_1_No_Talking,9.359,10.078,0.7189999999999994,COUGH,COUGH_014_Trial_1_No_Talking_IMU_seg0001_c0002,IMU,False,unfiltered,,0.0194764834010027,0.0403577641537733,0.0389527839478869,0.0094647039993867,8.95806217960068e-05,0.0273120052082066,0.0003793334056695,2.7777777777777777,8.017466388323545,1.161007279440802e-05,0.6137106428099515,0.4817775833999879,ax,4.905283813273162,9.728745254886393,0.0704225352112676,,,0.6799999999999997
COUGH_mv000217,14,014_Trial_1_No_Talking,11.862,22.711,10.848999999999998,COUGH,COUGH_014_Trial_1_No_Talking_IMU_seg0001_c0003,IMU,False,unfiltered,,0.5913699300594767,2.37588892813639,2.373364396438692,0.4555277773987186,0.2075055559818165,374.54840016522746,0.3497183941785504,0.5607476635514018,2.247017376629459,0.7726162711668499,0.5518029578455251,0.7425524810438494,ax,36.40309171004256,123.56842548586582,0.0728971962616822,,,1.7840000000000007
COUGH_mv000218,14,014_Trial_1_No_Talking,25.012,29.271,4.259,COUGH,COUGH_014_Trial_1_No_Talking_IMU_seg0001_c0004,IMU,False,unfiltered,,0.0743214265803462,0.1678270675010505,0.1602681984964494,0.0352971350070593,0.0012458877397065,2.3254669430028123,0.0055236744489377,0.4761904761904761,2.3337428021118525,0.0014093357719762,0.5115013607143821,0.5880059705685665,ay,14.085730414100585,34.021528991489426,0.0523809523809523,,,2.301000000000002
COUGH_mv000219,14,014_Trial_1_No_Talking,33.527,33.822,0.2950000000000017,COUGH,COUGH_014_Trial_1_No_Talking_IMU_seg0001_c0005,IMU,False,unfiltered,,0.0375502114206718,0.0846147335535014,0.0817244303477894,0.0189291544480178,0.0003583128881169,0.0423005513321146,0.0014100183777371,6.25,11.00223707353912,4.465792869344723e-05,0.7291070693595526,0.7721835947296135,az,5.743849482962556,8.96376255765639,0.1034482758620689,,,4.256
COUGH_mv000220,14,014_Trial_1_No_Talking,53.297,56.492,3.1950000000000003,COUGH,COUGH_014_Trial_1_No_Talking_IMU_seg0001_c0006,IMU,False,unfiltered,,0.0377261254614674,0.1106290687580909,0.1082129006066422,0.0200326704005948,0.0004013078833788,0.4497503313776642,0.0014232605423343,1.2658227848101264,5.0218722075462345,0.0004622157081485,0.6658405347542086,0.5693958688727149,az,10.881648942062448,32.794680462077324,0.0825396825396825,,,19.474999999999994
COUGH_mv000221,14,014_Trial_1_No_Talking,67.796,70.888,3.0919999999999987,COUGH,COUGH_014_Trial_1_No_Talking_IMU_seg0001_c0007,IMU,False,unfiltered,,0.0517210836694299,0.1224302339928173,0.1178681848837314,0.0240105257749852,0.0005765053479912,0.8185715717576934,0.0026750704959401,0.6535947712418301,6.530565162422102,0.00043325022502,0.6750854140625169,0.6695868904249243,ay,12.030232587114208,27.3389738786071,0.0524590163934426,,,11.30400000000001
COUGH_mv000222,14,014_Trial_1_No_Talking,95.717,98.342,2.625,COUGH,COUGH_014_Trial_1_No_Talking_IMU_seg0001_c0008,IMU,False,unfiltered,,0.0356518003152415,0.1010421081210144,0.0988292949946218,0.0184295237196553,0.0003396473445333,0.3304732250866433,0.0012710508657178,0.7692307692307692,3.2664054500073973,0.0002422173854229,0.5702586147778999,0.633297625256388,az,7.171129986191968,22.712736836144053,0.0733590733590733,,,24.828999999999994
COUGH_mv000223,14,014_Trial_1_No_Talking,103.048,103.989,0.9410000000000024,COUGH,COUGH_014_Trial_1_No_Talking_IMU_seg0001_c0009,IMU,False,unfiltered,,0.0343879817907685,0.0611160159950478,0.0543017718825309,0.010683546079201,0.0001141381568264,0.1111581294143693,0.0011825332916422,2.127659574468085,5.976163617765482,6.501973942405765e-05,0.5562992765449521,0.4688694424464287,ay,7.855911994111855,14.962526383573254,0.086021505376344,,,4.706000000000003
COUGH_mv000224,14,014_Trial_1_No_Talking,105.125,106.595,1.4699999999999989,COUGH,COUGH_014_Trial_1_No_Talking_IMU_seg0001_c0010,IMU,False,unfiltered,,0.0338376184396603,0.0668179942856456,0.061875283201647,0.0138995794436476,0.0001931983087102,0.1671677255635345,0.001144984421668,1.36986301369863,3.173918857748007,0.000173829660104,0.5124226835456202,0.5589178838034367,az,6.529197724591194,10.264154047223862,0.0689655172413793,,,1.1359999999999957
COUGH_mv000225,14,014_Trial_1_No_Talking,116.855,117.22,0.3649999999999949,COUGH,COUGH_014_Trial_1_No_Talking_IMU_seg0001_c0011,IMU,False,unfiltered,,0.0452707714189211,0.0939170256096243,0.0805980219340488,0.0206473886047517,0.0004263146561956,0.0758293815599755,0.0020494427448642,11.11111111111111,16.0131695168141,4.955952291595976e-05,0.7993136427581149,0.904136474543733,az,10.901626384563375,25.901697254206823,0.0555555555555555,,,10.260000000000005
COUGH_mv000226,14,014_Trial_1_No_Talking,332.867,333.384,0.5169999999999959,COUGH,COUGH_014_Trial_1_No_Talking_IMU_seg0002_c0001,IMU,False,unfiltered,,0.2868783828300068,0.5316322047592549,0.4395420559306607,0.1201086260792477,0.0144260820586445,4.279558739828318,0.0822992065351599,3.846153846153846,3.536508357440986,0.0020547970204886,0.4186710344261513,0.7287999660498571,ax,18.81080835813985,26.828680553436904,0.0980392156862745,,,215.64700000000002
COUGH_mv000227,14,014_Trial_1_No_Talking,334.399,335.919,1.5199999999999818,COUGH,COUGH_014_Trial_1_No_Talking_IMU_seg0002_c0002,IMU,False,unfiltered,,0.3103662195918813,0.558130012469022,0.4770836832277537,0.1165185254005583,0.0135765667615205,14.545405729827142,0.0963271902637559,4.0,4.947163872803002,0.0096088517186052,0.433846836475594,0.7317298167394783,ax,18.351471277052617,27.99299377417129,0.1066666666666666,,,1.0149999999999864
COUGH_mv000228,14,014_Trial_1_No_Talking,336.669,339.974,3.305000000000007,COUGH,COUGH_014_Trial_1_No_Talking_IMU_seg0002_c0003,IMU,False,unfiltered,,0.5486609984426561,1.2633709074961328,1.2321522846447377,0.2504962372330521,0.0627483648679175,98.4364474263542,0.3010288912120923,2.4539877300613497,4.256481425467156,0.1133008637062049,0.5890758535485453,0.7585150853852961,ax,57.34837167268584,152.3577050028075,0.0858895705521472,,,0.75
COUGH_mv000229,14,014_Trial_1_No_Talking,340.744,341.424,0.67999999999995,COUGH,COUGH_014_Trial_1_No_Talking_IMU_seg0002_c0004,IMU,False,unfiltered,,0.3429422818673565,0.5469289878623641,0.5045569878458065,0.1367652037572642,0.0187047209587659,7.997439791082479,0.1176094086923894,5.88235294117647,4.901838744093406,0.0053085145376478,0.4391534966599016,0.8078725214096079,ax,27.92480948788306,59.34909132716493,0.0746268656716417,,,0.7700000000000387
COUGH_mv000230,14,014_Trial_1_No_Talking,342.357,342.885,0.5279999999999632,COUGH,COUGH_014_Trial_1_No_Talking_IMU_seg0002_c0005,IMU,False,unfiltered,,0.3546948548850517,0.5544091326384158,0.5058094301606197,0.142347186403699,0.0202627214770494,6.667847324342178,0.1258084400819278,3.846153846153846,5.062112486978116,0.0038565978509287,0.4904693770121386,0.7880812054527636,ax,34.66158074003128,58.54415088210303,0.0961538461538461,,,0.9330000000000496
COUGH_mv000231,14,014_Trial_1_No_Talking,343.583,352.911,9.327999999999976,COUGH,COUGH_014_Trial_1_No_Talking_IMU_seg0002_c0006,IMU,False,unfiltered,,0.4564289665872347,1.50235726616181,1.4831344614765716,0.2271915061678508,0.0516159804748166,191.86953681823968,0.208327401539891,0.4347826086956521,3.5776874566569075,0.2346041791905799,0.6500142402197886,0.7726971318184432,ax,42.576679107451234,175.93377146157545,0.108695652173913,,,0.6980000000000359
COUGH_mv000232,14,014_Trial_1_No_Talking,353.651,356.349,2.697999999999979,COUGH,COUGH_014_Trial_1_No_Talking_IMU_seg0002_c0007,IMU,False,unfiltered,,0.3297482409575381,0.6017751624684982,0.5613479399258207,0.133196343198693,0.017741265841504,29.0319519446957,0.1087339024145906,4.511278195488721,5.072378907496591,0.0218446972976906,0.4292241771419223,0.7016660403725008,ax,26.669382736345906,50.42370446506558,0.1804511278195488,,,0.7400000000000091
COUGH_mv000233,14,014_Trial_1_No_Talking,357.291,359.259,1.9680000000000173,COUGH,COUGH_014_Trial_1_No_Talking_IMU_seg0002_c0008,IMU,False,unfiltered,,0.3657027568184969,0.6507115411694082,0.6330498983933429,0.1472751709882995,0.0216899759896328,26.0790087372065,0.1337385063446487,4.123711340206186,5.684591283588614,0.0178282502952338,0.4833565857033515,0.7178623159487583,ax,32.40103180179251,69.51291252544915,0.1649484536082474,,,0.9420000000000073
COUGH_mv000234,14,014_Trial_1_No_Talking,359.988,363.476,3.4879999999999995,COUGH,COUGH_014_Trial_1_No_Talking_IMU_seg0002_c0009,IMU,False,unfiltered,,0.3492420990415674,0.6486110367095195,0.6039442158306061,0.1459437237952436,0.0212995705152223,42.07966509132119,0.1219700437429599,4.069767441860465,5.222699337764777,0.0344201181633352,0.461870970510497,0.7349431510621974,ax,27.836708462838256,66.24721826755201,0.1308139534883721,,,0.728999999999985
COUGH_mv000235,14,014_Trial_1_No_Talking,364.156,410.267,46.11099999999999,COUGH,COUGH_014_Trial_1_No_Talking_IMU_seg0002_c0010,IMU,False,unfiltered,,0.3468128355833846,0.7023480653576942,0.684704397280958,0.1398118726764167,0.0195473597412865,547.1498211675889,0.1202791429253877,4.133685136323658,5.1848605196069055,0.4303018256284348,0.3709016903557431,0.7057863832324325,ax,27.347745409235845,69.24294769282892,0.1499560246262093,,,0.6800000000000068
COUGH_mv000236,14,014_Trial_1_No_Talking,411.242,416.412,5.169999999999959,COUGH,COUGH_014_Trial_1_No_Talking_IMU_seg0002_c0011,IMU,False,unfiltered,,0.3424943483763245,0.6152109532773247,0.5915776912516731,0.1370142251543575,0.0187728978946489,59.94151550022854,0.1173023786697231,4.313725490196077,5.193773953746639,0.0448083167982375,0.4194320976427714,0.7207489314368998,ax,26.104034920146848,54.07196425159994,0.1470588235294117,,,0.9750000000000227
COUGH_mv000237,14,014_Trial_1_No_Talking,417.121,418.399,1.27800000000002,COUGH,COUGH_014_Trial_1_No_Talking_IMU_seg0002_c0012,IMU,False,unfiltered,,0.3404228083973825,0.5921825232257576,0.528482708569089,0.1432941995038488,0.0205332276114488,14.717736436599449,0.115887688477161,4.761904761904762,5.141486617653519,0.0131048069617129,0.4482077874515052,0.7048466762649597,ax,27.577305813166777,48.71430264901503,0.1269841269841269,,,0.7090000000000032
COUGH_mv000238,14,014_Trial_1_No_Talking,419.089,425.325,6.23599999999999,COUGH,COUGH_014_Trial_1_No_Talking_IMU_seg0002_c0013,IMU,False,unfiltered,,0.3437246326692599,0.6377353268951894,0.603231001876188,0.1373571929737038,0.0188669984616153,72.7783198318285,0.1181466231036176,4.220779220779221,5.288820052733401,0.0548831119444224,0.4319472396004092,0.707899579825691,ax,25.6794341587778,57.34698644704137,0.1544715447154471,,,0.6899999999999977
COUGH_mv000239,14,014_Trial_1_No_Talking,426.013,434.855,8.842000000000041,COUGH,COUGH_014_Trial_1_No_Talking_IMU_seg0002_c0014,IMU,False,unfiltered,,0.3422554477513059,0.6780749690438539,0.6482700168427579,0.1396003655538741,0.0194882620627752,102.26216499298516,0.1171387915154469,4.128440366972477,5.170162462692456,0.0839243352509269,0.3964654001659357,0.7022316255755319,ax,27.10216949875479,60.30018094263594,0.1353211009174312,,,0.6879999999999882
COUGH_mv000240,14,014_Trial_1_No_Talking,435.595,442.286,6.690999999999974,COUGH,COUGH_014_Trial_1_No_Talking_IMU_seg0002_c0015,IMU,False,unfiltered,,0.3438925808870692,0.639666763063229,0.613507093523967,0.1358720699263882,0.0184612193860813,78.171252852041,0.1182621071891694,3.9393939393939386,5.091707839992767,0.0616217783202766,0.4306894065828767,0.7024214872579531,ax,25.712969695641608,71.1227048481543,0.1484848484848485,,,0.7400000000000091
COUGH_mv000241,14,014_Trial_1_No_Talking,442.844,458.489,15.644999999999982,COUGH,COUGH_014_Trial_1_No_Talking_IMU_seg0002_c0016,IMU,False,unfiltered,,0.3469615862335957,0.6681240295124877,0.649370066843636,0.1349579123820628,0.0182136381145245,185.8703365447556,0.1203823423217328,4.145077720207254,5.204533023936211,0.1372057103496748,0.4096867402221547,0.7096914299315493,ax,26.50224611991541,63.94020581858737,0.1348023331173039,,,0.5579999999999927
COUGH_mv000242,14,014_Trial_1_No_Talking,459.208,463.355,4.146999999999991,COUGH,COUGH_014_Trial_1_No_Talking_IMU_seg0002_c0017,IMU,False,unfiltered,,0.3400636074172349,0.6882789305036622,0.6626735229111759,0.1352380755932153,0.0182893370901562,47.413735406745545,0.1156432570896232,4.390243902439025,5.176091748789077,0.0356460778707331,0.4303784192583282,0.6951374839389746,ax,25.38564251189877,48.11350135679829,0.1344743276283618,,,0.7190000000000509
COUGH_mv000243,14,014_Trial_1_No_Talking,1625.257,1626.504,1.2469999999998436,COUGH,COUGH_014_Trial_1_No_Talking_IMU_seg0003_c0001,IMU,False,unfiltered,,0.9144314136500772,1.789984172619111,1.6703167982462197,0.3633801409687443,0.1320451268504645,103.6869164734897,0.8361848102700783,1.6129032258064515,4.875739181866356,0.0598019802928336,0.5377646109375853,0.794428996812043,ax,46.44394162378341,106.38779661550484,0.073170731707317,,,1161.902
COUGH_mv000244,14,014_Trial_1_No_Talking,1627.377,1628.512,1.134999999999991,COUGH,COUGH_014_Trial_1_No_Talking_IMU_seg0003_c0002,IMU,False,unfiltered,,0.9883307198893522,1.8229906047445783,1.7563217911320277,0.4047259975573835,0.1638031330988191,110.37813014210158,0.9767976118770052,1.7857142857142856,4.402888456497158,0.078611146348441,0.5018855786344578,0.774483620679963,ax,44.52667044348989,115.85690764556578,0.0982142857142857,,,0.8730000000000473
COUGH_mv000245,14,014_Trial_1_No_Talking,1629.332,1630.65,1.3179999999999836,COUGH,COUGH_014_Trial_1_No_Talking_IMU_seg0003_c0003,IMU,False,unfiltered,,1.0825604035080636,2.20323500580127,2.1148782507666617,0.530546282193771,0.2814793575496325,153.52375056890395,1.1719370272435417,3.0769230769230766,3.390863721530108,0.1843001774412501,0.4729260079174336,0.8408111867512846,ax,57.79632432631249,170.13866757273547,0.0769230769230769,,,0.8200000000001637
COUGH_mv000246,14,014_Trial_1_No_Talking,1945.211,1945.738,0.5270000000000437,COUGH,COUGH_014_Trial_1_No_Talking_IMU_seg0003_c0004,IMU,False,unfiltered,,0.2767021889881777,0.5028650410264628,0.406206188563275,0.1066575799470393,0.011375839360159,4.057897373715008,0.0765641013908492,3.846153846153846,4.010832334885691,0.0017474934776187,0.4393862619602006,0.7586298556869463,ax,24.190122327168886,42.60504770066896,0.1153846153846153,,,314.5609999999999
COUGH_mv000247,14,014_Trial_1_No_Talking,1946.783,1969.292,22.50900000000001,COUGH,COUGH_014_Trial_1_No_Talking_IMU_seg0003_c0005,IMU,False,unfiltered,,0.3465700651300786,0.6700402960197139,0.6608212695687125,0.1371395830259681,0.0188072652325364,266.7661091083168,0.1201108100442669,4.054054054054054,5.280971704376451,0.2040702863664874,0.4193633252537314,0.7201880311579371,ax,24.54882005496693,56.4719944122427,0.113063063063063,,,1.0449999999998454
COUGH_mv000248,14,014_Trial_1_No_Talking,1970.367,1998.026,27.659000000000106,COUGH,COUGH_014_Trial_1_No_Talking_IMU_seg0003_c0006,IMU,False,unfiltered,,0.3491470314314301,0.7077410086768364,0.6944736553077103,0.1427915069747952,0.0203894144641329,332.6750596420902,0.12190364955738,4.105571847507331,5.083024365296531,0.2757012944264114,0.3942493090725289,0.7231527219703824,ax,26.528135371063456,75.37187091928939,0.1202346041055718,,,1.0750000000000455
COUGH_mv000249,14,014_Trial_1_No_Talking,1999.466,2042.923,43.45700000000011,COUGH,COUGH_014_Trial_1_No_Talking_IMU_seg0003_c0007,IMU,False,unfiltered,,0.340857868087851,0.6889845709740643,0.675264750456018,0.1351476967680936,0.0182648999417205,498.0811776997118,0.1161840862373948,4.106392907139524,5.188157324508104,0.3923638984125125,0.4036492286265714,0.7017545359694229,ax,25.7085718487144,63.867630114305776,0.1355576294913672,,,1.4399999999998272
COUGH_mv000250,14,014_Trial_1_No_Talking,2043.47,2082.405,38.93500000000017,COUGH,COUGH_014_Trial_1_No_Talking_IMU_seg0003_c0008,IMU,False,unfiltered,,0.3407019610464814,0.7000430727658201,0.6827798414417131,0.1361462678265224,0.0185358062430911,445.8549306681866,0.1160778262609181,4.114583333333334,5.09804770455533,0.3566292411379437,0.4202297137630537,0.7307219913962261,ax,26.760436718952977,83.01061657033618,0.1333333333333333,,,0.5470000000000255
COUGH_mv000251,14,014_Trial_2_Talking,26.382,27.367,0.9849999999999994,COUGH,COUGH_014_Trial_2_Talking_IMU_seg0001_c0001,IMU,False,unfiltered,,1.0029807879206545,1.7987419479265712,1.6711210499734452,0.4328520797549752,0.1873609229482074,98.5851051719178,1.0059704609379367,4.081632653061225,3.798859192032168,0.1055378565793226,0.4241125199903139,0.8575173254326549,ax,62.85955201551132,155.14303742840409,0.0927835051546391,,,
COUGH_mv000252,14,014_Trial_2_Talking,28.015,29.231,1.216000000000001,COUGH,COUGH_014_Trial_2_Talking_IMU_seg0001_c0002,IMU,False,unfiltered,,0.9467032260834612,2.0964400807716403,1.96648858198055,0.4629713285366296,0.2143424510469719,108.4458867914968,0.896246998276833,3.333333333333333,4.494126865474446,0.1246738787503881,0.5332486134624005,0.8465069829219998,ax,56.3453459141608,136.27771858644593,0.0833333333333333,,,0.6479999999999997
COUGH_mv000253,14,014_Trial_2_Talking,29.88,30.935,1.0549999999999995,COUGH,COUGH_014_Trial_2_Talking_IMU_seg0001_c0003,IMU,False,unfiltered,,1.1410828149840015,2.335448202926361,2.2163631055633544,0.4984926126337944,0.2484948848504662,136.7173490184404,1.3020699906518132,1.923076923076923,4.7836534154623145,0.1256201341607006,0.5335821375766585,0.836621267600997,ax,70.54772103882573,197.9284612262054,0.0961538461538461,,,0.6489999999999974
COUGH_mv000254,14,014_Trial_2_Talking,375.493,376.02,0.5269999999999868,COUGH,COUGH_014_Trial_2_Talking_IMU_seg0001_c0004,IMU,False,unfiltered,,0.2785350599024385,0.5083183676287981,0.4342370039080517,0.1062272990522737,0.0112842390639412,4.111834318527316,0.077581779594855,3.846153846153846,3.866641203361299,0.0016797672851578,0.4117986980643077,0.7117846353325783,ax,24.815537288973932,38.02397286930661,0.1538461538461538,,,344.558
COUGH_mv000255,14,014_Trial_2_Talking,376.547,379.792,3.244999999999948,COUGH,COUGH_014_Trial_2_Talking_IMU_seg0001_c0005,IMU,False,unfiltered,,0.3496801183680413,0.7857091860420065,0.7376661542434501,0.1361940107760017,0.0185488085712536,39.25065544338587,0.1222761851818874,4.375,5.127373802281014,0.0267040870396012,0.6435335771365862,0.7207070122906933,ax,34.94397065193225,109.18642814368258,0.128125,,,0.5270000000000437
COUGH_mv000256,14,014_Trial_2_Talking,380.492,508.969,128.47699999999998,COUGH,COUGH_014_Trial_2_Talking_IMU_seg0001_c0006,IMU,False,unfiltered,,0.345388609506922,0.697267854431346,0.6813259592649494,0.1313163981377368,0.0172439964198686,1511.6845908653288,0.119293291577125,4.103535353535354,5.079864574073097,1.0916942606158084,0.4263539268415253,0.7230685598753827,ax,30.44236677789967,89.04873147010588,0.1332965038276379,,,0.7000000000000455
COUGH_mv000257,14,014_Trial_2_Talking,646.692,646.997,0.30499999999995,COUGH,COUGH_014_Trial_2_Talking_IMU_seg0001_c0007,IMU,False,unfiltered,,0.6612958244387879,0.9754750807511404,0.7101823927891626,0.1989735856580992,0.0395904877896409,13.55667719002546,0.4373121674201761,6.25,7.651239599910478,0.0054887448479095,0.4839738068568124,0.6481655961812541,ax,52.90799563048216,81.9085303353019,0.1,,,137.723
COUGH_mv000258,14,014_Trial_3_Nonverbal,17.327,19.68,2.352999999999998,COUGH,COUGH_014_Trial_3_Nonverbal_IMU_seg0001_c0001,IMU,False,unfiltered,,0.9284414759477548,1.657631142361215,1.5587651085963097,0.4396270520630133,0.1932719449056154,200.84683280259057,0.8620035742600454,0.8620689655172414,3.208184500301104,0.1782580758339594,0.5508515221141866,0.8226987736597773,ax,57.2212068634976,178.5087577953112,0.0818965517241379,,,
COUGH_mv000259,14,014_Trial_3_Nonverbal,20.339,21.556,1.2170000000000023,COUGH,COUGH_014_Trial_3_Nonverbal_IMU_seg0001_c0002,IMU,False,unfiltered,,1.0389575199298962,1.920964902744981,1.7759441469487285,0.4553061148099593,0.2073036581833398,130.61136011448454,1.0794327282188805,3.333333333333333,4.005684098177183,0.1207394321151249,0.5081217799744802,0.8492539180230666,ax,75.2844203216721,240.04709182180903,0.1083333333333333,,,0.6589999999999989
COUGH_mv000260,14,014_Trial_3_Nonverbal,25.034,25.743,0.7089999999999996,COUGH,COUGH_014_Trial_3_Nonverbal_IMU_seg0001_c0003,IMU,False,unfiltered,,0.3930025754842488,0.9249430820654408,0.8415907640173446,0.1812513141823243,0.0328520388928196,10.96602272794494,0.1544510243372526,2.8571428571428568,5.148864099144364,0.0037891221736573,0.4221639302825363,0.7134900903475145,az,71.26676760821893,119.85998920802012,0.0571428571428571,,,3.477999999999998
COUGH_mv000261,14,014_Trial_3_Nonverbal,320.792,321.36,0.5680000000000405,COUGH,COUGH_014_Trial_3_Nonverbal_IMU_seg0001_c0004,IMU,False,unfiltered,,0.2731424213789561,0.4946532188694317,0.426481632272033,0.111305198395152,0.0123888471897841,4.252586594335276,0.0746067823567592,3.571428571428571,3.916726583001899,0.002068581656346,0.4369316753118752,0.7456633585381599,ax,30.878587216313225,65.119542166778,0.125,,,295.049
COUGH_mv000262,14,014_Trial_3_Nonverbal,322.434,387.104,64.66999999999996,COUGH,COUGH_014_Trial_3_Nonverbal_IMU_seg0001_c0005,IMU,False,unfiltered,,0.3621329264547331,0.6916041264020294,0.6752699976636788,0.1419661855118649,0.0201543978287892,836.5436957202064,0.1311402564226691,4.076513013483851,5.2836553497026495,0.6402489221637117,0.4572853780151776,0.7044833983245985,ax,29.23647839038965,74.47640380086501,0.1470680464095327,,,1.0740000000000123
COUGH_mv000263,14,014_Trial_3_Nonverbal,388.614,406.642,18.02800000000002,COUGH,COUGH_014_Trial_3_Nonverbal_IMU_seg0001_c0006,IMU,False,unfiltered,,0.3546379775327163,0.7395618252657772,0.7158051964113703,0.1377844333528632,0.0189845500743696,223.7414411980133,0.1257680951084954,4.161979752530933,5.433348522847522,0.1669086820379399,0.4545337571307177,0.6867754055429406,ax,29.87677749056182,73.98216231781767,0.140607424071991,,,1.509999999999991
COUGH_mv000264,14,014_Trial_3_Nonverbal,407.808,458.475,50.66700000000003,COUGH,COUGH_014_Trial_3_Nonverbal_IMU_seg0001_c0007,IMU,False,unfiltered,,0.3418618628780889,0.6935842365672941,0.6797510233727792,0.1318864323666098,0.0173940310423923,584.1139273858054,0.1168695332904772,4.121648659463785,5.377293248142989,0.4362747850858778,0.5000558754704779,0.697787656357305,ax,29.63413608232433,85.3210735431006,0.1400840504302581,,,1.1659999999999968
COUGH_mv000265,15,015_Trial_1_No_Talking,15.888,20.167,4.279000000000002,COUGH,COUGH_015_Trial_1_No_Talking_IMU_seg0001_c0001,IMU,False,unfiltered,,1.2082319182731591,3.2308731182609574,3.21549640709283,0.6218084534720407,0.386645752809291,617.5057078052982,1.4598243683340384,1.4218009478672986,3.822246278637517,0.8010589890166163,0.6345308230574838,0.6466271649386175,ax,116.91979348781705,421.1083859427573,0.1090047393364928,,,
COUGH_mv000266,15,015_Trial_1_No_Talking,24.749,25.054,0.3049999999999997,COUGH,COUGH_015_Trial_1_No_Talking_IMU_seg0001_c0002,IMU,False,unfiltered,,0.5721585849501111,1.2034990382718869,1.0437284730729837,0.2721020094420992,0.0740395035424282,10.148328836295518,0.3273654463321134,6.25,6.5214544167405455,0.0077215979440368,0.4167527217010942,0.5198244185737165,ax,115.19123716500238,186.3748013710426,0.1666666666666666,,,4.581999999999997
COUGH_mv000267,15,015_Trial_1_No_Talking,324.56,461.155,136.59499999999997,COUGH,COUGH_015_Trial_1_No_Talking_IMU_seg0001_c0003,IMU,False,unfiltered,,1.0273271003089126,3.7169629545818377,3.705965414157552,0.5299536232229501,0.2808508427671325,14219.417282675313,1.0554009710291186,2.7315914489311166,6.98271314283089,18.669754406907728,0.5921614116817882,0.5423368674058366,ax,118.5663210810169,406.5859429735453,0.1258907363420427,,,299.50600000000003
COUGH_mv000268,15,015_Trial_2_Talking,18.495,23.534,5.038999999999998,COUGH,COUGH_015_Trial_2_Talking_IMU_seg0001_c0001,IMU,False,unfiltered,,1.161271773812153,3.5138262918738734,3.442490850613984,0.6644974788576956,0.4415568994082336,671.5789620611065,1.3485521326528245,0.4016064257028112,3.428507748478729,0.8996818756216285,0.6247572533786867,0.6688726227657454,ax,136.38771944415333,457.72938653583753,0.0804828973843058,,,
COUGH_mv000269,15,015_Trial_2_Talking,319.958,459.688,139.72999999999996,COUGH,COUGH_015_Trial_2_Talking_IMU_seg0001_c0002,IMU,False,unfiltered,,1.1451636065950883,4.931433653946203,4.918921101500258,0.6251347362639602,0.3907934384838111,18073.710470658552,1.3113996858698702,2.61210274270788,7.124934028018314,26.122692734877464,0.5417585248757423,0.491584452213079,ax,148.58949866206487,851.7342843103388,0.1206008272258907,,,296.42400000000004
COUGH_mv000270,15,015_Trial_2_Talking,460.216,460.622,0.4060000000000059,COUGH,COUGH_015_Trial_2_Talking_IMU_seg0001_c0003,IMU,False,unfiltered,,0.4099033209225839,0.6677911080418137,0.6002149504671965,0.1858732719887176,0.0345488732397918,6.888850032637874,0.1680207325033628,5.0,5.616878299247236,0.0043935329522266,0.306251001227532,0.4810433707650869,ax,57.22170941283505,110.1977993539709,0.15,,,0.52800000000002
COUGH_mv000271,15,015_Trial_2_Talking,461.27,461.839,0.5690000000000168,COUGH,COUGH_015_Trial_2_Talking_IMU_seg0001_c0004,IMU,False,unfiltered,,0.3477642481954807,0.7788879748484707,0.7200418551752591,0.163579427864704,0.0267582292205439,6.893578422409171,0.1209399723229679,3.571428571428571,3.664538511777777,0.0027462565044595,0.4427273241002233,0.4819234023959595,ax,43.18004312950821,83.15497387259772,0.2142857142857142,,,0.6479999999999677
COUGH_mv000272,15,015_Trial_2_Talking,591.347,591.651,0.3039999999999736,COUGH,COUGH_015_Trial_2_Talking_IMU_seg0001_c0005,IMU,False,unfiltered,,0.7820301496032099,1.5502802213086335,1.475060603163494,0.3957620196230215,0.1566275761760928,18.958705801540983,0.6115711548884188,6.25,8.74082831593991,0.0148294676995398,0.4364310779208812,0.6441764944409971,ax,117.16063946559431,273.99767985449995,0.1666666666666666,,,129.50799999999998
COUGH_mv000273,15,015_Trial_3_Nonverbal,11.671,15.777,4.106,COUGH,COUGH_015_Trial_3_Nonverbal_IMU_seg0001_c0001,IMU,False,unfiltered,,1.226359725918925,4.115520274523499,4.045591137770702,0.6870069315991932,0.4719785240653386,610.6070200065119,1.5039581773559407,0.4926108374384236,3.633218823520957,0.7265843217384956,0.6238817511383078,0.6427798590213211,ax,140.8886417178208,815.309121751911,0.0987654320987654,,,
COUGH_mv000274,15,015_Trial_3_Nonverbal,23.401,23.869,0.4679999999999999,COUGH,COUGH_015_Trial_3_Nonverbal_IMU_seg0001_c0002,IMU,False,unfiltered,,1.022942638064921,2.253199697313089,2.048691586675332,0.506338776230315,0.256378956314413,49.18134711624732,1.0464116407712196,4.3478260869565215,7.360281917698024,0.0485533378226537,0.5448049522113884,0.6286057766311758,ax,158.39688165370885,294.7668771069248,0.108695652173913,,,7.6240000000000006
COUGH_mv000275,15,015_Trial_3_Nonverbal,321.359,323.185,1.8260000000000216,COUGH,COUGH_015_Trial_3_Nonverbal_IMU_seg0001_c0003,IMU,False,unfiltered,,0.3970663048460154,0.7659889372738136,0.7370511418254249,0.1724779892427785,0.029748656773232,28.53675873037645,0.1576616504440688,4.444444444444445,6.184296727956864,0.0235588462500572,0.5958501722048445,0.5331132268301896,ax,44.96107416126844,83.72131736379254,0.1833333333333333,,,297.49
COUGH_mv000276,15,015_Trial_3_Nonverbal,323.772,336.184,12.412000000000036,COUGH,COUGH_015_Trial_3_Nonverbal_IMU_seg0001_c0004,IMU,False,unfiltered,,0.6421285330682076,2.668601368613904,2.641741838032357,0.3303549965345059,0.1091344237353134,505.103089900902,0.4123290529803281,2.450980392156863,4.456926658859734,0.6012542754716036,0.5404702185294085,0.5099432989746766,ax,116.1405086722839,542.2786374500383,0.1290849673202614,,,0.5869999999999891
COUGH_mv000277,15,015_Trial_3_Nonverbal,336.73,458.911,122.18099999999998,COUGH,COUGH_015_Trial_3_Nonverbal_IMU_seg0001_c0005,IMU,False,unfiltered,,0.9516408753180948,4.457565008343821,4.442945094537833,0.5217757887652171,0.2722499737415645,10913.630905048663,0.9056203555761898,2.6390041493775933,6.347864164370901,17.10602973344058,0.6198194864964213,0.4768981648159456,ax,155.08720712704556,746.0625462832763,0.1287966804979253,,,0.5459999999999923
COUGH_mv000278,15,015_Trial_3_Nonverbal,460.524,461.082,0.5579999999999927,COUGH,COUGH_015_Trial_3_Nonverbal_IMU_seg0001_c0006,IMU,False,unfiltered,,0.3376522328238098,0.8096786646817458,0.764559684409723,0.1824978201186326,0.0333054543480528,6.384505698530639,0.1140090303309042,3.571428571428571,3.6729815382920137,0.0036428339735235,0.4318049111924191,0.4977354229261717,ax,46.44199766303392,77.11063385723165,0.2,,,1.6129999999999995
COUGH_mv000279,15,015_Trial_3_Nonverbal,464.316,465.015,0.6990000000000123,COUGH,COUGH_015_Trial_3_Nonverbal_IMU_seg0001_c0007,IMU,False,unfiltered,,0.3162547218263369,0.7419308196443061,0.6773358436062661,0.1640000469554698,0.0268960154013963,7.001193435421764,0.1000170490774537,2.8571428571428568,11.479983331091407,0.0037026665705818,0.7799160359948919,0.4031699042028805,az,85.20308305475277,346.84143827885947,0.144927536231884,,,3.2339999999999804
COUGH_mv000280,15,015_Trial_3_Nonverbal,593.249,593.908,0.6589999999999918,COUGH,COUGH_015_Trial_3_Nonverbal_IMU_seg0001_c0008,IMU,False,unfiltered,,1.0362170722319994,2.4490366937461507,2.365302261368196,0.4996346990761284,0.2496348325208933,70.86722417181373,1.0737458207850563,3.0303030303030303,4.908443148550067,0.07817127634274,0.3488147221932193,0.5824698400912942,ax,145.0212840123773,345.5156530176917,0.1384615384615384,,,128.23400000000004
COUGH_mv000281,15,015_Trial_3_Nonverbal,597.579,598.391,0.8120000000000118,COUGH,COUGH_015_Trial_3_Nonverbal_IMU_seg0001_c0009,IMU,False,unfiltered,,0.4288906363917879,0.7964293614017058,0.7199967223362297,0.1689133275614074,0.0285317122278673,14.89972141674878,0.1839471779845528,7.5,6.399361633325969,0.0057169007735763,0.543400723003086,0.5196538057375018,ax,76.02055270311637,214.27103307333755,0.0625,,,3.6709999999999354
COUGH_mv000282,16,016_Trial_1_No_Talking,726.163,726.903,0.7400000000000091,COUGH,COUGH_016_Trial_1_No_Talking_IMU_seg0033_c0001,IMU,False,unfiltered,,1.3080595274604871,2.4571547191179506,2.1843048868208523,0.479797037673466,0.2302051973602333,126.61545982613131,1.7110197273801528,5.405405405405405,6.671175352929725,0.0911253293009496,0.4270254467091797,0.9122429865286312,ay,73.12608376966605,195.55292293395544,0.1095890410958904,,,
COUGH_mv000283,16,016_Trial_1_No_Talking,727.451,728.322,0.8709999999999809,COUGH,COUGH_016_Trial_1_No_Talking_IMU_seg0033_c0002,IMU,False,unfiltered,,1.370134638865692,2.789663467972498,2.748412928803947,0.6362177659945324,0.4047730457670735,163.322396789907,1.8772689286196207,4.651162790697675,5.611723311558301,0.1669940574044769,0.5130679053473691,0.9160443400726844,ay,91.493616611177,286.7170021076662,0.0930232558139534,,,0.5480000000000018
COUGH_mv000284,16,016_Trial_1_No_Talking,728.91,729.812,0.9020000000000435,COUGH,COUGH_016_Trial_1_No_Talking_IMU_seg0033_c0003,IMU,False,unfiltered,,1.299335347522402,2.5878052403584206,2.4176664146137097,0.5798296121043298,0.3362023790730575,151.9445110789045,1.688272345321161,4.444444444444445,4.796145718631655,0.198452220628057,0.4370981106945998,0.9302655892970022,ay,67.67959742894742,160.56056503511903,0.0674157303370786,,,0.5879999999999654
COUGH_mv000285,16,016_Trial_1_No_Talking,1038.6,1152.179,113.57900000000018,COUGH,COUGH_016_Trial_1_No_Talking_IMU_seg0033_c0004,IMU,False,unfiltered,,0.912949585661486,2.1302461256959986,2.1178418059632618,0.3762266973042315,0.1415465277644498,9337.442225584044,0.8334769459594791,5.766827352258526,6.302625839944612,7.717362447073793,0.6136411980354555,0.8476184057749782,ay,102.10632044973792,294.7971168391928,0.1166755936439921,,,308.7879999999999
COUGH_mv000286,16,016_Trial_1_No_Talking,1152.738,1172.103,19.36500000000001,COUGH,COUGH_016_Trial_1_No_Talking_IMU_seg0033_c0005,IMU,False,unfiltered,,0.8667950973754004,2.0616905164877286,2.014167167081057,0.3656017184743304,0.1336646165513835,1435.798778733831,0.7513337408340299,2.9319371727748686,6.203681093908988,1.249391970330697,0.5393443036032936,0.8405211040605444,ay,104.31387016535234,317.8984194830229,0.1193717277486911,,,0.5589999999999691
COUGH_mv000287,16,016_Trial_1_No_Talking,1173.623,1174.507,0.8840000000000146,COUGH,COUGH_016_Trial_1_No_Talking_IMU_seg0033_c0006,IMU,False,unfiltered,,0.4978848531977525,0.9506124629394878,0.8769969278444006,0.2018216066976458,0.0407319609300192,21.81426077984979,0.2478893270437476,6.818181818181818,7.221333592635354,0.0144859049471323,0.5597552395372376,0.5472709041527345,ay,61.74853904649226,164.33624870774366,0.2183908045977011,,,1.5199999999999818
COUGH_mv000288,16,016_Trial_2_Talking,12.696,16.315,3.6190000000000015,COUGH,COUGH_016_Trial_2_Talking_IMU_seg0001_c0001,IMU,False,unfiltered,,1.2312775214967822,3.547083989320215,3.482291773297125,0.7314922218771894,0.5350808706668273,542.7438719096867,1.516044334943259,0.5586592178770949,4.280773438352494,0.9774867213600856,0.6469294264419513,0.9153335784438096,ay,92.12024790557744,417.9812354856595,0.0868347338935574,,,
COUGH_mv000289,16,016_Trial_2_Talking,171.391,171.766,0.375,COUGH,COUGH_016_Trial_2_Talking_IMU_seg0001_c0002,IMU,False,unfiltered,,0.5070171783107895,0.7946134454287627,0.5712681273497764,0.188614357541753,0.0355753758708882,9.768523925884924,0.2570664191022349,5.2631578947368425,5.5836438125404175,0.0003170249699476,0.5807083378283189,0.5870998824345072,ay,51.39363169573564,106.75333041999896,0.054054054054054,,,155.076
COUGH_mv000290,16,016_Trial_2_Talking,321.833,322.878,1.044999999999959,COUGH,COUGH_016_Trial_2_Talking_IMU_seg0001_c0003,IMU,False,unfiltered,,0.3402332678180935,0.6606042002837685,0.6372788888712959,0.1541246849294754,0.02375441850461,12.038902359138572,0.1157586765301785,3.846153846153846,5.519726280215109,0.0112342224053054,0.617656161166924,0.615235181992737,ay,45.10239151811756,87.21943887676356,0.203883495145631,,,150.06700000000004
COUGH_mv000291,16,016_Trial_2_Talking,327.441,397.384,69.94300000000004,COUGH,COUGH_016_Trial_2_Talking_IMU_seg0001_c0004,IMU,False,unfiltered,,0.7162998639281447,1.9878585180173036,1.974225285049546,0.325492686638769,0.1059454890553239,3539.7768304429383,0.5130854950634786,2.8414033053058856,5.956482265963457,3.294126668400234,0.695576650585881,0.8263790043838949,ay,89.05127352880997,274.1552995813916,0.1143809799942012,,,4.562999999999988
COUGH_mv000292,16,016_Trial_2_Talking,398.084,400.721,2.6370000000000005,COUGH,COUGH_016_Trial_2_Talking_IMU_seg0001_c0005,IMU,False,unfiltered,,0.5948323221320319,1.3838066855697957,1.3583296278614023,0.2818877391126506,0.0794606974620417,92.34845326922915,0.3538254914529853,3.0769230769230766,5.938028387848629,0.0960677441500819,0.6816299964322567,0.8055558868058285,ay,83.24945393221012,220.2832470294537,0.1538461538461538,,,0.6999999999999886
COUGH_mv000293,16,016_Trial_2_Talking,401.329,405.344,4.014999999999986,COUGH,COUGH_016_Trial_2_Talking_IMU_seg0001_c0006,IMU,False,unfiltered,,0.5524480772028703,1.566316491289119,1.5043315080223902,0.2744882141306446,0.0753437796966306,121.16395456804396,0.3051988780051485,3.0303030303030303,5.542244227726973,0.1477261321658947,0.7060826282810919,0.7924373266435736,ay,76.20926782594307,240.65623076317024,0.1489898989898989,,,0.6080000000000041
COUGH_mv000294,16,016_Trial_2_Talking,406.034,408.661,2.627000000000009,COUGH,COUGH_016_Trial_2_Talking_IMU_seg0001_c0007,IMU,False,unfiltered,,0.7593240921529412,1.3953102930065204,1.335009024306942,0.3414197241070231,0.1165674280093157,149.90900000021094,0.5765730769238883,2.3076923076923075,6.661652731616282,0.1374956416953203,0.7131983532661006,0.8328072673218639,ay,96.30431974531002,235.8491102478113,0.1196911196911196,,,0.6899999999999977
COUGH_mv000295,16,016_Trial_2_Talking,409.258,412.321,3.063000000000045,COUGH,COUGH_016_Trial_2_Talking_IMU_seg0001_c0008,IMU,False,unfiltered,,0.540385955830205,1.5115734111221688,1.4826462048564428,0.2513580952567226,0.0631808920510876,88.48114532133283,0.2920169812585242,2.6490066225165565,6.247564536021808,0.1006969985804904,0.726954956903128,0.7777896331009501,ay,84.62131706840141,232.95782741235064,0.1390728476821192,,,0.59699999999998
COUGH_mv000296,16,016_Trial_2_Talking,412.929,453.042,40.113,COUGH,COUGH_016_Trial_2_Talking_IMU_seg0001_c0009,IMU,False,unfiltered,,0.6758705972962668,2.024245531907462,2.001833116659778,0.3223345048175486,0.1038995329959742,1807.5618113939963,0.4568010642896124,2.8311425682507583,5.693974470936281,1.869441566437709,0.7093761911204651,0.8246210018034619,ay,88.47584566404542,268.38192527049466,0.1268958543983822,,,0.6079999999999472
COUGH_mv000297,16,016_Trial_3_Nonverbal,8.69,11.843,3.1530000000000005,COUGH,COUGH_016_Trial_3_Nonverbal_IMU_seg0001_c0001,IMU,False,unfiltered,,1.155165563246749,2.9971977863757315,2.949498072531856,0.6369146633941569,0.4056602884464922,416.33513329548776,1.3344074785111788,0.641025641025641,4.077935517342791,0.6707951178525302,0.6364853942986701,0.905657158748126,ay,72.47686563944782,224.91030461115344,0.1093247588424437,,,
COUGH_mv000298,16,016_Trial_3_Nonverbal,313.018,313.991,0.9730000000000132,COUGH,COUGH_016_Trial_3_Nonverbal_IMU_seg0001_c0002,IMU,False,unfiltered,,0.4023808546598973,0.8316148634912215,0.7920914225861366,0.1754819043233733,0.0307938987449575,15.705304163092451,0.1619103521968294,4.166666666666667,5.820742720043143,0.011022297181531,0.5216505017219932,0.6755856490492894,ay,42.18505081956534,71.36048547340806,0.1458333333333333,,,301.17499999999995
COUGH_mv000299,16,016_Trial_3_Nonverbal,315.979,317.419,1.4399999999999975,COUGH,COUGH_016_Trial_3_Nonverbal_IMU_seg0001_c0003,IMU,False,unfiltered,,0.8852570297747725,1.81535008795338,1.7534100980615617,0.3676584799611745,0.1351727578873613,112.06624125348829,0.7836800087656524,2.8169014084507045,7.64023387829365,0.1077194185312162,0.6618699778884604,0.8305310589636319,ay,95.9701777792253,221.24321025908748,0.1126760563380281,,,1.9879999999999995
COUGH_mv000300,16,016_Trial_3_Nonverbal,318.533,456.913,138.38,COUGH,COUGH_016_Trial_3_Nonverbal_IMU_seg0001_c0004,IMU,False,unfiltered,,0.9181815095493664,2.520015516161957,2.5041285728105,0.4077061864114356,0.1662243344381563,11506.04581856056,0.8430572844783529,2.9015240328253227,6.060625505580607,10.472508800097163,0.6975264009984495,0.829605753732239,ay,107.57536389981156,351.8810150199169,0.119733274712391,,,1.1140000000000327
COUGH_mv000301,17,017_Trial_1_No_Talking,9.13,10.15,1.0199999999999996,COUGH,COUGH_017_Trial_1_No_Talking_IMU_seg0001_c0001,IMU,False,unfiltered,,1.1450657161533917,3.445627447518984,3.381360299209088,0.5503052563084229,0.302835875120679,135.0510759139176,1.3111754943098797,1.96078431372549,7.593176965879629,0.1794219628155018,0.6941715220677014,0.892651439370097,ax,108.6885982493299,430.9968326692521,0.0980392156862745,,,
COUGH_mv000302,17,017_Trial_1_No_Talking,11.18,12.42,1.2400000000000002,COUGH,COUGH_017_Trial_1_No_Talking_IMU_seg0001_c0002,IMU,False,unfiltered,,1.061282025930213,3.035586548800308,2.933919280726714,0.5091152704849119,0.259198358640925,140.78994232031715,1.1263195385625373,1.6129032258064515,5.930290094958759,0.1406315060953872,0.6355633299279024,0.9281959360646848,ax,120.67093986926936,555.5444644953342,0.0725806451612903,,,1.0299999999999994
COUGH_mv000303,17,017_Trial_1_No_Talking,13.08,14.5,1.42,COUGH,COUGH_017_Trial_1_No_Talking_IMU_seg0001_c0003,IMU,False,unfiltered,,1.0940864695929926,3.2489689139630014,3.201878716549279,0.5574578189421899,0.3107592198997834,171.17460402134355,1.1970252029464583,1.4084507042253522,5.332429659278978,0.2262525055782731,0.6292078869081984,0.8993207781074888,ax,109.25617913644624,433.8021201423224,0.0774647887323943,,,0.6600000000000001
COUGH_mv000304,17,017_Trial_1_No_Talking,322.75,468.62,145.87,COUGH,COUGH_017_Trial_1_No_Talking_IMU_seg0001_c0004,IMU,False,unfiltered,,0.9318780369017712,2.3011966226198357,2.2830606917531533,0.434221939639994,0.1885486928647186,12668.1707045266,0.8683966756598986,5.442829723060049,5.589909691510755,13.835654262552463,0.4656295686608726,0.9119124765878404,ax,164.75046074936583,426.3409541911092,0.1005004456022485,,,308.25
COUGH_mv000305,17,017_Trial_1_No_Talking,614.7,615.46,0.7599999999999909,COUGH,COUGH_017_Trial_1_No_Talking_IMU_seg0001_c0005,IMU,False,unfiltered,,0.6332476620415981,1.3029494771254952,1.1702438591478113,0.3369490984580848,0.1135346949517161,30.87720031404856,0.4010026014811501,2.631578947368421,3.921444993237053,0.0257584329629892,0.3907287698322759,0.6840752318586106,ax,78.1853691993323,151.9029931099185,0.0657894736842105,,,146.08000000000004
COUGH_mv000306,17,017_Trial_2_Talking,8.52,9.83,1.3100000000000005,COUGH,COUGH_017_Trial_2_Talking_IMU_seg0001_c0001,IMU,False,unfiltered,,1.0514726524957918,3.921771572575176,3.8886826314579146,0.584488410781761,0.3416267023381885,145.93850554094277,1.105594738946536,3.0303030303030303,7.699531739910697,0.2652582075304452,0.7278134400267965,0.9149681016391636,ax,121.02118849722744,602.886547546548,0.1145038167938931,,,
COUGH_mv000307,17,017_Trial_2_Talking,10.64,11.83,1.1899999999999995,COUGH,COUGH_017_Trial_2_Talking_IMU_seg0001_c0002,IMU,False,unfiltered,,1.0076095626854962,2.789781460991464,2.7231601973775947,0.5021200107513021,0.2521245051968877,121.83324369783082,1.0152770308152568,5.0,6.089147593508265,0.1228591531932403,0.6109177996665511,0.891609176235473,ax,101.85363367375142,373.131567414513,0.0672268907563025,,,0.8100000000000005
COUGH_mv000308,17,017_Trial_2_Talking,12.53,13.85,1.3200000000000005,COUGH,COUGH_017_Trial_2_Talking_IMU_seg0001_c0003,IMU,False,unfiltered,,0.9916657685599616,2.581068763460072,2.4810653049826064,0.4789389465605103,0.2293825145324913,130.79233253897135,0.9834009965336192,4.545454545454545,5.249472445213536,0.1069887284831453,0.5846543776266026,0.88821730990958,ax,103.84607589889536,387.41371526800697,0.0984848484848484,,,0.6999999999999993
COUGH_mv000309,17,017_Trial_2_Talking,20.59,21.0,0.4100000000000001,COUGH,COUGH_017_Trial_2_Talking_IMU_seg0003_c0001,IMU,False,unfiltered,,0.5965984771254829,1.4644212864327706,1.391173479070326,0.3352771366906161,0.112410758387458,14.949049202154702,0.3559297429084453,4.761904761904762,7.378563901476101,0.0159683781100765,0.4890719824853128,0.911461639139444,ax,102.1182922930266,204.16921049593628,0.1463414634146341,,,6.74
COUGH_mv000310,17,017_Trial_2_Talking,403.75,536.64,132.89,COUGH,COUGH_017_Trial_2_Talking_IMU_seg0004_c0001,IMU,False,unfiltered,,0.9321865015516996,2.6039733691180578,2.598282466613337,0.4450208834618183,0.1980435867171372,11548.633543143364,0.8689716736751968,5.206922498118886,5.629960711860162,13.229647343673149,0.5054738075667655,0.920009461918714,ax,147.69275957635335,395.9897589504666,0.1053502897132967,,,382.75
COUGH_mv000311,17,017_Trial_2_Talking,551.77,553.19,1.4200000000000728,COUGH,COUGH_017_Trial_2_Talking_IMU_seg0005_c0001,IMU,False,unfiltered,,0.2115669173060411,0.4279625562281033,0.4129833067419601,0.0923785329088724,0.0085337933423956,6.400760151268521,0.0447605604983812,1.4084507042253522,3.4485530208164805,0.0044631490963355,0.5407117626986573,0.6874031753213287,ax,32.81025243470981,64.65711567864177,0.1338028169014084,,,15.129999999999995
COUGH_mv000312,17,017_Trial_2_Talking,553.8,554.56,0.7599999999999909,COUGH,COUGH_017_Trial_2_Talking_IMU_seg0005_c0002,IMU,False,unfiltered,,0.2160070754188861,0.3715518692342521,0.3160433334243462,0.0894524583161789,0.0080017422988077,3.5927473605885685,0.0466590566310203,2.631578947368421,4.383603193818508,0.0009969164413067,0.4539174061090572,0.675393227932306,ax,31.482432503376412,58.35328236695074,0.0789473684210526,,,0.6099999999999
COUGH_mv000313,17,017_Trial_2_Talking,555.12,555.84,0.7200000000000273,COUGH,COUGH_017_Trial_2_Talking_IMU_seg0005_c0003,IMU,False,unfiltered,,0.2254474184519669,0.426036096811651,0.4020207118629502,0.1087174720421489,0.0118194887272354,3.7103373095259102,0.0508265384866563,2.7777777777777777,5.051392526213807,0.0019011692120953,0.5295372558013474,0.7741895698918383,ax,30.102719123587583,68.61361153384571,0.1111111111111111,,,0.5600000000000591
COUGH_mv000314,17,017_Trial_2_Talking,556.41,557.15,0.7400000000000091,COUGH,COUGH_017_Trial_2_Talking_IMU_seg0005_c0004,IMU,False,unfiltered,,0.2042911142366641,0.3627409374485632,0.3391853699930406,0.0900108669317451,0.0081019561658043,3.1301144517043333,0.0417348593560577,5.405405405405405,6.500561480174163,0.0014910675255409,0.5572339349816704,0.7818165430747063,ax,29.902743810982148,57.02018145700836,0.1351351351351351,,,0.5699999999999363
COUGH_mv000315,17,017_Trial_2_Talking,561.54,562.29,0.75,COUGH,COUGH_017_Trial_2_Talking_IMU_seg0005_c0005,IMU,False,unfiltered,,0.2430253507386305,0.3956978990717393,0.3486099005799598,0.0975074113919482,0.0095076952763586,4.488660403724213,0.0590613211016343,7.894736842105264,5.631508687159705,0.0015960437457142,0.5437358368526901,0.7576128064242761,ax,44.51594247402381,91.95406129592712,0.1066666666666666,,,4.389999999999986
COUGH_mv000316,17,017_Trial_2_Talking,562.84,563.58,0.7400000000000091,COUGH,COUGH_017_Trial_2_Talking_IMU_seg0005_c0006,IMU,False,unfiltered,,0.2331491018282763,0.4105230304613844,0.376091197032244,0.094259506809431,0.0088848546239571,4.076887776249898,0.0543585036833319,5.405405405405405,6.093122238278581,0.001507906974396,0.5609389757113812,0.7983166206433042,ax,39.825023681499744,80.83048250376521,0.1351351351351351,,,0.5500000000000682
COUGH_mv000317,17,017_Trial_2_Talking,564.18,564.92,0.7400000000000091,COUGH,COUGH_017_Trial_2_Talking_IMU_seg0005_c0007,IMU,False,unfiltered,,0.2170767144500078,0.3556406665081508,0.3127567560699463,0.0875137556914321,0.0076586574352196,3.534172496730769,0.0471222999564102,2.702702702702702,5.394859514037748,0.0012266088326643,0.5065096492015891,0.7423401493735675,ax,32.48112940853186,63.18085603441765,0.081081081081081,,,0.599999999999909
COUGH_mv000318,17,017_Trial_2_Talking,565.47,566.2,0.7300000000000182,COUGH,COUGH_017_Trial_2_Talking_IMU_seg0005_c0008,IMU,False,unfiltered,,0.231490960732207,0.4278922852009491,0.3764440281802658,0.104177969274888,0.0108530492822395,3.965516802653296,0.0535880649007202,5.405405405405405,6.501236194407277,0.0019967077444944,0.5149770144223984,0.7927178619509558,ax,39.90576504352333,85.3272524476031,0.0821917808219178,,,0.5500000000000682
COUGH_mv000319,17,017_Trial_2_Talking,566.83,567.55,0.7199999999999136,COUGH,COUGH_017_Trial_2_Talking_IMU_seg0005_c0009,IMU,False,unfiltered,,0.2211886629917807,0.3835468029476557,0.3137507274820472,0.0873811888380761,0.0076354721627555,3.571482998434685,0.0489244246360915,5.555555555555555,5.438118065807132,0.001073983822651,0.4962830458856971,0.6902718764665073,ax,33.9220967212205,59.31787179040188,0.1111111111111111,,,0.6299999999999955
COUGH_mv000320,17,017_Trial_2_Talking,568.8,570.78,1.9800000000000184,COUGH,COUGH_017_Trial_2_Talking_IMU_seg0005_c0010,IMU,False,unfiltered,,0.2164299441816452,0.4611574600373586,0.4366861120657418,0.0939297068052781,0.0088227898205255,9.321542226955549,0.04684192073847,1.0101010101010102,4.149998137445391,0.0082872737119457,0.5867697369908226,0.7198941811899848,ax,39.72437936788018,91.00144512743334,0.0858585858585858,,,1.25
COUGH_mv000321,17,017_Trial_2_Talking,571.95,572.67,0.7199999999999136,COUGH,COUGH_017_Trial_2_Talking_IMU_seg0005_c0011,IMU,False,unfiltered,,0.2287521965629,0.4164241206112969,0.3371974421408634,0.0926845726871175,0.0085904300141935,3.81991242256167,0.0523275674323516,8.333333333333332,6.350139326700139,0.0012460596899828,0.5650017099487054,0.8017793677021214,ax,37.397748955990174,67.56686437818252,0.1111111111111111,,,1.1700000000000728
COUGH_mv000322,17,017_Trial_2_Talking,573.22,573.9,0.67999999999995,COUGH,COUGH_017_Trial_2_Talking_IMU_seg0005_c0012,IMU,False,unfiltered,,0.2332748792615794,0.4706458159917297,0.3931276633354208,0.1154494900878559,0.0133285847615459,3.7547846813208072,0.0544171692945044,8.823529411764705,6.587128969110566,0.0014192684188509,0.5595219862185113,0.7899639364813258,ax,39.031925718186926,80.48434352092234,0.1176470588235294,,,0.5500000000000682
COUGH_mv000323,17,017_Trial_2_Talking,574.47,577.06,2.589999999999918,COUGH,COUGH_017_Trial_2_Talking_IMU_seg0005_c0013,IMU,False,unfiltered,,0.2152050565934315,0.4360459911004775,0.409990038100072,0.0882347225181125,0.0077853662578483,12.041436259679337,0.046313216383382,3.0769230769230766,4.642556309269133,0.009866982574201,0.599565257217792,0.7440543140403718,ax,38.00197909820904,85.03172313301764,0.1312741312741312,,,0.57000000000005
COUGH_mv000324,17,017_Trial_2_Talking,579.42,581.36,1.9400000000000543,COUGH,COUGH_017_Trial_2_Talking_IMU_seg0005_c0014,IMU,False,unfiltered,,0.2178702375957898,0.4328686336033954,0.3923657283271392,0.0987644452472712,0.0097544156450012,9.256150883858952,0.0474674404300459,1.0309278350515465,4.13552268103608,0.007697116539326,0.5847569316156941,0.8067623405847916,ax,40.70432368324498,84.34407112193912,0.1237113402061855,,,2.3600000000000136
COUGH_mv000325,17,017_Trial_2_Talking,581.93,582.65,0.7200000000000273,COUGH,COUGH_017_Trial_2_Talking_IMU_seg0005_c0015,IMU,False,unfiltered,,0.2242420428066937,0.396678285405125,0.3410585508260661,0.0887479369702985,0.007876196316484,3.670768044634693,0.050284493762119,2.7777777777777777,6.1830001315172485,0.0010968218313362,0.5630177958902678,0.787203048980273,ax,38.962841782684166,84.04243739591305,0.0833333333333333,,,0.5699999999999363
COUGH_mv000326,17,017_Trial_2_Talking,583.2,586.43,3.2299999999999045,COUGH,COUGH_017_Trial_2_Talking_IMU_seg0005_c0016,IMU,False,unfiltered,,0.2234375917666185,0.4749313034250876,0.4473804403125977,0.1012741992793671,0.0102564634396769,16.175491802287006,0.049924357414466,1.851851851851852,3.990690559614141,0.0152580522033121,0.5920662705477094,0.7573842343963657,ax,34.617138735336304,89.15945125812217,0.1300309597523219,,,0.5500000000000682
COUGH_mv000327,17,017_Trial_2_Talking,587.02,589.02,2.0,COUGH,COUGH_017_Trial_2_Talking_IMU_seg0005_c0017,IMU,False,unfiltered,,0.2157290716434103,0.4097020559143932,0.376137088112339,0.0877916768954016,0.0077073785321066,9.354345502777663,0.0465390323521276,1.0,3.845237145716524,0.0066711952367244,0.5635642433943896,0.752847183464449,ax,35.850220764380595,66.28164351529153,0.12,,,0.5900000000000318
COUGH_mv000328,17,017_Trial_2_Talking,589.61,590.3,0.6899999999999409,COUGH,COUGH_017_Trial_2_Talking_IMU_seg0005_c0018,IMU,False,unfiltered,,0.212546845691218,0.3888952494387804,0.3817152760350161,0.0974393511337014,0.0094944271493567,3.162331312930052,0.0451761616132864,5.7142857142857135,6.050972062320575,0.0014463947947077,0.5005439428697661,0.7128992962105158,ax,30.877793725517115,56.59284809726567,0.1304347826086956,,,0.5900000000000318
COUGH_mv000329,17,017_Trial_2_Talking,590.89,593.47,2.580000000000041,COUGH,COUGH_017_Trial_2_Talking_IMU_seg0005_c0019,IMU,False,unfiltered,,0.235461990365299,0.5615218615022272,0.5298885227529537,0.0961172275628615,0.0092385214343709,14.35956836685814,0.0554423489067881,1.550387596899225,4.706564244726433,0.0140270924659504,0.6208506134522418,0.6873990859854119,ax,47.34692980923345,115.94522984054542,0.1201550387596899,,,0.5900000000000318
COUGH_mv000330,17,017_Trial_2_Talking,594.64,596.61,1.9700000000000275,COUGH,COUGH_017_Trial_2_Talking_IMU_seg0005_c0020,IMU,False,unfiltered,,0.2052122881351062,0.474478986671925,0.4434422681421551,0.0917509882729984,0.0084182438490719,8.338192473925885,0.0421120832016458,1.0101010101010102,4.417716969031593,0.0055679510563719,0.6129567761252871,0.778951905470383,ax,40.394386262041245,75.78254502642564,0.1269035532994923,,,1.169999999999959
COUGH_mv000331,17,017_Trial_2_Talking,597.19,597.92,0.7299999999999045,COUGH,COUGH_017_Trial_2_Talking_IMU_seg0005_c0021,IMU,False,unfiltered,,0.239694429648166,0.4077610250483747,0.3539404149435092,0.1057461113984942,0.0111822400759027,4.251553050722612,0.0574534196043596,5.405405405405405,6.896451929237854,0.0014792997063075,0.5888158719066261,0.7573054758352118,ax,36.130386665698346,79.65467097932384,0.1506849315068493,,,0.5800000000000409
COUGH_mv000332,17,017_Trial_2_Talking,598.47,600.45,1.9800000000000184,COUGH,COUGH_017_Trial_2_Talking_IMU_seg0005_c0022,IMU,False,unfiltered,,0.2331995023851813,0.5097901443562431,0.4917234231606447,0.1071193045182586,0.0114745454004754,10.822019574626546,0.0543820079126962,1.0101010101010102,4.133645302100364,0.0099225529373059,0.5872603865881341,0.8243622210997607,ax,46.51546621465648,102.10761696780445,0.1111111111111111,,,0.5500000000000682
COUGH_mv000333,17,017_Trial_2_Talking,601.01,609.24,8.230000000000018,COUGH,COUGH_017_Trial_2_Talking_IMU_seg0005_c0023,IMU,False,unfiltered,,0.2142263230980079,0.4797632356237535,0.457316619241211,0.0978349963005409,0.0095716865011268,37.815764026667885,0.045892917508092,1.6990291262135924,4.218551858345057,0.0378394825516372,0.560536769583965,0.7816843388904369,ax,41.61872737106015,99.78953137425592,0.1166464155528554,,,0.5599999999999454
COUGH_mv000334,17,017_Trial_2_Talking,609.81,611.13,1.32000000000005,COUGH,COUGH_017_Trial_2_Talking_IMU_seg0005_c0024,IMU,False,unfiltered,,0.2170702070431282,0.4436202398141283,0.4222976349124638,0.0988145450465985,0.0097643143127662,6.266890146504292,0.0471194747857465,1.5151515151515151,3.5502025122318503,0.004741469601578,0.5482657079535838,0.8062884876099298,ax,39.54020099113314,86.88814673492067,0.106060606060606,,,0.5699999999999363
COUGH_mv000335,17,017_Trial_2_Talking,612.33,613.01,0.67999999999995,COUGH,COUGH_017_Trial_2_Talking_IMU_seg0005_c0025,IMU,False,unfiltered,,0.2135568069953508,0.4302262027199356,0.3949250086074316,0.1033277590055659,0.0106766257811123,3.1468491771694187,0.0456065098140495,2.941176470588235,5.710217577883635,0.000936324408293,0.5681606983201383,0.8200966556147796,ax,30.9799883469909,64.42058789444759,0.1176470588235294,,,1.2000000000000455
COUGH_mv000336,17,017_Trial_2_Talking,613.61,614.35,0.7400000000000091,COUGH,COUGH_017_Trial_2_Talking_IMU_seg0005_c0026,IMU,False,unfiltered,,0.2281676879442372,0.4093986003253794,0.3698979476144743,0.0890752829222251,0.0079344060276744,3.9045370366364103,0.0520604938218188,5.405405405405405,5.493421396980082,0.0012394895408539,0.531704755050349,0.7991661952584901,ax,36.52415372363594,70.92921175192812,0.081081081081081,,,0.6000000000000227
COUGH_mv000337,17,017_Trial_2_Talking,614.93,615.66,0.7300000000000182,COUGH,COUGH_017_Trial_2_Talking_IMU_seg0005_c0027,IMU,False,unfiltered,,0.2091419143116994,0.3551504760730885,0.330911637176895,0.0872513381560697,0.0076127960100248,3.2367851838252046,0.0437403403219622,5.405405405405405,5.758626925964125,0.0014126539436223,0.5110218033393817,0.7010193985937966,ax,31.16612881058203,64.69842477800609,0.1095890410958904,,,0.5799999999999272
COUGH_mv000338,17,017_Trial_2_Talking,616.24,618.27,2.0299999999999727,COUGH,COUGH_017_Trial_2_Talking_IMU_seg0005_c0028,IMU,False,unfiltered,,0.2126501752877311,0.4440679908770321,0.4212402232649104,0.0982269002593756,0.0096485239345653,9.224899798180164,0.0452200970499027,0.9803921568627452,3.551724288651532,0.0082056177355747,0.5502668815804781,0.7773442369211415,ax,33.20571546073735,66.43609312098295,0.0788177339901477,,,0.5800000000000409
COUGH_mv000339,17,017_Trial_2_Talking,618.84,627.58,8.740000000000009,COUGH,COUGH_017_Trial_2_Talking_IMU_seg0005_c0029,IMU,False,unfiltered,,0.2206946705669729,0.5484726124500553,0.5273909970850889,0.0923774666157671,0.0085335963383471,42.61787041458162,0.0487061376166647,1.6018306636155606,4.512702646936215,0.0382244090445903,0.6065494658842393,0.7526552738172533,ax,41.29650370633421,96.75370600907944,0.1075514874141876,,,0.57000000000005
COUGH_mv000340,17,017_Trial_2_Talking,628.19,629.49,1.2999999999999543,COUGH,COUGH_017_Trial_2_Talking_IMU_seg0005_c0030,IMU,False,unfiltered,,0.2214541369377642,0.4176315132698359,0.3880276561280404,0.0993509715381159,0.0098706155455675,6.424493454457352,0.04904193476685,1.5384615384615383,4.100947013249626,0.0053741795440025,0.5741728774732534,0.793079947475713,ax,38.450017922501566,75.75362089587593,0.1153846153846153,,,0.6100000000000136
COUGH_mv000341,17,017_Trial_2_Talking,631.27,632.0,0.7300000000000182,COUGH,COUGH_017_Trial_2_Talking_IMU_seg0005_c0031,IMU,False,unfiltered,,0.230970759649501,0.4535686666844763,0.4013451743283798,0.1032474695904296,0.0106600399768266,3.947714394167,0.0533474918130675,5.405405405405405,6.294994808333632,0.001200006035329,0.5040450351674705,0.7844502838865036,ax,38.66638915502294,82.37037015185004,0.0547945205479452,,,1.7799999999999727
COUGH_mv000342,17,017_Trial_2_Talking,632.53,633.24,0.7100000000000364,COUGH,COUGH_017_Trial_2_Talking_IMU_seg0005_c0032,IMU,False,unfiltered,,0.2321302067488561,0.422709227980477,0.3855697966463818,0.095555290127839,0.0091308134714154,3.8796791677392033,0.0538844328852667,8.333333333333332,6.4424492868727326,0.0011606388720318,0.5840706014877882,0.7902540991902617,ax,38.47984720269794,84.46099309755198,0.0985915492957746,,,0.5299999999999727
COUGH_mv000343,17,017_Trial_2_Talking,633.79,635.74,1.9500000000000453,COUGH,COUGH_017_Trial_2_Talking_IMU_seg0005_c0033,IMU,False,unfiltered,,0.2337024244931777,0.4803698506720966,0.4262074569650812,0.0954572981030408,0.0091120957611327,10.70489734994193,0.0546168232139894,1.020408163265306,4.032570393821721,0.0066546454364262,0.5921506860230855,0.7121926871170211,ax,44.117377636392085,93.9117431447928,0.1179487179487179,,,0.5499999999999545
COUGH_mv000344,17,017_Trial_2_Talking,636.26,639.44,3.180000000000064,COUGH,COUGH_017_Trial_2_Talking_IMU_seg0005_c0034,IMU,False,unfiltered,,0.2377653585896972,0.5410457733532554,0.4979402046632048,0.1091841847629689,0.0119211862023541,18.03382467274665,0.0565323657452873,1.8867924528301887,4.096902839730206,0.0170831740960056,0.5988694385841321,0.797730573094719,ax,43.89075220339487,97.42370712716948,0.0974842767295597,,,0.5199999999999818
COUGH_mv000345,17,017_Trial_2_Talking,640.0,642.0,2.0,COUGH,COUGH_017_Trial_2_Talking_IMU_seg0005_c0035,IMU,False,unfiltered,,0.2199706232267488,0.4581043530302353,0.4506569695669252,0.1013009561760541,0.0102618837221828,9.725802091635618,0.0483870750827642,1.0,3.723794363224795,0.0083558241839947,0.5566520954273049,0.7532330390520634,ax,31.954043001789728,74.78938279336306,0.09,,,0.5599999999999454
COUGH_mv000346,17,017_Trial_2_Talking,642.58,643.3,0.7199999999999136,COUGH,COUGH_017_Trial_2_Talking_IMU_seg0005_c0036,IMU,False,unfiltered,,0.2390968875348498,0.4166742787884923,0.378045810795789,0.1070533940583206,0.011460429179406,4.173214478906242,0.0571673216288526,8.333333333333332,7.121485128740303,0.0017348412233517,0.566102752780053,0.7995377419426554,ax,34.10759197782786,66.58716747661954,0.1111111111111111,,,0.5800000000000409
COUGH_mv000347,17,017_Trial_2_Talking,643.9,644.59,0.6900000000000546,COUGH,COUGH_017_Trial_2_Talking_IMU_seg0005_c0037,IMU,False,unfiltered,,0.2252766297864928,0.406537553735004,0.3357876648196058,0.0949158955880184,0.0090090272352756,3.5524691949572387,0.0507495599279605,8.57142857142857,7.791583715905403,0.0009594438533883,0.5151482105803196,0.755179818639235,ax,32.41338076626286,61.21329042892783,0.1159420289855072,,,0.6000000000000227
COUGH_mv000348,17,017_Trial_2_Talking,645.22,645.94,0.7200000000000273,COUGH,COUGH_017_Trial_2_Talking_IMU_seg0005_c0038,IMU,False,unfiltered,,0.2315203936476483,0.4293976343090878,0.3860732314239268,0.097663821711609,0.0095382220713169,3.91292356525763,0.053601692674762,2.7777777777777777,4.162754424761408,0.0021355096164793,0.495335671580116,0.730846164146143,ax,39.40900869810597,75.80446448538737,0.1111111111111111,,,0.6299999999999955
COUGH_mv000349,17,017_Trial_2_Talking,646.47,647.2,0.7300000000000182,COUGH,COUGH_017_Trial_2_Talking_IMU_seg0005_c0039,IMU,False,unfiltered,,0.2582280221367908,0.438698587836657,0.3516083228411544,0.1006026822379485,0.0101208996734696,4.934446644834242,0.0666817114166789,2.702702702702702,6.231466140055146,0.0017002145589823,0.5698495739312381,0.6729067208871137,ax,41.20518539532177,95.60096069919216,0.0821917808219178,,,0.5299999999999727
COUGH_mv000350,17,017_Trial_2_Talking,647.78,648.47,0.6900000000000546,COUGH,COUGH_017_Trial_2_Talking_IMU_seg0005_c0040,IMU,False,unfiltered,,0.2110606487138424,0.3630021597893337,0.2862737159399908,0.0911541878270567,0.0083090859584103,3.118261820485559,0.0445465974355079,5.7142857142857135,6.556749887537804,0.0014774055719742,0.4830491536485879,0.6616883169258444,ax,31.610929374620696,69.46180254007945,0.0869565217391304,,,0.5799999999999272
COUGH_mv000351,17,017_Trial_2_Talking,649.03,649.74,0.7100000000000364,COUGH,COUGH_017_Trial_2_Talking_IMU_seg0005_c0041,IMU,False,unfiltered,,0.2125897398718277,0.3910544985840209,0.372519584047984,0.0928891897806358,0.0086284015781029,3.25399661991154,0.0451943974987713,5.555555555555555,6.207489209785528,0.0014345664097753,0.5474751107040234,0.7657169193991489,ax,30.051637599719367,52.66334085766113,0.1408450704225352,,,0.5599999999999454
COUGH_mv000352,17,017_Trial_2_Talking,650.34,651.03,0.6899999999999409,COUGH,COUGH_017_Trial_2_Talking_IMU_seg0005_c0042,IMU,False,unfiltered,,0.2205169837885145,0.4413725370418572,0.3908192346045308,0.1012697756468293,0.0102555674595591,3.4039418097428777,0.0486277401391839,8.57142857142857,7.933623792122329,0.0016821266385439,0.5539995871926657,0.7816179630075223,ax,32.098821424953925,62.11579797759693,0.1159420289855072,,,0.6000000000000227
COUGH_mv000353,17,017_Trial_2_Talking,651.62,656.12,4.5,COUGH,COUGH_017_Trial_2_Talking_IMU_seg0005_c0043,IMU,False,unfiltered,,0.2115016068095211,0.5929853900124471,0.572639205228716,0.0953343328691903,0.0090886350236135,20.174551287037183,0.0447329296830092,1.7777777777777777,4.8061255286836175,0.0210630505242887,0.61236221696093,0.7467212723067872,ax,38.62832493004321,102.8295323036664,0.1111111111111111,,,0.5900000000000318
COUGH_mv000354,17,017_Trial_2_Talking,656.69,657.37,0.67999999999995,COUGH,COUGH_017_Trial_2_Talking_IMU_seg0005_c0044,IMU,False,unfiltered,,0.2299844981634294,0.4187896877273035,0.3687442269540273,0.098076967009785,0.0096190914578384,3.649607988288431,0.0528928693954845,5.88235294117647,6.472630959564877,0.0013969307904526,0.555242846748025,0.7118577637911139,ax,30.093409728143712,65.66141110124227,0.0294117647058823,,,0.57000000000005
COUGH_mv000355,17,017_Trial_2_Talking,657.95,658.65,0.6999999999999318,COUGH,COUGH_017_Trial_2_Talking_IMU_seg0005_c0045,IMU,False,unfiltered,,0.202425279200566,0.3838727488980217,0.3258543595728689,0.0979415134061588,0.0095925400482887,2.9092955498193245,0.0409759936594271,5.7142857142857135,5.89243604272311,0.0012455009046189,0.5692193775347626,0.7735758621175262,ax,31.64535252898777,75.22541617096459,0.0571428571428571,,,0.5800000000000409
COUGH_mv000356,17,017_Trial_2_Talking,659.23,660.54,1.3099999999999454,COUGH,COUGH_017_Trial_2_Talking_IMU_seg0005_c0046,IMU,False,unfiltered,,0.2092058228517181,0.4293923080193511,0.4156019292719133,0.0958864008931219,0.0091942018762365,5.777254073588512,0.0437670763150644,1.5151515151515151,3.855527962949886,0.0049544039500011,0.5590637320262574,0.7654326863820368,ax,36.29524822176833,74.96025895923127,0.1068702290076335,,,0.5800000000000409
COUGH_mv000357,17,017_Trial_2_Talking,661.17,663.87,2.700000000000045,COUGH,COUGH_017_Trial_2_Talking_IMU_seg0005_c0047,IMU,False,unfiltered,,0.2201889613181681,0.4266035343905583,0.420133750322305,0.0939501400981608,0.008826628824464,13.138941424007278,0.0484831786863737,1.4814814814814814,4.631248027244783,0.0123537258949017,0.6059109815850404,0.792612761104774,ax,39.07100815089571,88.18734485128485,0.0888888888888888,,,0.6299999999999955
COUGH_mv000358,17,017_Trial_2_Talking,666.99,669.02,2.0299999999999727,COUGH,COUGH_017_Trial_2_Talking_IMU_seg0005_c0048,IMU,False,unfiltered,,0.2196571540670891,0.4871483758046438,0.4719810762113792,0.1047632504531918,0.0109753386455181,9.842850127902,0.0482492653328529,0.9803921568627452,3.5927687986031267,0.0087280448442603,0.5525130715758167,0.8071726210134218,ax,36.87965204609424,93.20929266982635,0.1083743842364532,,,3.1200000000000045
COUGH_mv000359,17,017_Trial_2_Talking,669.58,679.14,9.559999999999944,COUGH,COUGH_017_Trial_2_Talking_IMU_seg0005_c0049,IMU,False,unfiltered,,0.2192879286732083,0.5678504887104319,0.5533747436825591,0.1006001047720551,0.0101203810801484,46.01944624832929,0.048087195661786,1.6736401673640169,4.524867038824558,0.0468368234308923,0.587405746636418,0.7791406453918283,ax,40.90662589714591,114.24666953719714,0.102510460251046,,,0.5600000000000591
COUGH_mv000360,17,017_Trial_2_Talking,680.35,681.65,1.2999999999999543,COUGH,COUGH_017_Trial_2_Talking_IMU_seg0005_c0050,IMU,False,unfiltered,,0.2671252851929711,0.5962759280906819,0.5669875535225196,0.134566221618101,0.0181080680005718,9.347625256614826,0.0713559179894261,1.5384615384615383,3.5480162844284258,0.0112211491048603,0.5337522244823808,0.7325464753677338,ax,56.97806323202063,120.52463964023622,0.1,,,1.2100000000000364
COUGH_mv000361,17,017_Trial_2_Talking,682.24,686.71,4.470000000000027,COUGH,COUGH_017_Trial_2_Talking_IMU_seg0005_c0051,IMU,False,unfiltered,,0.230452713790582,0.5576033443027306,0.5355386321951435,0.1052096014866699,0.0110690602449838,23.79258707546288,0.0531084532934439,1.7857142857142856,4.401890448996216,0.0254361661160774,0.6092364946305109,0.8140754158794885,ax,41.5990880216433,99.15981737149323,0.0939597315436241,,,0.5900000000000318
COUGH_mv000362,17,017_Trial_2_Talking,687.25,687.98,0.7300000000000182,COUGH,COUGH_017_Trial_2_Talking_IMU_seg0005_c0052,IMU,False,unfiltered,,0.2386320506921502,0.4277307399008256,0.3964522331266165,0.1122407881078982,0.0125979945150821,4.213948915698031,0.0569452556175409,5.405405405405405,6.8893532274053655,0.0016470483522221,0.4683611593055173,0.8372331363883457,ax,39.175975275827,74.67768191814575,0.0821917808219178,,,0.5399999999999636
COUGH_mv000363,17,017_Trial_2_Talking,688.51,689.76,1.25,COUGH,COUGH_017_Trial_2_Talking_IMU_seg0005_c0053,IMU,False,unfiltered,,0.228551513163791,0.41613004737107,0.4035362866323738,0.0866003416668547,0.0074996191768159,6.581710065351774,0.0522357941694585,1.5873015873015872,4.5682879818345326,0.0048223865870205,0.5825770488039355,0.6576276127023352,ax,38.69237438552116,79.69676549100608,0.104,,,0.5299999999999727
COUGH_mv000364,17,017_Trial_2_Talking,690.56,693.15,2.590000000000032,COUGH,COUGH_017_Trial_2_Talking_IMU_seg0005_c0054,IMU,False,unfiltered,,0.7025021533919759,2.70746582023574,2.640081424181321,0.4430889959519284,0.196327858333688,128.3124116352944,0.4935092755203631,0.7692307692307692,2.8674668341443867,0.2529984816986925,0.5432618848066515,0.7013059155776957,ax,91.85274612133703,276.9722869156026,0.1235521235521235,,,0.7999999999999545
COUGH_mv000365,17,017_Trial_3_Nonverbal,6.52,7.61,1.0900000000000007,COUGH,COUGH_017_Trial_3_Nonverbal_IMU_seg0001_c0001,IMU,False,unfiltered,,1.093489773174058,2.858817329253002,2.782645760968884,0.4935002961227878,0.2435425422732793,131.52918724398782,1.1957198840362528,5.454545454545454,5.150997497822731,0.0869138327192376,0.5655437749226971,0.909732352840993,ax,114.2942077094285,292.5737313642628,0.110091743119266,,,
COUGH_mv000366,17,017_Trial_3_Nonverbal,8.59,9.55,0.9600000000000009,COUGH,COUGH_017_Trial_3_Nonverbal_IMU_seg0001_c0002,IMU,False,unfiltered,,1.16795233703136,2.2232357049031526,2.066420521972565,0.4841365424925862,0.2343881917766757,132.31892817297054,1.3641126615770158,4.166666666666667,4.870848905843761,0.1260209280213115,0.5538472868629122,0.928228066640155,ax,128.36036933127582,401.1927075370815,0.09375,,,0.9799999999999995
COUGH_mv000367,17,017_Trial_3_Nonverbal,10.57,11.56,0.9900000000000002,COUGH,COUGH_017_Trial_3_Nonverbal_IMU_seg0001_c0003,IMU,False,unfiltered,,1.0875017228525927,1.9113045813156997,1.7925372622661109,0.41244220216,0.1701085701225903,118.26599972073576,1.1826599972073577,4.0,4.868272873712036,0.0879742312096045,0.5531309840226039,0.9088817183889768,ax,113.00348450262466,300.22572529218183,0.1313131313131313,,,1.0199999999999996
COUGH_mv000368,17,017_Trial_3_Nonverbal,312.02,453.38,141.36,COUGH,COUGH_017_Trial_3_Nonverbal_IMU_seg0040_c0001,IMU,False,unfiltered,,1.0751466435066512,2.856213820262304,2.835717588807777,0.5203809600398758,0.2707963435720227,16341.528092401628,1.155940305043618,5.489530277306168,5.801122110280832,19.183908807374557,0.5630048909934355,0.9107221854351611,ax,174.3104367302155,501.4138329552558,0.1121958121109224,,,300.46
COUGH_mv000369,17,017_Trial_3_Nonverbal,453.9,454.19,0.2900000000000204,COUGH,COUGH_017_Trial_3_Nonverbal_IMU_seg0040_c0002,IMU,False,unfiltered,,0.4736211996598871,0.7886916724508303,0.6772544475071253,0.1907937524166088,0.0364022559612102,6.72951122301812,0.2243170407672706,6.25,7.737337102039584,0.000845290114221,0.5165763202628754,0.7660928714541467,ax,48.72547269114923,87.81803310256869,0.1034482758620689,,,0.5199999999999818
COUGH_mv000370,17,017_Trial_3_Nonverbal,599.94,605.15,5.209999999999923,COUGH,COUGH_017_Trial_3_Nonverbal_IMU_seg0042_c0001,IMU,False,unfiltered,,0.2802613812061847,1.4198114561421302,1.39493874187376,0.1829070186773718,0.0334549774814444,41.00124261730238,0.0785464417955984,0.3831417624521073,2.9282216895916475,0.0576376984891764,0.593615979705985,0.6512126086160535,ax,48.01161991796668,224.9746564808869,0.0537428023032629,,,145.75000000000006
COUGH_mv000371,17,017_Trial_3_Nonverbal,612.89,617.18,4.289999999999964,COUGH,COUGH_017_Trial_3_Nonverbal_IMU_seg0042_c0002,IMU,False,unfiltered,,0.0798924103893788,0.2095605661749087,0.2024640218558973,0.0379619247240488,0.0014411077287543,2.74460281226472,0.0063827972378249,0.4651162790697674,4.277709744834752,0.0014488973742204,0.6316655424019313,0.6161516892527058,az,23.515362651698627,56.60845418531884,0.0559440559440559,,,7.740000000000009
COUGH_mv000372,17,017_Trial_3_Nonverbal,618.66,621.88,3.220000000000028,COUGH,COUGH_017_Trial_3_Nonverbal_IMU_seg0042_c0003,IMU,False,unfiltered,,0.0742413784599025,0.1767391306686655,0.1721456997778359,0.0327474546286952,0.0010723957846584,1.7803056750273518,0.0055117822756264,0.6211180124223602,5.472581899957582,0.0013776168695198,0.6695657204462448,0.4563491313215652,az,23.490271016056692,71.78970907738706,0.062111801242236,,,1.4800000000000182
COUGH_mv000373,17,017_Trial_3_Nonverbal,622.56,623.24,0.6800000000000637,COUGH,COUGH_017_Trial_3_Nonverbal_IMU_seg0042_c0004,IMU,False,unfiltered,,0.0823667547449654,0.1394005878281072,0.1194899688501362,0.0283221550833201,0.0008021444685636,0.4681154778179931,0.0067842822872172,2.941176470588235,7.180097606587777,0.0002847831906048,0.5750837409759189,0.4652593739770978,az,16.757522858352047,30.731320828243565,0.1323529411764706,,,0.67999999999995
COUGH_mv000374,17,017_Trial_3_Nonverbal,640.0,640.88,0.8799999999999955,COUGH,COUGH_017_Trial_3_Nonverbal_IMU_seg0042_c0005,IMU,False,unfiltered,,0.1220316323303705,0.2403175787929891,0.1955482002791881,0.0496839684813898,0.0024684967240597,1.3253630167401125,0.0148917192892147,2.272727272727273,8.75305151159984,0.0007518787945417,0.7042847042963459,0.4949583712120308,ax,45.878629355931736,102.62657540580346,0.125,,,16.75999999999999
COUGH_mv000375,17,017_Trial_3_Nonverbal,644.69,646.78,2.089999999999918,COUGH,COUGH_017_Trial_3_Nonverbal_IMU_seg0042_c0006,IMU,False,unfiltered,,0.0879941876799789,0.3165149135473767,0.3102353794641624,0.0442199685468329,0.0019554056182828,1.626025183746464,0.0077429770654593,1.9047619047619049,4.628167629093152,0.0017210453536443,0.5851036959415546,0.5201381298446808,az,23.70773878260164,62.53918821833659,0.0526315789473684,,,3.810000000000059
COUGH_mv000376,17,017_Trial_3_Nonverbal,659.73,663.64,3.909999999999968,COUGH,COUGH_017_Trial_3_Nonverbal_IMU_seg0042_c0007,IMU,False,unfiltered,,0.1099469252744614,0.4379993631899932,0.4347569357885622,0.0741229730808367,0.0054942151383424,4.738623939904741,0.012088326377308,0.5102040816326531,3.8253739112109497,0.0130054378440408,0.6158414016113807,0.6088647966856046,ax,40.34299307432111,155.94593700080094,0.0613810741687979,,,12.950000000000045
COUGH_mv000377,17,017_Trial_3_Nonverbal,676.23,677.59,1.3600000000000136,COUGH,COUGH_017_Trial_3_Nonverbal_IMU_seg0042_c0008,IMU,False,unfiltered,,0.1310301241869547,0.3310143091568684,0.3239745535786612,0.0736370497899505,0.0054224151017676,2.352138401889482,0.0171688934444487,1.4705882352941175,5.871158860757041,0.0023108845186306,0.6122778431818686,0.4687772861853922,ax,30.699894645821985,89.96945975364491,0.0367647058823529,,,12.590000000000032
COUGH_mv000378,17,017_Trial_3_Nonverbal,679.13,683.61,4.480000000000018,COUGH,COUGH_017_Trial_3_Nonverbal_IMU_seg0042_c0009,IMU,False,unfiltered,,0.1042211543518658,0.321308395997314,0.3119456096787872,0.0518149491613283,0.002684788956591,4.877060007481514,0.0108620490144354,0.4464285714285714,4.283020396669133,0.0055882866921717,0.6526744290193657,0.4835876707587519,az,36.38934163837559,101.88651318285376,0.0580357142857142,,,1.5399999999999636
COUGH_mv000379,17,017_Trial_3_Nonverbal,696.3,696.87,0.57000000000005,COUGH,COUGH_017_Trial_3_Nonverbal_IMU_seg0042_c0010,IMU,False,unfiltered,,0.0749542439248646,0.1179066121805376,0.1111241640030065,0.0284556442957584,0.0008097236922867,0.3258520435761899,0.0056181386823481,3.4482758620689657,5.821522605773527,0.0001921342921396,0.5586067750837815,0.6573206360821444,ax,11.22415526795472,27.404894321152,0.0701754385964912,,,12.68999999999994
COUGH_mv000380,17,017_Trial_3_Nonverbal,698.92,699.5,0.5800000000000409,COUGH,COUGH_017_Trial_3_Nonverbal_IMU_seg0042_c0011,IMU,False,unfiltered,,0.0443483939832613,0.0866604948584432,0.076361001798199,0.0178044943268173,0.0003170000182336,0.1160400228847796,0.0019667800488945,3.4482758620689657,6.828343199624169,2.7576142457002088e-05,0.5983869002969637,0.6594523651926617,ax,6.190316152877356,13.498226456065131,0.0172413793103448,,,2.0499999999999545
COUGH_mv000381,17,017_Trial_3_Nonverbal,700.66,701.13,0.4700000000000273,COUGH,COUGH_017_Trial_3_Nonverbal_IMU_seg0042_c0012,IMU,False,unfiltered,,0.0626813925535186,0.0998208179947243,0.0827994822960661,0.0208002677014806,0.0004326511364532,0.1885899346775186,0.0039289569724483,4.166666666666667,6.827694223179583,8.947884502452767e-05,0.5121298903417253,0.6967002518579252,ax,12.371157137573462,26.34329940686809,0.0638297872340425,,,1.1599999999999682
COUGH_mv000382,17,017_Trial_3_Nonverbal,701.87,705.59,3.7200000000000273,COUGH,COUGH_017_Trial_3_Nonverbal_IMU_seg0042_c0013,IMU,False,unfiltered,,0.1018457740438649,0.3972314215563129,0.3949390014944369,0.0585437280474555,0.0034273680936944,3.868965510591557,0.0103725616905939,1.6129032258064515,4.160340485816198,0.0054504361029175,0.6013355097780398,0.5559549544339264,ax,32.67723747317699,159.79181984288286,0.0887096774193548,,,0.7400000000000091
COUGH_mv000383,17,017_Trial_3_Nonverbal,706.3,706.87,0.57000000000005,COUGH,COUGH_017_Trial_3_Nonverbal_IMU_seg0042_c0014,IMU,False,unfiltered,,0.0647419874042105,0.0928335420899917,0.07317329003214,0.0174927267849678,0.0003059954903735,0.2431084461167234,0.0041915249330469,3.4482758620689657,4.568681924011845,5.826669990245643e-05,0.5092764647229832,0.5400228601438479,ax,15.342078622405726,32.45342672392441,0.0701754385964912,,,0.7099999999999227
COUGH_mv000384,17,017_Trial_3_Nonverbal,722.28,723.16,0.8799999999999955,COUGH,COUGH_017_Trial_3_Nonverbal_IMU_seg0042_c0015,IMU,False,unfiltered,,0.0802481509414574,0.1657247970303237,0.147211840279746,0.0302334595440551,0.000914062076002,0.5731391499275418,0.0064397657295229,2.272727272727273,9.993593877297624,0.0004111379587581,0.75737545360359,0.4823668772677419,az,26.38657470709235,72.18137094025187,0.0795454545454545,,,15.409999999999968
COUGH_mv000385,17,017_Trial_3_Nonverbal,725.05,725.89,0.8400000000000318,COUGH,COUGH_017_Trial_3_Nonverbal_IMU_seg0042_c0016,IMU,False,unfiltered,,0.0861916149782063,0.1636936908528404,0.1412940186126397,0.0320008455743832,0.0010240541174755,0.6314645318668659,0.0074289944925513,7.142857142857142,8.523958751823882,0.0004324728861947,0.6152955619005341,0.3962384201193847,az,21.2724720254435,47.62954817919076,0.0595238095238095,,,1.8899999999999864
