movement_id,subject_id,record_id,start_time,end_time,duration,dataset,candidate_id,sensor_id,artifact_filtered,filter_method,artifact_probability,primary_rms,primary_peak,primary_peak_to_peak,primary_std,primary_variance,primary_energy,primary_mean_energy,primary_dominant_frequency_hz,primary_spectral_centroid_hz,primary_band_power,primary_spectral_entropy,primary_directional_consistency,resultant_direction,sensors_involved,max_sensor_overlap_fraction,inter_event_interval_seconds
OXFORD_mv000001,154100,154100,0.068,0.496,0.428,OXFORD,OXFORD_154100_BCG_3AXIS_seg0001_c0001,BCG_3AXIS,True,trained_model,0.1533333333333333,0.4184624159530235,1.834969728121883,1.8290017494656716,0.3620483557681107,0.1310790119143924,37.64882061652688,0.1751107935652412,4.672897196261682,11.163493890400142,0.0207311303257701,0.3999833146286563,0.4656331123270498,bcg_z,,,
OXFORD_mv000002,154100,154100,32.128,33.076,0.9480000000000004,OXFORD,OXFORD_154100_BCG_3AXIS_seg0001_c0002,BCG_3AXIS,True,trained_model,0.2133333333333333,0.1148160755925349,0.2698369144154241,0.254667185134996,0.0569062108343973,0.0032383168315288,6.261797326873578,0.0131827312144706,2.109704641350211,5.01335261053637,0.0008571213781117,0.3521984176432419,0.5363272755662113,bcg_z,,,31.632
OXFORD_mv000003,154100,154100,39.598,40.076,0.4780000000000015,OXFORD,OXFORD_154100_BCG_3AXIS_seg0001_c0003,BCG_3AXIS,True,trained_model,0.0166666666666666,0.0839003666941112,0.1740494781473227,0.1530219526989586,0.0366379675640819,0.0013423406672267,1.6894251675375211,0.0070392715314063,4.166666666666667,5.986446860399068,0.0002599162814827,0.2813103099708735,0.5033884712161988,bcg_z,,,6.5219999999999985
OXFORD_mv000004,154100,154100,40.742,42.762,2.020000000000003,OXFORD,OXFORD_154100_BCG_3AXIS_seg0001_c0004,BCG_3AXIS,True,trained_model,0.22,0.0890259407164457,0.1776727458833105,0.1749511762086756,0.0407778516866383,0.0016628331881774,8.012799919773045,0.0079256181204481,0.99009900990099,4.156388720558299,0.0011878469268993,0.4296840100842878,0.4995049427330802,bcg_y,,,0.6659999999999968
OXFORD_mv000005,154100,154100,45.266,46.272,1.0060000000000002,OXFORD,OXFORD_154100_BCG_3AXIS_seg0001_c0005,BCG_3AXIS,True,trained_model,0.0433333333333333,0.0735015959322066,0.1658059251792246,0.1517968225641747,0.0331145265346857,0.0010965718676164,2.7228522407090168,0.0054024846045813,5.9523809523809526,5.468063396461656,0.000566440729088,0.3466500140845818,0.5139753064054063,bcg_y,,,2.503999999999998
OXFORD_mv000006,154100,154100,55.538,56.968,1.4300000000000068,OXFORD,OXFORD_154100_BCG_3AXIS_seg0001_c0006,BCG_3AXIS,True,trained_model,0.0166666666666666,0.0832343359289473,0.1601298493087383,0.1397117061519522,0.0290840179685471,0.0008458801011947,4.960415549113526,0.0069279546775328,5.58659217877095,5.6827934878860935,0.0005313782778955,0.362889230651401,0.4974782486975692,bcg_y,,,9.265999999999998
OXFORD_mv000007,154100,154100,57.62,58.404,0.784000000000006,OXFORD,OXFORD_154100_BCG_3AXIS_seg0001_c0007,BCG_3AXIS,True,trained_model,0.1666666666666666,0.0794406727850841,0.1566995372636936,0.148714171829577,0.0340879158814396,0.0011619860091401,2.4801524535708936,0.0063108204925468,2.5510204081632653,4.102848303405342,0.0003921460580857,0.2699263534113537,0.5179047357079918,bcg_x,,,0.6519999999999939
OXFORD_mv000008,154100,154100,62.968,63.418,0.4499999999999957,OXFORD,OXFORD_154100_BCG_3AXIS_seg0001_c0008,BCG_3AXIS,True,trained_model,0.01,0.0564143743656373,0.0819264260431021,0.0727686752670557,0.0200081666021484,0.0004003267307793,0.7192634495249797,0.0031825816350662,4.424778761061947,6.114784281510664,7.364929835630097e-05,0.2526138326215611,0.785220865938568,bcg_y,,,4.564
OXFORD_mv000009,154100,154100,67.364,69.656,2.2920000000000016,OXFORD,OXFORD_154100_BCG_3AXIS_seg0001_c0009,BCG_3AXIS,True,trained_model,0.12,0.1396972214458028,0.3291698130487346,0.3256751156151406,0.0693955184612699,0.0048157379825084,22.384064790590287,0.0195153136796776,0.8726003490401395,5.543892417636715,0.003761152335956,0.40618235440343,0.8232154363963137,bcg_y,,,3.946000000000005
OXFORD_mv000010,154100,154100,70.538,72.764,2.225999999999999,OXFORD,OXFORD_154100_BCG_3AXIS_seg0001_c0010,BCG_3AXIS,True,trained_model,0.06,0.0584802597537556,0.1041947637850335,0.0988055583489983,0.0238782748237329,0.0005701720085577,3.809814029885544,0.0034199407808667,1.795332136445242,5.788055632847252,0.0005127098750753,0.4355713441470378,0.4811077177724753,bcg_y,,,0.8819999999999908
OXFORD_mv000011,154100,154100,76.406,76.956,0.5499999999999972,OXFORD,OXFORD_154100_BCG_3AXIS_seg0001_c0011,BCG_3AXIS,True,trained_model,0.01,0.0911223026061683,0.1612946503470164,0.1567195698421929,0.0381512259528221,0.0014555160417032,2.29170363290103,0.0083032740322501,7.246376811594202,6.628873287278135,0.0005276807148113,0.2765636356950914,0.8065869370331628,bcg_y,,,3.64200000000001
OXFORD_mv000012,154100,154100,79.106,79.434,0.3280000000000029,OXFORD,OXFORD_154100_BCG_3AXIS_seg0001_c0012,BCG_3AXIS,True,trained_model,0.01,0.0865555460540301,0.1486244850984665,0.1247294988596133,0.0326458360827284,0.0010657506135403,1.2361573211973684,0.0074918625527113,6.097560975609756,8.508453764061036,0.000181560058174,0.2427415066523545,0.5119583494084847,bcg_y,,,2.1499999999999915
OXFORD_mv000013,154100,154100,97.672,98.25,0.578000000000003,OXFORD,OXFORD_154100_BCG_3AXIS_seg0001_c0013,BCG_3AXIS,True,trained_model,0.01,0.0679348686895739,0.1076223892439902,0.0979249834629065,0.0242392954907476,0.0005875434458877,1.3383924513221994,0.0046151463838696,6.896551724137932,6.516717769705062,0.0001457607683,0.2449222121525184,0.7484337877128329,bcg_y,,,18.238
OXFORD_mv000014,154100,154100,119.514,119.816,0.3020000000000067,OXFORD,OXFORD_154100_BCG_3AXIS_seg0001_c0014,BCG_3AXIS,True,trained_model,0.01,0.0653376957583617,0.0901808884139947,0.0758512626584294,0.0225683479715216,0.0005093303301636,0.6488902020258605,0.0042690144870122,6.578947368421053,6.524644137070323,7.91925599538387e-05,0.2839864502935399,0.84091648903052,bcg_y,,,21.263999999999996
OXFORD_mv000015,154100,154100,124.99,125.37,0.3800000000000096,OXFORD,OXFORD_154100_BCG_3AXIS_seg0001_c0015,BCG_3AXIS,True,trained_model,0.01,0.0834924735607168,0.1413859839911458,0.1235943829222021,0.030715695059815,0.0009434539230075,1.331459689985818,0.006970993141287,5.2631578947368425,10.56247808899855,0.0001610294942379,0.3797384271006492,0.6563674307537167,bcg_x,,,5.173999999999992
OXFORD_mv000016,154100,154100,130.158,131.072,0.9140000000000156,OXFORD,OXFORD_154100_BCG_3AXIS_seg0001_c0016,BCG_3AXIS,True,trained_model,0.0066666666666666,0.0615998574989725,0.1059454361474165,0.092340297635389,0.0260863578280909,0.0006804980647351,1.7379004393033255,0.0037945424438937,8.73362445414847,6.883553022392574,0.0003268841102367,0.3891811710183577,0.6514808181381452,bcg_y,,,4.7879999999999825
OXFORD_mv000017,154100,154100,133.034,133.568,0.5340000000000202,OXFORD,OXFORD_154100_BCG_3AXIS_seg0001_c0017,BCG_3AXIS,True,trained_model,0.0,0.0514840396501894,0.093122485604435,0.082947029525729,0.0215436553600624,0.0004641290862731,0.7103624987722119,0.0026506063387022,7.462686567164178,8.785770975290266,5.2676731409646304e-05,0.3563744216637324,0.7370094567449708,bcg_y,,,1.961999999999989
OXFORD_mv000018,154100,154100,134.836,135.578,0.7419999999999902,OXFORD,OXFORD_154100_BCG_3AXIS_seg0001_c0018,BCG_3AXIS,True,trained_model,0.0433333333333333,0.1772319747918151,0.3725114646137366,0.36026715190226,0.0953852154153514,0.009098339319833,11.684956314561656,0.0314111728886066,8.064516129032258,6.878414276412184,0.003197583196486,0.3315511722784331,0.8989722325745826,bcg_y,,,1.2680000000000007
OXFORD_mv000019,154100,154100,136.412,137.246,0.8340000000000032,OXFORD,OXFORD_154100_BCG_3AXIS_seg0001_c0019,BCG_3AXIS,True,trained_model,0.15,0.0506359160800293,0.0893807873477553,0.0827264484314784,0.0231423970701465,0.0005355705421523,1.0717503268562592,0.0025639959972637,4.784688995215311,5.006665750492751,0.0002203863047808,0.3150609606297057,0.4635027879655866,bcg_y,,,0.8340000000000032
OXFORD_mv000020,154100,154100,137.846,139.272,1.4259999999999875,OXFORD,OXFORD_154100_BCG_3AXIS_seg0001_c0020,BCG_3AXIS,True,trained_model,0.0033333333333333,0.0692813019725967,0.1304776347737384,0.1138284204482721,0.0287840089882733,0.0008285191734369,3.4271277453549542,0.0047998988030181,8.403361344537815,6.273830816023096,0.0005087303956428,0.4078643647277712,0.5955252903195356,bcg_y,,,0.5999999999999943
OXFORD_mv000021,154100,154100,143.604,147.19,3.5859999999999843,OXFORD,OXFORD_154100_BCG_3AXIS_seg0001_c0021,BCG_3AXIS,True,trained_model,0.17,0.0785257323901111,0.1806034986610885,0.1763705620438191,0.0348992742761057,0.0012179593449988,11.062325421441615,0.0061662906474033,4.459308807134894,4.7193340605609375,0.0019458451701444,0.4804500706380961,0.5955410022715146,bcg_y,,,4.332000000000022
OXFORD_mv000022,154100,154100,153.422,153.934,0.5120000000000005,OXFORD,OXFORD_154100_BCG_3AXIS_seg0001_c0022,BCG_3AXIS,True,trained_model,0.0033333333333333,0.0563655709945731,0.0919654125129482,0.0776246976487554,0.017631546359632,0.0003108714270318,0.8165089415408767,0.0031770775935442,7.8125,6.846522659445513,5.590142491089378e-05,0.335746216273502,0.4746798091254235,bcg_y,,,6.231999999999999
OXFORD_mv000023,154100,154100,154.446,155.284,0.8379999999999939,OXFORD,OXFORD_154100_BCG_3AXIS_seg0001_c0023,BCG_3AXIS,True,trained_model,0.0066666666666666,0.0820215473715383,0.1440166256466974,0.1174151905174525,0.0250025061234249,0.0006251253124519,2.8255643779530306,0.0067275342332215,7.142857142857142,6.777322569485232,0.0001227532051041,0.374132901108975,0.4896487976935075,bcg_z,,,0.5120000000000005
OXFORD_mv000024,154100,154100,166.92,167.768,0.8480000000000132,OXFORD,OXFORD_154100_BCG_3AXIS_seg0001_c0024,BCG_3AXIS,True,trained_model,0.01,0.063822483110222,0.1097714791839089,0.0968641767157355,0.0237126263883891,0.0005622886502353,1.7311564739006933,0.0040733093503545,7.075471698113208,6.046248250521828,0.0002222616559783,0.313448266162888,0.5898174872847728,bcg_y,,,11.635999999999996
OXFORD_mv000025,154100,154100,169.346,169.922,0.5759999999999934,OXFORD,OXFORD_154100_BCG_3AXIS_seg0001_c0025,BCG_3AXIS,True,trained_model,0.0,0.0560948197702718,0.1072733808194433,0.098539276732106,0.0226660663665096,0.000513750564531,0.9093757246621323,0.0031466288050592,10.416666666666666,7.796929479487507,7.526329094256747e-05,0.375170363685477,0.4474292127668389,bcg_z,,,1.578000000000003
OXFORD_mv000026,154100,154100,196.256,198.42,2.163999999999988,OXFORD,OXFORD_154100_BCG_3AXIS_seg0001_c0026,BCG_3AXIS,True,trained_model,0.0833333333333333,0.1026822107347827,0.2998992513806046,0.2907205425655447,0.0532985746024595,0.0028407380546539,11.41875822269707,0.0105436364013823,1.8484288354898333,6.032207681257306,0.0020365618841156,0.4732284870577328,0.4590659151012125,bcg_z,,,26.334000000000003
OXFORD_mv000027,154100,154100,205.69,206.21,0.5200000000000102,OXFORD,OXFORD_154100_BCG_3AXIS_seg0001_c0027,BCG_3AXIS,True,trained_model,0.0066666666666666,0.0867817332393933,0.1283715833272774,0.1209113911285326,0.030165921474831,0.0009099828184256,1.96560906747267,0.0075310692240332,7.692307692307692,6.8831300272133324,0.0002746955975981,0.2931848584717304,0.7354175128413417,bcg_y,,,7.27000000000001
OXFORD_mv000028,154100,154100,217.204,217.974,0.7699999999999818,OXFORD,OXFORD_154100_BCG_3AXIS_seg0001_c0028,BCG_3AXIS,True,trained_model,0.0066666666666666,0.0663163547685665,0.1434632548813434,0.1308164191055622,0.0323891530436671,0.001049057234886,1.6975735391790874,0.0043978589097903,5.181347150259067,6.25054196565615,0.0004317838183676,0.3118430582336949,0.512847512672426,bcg_z,,,10.994
OXFORD_mv000029,154100,154100,233.984,234.746,0.7620000000000005,OXFORD,OXFORD_154100_BCG_3AXIS_seg0001_c0029,BCG_3AXIS,True,trained_model,0.0066666666666666,0.0591800162867628,0.1040989345133471,0.0934965668591332,0.023492070462829,0.0005518773746305,1.3378687931819775,0.0035022743277015,7.853403141361256,6.092481627907037,0.0001390411062401,0.3644139907723188,0.6215100742857743,bcg_y,,,16.01000000000002
OXFORD_mv000030,154100,154100,235.486,236.094,0.6080000000000041,OXFORD,OXFORD_154100_BCG_3AXIS_seg0001_c0030,BCG_3AXIS,True,trained_model,0.0066666666666666,0.0674643546876346,0.0888118992936781,0.0621013876737639,0.0143411671409341,0.0002056690749642,1.3881889417927868,0.0045514391534189,3.2894736842105265,7.567517818647682,4.910094646251636e-05,0.377656185742839,0.4251698678806274,bcg_x,,,0.7399999999999807
OXFORD_mv000031,154100,154100,239.132,243.246,4.114000000000004,OXFORD,OXFORD_154100_BCG_3AXIS_seg0001_c0031,BCG_3AXIS,True,trained_model,0.19,0.2356958983315129,1.0803073953505211,1.0712216309541258,0.1625376950259636,0.0264185023043531,114.32716125703509,0.0555525564902988,0.4859086491739553,7.710673629074408,0.0442384642788784,0.5523464808256792,0.4512823453826788,bcg_z,,,3.038000000000011
OXFORD_mv000032,154100,154100,243.93,244.492,0.5619999999999834,OXFORD,OXFORD_154100_BCG_3AXIS_seg0001_c0032,BCG_3AXIS,True,trained_model,0.0066666666666666,0.0693842530491485,0.114390269591861,0.101080753624389,0.0276498519683671,0.0007645143138726,1.3575972290750955,0.0048141745711882,7.092198581560283,6.247989389647327,0.000254628152866,0.276459289346708,0.5871245016359383,bcg_y,,,0.6839999999999975
OXFORD_mv000033,154100,154100,248.274,249.028,0.7539999999999907,OXFORD,OXFORD_154100_BCG_3AXIS_seg0001_c0033,BCG_3AXIS,True,trained_model,0.01,0.0878345659234798,0.1663668957026794,0.1597341806521845,0.0392115040835503,0.0015375420524942,2.916236347025195,0.0077149109709661,7.936507936507937,7.015960932259728,0.000689700286525,0.2718611651870623,0.916475297237111,bcg_y,,,3.7820000000000107
OXFORD_mv000034,154100,154100,251.596,253.85,2.2539999999999907,OXFORD,OXFORD_154100_BCG_3AXIS_seg0001_c0034,BCG_3AXIS,True,trained_model,0.2066666666666666,0.2984576802689253,1.0114669503744114,1.003130044849534,0.1868658139785143,0.0349188324338527,100.47884123618108,0.089076986911508,0.8865248226950354,9.905251273492478,0.0188283602533206,0.5806373947325538,0.3724188717239409,bcg_z,,,2.568000000000012
OXFORD_mv000035,154100,154100,254.556,255.504,0.9479999999999792,OXFORD,OXFORD_154100_BCG_3AXIS_seg0001_c0035,BCG_3AXIS,True,trained_model,0.0066666666666666,0.0702084074482295,0.1274516739683502,0.1247629665046098,0.0284184712363467,0.000807609507411,2.3413797262978893,0.0049292204764166,6.329113924050633,6.898225203047292,0.0003737489660591,0.3791897139938663,0.4651596125430687,bcg_y,,,0.7060000000000173
OXFORD_mv000036,154100,154100,256.194,261.848,5.653999999999996,OXFORD,OXFORD_154100_BCG_3AXIS_seg0001_c0036,BCG_3AXIS,True,trained_model,0.2466666666666666,0.1202648639062868,0.4133609647848223,0.4026334389083546,0.0714929822955696,0.0051112465175146,40.90316682284471,0.0144636374903977,0.3536067892503536,2.3337073635965084,0.0084749742791627,0.397300833231154,0.4933719010570361,bcg_y,,,0.6900000000000261
OXFORD_mv000037,154100,154100,264.116,265.546,1.4300000000000068,OXFORD,OXFORD_154100_BCG_3AXIS_seg0001_c0037,BCG_3AXIS,True,trained_model,0.0366666666666666,0.1059883132146457,0.2229054301485038,0.205832722299017,0.0469460925401862,0.0022039356047917,8.043202137269468,0.0112335225380858,6.983240223463687,7.289239424645648,0.0012121855112494,0.3388247848454444,0.7403893672844791,bcg_y,,,2.2679999999999723
OXFORD_mv000038,154100,154100,270.628,273.032,2.4039999999999964,OXFORD,OXFORD_154100_BCG_3AXIS_seg0001_c0038,BCG_3AXIS,True,trained_model,0.1633333333333333,0.0844230314615244,0.1794556212347827,0.1679785087394625,0.0394502532634879,0.0015563224825533,8.574079634107713,0.0071272482411535,6.655574043261232,4.900302449874666,0.0013181904680895,0.3804015208295836,0.6736690763998038,bcg_y,,,5.081999999999994
OXFORD_mv000039,154100,154100,273.906,274.464,0.5579999999999927,OXFORD,OXFORD_154100_BCG_3AXIS_seg0001_c0039,BCG_3AXIS,True,trained_model,0.03,0.1152183458145363,0.2118389486532843,0.1927063255280169,0.0478254360072324,0.0022872723292818,3.717074819426663,0.013275267212238,7.142857142857142,7.682589788270397,0.0007088926127036,0.2759965481192944,0.8969412720041608,bcg_y,,,0.8740000000000236
OXFORD_mv000040,154100,154100,276.006,276.488,0.4820000000000277,OXFORD,OXFORD_154100_BCG_3AXIS_seg0001_c0040,BCG_3AXIS,True,trained_model,0.0133333333333333,0.0835121808719073,0.1422549962116713,0.1266234161200956,0.0306176281311909,0.0009374391523798,1.6877768136636826,0.0069742843539821,4.132231404958678,6.714922511276431,0.0002545802218328,0.2636699313491253,0.8145641682935121,bcg_x,,,1.5419999999999732
OXFORD_mv000041,154100,154100,277.022,279.376,2.353999999999985,OXFORD,OXFORD_154100_BCG_3AXIS_seg0001_c0041,BCG_3AXIS,True,trained_model,0.2333333333333333,0.1078838514282656,0.2562403734269186,0.2545497954612587,0.0503575676899677,0.0025358846236496,13.710654120017406,0.0116389253989961,0.8488964346349746,4.80033177171897,0.0013819326856957,0.4448769941985739,0.6427225981354721,bcg_y,,,0.5339999999999918
OXFORD_mv000042,154100,154100,301.8,302.108,0.3079999999999927,OXFORD,OXFORD_154100_BCG_3AXIS_seg0001_c0042,BCG_3AXIS,True,trained_model,0.01,0.0700465349737681,0.1015329734045549,0.0930577966776246,0.0279670376120412,0.0007821551927933,0.7605101445838548,0.0049065170618313,6.493506493506493,6.791676863582948,0.0001272267192576,0.3060909268758235,0.9213843342581785,bcg_y,,,22.424000000000035
OXFORD_mv000043,154100,154100,302.642,303.602,0.9599999999999796,OXFORD,OXFORD_154100_BCG_3AXIS_seg0001_c0043,BCG_3AXIS,True,trained_model,0.0033333333333333,0.0726425015439555,0.1264002805634069,0.1096451942535723,0.0268903044355522,0.0007230884726366,2.5382047877010807,0.0052769330305635,8.333333333333334,6.824817033825295,0.0002162385652362,0.3942094366430654,0.5583809129058932,bcg_y,,,0.5339999999999918
OXFORD_mv000044,154100,154100,304.652,305.492,0.8400000000000318,OXFORD,OXFORD_154100_BCG_3AXIS_seg0001_c0044,BCG_3AXIS,True,trained_model,0.0033333333333333,0.0588766978441884,0.1163632953099563,0.1137651433419916,0.0229178418033291,0.0005252274729224,1.4593819961441017,0.0034664655490358,7.142857142857142,7.803780959168293,0.0001685174351003,0.4222423628324846,0.4777269022882741,bcg_y,,,1.0500000000000114
OXFORD_mv000045,154100,154100,306.158,306.972,0.8139999999999645,OXFORD,OXFORD_154100_BCG_3AXIS_seg0001_c0045,BCG_3AXIS,True,trained_model,0.15,0.0730295745528895,0.1581658569293677,0.156108873331055,0.033602770764005,0.0011291462030182,2.1759940538254288,0.005333318759376,4.901960784313725,5.220092123564341,0.0004612445019841,0.3201150349183633,0.4716825486601765,bcg_z,,,0.6659999999999968
OXFORD_mv000046,450569,450569,18.406,19.34,0.934000000000001,OXFORD,OXFORD_450569_BCG_3AXIS_seg0001_c0001,BCG_3AXIS,True,trained_model,0.03,0.0276916114969105,0.0835043410640107,0.0809968046162469,0.0155455536983025,0.0002416642397868,0.3588742625344486,0.0007668253472958,2.1367521367521367,8.683394976333629,4.675962298562788e-05,0.4865804333563762,0.6021366917331734,bcg_z,,,
OXFORD_mv000047,450569,450569,23.602,24.538,0.936,OXFORD,OXFORD_450569_BCG_3AXIS_seg0001_c0002,BCG_3AXIS,True,trained_model,0.0033333333333333,0.0302177563131105,0.0686188565542084,0.0651820056782487,0.013518201245295,0.0001827417649082,0.4282499016047115,0.0009131127965985,4.273504273504273,10.91285332836436,4.308591016406559e-05,0.5160527942530317,0.6050709345854343,bcg_z,,,4.2620000000000005
OXFORD_mv000048,450569,450569,26.164,28.016,1.8519999999999968,OXFORD,OXFORD_450569_BCG_3AXIS_seg0001_c0003,BCG_3AXIS,True,trained_model,0.04,0.0282958215955261,0.0995632146229984,0.0988048190486269,0.0152654309343555,0.0002330333816115,0.7422058128229352,0.0008006535197658,2.159827213822894,7.792255979566195,0.0001947347477495,0.5151332860154985,0.531863507892856,bcg_z,,,1.6260000000000012
OXFORD_mv000049,450569,450569,30.57,31.486,0.9160000000000004,OXFORD,OXFORD_450569_BCG_3AXIS_seg0001_c0004,BCG_3AXIS,True,trained_model,0.0066666666666666,0.0264339443498196,0.0541899952179747,0.0515384577325989,0.0127199727747622,0.0001617977073906,0.3207278169752174,0.0006987534138893,4.366812227074235,10.166557279439848,4.809438598103778e-05,0.4996587326855982,0.5035388693000538,bcg_z,,,2.554000000000002
OXFORD_mv000050,450569,450569,35.63,39.634,4.003999999999998,OXFORD,OXFORD_450569_BCG_3AXIS_seg0001_c0005,BCG_3AXIS,True,trained_model,0.08,0.0397832741439303,0.1151468089305708,0.1148687311491984,0.0205806170220237,0.0004235617970072,3.1701659299270704,0.0015827089016111,0.4995004995004994,5.528504472169413,0.0006666557761326,0.5132258661940386,0.5997999973964879,bcg_x,,,4.144000000000002
OXFORD_mv000051,450569,450569,87.292,87.59,0.2980000000000018,OXFORD,OXFORD_450569_BCG_3AXIS_seg0001_c0006,BCG_3AXIS,True,trained_model,0.0,0.0278959341787659,0.0480609449143593,0.0429538255097122,0.0108405297950111,0.0001175170862365,0.1167274715559065,0.000778183143706,6.666666666666667,7.456854619568541,8.566796240123688e-06,0.3298166760348904,0.5584479283776531,bcg_x,,,47.658
OXFORD_mv000052,450569,450569,114.706,115.33,0.6239999999999952,OXFORD,OXFORD_450569_BCG_3AXIS_seg0001_c0007,BCG_3AXIS,True,trained_model,0.0,0.0269670836614457,0.051852186408783,0.0461961551127196,0.0118211989475354,0.0001397407445572,0.2276209871766693,0.0007272236012034,3.2051282051282053,6.207388766271299,3.364944612205941e-05,0.3152491868228291,0.6991355251542009,bcg_x,,,27.116
OXFORD_mv000053,450569,450569,141.86,142.822,0.9619999999999892,OXFORD,OXFORD_450569_BCG_3AXIS_seg0001_c0008,BCG_3AXIS,True,trained_model,0.1366666666666666,0.0271513051613464,0.0622009344701219,0.0592031612197428,0.0137559615288191,0.0001892264775823,0.3553272052869171,0.0007371933719645,2.074688796680498,10.7956296655611,3.106945076248479e-05,0.4905216077947172,0.5054577858674838,bcg_x,,,26.530000000000015
OXFORD_mv000054,450569,450569,143.464,144.342,0.8780000000000143,OXFORD,OXFORD_450569_BCG_3AXIS_seg0001_c0009,BCG_3AXIS,True,trained_model,0.0033333333333333,0.036650199354131,0.0785041200140225,0.0767715503454439,0.0175795824820143,0.0003090417202419,0.5910243295869196,0.0013432371126975,4.545454545454546,8.01901488325977,9.31060212305359e-05,0.4525781065154123,0.4314110042339775,bcg_x,,,0.6419999999999959
OXFORD_mv000055,450569,450569,148.21,156.292,8.081999999999994,OXFORD,OXFORD_450569_BCG_3AXIS_seg0001_c0010,BCG_3AXIS,True,trained_model,0.0833333333333333,0.0257139582255034,0.0753926700375385,0.0747951587100008,0.0140095021809781,0.0001962661513588,2.6726013116919014,0.0006612076476229,1.2370113805047007,7.20876520716629,0.0005864083954249,0.5856049739534237,0.3667299761039506,bcg_x,,,3.867999999999995
OXFORD_mv000056,450569,450569,158.664,159.54,0.8760000000000048,OXFORD,OXFORD_450569_BCG_3AXIS_seg0001_c0011,BCG_3AXIS,True,trained_model,0.0333333333333333,0.0279932408168074,0.0678063209812737,0.065665085200511,0.0133518556127751,0.0001782720483043,0.344009852296794,0.0007836215314277,2.2831050228310503,9.68041873787863,2.90033154880544e-05,0.4916963482990816,0.3584455440029717,bcg_z,,,2.3719999999999857
OXFORD_mv000057,450569,450569,165.796,166.654,0.8580000000000041,OXFORD,OXFORD_450569_BCG_3AXIS_seg0001_c0012,BCG_3AXIS,True,trained_model,0.0066666666666666,0.026378503093082,0.0705016159726077,0.0677719003139213,0.0162675505715442,0.0002646332015977,0.299204932935647,0.0006958254254317,9.30232558139535,9.112406045120853,2.2497964945486008e-05,0.501954297576554,0.4434978254547296,bcg_z,,,6.256
OXFORD_mv000058,450569,450569,182.168,183.298,1.1299999999999957,OXFORD,OXFORD_450569_BCG_3AXIS_seg0001_c0013,BCG_3AXIS,True,trained_model,0.0,0.0282140684543866,0.0617380240212766,0.0579809136519754,0.0106734267898366,0.000113922039438,0.4505550508518305,0.0007960336587488,5.300353356890459,8.152277185030176,3.835140158357919e-05,0.4387831831892939,0.5307923131746798,bcg_x,,,15.51400000000001
OXFORD_mv000059,450569,450569,196.206,198.06,1.8540000000000127,OXFORD,OXFORD_450569_BCG_3AXIS_seg0001_c0014,BCG_3AXIS,True,trained_model,0.0466666666666666,0.0238323610443396,0.0551105460375104,0.0522020310691381,0.011398856336242,0.0001299339257742,0.5270867697755179,0.0005679814329477,2.155172413793103,8.185816657144677,0.0001055194455748,0.5360109629867604,0.3941644041739442,bcg_x,,,12.907999999999987
OXFORD_mv000060,450569,450569,199.73,200.71,0.9800000000000182,OXFORD,OXFORD_450569_BCG_3AXIS_seg0001_c0015,BCG_3AXIS,True,trained_model,0.04,0.0259936500527392,0.0613073885688165,0.0586256371252185,0.0126587543834158,0.0001602440625396,0.3317538929445564,0.0006756698430642,2.0408163265306123,9.829747149361662,3.14913893059062e-05,0.5097153431908102,0.6133375562780344,bcg_x,,,1.6699999999999875
OXFORD_mv000061,450569,450569,219.154,222.782,3.6280000000000143,OXFORD,OXFORD_450569_BCG_3AXIS_seg0001_c0016,BCG_3AXIS,True,trained_model,0.19,0.0419396366298987,0.1408780791895748,0.1377967269228572,0.0259744597266977,0.0006746725580938,3.1924636139760256,0.0017589331206479,0.5512679162072767,4.137669703939241,0.0008744724173724,0.4518387515115644,0.4974413286405104,bcg_x,,,18.44399999999999
OXFORD_mv000062,450569,450569,226.13,227.23,1.0999999999999943,OXFORD,OXFORD_450569_BCG_3AXIS_seg0001_c0017,BCG_3AXIS,True,trained_model,0.0566666666666666,0.0223960322289345,0.0567215294137845,0.0532030006288089,0.0108017873329296,0.0001166786095858,0.2763718250393118,0.0005015822595994,1.818181818181818,5.51495415410892,4.643606585415406e-05,0.4227102292886055,0.5725870863899968,bcg_x,,,3.3479999999999848
OXFORD_mv000063,450569,450569,255.456,255.822,0.3660000000000138,OXFORD,OXFORD_450569_BCG_3AXIS_seg0001_c0018,BCG_3AXIS,True,trained_model,0.2033333333333333,0.035285207921039,0.054029457072833,0.0367217687374942,0.0098300393880883,9.662967437136878e-05,0.2290884452376956,0.0012450458980309,5.434782608695652,12.900296680994083,9.624342920097584e-06,0.4223114825566784,0.459585438428798,bcg_x,,,28.226
OXFORD_mv000064,450569,450569,257.488,259.404,1.9159999999999968,OXFORD,OXFORD_450569_BCG_3AXIS_seg0001_c0019,BCG_3AXIS,True,trained_model,0.0133333333333333,0.025270476206135,0.0729396627146698,0.0695465913233753,0.0123911927623244,0.000153541658073,0.6124144920097598,0.0006385969676848,3.1315240083507305,7.45458891646248,0.0001145302807753,0.5131410539825565,0.5294946567854456,bcg_x,,,1.6659999999999968
OXFORD_mv000065,450569,450569,265.454,266.358,0.9039999999999964,OXFORD,OXFORD_450569_BCG_3AXIS_seg0001_c0020,BCG_3AXIS,True,trained_model,0.0,0.0258441715691568,0.0475058579102384,0.0432910880008148,0.0110245767255256,0.000121541291977,0.3025683054554954,0.000667921204096,4.424778761061947,6.721933544665856,3.235297918653997e-05,0.4356036584811009,0.5045123141280541,bcg_x,,,6.050000000000011
OXFORD_mv000066,450569,450569,268.768,269.928,1.160000000000025,OXFORD,OXFORD_450569_BCG_3AXIS_seg0001_c0021,BCG_3AXIS,True,trained_model,0.0033333333333333,0.0270080664656228,0.0602191354548093,0.0539229517030524,0.0097108672386802,9.430094252727338e-05,0.4238021150968834,0.0007294356542115,3.4482758620689657,8.106371728689268,3.606182403412753e-05,0.4331519910720587,0.6060262284352731,bcg_x,,,2.409999999999968
OXFORD_mv000067,450569,450569,270.704,271.792,1.0879999999999654,OXFORD,OXFORD_450569_BCG_3AXIS_seg0001_c0022,BCG_3AXIS,True,trained_model,0.0033333333333333,0.0309125628673231,0.061616588227284,0.0585204345324312,0.0115495963571887,0.0001333931760139,0.5207946659492815,0.0009555865430262,5.514705882352941,8.300354799368286,6.546410766853676e-05,0.461587821334935,0.3899911322574391,bcg_x,,,0.7760000000000105
OXFORD_mv000068,450569,450569,278.508,281.174,2.665999999999997,OXFORD,OXFORD_450569_BCG_3AXIS_seg0001_c0023,BCG_3AXIS,True,trained_model,0.0766666666666666,0.0297533579732567,0.0964229574436863,0.094859416836143,0.014170448856681,0.0002008016207998,1.1809399224534691,0.0008852623106847,0.7496251874062968,6.2045798130998575,0.000179968455249,0.5002267789536217,0.540502092828878,bcg_x,,,6.716000000000008
OXFORD_mv000069,450569,450569,284.52,285.682,1.1620000000000346,OXFORD,OXFORD_450569_BCG_3AXIS_seg0001_c0024,BCG_3AXIS,True,trained_model,0.0133333333333333,0.0251644461208343,0.0516420814187233,0.0504769302231114,0.0116244145527324,0.0001351270136937,0.3685511208667943,0.0006332493485683,3.436426116838488,6.088943927060543,0.0001045734259924,0.3862433408038505,0.6128029613816842,bcg_x,,,3.3460000000000036
OXFORD_mv000070,450569,450569,320.068,320.972,0.9039999999999964,OXFORD,OXFORD_450569_BCG_3AXIS_seg0001_c0025,BCG_3AXIS,True,trained_model,0.0266666666666666,0.02083809924953,0.0463763190912522,0.0414587074649983,0.0114062759303729,0.0001301031305998,0.1967045502909682,0.0004342263803332,2.2123893805309733,7.761657864292363,3.392167191007046e-05,0.4654287659749221,0.621534542091667,bcg_x,,,34.38599999999997
OXFORD_mv000071,450569,450569,325.278,326.232,0.9540000000000076,OXFORD,OXFORD_450569_BCG_3AXIS_seg0001_c0026,BCG_3AXIS,True,trained_model,0.0366666666666666,0.0269967075348404,0.0579132950784177,0.0548071437254222,0.0126893530115091,0.0001610196798506,0.3483770200709778,0.0007288222177217,2.092050209205021,6.9941563432135005,6.790936583236355e-05,0.4290239553345891,0.6434412340793881,bcg_x,,,4.30600000000004
OXFORD_mv000072,450569,450569,335.658,339.064,3.406000000000006,OXFORD,OXFORD_450569_BCG_3AXIS_seg0001_c0027,BCG_3AXIS,True,trained_model,0.0833333333333333,0.0293680656950863,0.0832389962265397,0.082679644706045,0.01433736978367,0.0002055601723136,1.469671513671224,0.0008624832826709,1.1737089201877935,5.926588004325096,0.0002967416860589,0.5296888641999025,0.5131056384620246,bcg_x,,,9.425999999999988
OXFORD_mv000073,450569,450569,345.06,346.028,0.9680000000000176,OXFORD,OXFORD_450569_BCG_3AXIS_seg0001_c0028,BCG_3AXIS,True,trained_model,0.1633333333333333,0.028729121534755,0.0672372218726531,0.064143004699149,0.0150934378983634,0.0002278118675917,0.4003007757169824,0.0008253624241587,2.066115702479339,5.235234670258208,5.92579235540197e-05,0.4102642715515903,0.4954799666421803,bcg_x,,,5.995999999999981
OXFORD_mv000074,450569,450569,354.48,357.11,2.6299999999999955,OXFORD,OXFORD_450569_BCG_3AXIS_seg0001_c0029,BCG_3AXIS,True,trained_model,0.2566666666666666,0.1000340625427942,0.4952056809742897,0.493539498549872,0.0777621868208315,0.0060469576991579,13.168966788161423,0.0100068136688156,0.7598784194528875,3.840522398348946,0.0050960725876143,0.3891721566813141,0.4729160446056615,bcg_x,,,8.451999999999998
OXFORD_mv000075,450569,450569,358.806,360.912,2.1059999999999945,OXFORD,OXFORD_450569_BCG_3AXIS_seg0001_c0030,BCG_3AXIS,True,trained_model,0.0433333333333333,0.0285989318505904,0.0805052412393243,0.0772828936876913,0.0147623521685361,0.0002179270415478,0.8620654437564332,0.0008178989029947,1.8975332068311197,7.727631203598374,0.0001637070581331,0.515532769257151,0.5721641415549751,bcg_x,,,1.6959999999999695
OXFORD_mv000076,450569,450569,381.906,382.882,0.9759999999999992,OXFORD,OXFORD_450569_BCG_3AXIS_seg0001_c0031,BCG_3AXIS,True,trained_model,0.0066666666666666,0.0319679753087029,0.0754649806251284,0.0688052467639663,0.0152921004205309,0.0002338483352716,0.4997342567702039,0.0010219514453378,8.19672131147541,8.258128495705114,8.287905331701079e-05,0.47900200753974,0.488781432138944,bcg_x,,,20.994000000000028
OXFORD_mv000077,450569,450569,384.292,385.924,1.632000000000005,OXFORD,OXFORD_450569_BCG_3AXIS_seg0001_c0032,BCG_3AXIS,True,trained_model,0.0733333333333333,0.0275318815661431,0.0682355820684228,0.0666891729710512,0.0155408632548399,0.0002415184307056,0.6192896786014338,0.0007580045025721,1.2254901960784312,6.276430386881975,0.0001465859784743,0.4677716674428272,0.4181792968926603,bcg_x,,,1.4099999999999682
OXFORD_mv000078,450569,450569,393.112,395.59,2.477999999999952,OXFORD,OXFORD_450569_BCG_3AXIS_seg0001_c0033,BCG_3AXIS,True,trained_model,0.0366666666666666,0.0268549342820735,0.0730136601930586,0.0718699050835695,0.0132378308626507,0.0001752401659481,0.8942724941651683,0.0007211874952944,2.419354838709677,9.06635048044448,0.000181093619885,0.5596968994812791,0.4436479072313022,bcg_x,,,7.188000000000045
OXFORD_mv000079,450569,450569,413.656,413.966,0.3100000000000023,OXFORD,OXFORD_450569_BCG_3AXIS_seg0001_c0034,BCG_3AXIS,True,trained_model,0.0,0.0387148997976496,0.0700120839171291,0.0638849377328469,0.0186252134736114,0.0003468985769375,0.2338195807493598,0.001498843466342,12.82051282051282,13.175838406195764,4.952017256294741e-05,0.38677680510725,0.4982438850980398,bcg_y,,,18.06600000000003
OXFORD_mv000080,450569,450569,441.972,444.84,2.867999999999995,OXFORD,OXFORD_450569_BCG_3AXIS_seg0001_c0035,BCG_3AXIS,True,trained_model,0.18,0.0276149309834539,0.0751251928835261,0.0732024976549105,0.0143210735753226,0.0002050931483498,1.094308632972031,0.0007625844132209,0.697350069735007,5.300467455377022,0.0001736177352057,0.4884714406971382,0.4910534749220908,bcg_x,,,28.005999999999972
OXFORD_mv000081,450569,450569,445.398,447.192,1.7939999999999827,OXFORD,OXFORD_450569_BCG_3AXIS_seg0001_c0036,BCG_3AXIS,True,trained_model,0.0133333333333333,0.0257789787666316,0.0624174716459282,0.0617016774108717,0.0126627369208914,0.0001603449063277,0.5967710601329018,0.0006645557462504,4.4543429844098,11.004073363960408,0.0001001678545334,0.5685370543901473,0.5720911425895916,bcg_x,,,0.5580000000000496
OXFORD_mv000082,450569,450569,447.952,449.076,1.1240000000000236,OXFORD,OXFORD_450569_BCG_3AXIS_seg0001_c0037,BCG_3AXIS,True,trained_model,0.06,0.0367895016746106,0.1195065628987183,0.1160863167851019,0.0213024211030584,0.000453793144852,0.7620021650414596,0.0013534674334661,1.779359430604982,7.3234309418854995,0.000155486699093,0.4604120317474837,0.6004439884110904,bcg_x,,,0.7599999999999909
OXFORD_mv000083,450569,450569,449.642,450.57,0.9279999999999972,OXFORD,OXFORD_450569_BCG_3AXIS_seg0001_c0038,BCG_3AXIS,True,trained_model,0.0,0.0307680937853429,0.0685158338966216,0.0655987978936553,0.0128207327180334,0.0001643711874272,0.4402041517604007,0.0009466755951836,6.46551724137931,7.536873389662474,2.9781097419595853e-05,0.4517249176024192,0.3729463502399489,bcg_x,,,0.5659999999999741
OXFORD_mv000084,450569,450569,453.052,456.552,3.5,OXFORD,OXFORD_450569_BCG_3AXIS_seg0001_c0039,BCG_3AXIS,True,trained_model,0.02,0.0333823142063045,0.1020421549011105,0.0959823937290351,0.0150172593686504,0.0002255180789453,1.9512774569965423,0.0011143789017684,4.571428571428571,7.256167209647284,0.0003550756369246,0.552593377747611,0.506988226374847,bcg_x,,,2.4820000000000277
OXFORD_mv000085,450569,450569,457.058,457.92,0.8620000000000232,OXFORD,OXFORD_450569_BCG_3AXIS_seg0001_c0040,BCG_3AXIS,True,trained_model,0.03,0.0241829926170788,0.0628699684563384,0.0607668244063894,0.0127466422054014,0.0001624768875125,0.2526410009884419,0.0005848171319176,2.314814814814815,7.423010055961441,2.8940076714573212e-05,0.4595372286862413,0.4408764564165099,bcg_x,,,0.5059999999999718
OXFORD_mv000086,450569,450569,458.552,461.118,2.565999999999974,OXFORD,OXFORD_450569_BCG_3AXIS_seg0001_c0041,BCG_3AXIS,True,trained_model,0.0766666666666666,0.0391568114299662,0.0976361794051985,0.0934692617308947,0.0184325967882303,0.0003397606243574,1.9687005516687257,0.0015332558813619,0.778816199376947,6.290873137096956,0.0002679862970382,0.5150612974683405,0.4919283569462954,bcg_x,,,0.632000000000005
OXFORD_mv000087,450569,450569,464.954,467.348,2.394000000000005,OXFORD,OXFORD_450569_BCG_3AXIS_seg0001_c0042,BCG_3AXIS,True,trained_model,0.0133333333333333,0.0276642938540844,0.0682787282608207,0.0657523558338402,0.0125353068173134,0.0001571339170041,0.9168451590252706,0.0007653131544451,4.173622704507513,9.067289933472562,0.0001475237849471,0.5266355748616192,0.3818282941703775,bcg_x,,,3.8360000000000127
OXFORD_mv000088,450569,450569,468.846,470.47,1.6240000000000236,OXFORD,OXFORD_450569_BCG_3AXIS_seg0001_c0043,BCG_3AXIS,True,trained_model,0.0333333333333333,0.023115474429005,0.054259737133081,0.051954648131634,0.011876503844185,0.0001410513435609,0.4344063535174015,0.0005343251580779,2.463054187192118,9.57606335604741,9.284790363091292e-05,0.5383674380087872,0.4176383270509449,bcg_y,,,1.4979999999999905
OXFORD_mv000089,450569,450569,506.818,508.638,1.8199999999999927,OXFORD,OXFORD_450569_BCG_3AXIS_seg0001_c0044,BCG_3AXIS,True,trained_model,0.0766666666666666,0.0495555836896791,0.1294964693676699,0.1264892152108478,0.0236847702816877,0.0005609683432963,2.237193601965388,0.0024557558748247,1.0989010989010988,6.562780959935208,0.0004416004120665,0.5067601941437186,0.6669459272167574,bcg_x,,,36.347999999999956
OXFORD_mv000090,450569,450569,509.146,509.502,0.3559999999999945,OXFORD,OXFORD_450569_BCG_3AXIS_seg0001_c0045,BCG_3AXIS,True,trained_model,0.0033333333333333,0.0462305039670954,0.1014891113133638,0.0948574108208561,0.0225963485994655,0.0005105949700285,0.3825694499722416,0.0021372594970516,5.617977528089888,11.995553009597849,4.66068104673208e-05,0.4306384222129703,0.6957309442703847,bcg_x,,,0.5080000000000382
OXFORD_mv000091,450569,450569,510.174,511.15,0.9759999999999992,OXFORD,OXFORD_450569_BCG_3AXIS_seg0001_c0046,BCG_3AXIS,True,trained_model,0.0433333333333333,0.051854591573197,0.1846829388271494,0.1835138674120873,0.03821600137034,0.0014604627607378,1.314871448272086,0.002688898667223,2.0491803278688523,6.237281724716572,0.0005848981446849,0.4081007715477459,0.7208011645873776,bcg_x,,,0.6719999999999686
OXFORD_mv000092,450569,450569,513.482,514.358,0.8759999999999764,OXFORD,OXFORD_450569_BCG_3AXIS_seg0001_c0047,BCG_3AXIS,True,trained_model,0.0066666666666666,0.0266775870862092,0.0706163133942371,0.0691887105067087,0.0137775089202617,0.0001898197520478,0.3124335135538591,0.0007116936527422,4.566210045662101,10.370387661555274,3.124165591908634e-05,0.4977395255552939,0.3841630002289142,bcg_x,,,2.3319999999999936
OXFORD_mv000093,450569,450569,535.298,536.514,1.2160000000000082,OXFORD,OXFORD_450569_BCG_3AXIS_seg0001_c0048,BCG_3AXIS,True,trained_model,0.01,0.0313924217419145,0.0695412783822336,0.0682288187475209,0.014315057801056,0.0002049208798475,0.6001598429787385,0.0009854841428222,3.2894736842105265,6.786886889342143,0.000107817010175,0.4747410181414607,0.5409577665674721,bcg_x,,,20.940000000000055
OXFORD_mv000094,450569,450569,600.89,601.848,0.95799999999997,OXFORD,OXFORD_450569_BCG_3AXIS_seg0001_c0049,BCG_3AXIS,True,trained_model,0.03,0.0301385846975852,0.0728704324837384,0.0713149376501667,0.0166487527925059,0.0002771809695459,0.4360004580352902,0.0009083342875735,2.083333333333333,6.585947174341738,3.957541845471796e-05,0.4491799049718001,0.4367976012348957,bcg_z,,,64.37599999999998
OXFORD_mv000095,450569,450569,609.138,609.436,0.2980000000000018,OXFORD,OXFORD_450569_BCG_3AXIS_seg0001_c0050,BCG_3AXIS,True,trained_model,0.2066666666666666,0.0422102382334063,0.0935053785030178,0.0906457859117785,0.0231212508156785,0.0005345922392815,0.2672556317581374,0.0017817042117209,6.666666666666667,12.137288434574662,4.476730163209911e-05,0.4162161304180083,0.5668984747714081,bcg_x,,,7.290000000000077
OXFORD_mv000096,450569,450569,610.154,611.092,0.9379999999999882,OXFORD,OXFORD_450569_BCG_3AXIS_seg0001_c0051,BCG_3AXIS,True,trained_model,0.1533333333333333,0.0294515352610847,0.0671370931446719,0.0663141730291212,0.0169264845933357,0.0002865058806884,0.4076746767404107,0.0008673929292349,2.127659574468085,5.276786159063625,5.327846266645843e-05,0.3773011497431006,0.4975770121988011,bcg_x,,,0.7179999999999609
OXFORD_mv000097,450569,450569,626.412,628.128,1.7160000000000082,OXFORD,OXFORD_450569_BCG_3AXIS_seg0001_c0052,BCG_3AXIS,True,trained_model,0.0766666666666666,0.0323570534208165,0.0709024908857396,0.0701349494105228,0.0141026048981607,0.0001988834649136,0.8993548803206388,0.0010469789060775,1.1655011655011656,6.804264434203522,0.000143600274519,0.5081172963324273,0.4705428116884699,bcg_x,,,15.32000000000005
OXFORD_mv000098,450569,450569,630.628,634.022,3.394000000000005,OXFORD,OXFORD_450569_BCG_3AXIS_seg0001_c0053,BCG_3AXIS,True,trained_model,0.08,0.044385481252942,0.196603253026112,0.1948652842766641,0.0254813193625347,0.0006492976364554,3.345180466401855,0.0019700709460552,1.7667844522968197,7.648681815056695,0.0005633132715408,0.556821943472599,0.6748473568087965,bcg_x,,,2.5
OXFORD_mv000099,450569,450569,653.784,654.124,0.3400000000000318,OXFORD,OXFORD_450569_BCG_3AXIS_seg0001_c0054,BCG_3AXIS,True,trained_model,0.0,0.026744771296682,0.0538209022903552,0.0520739988516332,0.0141534209807105,0.0002003193254572,0.1223133573827225,0.0007152827917118,5.88235294117647,11.157286998698178,1.4329871083995372e-05,0.3845858594699576,0.3771006310256273,bcg_x,,,19.761999999999944
OXFORD_mv000100,450569,450569,693.716,694.666,0.9500000000000456,OXFORD,OXFORD_450569_BCG_3AXIS_seg0001_c0055,BCG_3AXIS,True,trained_model,0.03,0.0267193164819931,0.0680475658211485,0.0660610431230748,0.0159343854547057,0.0002539046398191,0.3398268116740965,0.0007139218732649,2.100840336134453,6.682924197736738,4.110025648645247e-05,0.4309895015228979,0.4333206086805682,bcg_x,,,39.591999999999985
OXFORD_mv000101,450569,450569,747.724,749.298,1.5739999999999554,OXFORD,OXFORD_450569_BCG_3AXIS_seg0001_c0056,BCG_3AXIS,True,trained_model,0.08,0.0496402918450545,0.1750051653110314,0.1719874977987832,0.0297425967168903,0.0008846220594635,1.9417569566762043,0.0024641585744621,1.269035532994924,7.687081739201483,0.0006303037031908,0.482970961658038,0.7587445650307019,bcg_x,,,53.05799999999999
OXFORD_mv000102,450569,450569,749.834,751.718,1.8840000000000143,OXFORD,OXFORD_450569_BCG_3AXIS_seg0001_c0057,BCG_3AXIS,True,trained_model,0.08,0.0245826302301336,0.0706502976247904,0.0702034136041092,0.0139095434026367,0.0001934753976698,0.5698602836166861,0.0006043057090314,1.0615711252653928,7.172122572787663,0.0001252348797676,0.5083861685971377,0.5484325597243009,bcg_x,,,0.5359999999999445
OXFORD_mv000103,450569,450569,791.848,792.832,0.9840000000000372,OXFORD,OXFORD_450569_BCG_3AXIS_seg0001_c0058,BCG_3AXIS,True,trained_model,0.0033333333333333,0.0285553147322511,0.0668982505761351,0.0657107763874132,0.0133464639990744,0.0001781281012785,0.4019951577327548,0.0008154059994579,6.097560975609756,5.812521529565522,4.133463678914058e-05,0.4191237995556949,0.5849465206314206,bcg_x,,,40.129999999999995
OXFORD_mv000104,450569,450569,800.332,800.656,0.3239999999999554,OXFORD,OXFORD_450569_BCG_3AXIS_seg0001_c0059,BCG_3AXIS,True,trained_model,0.0,0.038111169372828,0.0730485378325959,0.0683573348723734,0.0170165826211678,0.000289564084103,0.2367511806471944,0.0014524612309643,6.172839506172839,12.185171788004167,3.410899855945483e-05,0.4400408434921194,0.5830501365959917,bcg_x,,,7.5
OXFORD_mv000105,450569,450569,802.358,803.574,1.2160000000000082,OXFORD,OXFORD_450569_BCG_3AXIS_seg0001_c0060,BCG_3AXIS,True,trained_model,0.0133333333333333,0.0569643464193636,0.1773315522824051,0.1747762028936039,0.0331261833735527,0.0010973440248982,1.97616648865803,0.0032449367629852,3.2894736842105265,6.278393539004536,0.0007305967215692,0.4440318423775196,0.6973432299048102,bcg_x,,,1.7019999999999982
OXFORD_mv000106,450569,450569,804.944,806.026,1.0819999999999936,OXFORD,OXFORD_450569_BCG_3AXIS_seg0001_c0061,BCG_3AXIS,True,trained_model,0.17,0.0270613931150001,0.0722575434782331,0.0700796952738207,0.0150088875117257,0.0002252667043396,0.3969168965499199,0.0007323189973245,1.8450184501845015,5.157316597307618,4.372063367233821e-05,0.4205704287017033,0.4324678366602915,bcg_z,,,1.3700000000000045
OXFORD_mv000107,450569,450569,806.608,807.622,1.01400000000001,OXFORD,OXFORD_450569_BCG_3AXIS_seg0001_c0062,BCG_3AXIS,True,trained_model,0.0366666666666666,0.0492081951079108,0.1593417634965908,0.1528774460432955,0.0339419962885389,0.0011520591120511,1.2300948046153382,0.0024214464657782,1.968503937007874,7.302999897405431,0.0002769070090875,0.4394969035787044,0.6972388914805374,bcg_x,,,0.5819999999999936
OXFORD_mv000108,450569,450569,809.152,810.91,1.7579999999999243,OXFORD,OXFORD_450569_BCG_3AXIS_seg0001_c0063,BCG_3AXIS,True,trained_model,0.0766666666666666,0.0375487295292811,0.125456810716663,0.1208045285468077,0.0218413283678506,0.0004770436248722,1.2407182385515378,0.0014099070892631,1.1363636363636365,7.557152932836397,0.0001552683671402,0.517256492593231,0.3991436010373435,bcg_y,,,1.5300000000000864
OXFORD_mv000109,450569,450569,813.842,814.246,0.4039999999999963,OXFORD,OXFORD_450569_BCG_3AXIS_seg0001_c0064,BCG_3AXIS,True,trained_model,0.0033333333333333,0.0404178854030684,0.0810536848616842,0.0766746019166357,0.0185016250452202,0.0003423101293139,0.3316219084724812,0.0016336054604555,9.9009900990099,11.356387589656396,6.152617953262114e-05,0.4094216841113039,0.3837988674415282,bcg_y,,,2.9320000000000164
OXFORD_mv000110,450569,450569,816.482,817.508,1.0260000000000673,OXFORD,OXFORD_450569_BCG_3AXIS_seg0001_c0065,BCG_3AXIS,True,trained_model,0.1666666666666666,0.0367777026030644,0.0835540139479698,0.079542280053175,0.0188208332141093,0.0003542237628733,0.6952360961023605,0.0013525994087594,1.9455252918287935,4.749430848258671,0.0002070208533019,0.3851575687147819,0.3517629597989651,bcg_x,,,2.23599999999999
OXFORD_mv000111,450569,450569,819.756,823.866,4.110000000000014,OXFORD,OXFORD_450569_BCG_3AXIS_seg0001_c0066,BCG_3AXIS,True,trained_model,0.0866666666666666,0.0342334187253766,0.0932169482808034,0.0922033111774823,0.0160908140616693,0.0002589142971672,2.409481824881053,0.0011719269576269,0.4863813229571984,6.072175771115893,0.0003337697304167,0.5319260250994308,0.4138632386687509,bcg_y,,,2.2479999999999336
OXFORD_mv000112,450569,450569,824.602,825.576,0.9740000000000464,OXFORD,OXFORD_450569_BCG_3AXIS_seg0001_c0067,BCG_3AXIS,True,trained_model,0.0,0.0266679125773544,0.0588918066652179,0.0568529848004052,0.0122684293079135,0.0001505143576832,0.3470546498819082,0.0007111775612334,4.098360655737705,7.345937128377475,4.67848555633796e-05,0.4387674915801721,0.371763187247675,bcg_z,,,0.73599999999999
OXFORD_mv000113,450569,450569,826.214,827.052,0.8379999999999654,OXFORD,OXFORD_450569_BCG_3AXIS_seg0001_c0068,BCG_3AXIS,True,trained_model,0.0,0.0279407373061094,0.0787676731993059,0.0756771663266212,0.0133580826341928,0.0001784383716619,0.3278876165077872,0.000780684801209,11.904761904761903,10.42543625511774,2.70522772871848e-05,0.4388355250492199,0.4006934293456177,bcg_x,,,0.6380000000000337
OXFORD_mv000114,450569,450569,827.72,830.416,2.6960000000000264,OXFORD,OXFORD_450569_BCG_3AXIS_seg0001_c0069,BCG_3AXIS,True,trained_model,0.0433333333333333,0.0292600987135673,0.0951215022690543,0.0934514448746732,0.0162938102527861,0.0002654882525537,1.154950905205672,0.0008561533767277,2.225519287833828,5.852727348413947,0.000188363497947,0.5020091505168572,0.3852775468245635,bcg_x,,,0.6680000000000064
OXFORD_mv000115,450569,450569,831.678,832.636,0.95799999999997,OXFORD,OXFORD_450569_BCG_3AXIS_seg0001_c0070,BCG_3AXIS,True,trained_model,0.0366666666666666,0.0290247957011377,0.0784522635168817,0.0745471977380374,0.0148200360464383,0.0002196334684177,0.4043706074365372,0.0008424387654927,2.083333333333333,6.027689381283523,5.042043372873588e-05,0.4369502252657603,0.4968162607733298,bcg_y,,,1.2619999999999436
OXFORD_mv000116,450569,450569,833.298,835.832,2.533999999999992,OXFORD,OXFORD_450569_BCG_3AXIS_seg0001_c0071,BCG_3AXIS,True,trained_model,0.08,0.0310579898882623,0.1009145767200221,0.0989142592981902,0.0167719773541671,0.0002812992243686,1.2231111971204485,0.0009645987358994,0.7886435331230284,5.886861940115775,0.0003043875565321,0.5021805669749697,0.4123132548178356,bcg_y,,,0.6620000000000346
OXFORD_mv000117,450569,450569,847.474,848.444,0.9699999999999136,OXFORD,OXFORD_450569_BCG_3AXIS_seg0001_c0072,BCG_3AXIS,True,trained_model,0.04,0.03084048142136,0.0653514480096339,0.0554593131761742,0.0117250264402103,0.0001374762450236,0.4622517530304096,0.0009511352943012,2.05761316872428,8.991656552063949,4.010944613493414e-05,0.4883494486476685,0.4462500466898743,bcg_x,,,11.642000000000053
OXFORD_mv000118,450569,450569,849.01,849.816,0.80600000000004,OXFORD,OXFORD_450569_BCG_3AXIS_seg0001_c0073,BCG_3AXIS,True,trained_model,0.0,0.0242068493962008,0.0529582730904235,0.0475775718313446,0.0112170200110766,0.0001258215379288,0.236732509306901,0.0005859715576903,4.950495049504951,8.215145089428328,2.212711821269414e-05,0.4641229598961525,0.4709246384835958,bcg_x,,,0.5660000000000309
OXFORD_mv000119,450569,450569,857.56,860.0,2.4400000000000546,OXFORD,OXFORD_450569_BCG_3AXIS_seg0001_c0074,BCG_3AXIS,True,trained_model,0.07,0.0322148630493533,0.071158501678795,0.0681061227825453,0.0153832564362157,0.0002366445785823,1.267150626973374,0.0010377974012885,1.639344262295082,8.064753158110072,0.0002004600863243,0.5482440666021092,0.6166183528644573,bcg_x,,,7.7439999999999145
OXFORD_mv000120,450569,450569,865.744,866.93,1.1859999999999218,OXFORD,OXFORD_450569_BCG_3AXIS_seg0001_c0075,BCG_3AXIS,True,trained_model,0.0666666666666666,0.0520728576496078,0.1236187065756756,0.119552294379956,0.0262999092534246,0.0006916852267383,1.6106800072550165,0.0027115825037963,1.6835016835016836,11.03482924912142,0.0002350442611391,0.4950588011691638,0.617704097732983,bcg_x,,,5.744000000000028
OXFORD_mv000121,450663,450663,0.0,3.632,3.632,OXFORD,OXFORD_450663_BCG_3AXIS_seg0001_c0001,BCG_3AXIS,True,trained_model,0.1733333333333333,0.1421579660190705,1.6781853144034846,1.6758654081285986,0.1256217217943549,0.0157808169865783,36.71954822896813,0.0202088873026792,0.5506607929515418,6.12364591454806,0.0039090860055392,0.5331014445906043,0.5364212831962208,bcg_z,,,
OXFORD_mv000122,450663,450663,37.642,38.58,0.9379999999999952,OXFORD,OXFORD_450663_BCG_3AXIS_seg0001_c0002,BCG_3AXIS,True,trained_model,0.0033333333333333,0.0856242293099536,0.1436261785756579,0.1265303564252488,0.028641652116647,0.000820344235971,3.445809063114054,0.0073315086449235,10.638297872340424,10.366448738186868,0.0003774070249391,0.3545786747751453,0.7143449790851035,bcg_y,,,34.010000000000005
OXFORD_mv000123,450663,450663,103.54,105.006,1.465999999999994,OXFORD,OXFORD_450663_BCG_3AXIS_seg0001_c0003,BCG_3AXIS,True,trained_model,0.0233333333333333,0.0393136751903396,0.1270778023880648,0.1245034896973196,0.0202811615086582,0.0004113255121402,1.1344447518170997,0.0015455650569715,2.724795640326976,7.8638015332912,0.0003955473467492,0.5041091926327584,0.5815272928447531,bcg_z,,,64.96000000000001
OXFORD_mv000124,450663,450663,105.642,106.086,0.4440000000000026,OXFORD,OXFORD_450663_BCG_3AXIS_seg0001_c0004,BCG_3AXIS,True,trained_model,0.0,0.0346906402077233,0.0833117626139548,0.0748858252695725,0.0156213717765533,0.0002440272561812,0.2683672355188409,0.0012034405180217,4.504504504504505,8.674478999497946,1.936859223812844e-05,0.3657268368243577,0.4680012220469761,bcg_z,,,0.6359999999999957
OXFORD_mv000125,450663,450663,121.024,124.218,3.1940000000000026,OXFORD,OXFORD_450663_BCG_3AXIS_seg0001_c0005,BCG_3AXIS,True,trained_model,0.13,0.1058877024337162,0.3568246194574279,0.349519357485993,0.0638778265576766,0.0040803767257326,17.91710443165259,0.0112122055266912,1.2515644555694618,6.155979514750008,0.001737060385833,0.4949350550287008,0.5226173900469366,bcg_y,,,14.938000000000002
OXFORD_mv000126,450663,450663,146.158,146.508,0.3500000000000227,OXFORD,OXFORD_450663_BCG_3AXIS_seg0001_c0006,BCG_3AXIS,True,trained_model,0.0,0.0594236092751048,0.1164141769205158,0.1007414149660897,0.0245670567479459,0.0006035402772567,0.6214850997133379,0.0035311653392803,11.363636363636363,11.754500622420847,0.0001245289772933,0.3681529111623676,0.4126377663500516,bcg_x,,,21.939999999999984
OXFORD_mv000127,450663,450663,157.932,159.326,1.3940000000000057,OXFORD,OXFORD_450663_BCG_3AXIS_seg0001_c0007,BCG_3AXIS,True,trained_model,0.1866666666666666,0.0513746457743544,0.0980621388327623,0.0936812765950273,0.0230891943588116,0.0005331108961389,1.842269251451396,0.0026393542284403,1.4326647564469912,5.157159149606438,0.0003486648991688,0.3993438591510693,0.5325520504500554,bcg_y,,,11.423999999999978
OXFORD_mv000128,450663,450663,164.832,166.144,1.3120000000000118,OXFORD,OXFORD_450663_BCG_3AXIS_seg0001_c0008,BCG_3AXIS,True,trained_model,0.18,0.0405298180525812,0.1059624790644046,0.10126573670917,0.019557889739954,0.0003825110510801,1.0792316614536,0.0016426661513753,1.524390243902439,5.317188282532211,0.0002534612480711,0.4316213896205668,0.486934521325912,bcg_x,,,5.506
OXFORD_mv000129,450663,450663,168.986,169.4,0.4140000000000157,OXFORD,OXFORD_450663_BCG_3AXIS_seg0001_c0009,BCG_3AXIS,True,trained_model,0.03,0.0405571594209393,0.0745723525039797,0.0685958303254734,0.0161979749369916,0.0002623743920594,0.3421357015014609,0.0016448831802954,14.423076923076923,14.63517394667203,3.356736937406356e-05,0.4342090011266431,0.4504003431573339,bcg_z,,,2.8419999999999845
OXFORD_mv000130,450663,450663,177.204,177.848,0.6440000000000055,OXFORD,OXFORD_450663_BCG_3AXIS_seg0001_c0010,BCG_3AXIS,True,trained_model,0.01,0.052803034063883,0.0934587670768322,0.0850713217692289,0.0217956336276881,0.0004750496452324,0.900575811251565,0.0027881604063515,3.1055900621118013,6.4396745054883,0.0001503235621873,0.3358501615727278,0.5676376247633983,bcg_x,,,7.804000000000002
OXFORD_mv000131,450663,450663,198.114,200.224,2.109999999999985,OXFORD,OXFORD_450663_BCG_3AXIS_seg0001_c0011,BCG_3AXIS,True,trained_model,0.19,0.0413911952972847,0.1292827125176223,0.1260852816789828,0.0227609488856603,0.0005180607941756,1.8091719868336968,0.0017132310481379,0.9469696969696968,4.253927538273865,0.0003173253332277,0.4032071935877772,0.5995845199499554,bcg_z,,,20.26599999999999
OXFORD_mv000132,450663,450663,209.346,209.702,0.3559999999999945,OXFORD,OXFORD_450663_BCG_3AXIS_seg0001_c0012,BCG_3AXIS,True,trained_model,0.0,0.0456024235173931,0.0729833036048965,0.061930902634037,0.0144512355335228,0.0002088382084453,0.3722450044880852,0.0020795810306596,11.235955056179776,11.48497363434661,3.829864753957784e-05,0.3989667992076844,0.5807053668730571,bcg_z,,,9.122000000000014
OXFORD_mv000133,450663,450663,217.706,218.81,1.1040000000000134,OXFORD,OXFORD_450663_BCG_3AXIS_seg0001_c0013,BCG_3AXIS,True,trained_model,0.0033333333333333,0.0288645241475645,0.0566629942333169,0.0532151993933082,0.0128053657601053,0.00016397739225,0.4607378971087324,0.0008331607542653,7.246376811594202,9.66295101750623,5.0136520940952616e-05,0.4869567988804293,0.4589717701701393,bcg_y,,,8.00399999999999
OXFORD_mv000134,450663,450663,236.348,236.702,0.353999999999985,OXFORD,OXFORD_450663_BCG_3AXIS_seg0001_c0014,BCG_3AXIS,True,trained_model,0.2066666666666666,0.0339590407544126,0.0561081659352287,0.0441089986157509,0.0107586626639895,0.0001157488223175,0.2052725279148549,0.0011532164489598,5.617977528089888,13.931910254796326,6.5628418228120754e-06,0.4880353862517025,0.5623952367514096,bcg_z,,,17.53800000000001
OXFORD_mv000135,450663,450663,274.034,274.898,0.8640000000000327,OXFORD,OXFORD_450663_BCG_3AXIS_seg0001_c0015,BCG_3AXIS,True,trained_model,0.0033333333333333,0.0286790135324903,0.0554640118612423,0.0499053435369918,0.0100697965545815,0.0001014008026506,0.356136358846199,0.0008224858171967,11.574074074074074,11.28617007864221,3.18699486574577e-05,0.4993844034257719,0.33633118296722,bcg_z,,,37.331999999999994
OXFORD_mv000136,450663,450663,282.326,282.708,0.382000000000005,OXFORD,OXFORD_450663_BCG_3AXIS_seg0001_c0016,BCG_3AXIS,True,trained_model,0.0,0.0291735549809079,0.054112326539055,0.0503714345265716,0.0128454304961064,0.0001650050846303,0.1634104915630193,0.000851096310224,5.208333333333333,9.205604711634734,2.302440430086617e-05,0.3686811209675795,0.6958100252951804,bcg_z,,,7.427999999999997
OXFORD_mv000137,450663,450663,284.142,284.934,0.79200000000003,OXFORD,OXFORD_450663_BCG_3AXIS_seg0001_c0017,BCG_3AXIS,True,trained_model,0.0166666666666666,0.0824367533090131,0.181171689960134,0.171399929901648,0.0411962387176727,0.0016971300844834,2.697939863564044,0.006795818296131,10.1010101010101,9.221300167416633,0.0004551738912921,0.4397226048427555,0.6799719936231338,bcg_z,,,1.433999999999969
OXFORD_mv000138,450663,450663,293.896,295.634,1.7379999999999995,OXFORD,OXFORD_450663_BCG_3AXIS_seg0001_c0018,BCG_3AXIS,True,trained_model,0.19,0.043353181744196,0.1162683322544021,0.1143852232928769,0.0237049631334221,0.0005619252771569,1.6351635795904074,0.0018794983673452,1.1494252873563218,4.071453425153456,0.0002844398278418,0.398493934603177,0.4581882332390776,bcg_x,,,8.961999999999989
OXFORD_mv000139,450663,450663,297.998,300.834,2.8360000000000127,OXFORD,OXFORD_450663_BCG_3AXIS_seg0001_c0019,BCG_3AXIS,True,trained_model,0.19,0.0541809447010455,0.1145752987283226,0.1087835815370591,0.0266686312578489,0.0007112158931671,4.1655805967821165,0.0029355747686977,0.7052186177715092,4.636495245102459,0.0006271693354085,0.464389741153483,0.4192866971811285,bcg_y,,,2.363999999999976
OXFORD_mv000140,450663,450663,308.64,309.066,0.4259999999999877,OXFORD,OXFORD_450663_BCG_3AXIS_seg0001_c0020,BCG_3AXIS,True,trained_model,0.0,0.0346134088467226,0.0526198560720478,0.0399341092740864,0.0109195004172915,0.0001192354893632,0.2563908474059413,0.0011980880719903,9.345794392523365,10.935432209526706,2.714718723738494e-05,0.244170837949167,0.5583516207790379,bcg_y,,,7.805999999999983
OXFORD_mv000141,450663,450663,341.328,341.844,0.5160000000000196,OXFORD,OXFORD_450663_BCG_3AXIS_seg0001_c0021,BCG_3AXIS,True,trained_model,0.0,0.0266663987677472,0.0463263863612566,0.0456219546388953,0.0113387238722318,0.0001285666590507,0.1841740772192923,0.0007110968232405,7.751937984496124,9.053689550454022,2.0597866547074923e-05,0.3296697088749692,0.5920501721468345,bcg_y,,,32.262
OXFORD_mv000142,450663,450663,432.98,436.11,3.1299999999999955,OXFORD,OXFORD_450663_BCG_3AXIS_seg0001_c0022,BCG_3AXIS,True,trained_model,0.0166666666666666,0.0440186796267662,0.1515322522146849,0.148815024268773,0.0232195171220894,0.000539145975383,3.0343507484273617,0.0019376441560838,8.939974457215836,7.191339463599854,0.0007906251631718,0.5342704892238442,0.6090067631735752,bcg_y,,,91.13600000000002
OXFORD_mv000143,450663,450663,469.368,470.374,1.0060000000000286,OXFORD,OXFORD_450663_BCG_3AXIS_seg0001_c0023,BCG_3AXIS,True,trained_model,0.04,0.0508404659647792,0.0923389111700432,0.088534098849596,0.0216608724234468,0.0004691933941448,1.3027155016760017,0.0025847529795158,1.984126984126984,6.742062677620709,0.0002337098863147,0.3951988833824357,0.7697332215771726,bcg_y,,,33.25799999999998
OXFORD_mv000144,450663,450663,491.304,492.218,0.914000000000044,OXFORD,OXFORD_450663_BCG_3AXIS_seg0001_c0024,BCG_3AXIS,True,trained_model,0.03,0.0442583464956636,0.086513656592927,0.0856919909048614,0.0196579035700372,0.0003864331727688,0.8971309654148423,0.0019588012345302,2.1834061135371177,8.608972905845377,8.71666934232784e-05,0.4577162330016129,0.5031549016471377,bcg_y,,,20.92999999999995
OXFORD_mv000145,450663,450663,517.828,519.574,1.745999999999981,OXFORD,OXFORD_450663_BCG_3AXIS_seg0001_c0025,BCG_3AXIS,True,trained_model,0.19,0.0434530684470183,0.0894073672564728,0.082820542050782,0.0185981393067266,0.0003458907856724,1.650259843621146,0.0018881691574612,1.1441647597254003,4.354540078684415,0.0001650447337905,0.4110584916946622,0.6170218781870807,bcg_x,,,25.609999999999957
OXFORD_mv000146,450663,450663,542.538,543.022,0.4840000000000373,OXFORD,OXFORD_450663_BCG_3AXIS_seg0001_c0026,BCG_3AXIS,True,trained_model,0.0,0.0302910691385452,0.0504066418208451,0.0397508815595641,0.0092954029155827,8.640451536302352e-05,0.2229643753021388,0.0009175488695561,8.264462809917356,8.534303918513714,1.6651839509736668e-05,0.3808506984900868,0.6138457324140771,bcg_x,,,22.964000000000055
OXFORD_mv000147,450663,450663,544.98,545.696,0.7160000000000082,OXFORD,OXFORD_450663_BCG_3AXIS_seg0001_c0027,BCG_3AXIS,True,trained_model,0.0,0.0322467775979861,0.0520939327060088,0.048802836760452,0.0115817192837409,0.0001341362215673,0.3733078248979781,0.0010398546654539,5.58659217877095,7.578276154218639,5.095394882057776e-05,0.4062872405535033,0.4835710554203218,bcg_y,,,1.95799999999997
OXFORD_mv000148,450663,450663,546.988,548.58,1.5919999999999843,OXFORD,OXFORD_450663_BCG_3AXIS_seg0001_c0028,BCG_3AXIS,True,trained_model,0.0733333333333333,0.0256186486238746,0.0628329534386797,0.0603244971003004,0.0124941163839737,0.0001561029442162,0.5230831803789028,0.0006563151573135,1.2562814070351758,5.840953462660582,9.536976806515546e-05,0.4512427376130781,0.6234177098605015,bcg_z,,,1.29200000000003
OXFORD_mv000149,450663,450663,564.332,564.9,0.5679999999999836,OXFORD,OXFORD_450663_BCG_3AXIS_seg0001_c0029,BCG_3AXIS,True,trained_model,0.01,0.0585028332581167,0.1652811330111984,0.158307366499268,0.0365004945865208,0.0013322861050606,0.9754357272796982,0.003422581499227,3.52112676056338,11.73768291443653,0.0002923024832052,0.4772457854603621,0.8150955206085546,bcg_z,,,15.751999999999953
OXFORD_mv000150,450663,450663,569.522,570.194,0.6719999999999118,OXFORD,OXFORD_450663_BCG_3AXIS_seg0001_c0030,BCG_3AXIS,True,trained_model,0.0033333333333333,0.0288905968220972,0.0470740409009567,0.0449076942415564,0.0115272146009357,0.000132876676456,0.2812826390563599,0.0008346665847369,2.976190476190476,6.183203515784909,3.686226522969766e-05,0.3427956334924762,0.5370173985671921,bcg_x,,,4.622000000000071
OXFORD_mv000151,450663,450663,571.348,572.046,0.6980000000000928,OXFORD,OXFORD_450663_BCG_3AXIS_seg0001_c0031,BCG_3AXIS,True,trained_model,0.01,0.031041807578195,0.0547051460181347,0.0459086461620184,0.0113289049704217,0.0001283440878288,0.3372578362025906,0.0009635938177216,2.8571428571428568,7.703512731402396,2.2263222668839e-05,0.4139441606575528,0.4182544744154089,bcg_z,,,1.1539999999999964
OXFORD_mv000152,450663,450663,572.624,573.16,0.5359999999999445,OXFORD,OXFORD_450663_BCG_3AXIS_seg0001_c0032,BCG_3AXIS,True,trained_model,0.0,0.0389657598277402,0.0716604335794287,0.0572279753439667,0.0118669826270723,0.0001408252766712,0.4084308880783932,0.0015183304389531,3.731343283582089,7.925832081821183,2.23918866127222e-05,0.3816271425659049,0.3841300367888924,bcg_z,,,0.5779999999999745
OXFORD_mv000153,450663,450663,580.484,580.844,0.3600000000000136,OXFORD,OXFORD_450663_BCG_3AXIS_seg0001_c0033,BCG_3AXIS,True,trained_model,0.03,0.0383898130848826,0.0649185207478352,0.0430549909638363,0.0100922105457342,0.0001018527136994,0.2667537725132936,0.0014737777486922,16.666666666666664,14.861454948977077,1.0597037332706171e-05,0.4331383579588062,0.3912346413032185,bcg_x,,,7.324000000000069
OXFORD_mv000154,450663,450663,589.126,589.948,0.8220000000000027,OXFORD,OXFORD_450663_BCG_3AXIS_seg0001_c0034,BCG_3AXIS,True,trained_model,0.02,0.0319534179585167,0.0765404701072984,0.0710468978465026,0.0146815022585088,0.0002155465085665,0.4206606187234452,0.0010210209192316,2.4271844660194173,8.794048912553448,4.3061680154042814e-05,0.4631814052324975,0.6402500423111662,bcg_z,,,8.281999999999925
OXFORD_mv000155,450663,450663,614.822,616.002,1.17999999999995,OXFORD,OXFORD_450663_BCG_3AXIS_seg0001_c0035,BCG_3AXIS,True,trained_model,0.0133333333333333,0.0266501356260135,0.0568960590113578,0.0536398823504921,0.0118233383598237,0.0001397913299708,0.4197457697709847,0.0007102297288849,3.389830508474577,7.898910666153756,6.730204583607781e-05,0.4867596964927446,0.5717094626782588,bcg_z,,,24.874000000000024
OXFORD_mv000156,450663,450663,622.214,625.902,3.687999999999988,OXFORD,OXFORD_450663_BCG_3AXIS_seg0001_c0036,BCG_3AXIS,True,trained_model,0.02,0.0457947082499467,0.1284514661527534,0.1254167879356062,0.0190915451069935,0.0003644870945723,3.869251535322327,0.0020971553036977,3.7960954446854656,6.940584590575297,0.0004120655743219,0.560653343624195,0.4258120958163477,bcg_y,,,6.212000000000103
OXFORD_mv000157,450663,450663,626.918,628.786,1.8679999999999384,OXFORD,OXFORD_450663_BCG_3AXIS_seg0001_c0037,BCG_3AXIS,True,trained_model,0.0766666666666666,0.0351550544064458,0.0914130503103408,0.0866083827049338,0.0158899719120799,0.0002524912073666,1.1555457900493564,0.0012358778503201,1.070663811563169,6.815683250616443,0.0002110469347601,0.5058574980993904,0.5364828895380255,bcg_z,,,1.0159999999999627
OXFORD_mv000158,450663,450663,653.564,653.984,0.4200000000000727,OXFORD,OXFORD_450663_BCG_3AXIS_seg0001_c0038,BCG_3AXIS,True,trained_model,0.0266666666666666,0.0203847395288599,0.0484837006081666,0.0459836293109861,0.0095546532316173,9.1291398376456e-05,0.0876784347941472,0.0004155376056594,4.761904761904762,11.267154684725831,5.134808923014289e-06,0.4664186266749905,0.6767449884770402,bcg_z,,,24.77800000000002
OXFORD_mv000159,450663,450663,661.73,662.176,0.4460000000000264,OXFORD,OXFORD_450663_BCG_3AXIS_seg0001_c0039,BCG_3AXIS,True,trained_model,0.0,0.038823097985601,0.0595719302339826,0.0550404138516382,0.0102107439911648,0.0001042592928531,0.3376201779327062,0.0015072329371995,4.464285714285714,7.808370451715343,1.3877571438359887e-05,0.3214574307205197,0.4541097079868572,bcg_y,,,7.745999999999981
OXFORD_mv000160,450663,450663,673.146,673.598,0.4519999999999982,OXFORD,OXFORD_450663_BCG_3AXIS_seg0001_c0040,BCG_3AXIS,True,trained_model,0.0,0.026172887795342,0.0556770918044255,0.0534170791525196,0.013929997798443,0.0001940448386646,0.1554995526092976,0.0006850200555475,4.424778761061947,8.894945393205525,1.0986315097009472e-05,0.4194112179896411,0.5619999888332772,bcg_z,,,10.969999999999914
OXFORD_mv000161,450663,450663,674.226,674.826,0.6000000000000227,OXFORD,OXFORD_450663_BCG_3AXIS_seg0001_c0041,BCG_3AXIS,True,trained_model,0.0,0.026663735830348,0.052851715948223,0.046755035027296,0.0112724807482253,0.0001270688222191,0.2139973973376059,0.0007109548084305,6.666666666666667,10.320381552503038,2.512835872573844e-05,0.4669415447260976,0.6411254494942383,bcg_z,,,0.6280000000000427
OXFORD_mv000162,450663,450663,724.572,724.874,0.3020000000000209,OXFORD,OXFORD_450663_BCG_3AXIS_seg0001_c0042,BCG_3AXIS,True,trained_model,0.0,0.0344866245362822,0.0464155148685157,0.0396313034451877,0.0104344979073847,0.0001088787465792,0.180777745329789,0.0011893272719065,6.578947368421053,8.333220539240612,6.041180673690248e-06,0.3421431553263141,0.5034927559104554,bcg_y,,,49.74599999999998
OXFORD_mv000163,450663,450663,725.458,725.772,0.3140000000000782,OXFORD,OXFORD_450663_BCG_3AXIS_seg0001_c0043,BCG_3AXIS,True,trained_model,0.0,0.0372838253193127,0.0598206936483245,0.0509369341545448,0.0136470466598861,0.0001862418825371,0.2196332136096819,0.001390083630441,12.658227848101266,14.123765721523403,1.580966194034972e-05,0.3120434012653887,0.4092267489410102,bcg_z,,,0.5839999999999463
OXFORD_mv000164,450663,450663,733.384,739.442,6.057999999999993,OXFORD,OXFORD_450663_BCG_3AXIS_seg0001_c0044,BCG_3AXIS,True,trained_model,0.09,0.0591535304384868,0.1787695803257208,0.1768571570348558,0.0316167088420761,0.0009996162780046,10.602394694911084,0.0034991401633369,0.33003300330033,5.997651722079435,0.000936585280131,0.5383912508704822,0.3667991073958787,bcg_x,,,7.611999999999966
OXFORD_mv000165,450663,450663,743.582,743.94,0.3580000000000609,OXFORD,OXFORD_450663_BCG_3AXIS_seg0001_c0045,BCG_3AXIS,True,trained_model,0.0,0.0258703951525585,0.0587391900806729,0.0571151926425977,0.0155930203222698,0.0002431422827707,0.1204699221629144,0.0006692773453495,5.555555555555555,8.82968962847603,9.747406234811725e-06,0.3786833311323646,0.6445613926290811,bcg_z,,,4.139999999999986
OXFORD_mv000166,450663,450663,765.196,767.018,1.8220000000000027,OXFORD,OXFORD_450663_BCG_3AXIS_seg0001_c0046,BCG_3AXIS,True,trained_model,0.0366666666666666,0.0346710266682666,0.0843428414026741,0.0814093526559273,0.0154449518056718,0.0002385465362795,1.09629704229127,0.0012020800902316,2.1929824561403506,6.623107691622218,0.0001723208723111,0.4927182820146391,0.3776406699328878,bcg_y,,,21.255999999999972
OXFORD_mv000167,450663,450663,768.31,769.178,0.8680000000000518,OXFORD,OXFORD_450663_BCG_3AXIS_seg0001_c0047,BCG_3AXIS,True,trained_model,0.0333333333333333,0.0343427530017469,0.0861264616919295,0.0794344179343386,0.0168347575884247,0.000283409063061,0.5130497374264635,0.0011794246837389,2.3041474654377883,8.416515988892378,6.532651601920715e-05,0.4614111647167023,0.6162554283045643,bcg_z,,,1.2919999999999163
OXFORD_mv000168,450663,450663,777.648,780.8,3.15199999999993,OXFORD,OXFORD_450663_BCG_3AXIS_seg0001_c0048,BCG_3AXIS,True,trained_model,0.0833333333333333,0.0360585367653208,0.0937087021923538,0.0911080322420196,0.0161735975435494,0.0002615852575007,2.050443902155504,0.0013002180736559,0.6345177664974619,6.443755950920553,0.000377332774989,0.5254464521535269,0.4842312122906131,bcg_z,,,8.470000000000027
OXFORD_mv000169,450663,450663,782.832,783.604,0.7720000000000482,OXFORD,OXFORD_450663_BCG_3AXIS_seg0001_c0049,BCG_3AXIS,True,trained_model,0.0,0.039587942920605,0.0928025915022357,0.0891976394286543,0.0173445656123182,0.00030083395628,0.6065084219531283,0.001567205224685,12.953367875647668,9.022578822042217,8.811230101030139e-05,0.4589553482162516,0.5297366702459343,bcg_z,,,2.032000000000039
OXFORD_mv000170,450663,450663,800.396,803.502,3.1059999999999945,OXFORD,OXFORD_450663_BCG_3AXIS_seg0001_c0050,BCG_3AXIS,True,trained_model,0.01,0.036678364069986,0.0855652294866645,0.0811281658462202,0.0150786754904687,0.0002273664545468,2.090599915381591,0.0013453023908504,8.365508365508365,6.867223913866092,0.0003385014743417,0.4846205512427655,0.4053534890482667,bcg_x,,,16.791999999999916
OXFORD_mv000171,450663,450663,809.878,810.388,0.5099999999999909,OXFORD,OXFORD_450663_BCG_3AXIS_seg0001_c0051,BCG_3AXIS,True,trained_model,0.0,0.0206392253934432,0.0525738832805204,0.0509864249068171,0.0119336897332557,0.0001424129506496,0.1090502719593867,0.0004259776248413,7.8125,7.573896378928867,6.554108777158293e-06,0.3951025099233001,0.6097513674263614,bcg_z,,,6.37600000000009
OXFORD_mv000172,450663,450663,830.428,833.378,2.950000000000045,OXFORD,OXFORD_450663_BCG_3AXIS_seg0001_c0052,BCG_3AXIS,True,trained_model,0.1966666666666666,0.0603206879442168,0.1943080756143559,0.1911260725439366,0.0329207773058342,0.0010837775784203,5.370552041637851,0.0036385853940635,0.6775067750677507,4.994020887346049,0.0010812376573403,0.4907921555158119,0.527924588217602,bcg_y,,,20.039999999999964
OXFORD_mv000173,450663,450663,834.746,837.34,2.594000000000051,OXFORD,OXFORD_450663_BCG_3AXIS_seg0001_c0053,BCG_3AXIS,True,trained_model,0.0766666666666666,0.0469444295769893,0.1266390582740071,0.1230397502450214,0.0224832824293067,0.0005054979887959,2.860505749864966,0.0022037794683089,0.7704160246533127,5.993620192308341,0.0001713386837825,0.4923214253804882,0.4454769484646472,bcg_y,,,1.3679999999999382
OXFORD_mv000174,450663,450663,838.352,840.002,1.6499999999999773,OXFORD,OXFORD_450663_BCG_3AXIS_seg0001_c0054,BCG_3AXIS,True,trained_model,0.19,0.0427592211664573,0.1219485125540632,0.117094520865285,0.0211753182844072,0.0004483941044459,1.5102179216734215,0.001828350994762,1.2106537530266344,4.700686704387188,0.0002125725659895,0.4101785397329847,0.4495471981439581,bcg_z,,,1.0119999999999436
OXFORD_mv000175,450663,450663,841.016,842.03,1.01400000000001,OXFORD,OXFORD_450663_BCG_3AXIS_seg0001_c0055,BCG_3AXIS,True,trained_model,0.04,0.0287707361309714,0.0638448670326305,0.0598977991122888,0.0149023937129472,0.0002220813383756,0.4204996708191373,0.0008277552575179,1.968503937007874,6.078604455583558,8.737721143219048e-05,0.4099963646912835,0.546180006387591,bcg_z,,,1.01400000000001
OXFORD_mv000176,450663,450663,856.5,856.914,0.4139999999999872,OXFORD,OXFORD_450663_BCG_3AXIS_seg0001_c0056,BCG_3AXIS,True,trained_model,0.0,0.0428458503631328,0.0673044008795835,0.0531676404633002,0.0117640482215974,0.00013839283056,0.3818395138147145,0.0018357668933399,9.615384615384617,8.833922992842357,2.146896239809166e-05,0.3485042681397167,0.4216456506671063,bcg_z,,,14.470000000000027
OXFORD_mv000177,450663,450663,860.652,861.554,0.90199999999993,OXFORD,OXFORD_450663_BCG_3AXIS_seg0001_c0057,BCG_3AXIS,True,trained_model,0.0266666666666666,0.0266009434035113,0.0595873988809319,0.0578435221573153,0.0116835468834603,0.000136505267778,0.3198398058604801,0.0007076101899568,2.2123893805309733,7.905328201014274,4.4354558799167714e-05,0.4494657212295408,0.4095129810116063,bcg_y,,,3.7380000000000564
OXFORD_mv000178,450663,450663,863.07,863.768,0.6979999999999791,OXFORD,OXFORD_450663_BCG_3AXIS_seg0001_c0058,BCG_3AXIS,True,trained_model,0.0033333333333333,0.0461792817712227,0.0805746276074349,0.0734937919329345,0.0167874602370521,0.0002818188212106,0.7463841227170951,0.0021325260649059,11.428571428571429,8.507561787087987,9.357655968715989e-05,0.3954925757157422,0.3403024022429635,bcg_x,,,1.5160000000000764
OXFORD_mv000179,450663,450663,872.678,874.69,2.0120000000000573,OXFORD,OXFORD_450663_BCG_3AXIS_seg0001_c0059,BCG_3AXIS,True,trained_model,0.0466666666666666,0.0469484405658617,0.1478192256975274,0.140558438950151,0.022592596029776,0.0005104253953646,2.2195851640672126,0.0022041560715662,1.9880715705765408,5.619743536589611,0.0004594077227635,0.469175744062041,0.5161520455615128,bcg_y,,,8.909999999999968
OXFORD_mv000180,450663,450663,878.508,879.492,0.9839999999999236,OXFORD,OXFORD_450663_BCG_3AXIS_seg0001_c0060,BCG_3AXIS,True,trained_model,0.04,0.0391093442252082,0.0816240627251864,0.0661170619833184,0.0125670831672527,0.0001579315793326,0.7540636172228359,0.0015295408057258,2.032520325203252,6.453502017016519,9.309887383533476e-05,0.4413020488443049,0.475627451945102,bcg_y,,,3.8179999999999836
OXFORD_mv000181,450663,450663,880.406,880.73,0.3240000000000691,OXFORD,OXFORD_450663_BCG_3AXIS_seg0001_c0061,BCG_3AXIS,True,trained_model,0.0,0.0426138191976261,0.0691125967251354,0.051638594882267,0.013195404860866,0.0001741187094421,0.2959978266170985,0.0018159375866079,6.172839506172839,10.338556700112289,2.332778185661871e-05,0.3855091265951267,0.7296908722387817,bcg_z,,,0.9139999999999873
OXFORD_mv000182,450663,450663,883.896,886.162,2.2660000000000764,OXFORD,OXFORD_450663_BCG_3AXIS_seg0001_c0062,BCG_3AXIS,True,trained_model,0.0733333333333333,0.0447342201203344,0.127617282927692,0.1253002080111502,0.0234723519440243,0.0005509513057841,2.2693046100443253,0.0020011504497745,0.8818342151675485,5.813350798158093,0.0005082508441499,0.4510450580620034,0.3615478430236706,bcg_x,,,3.16599999999994
OXFORD_mv000183,450663,450663,887.68,890.002,2.3220000000000027,OXFORD,OXFORD_450663_BCG_3AXIS_seg0001_c0063,BCG_3AXIS,True,trained_model,0.0833333333333333,0.0637461660685504,0.2083633955453812,0.2002573755418265,0.0379736300208191,0.001441996576958,4.721872625966364,0.0040635736884392,0.8605851979345955,6.491568812407258,0.0010519876357758,0.4785533831404381,0.4396135676877172,bcg_x,,,1.5179999999999154
OXFORD_mv000184,451043,451043,0.002,2.616,2.6140000000000003,OXFORD,OXFORD_451043_BCG_3AXIS_seg0001_c0001,BCG_3AXIS,True,trained_model,0.4033333333333333,2.797327859345721,15.949157553059065,15.942484894925792,2.5490584710775206,6.497699088972066,10235.156443694605,7.825043152671714,0.764525993883792,0.8049843055456192,0.1602381990165735,0.2256725622219869,0.9078435905338044,bcg_x,,,
OXFORD_mv000185,451043,451043,5.324,5.718,0.3940000000000001,OXFORD,OXFORD_451043_BCG_3AXIS_seg0001_c0002,BCG_3AXIS,True,trained_model,0.14,0.0377051456991138,0.0587727612189611,0.0542601430393258,0.0143116500029493,0.0002048233258069,0.2814922464138973,0.0014216780121914,5.05050505050505,5.2113289797704105,3.86538090376151e-05,0.2213534744471749,0.7043902171400382,bcg_y,,,2.7079999999999997
OXFORD_mv000186,451043,451043,9.188,10.568,1.379999999999999,OXFORD,OXFORD_451043_BCG_3AXIS_seg0001_c0003,BCG_3AXIS,True,trained_model,0.15,0.0490072140247202,0.0986279048802108,0.0895857429457354,0.0216902092809698,0.0004704651786522,1.6595795552871362,0.0024017070264647,4.3478260869565215,4.077761782960379,0.0002148248110486,0.3831887576372196,0.5129698075779392,bcg_x,,,3.4700000000000006
OXFORD_mv000187,451043,451043,12.8,15.108,2.308,OXFORD,OXFORD_451043_BCG_3AXIS_seg0001_c0004,BCG_3AXIS,True,trained_model,0.1466666666666666,0.0469006842652127,0.1381277848333052,0.1331975205378439,0.0231522595729926,0.0005360271233352,2.5406236831496773,0.0021996741845451,3.466204506065858,5.137366732035129,0.0005312242730472,0.4209339491410313,0.4656056314725051,bcg_x,,,2.232000000000001
OXFORD_mv000188,451043,451043,42.43,43.026,0.5960000000000036,OXFORD,OXFORD_451043_BCG_3AXIS_seg0001_c0005,BCG_3AXIS,True,trained_model,0.0033333333333333,0.0233852263348465,0.0393607089929785,0.0357565539885727,0.0091208170251713,8.318930320665579e-05,0.1635137744088677,0.0005468688107319,3.355704697986577,7.858626097119705,1.7225119463061736e-05,0.3686099135802252,0.7207062178494198,bcg_y,,,27.322
OXFORD_mv000189,451043,451043,49.746,52.016,2.269999999999996,OXFORD,OXFORD_451043_BCG_3AXIS_seg0001_c0006,BCG_3AXIS,True,trained_model,0.0166666666666666,0.0333390789780444,0.0568854454615547,0.0553608534768514,0.0117004697859815,0.0001369009932126,1.2626573965504666,0.0011114941871042,5.28169014084507,5.602206302523337,0.0001237621283003,0.4747609808406487,0.6188016298724835,bcg_x,,,6.719999999999999
OXFORD_mv000190,451043,451043,59.506,61.098,1.5919999999999987,OXFORD,OXFORD_451043_BCG_3AXIS_seg0001_c0007,BCG_3AXIS,True,trained_model,0.15,0.0370701777067668,0.0677921461814277,0.061788487199331,0.014546204406229,0.0002115920626277,1.0952358659433852,0.0013741980752112,3.7688442211055273,4.755595166787024,0.0001519676595527,0.3738574633718003,0.643685172322967,bcg_x,,,7.490000000000002
OXFORD_mv000191,451043,451043,87.108,87.728,0.6199999999999903,OXFORD,OXFORD_451043_BCG_3AXIS_seg0001_c0008,BCG_3AXIS,True,trained_model,0.0,0.0340144766924601,0.0551710517638939,0.0459309053195435,0.0100890227642679,0.0001017883803379,0.3598222182698555,0.0011569846246619,3.2258064516129035,6.464854917697929,3.733586373899521e-05,0.3661277551753594,0.5997572021830444,bcg_y,,,26.010000000000005
OXFORD_mv000192,451043,451043,96.384,97.922,1.5379999999999967,OXFORD,OXFORD_451043_BCG_3AXIS_seg0001_c0009,BCG_3AXIS,True,trained_model,0.15,0.0330351779044892,0.0692573301424553,0.0613190993310862,0.0119559102012977,0.0001429437887414,0.8403186939695664,0.0010913229791812,3.896103896103896,5.10708891036518,9.645881202064516e-05,0.3954882903292516,0.4615377721579647,bcg_x,,,8.656000000000006
OXFORD_mv000193,451043,451043,100.674,101.67,0.9959999999999952,OXFORD,OXFORD_451043_BCG_3AXIS_seg0001_c0010,BCG_3AXIS,True,trained_model,0.01,0.0429968057102384,0.1027302424124514,0.0930347050367476,0.0175867086700864,0.0003092923218464,0.9225139253407116,0.0018487253012839,4.016064257028113,6.050213386137804,0.0001281690204782,0.3880522125142642,0.5686864337574177,bcg_y,,,2.7520000000000095
OXFORD_mv000194,451043,451043,114.16,115.572,1.412000000000006,OXFORD,OXFORD_451043_BCG_3AXIS_seg0001_c0011,BCG_3AXIS,True,trained_model,0.15,0.0477679378313582,0.1096581732064767,0.1067398516724556,0.0206162226270486,0.000425028635408,1.6132155504549766,0.0022817758846605,4.2492917847025495,4.989672447448206,0.0001942427013994,0.4117553552337981,0.5854303874765091,bcg_y,,,12.489999999999995
OXFORD_mv000195,451043,451043,121.454,122.88,1.426000000000002,OXFORD,OXFORD_451043_BCG_3AXIS_seg0001_c0012,BCG_3AXIS,True,trained_model,0.15,0.037050030821565,0.0791321303265609,0.0721687971066385,0.0172425488245443,0.0002973054899667,0.9801112156895486,0.0013727047838789,4.201680672268908,5.124900933231592,0.0001755005287971,0.3868274435649824,0.6758888095753612,bcg_x,,,5.881999999999991
OXFORD_mv000196,451043,451043,125.782,126.612,0.8299999999999983,OXFORD,OXFORD_451043_BCG_3AXIS_seg0001_c0013,BCG_3AXIS,True,trained_model,0.0,0.0215121661709789,0.0424459405441592,0.0389541117850136,0.0101393132314888,0.0001028056728062,0.1925136900410101,0.0004627732933678,4.807692307692308,8.267618431266266,3.18982210673993e-05,0.4525149278902157,0.4704281735494923,bcg_y,,,2.902000000000001
OXFORD_mv000197,451043,451043,127.74,128.388,0.6480000000000103,OXFORD,OXFORD_451043_BCG_3AXIS_seg0001_c0014,BCG_3AXIS,True,trained_model,0.0033333333333333,0.0240051106957607,0.0400976412022333,0.0345022604575872,0.0083464990654024,6.966404664876419e-05,0.1872797353426114,0.0005762453395157,9.25925925925926,10.879787466426,1.818052383950233e-05,0.422402263886492,0.5159047048438302,bcg_y,,,1.1280000000000001
OXFORD_mv000198,451043,451043,131.998,137.228,5.230000000000018,OXFORD,OXFORD_451043_BCG_3AXIS_seg0001_c0015,BCG_3AXIS,True,trained_model,0.1533333333333333,0.0465840112612666,0.1279747085610817,0.1254904382252588,0.0217313518725494,0.0004722516542085,5.67690339517657,0.0021700701051898,4.969418960244648,4.617511850604808,0.0011164486667118,0.4939012076087348,0.4774056860866039,bcg_x,,,3.609999999999985
OXFORD_mv000199,451043,451043,138.0,139.802,1.8019999999999925,OXFORD,OXFORD_451043_BCG_3AXIS_seg0001_c0016,BCG_3AXIS,True,trained_model,0.0133333333333333,0.0283483312514765,0.0564720955425006,0.053136901571589,0.0113405693222054,0.0001286085125517,0.7248723520385831,0.0008036278847434,6.651884700665189,6.991080032864523,0.0001145035546582,0.4955985751065337,0.5890918884044274,bcg_y,,,0.7719999999999914
OXFORD_mv000200,451043,451043,141.63,143.156,1.5260000000000105,OXFORD,OXFORD_451043_BCG_3AXIS_seg0001_c0017,BCG_3AXIS,True,trained_model,0.01,0.0261550024375573,0.0520322363452816,0.0479290731320749,0.0107137926197793,0.0001147853522996,0.5226402925165932,0.0006840841525086,3.926701570680628,6.010446923423889,6.653159866838452e-05,0.4439756272391155,0.5609198739902583,bcg_x,,,1.828000000000003
OXFORD_mv000201,451043,451043,146.416,147.664,1.2479999999999905,OXFORD,OXFORD_451043_BCG_3AXIS_seg0001_c0018,BCG_3AXIS,True,trained_model,0.0,0.025204797154058,0.0446000946535955,0.0426447128288544,0.0089008845406924,7.922574560673761e-05,0.3970511247357566,0.0006352817995772,4.807692307692308,6.43898643230493,4.089160432959736e-05,0.4392121445410006,0.4602614931208175,bcg_y,,,3.259999999999991
OXFORD_mv000202,451043,451043,151.974,152.406,0.4320000000000163,OXFORD,OXFORD_451043_BCG_3AXIS_seg0001_c0019,BCG_3AXIS,True,trained_model,0.0033333333333333,0.0187511279048194,0.0357885741403519,0.0313777444981707,0.0079687672450882,6.350125140639139e-05,0.0762982411015289,0.0003516047977028,4.62962962962963,9.843570284145288,7.112084417281787e-06,0.4153184372751215,0.6766336270754936,bcg_y,,,4.310000000000002
OXFORD_mv000203,451043,451043,166.252,167.524,1.2719999999999914,OXFORD,OXFORD_451043_BCG_3AXIS_seg0001_c0020,BCG_3AXIS,True,trained_model,0.0,0.0233375936295759,0.0408639022610246,0.0365898284476361,0.0080523340541838,6.484008372016822e-05,0.3469377670790451,0.0005446432764192,4.716981132075471,7.103212437220954,3.900794090909469e-05,0.4459353942137189,0.4831866625995463,bcg_x,,,13.846000000000004
OXFORD_mv000204,451043,451043,168.542,169.01,0.4679999999999893,OXFORD,OXFORD_451043_BCG_3AXIS_seg0001_c0021,BCG_3AXIS,True,trained_model,0.0033333333333333,0.0253351056378478,0.0378252583571814,0.0310328436717542,0.0072439639052796,5.247501306099442e-05,0.1508388807550139,0.0006418675776809,4.273504273504273,7.413776922990689,7.856003673235141e-06,0.35566282283257,0.5830698157335226,bcg_x,,,1.0180000000000007
OXFORD_mv000205,451043,451043,175.228,175.906,0.6779999999999973,OXFORD,OXFORD_451043_BCG_3AXIS_seg0001_c0022,BCG_3AXIS,True,trained_model,0.1466666666666666,0.0285483541490278,0.0464762517428231,0.0401046167955524,0.010091874436362,0.0001018459296392,0.2771028983702281,0.0008150085246183,2.941176470588235,5.169182479663333,2.642176386549041e-05,0.2996821753968766,0.5485381649261525,bcg_x,,,6.218000000000018
OXFORD_mv000206,451043,451043,182.304,182.748,0.4439999999999884,OXFORD,OXFORD_451043_BCG_3AXIS_seg0001_c0023,BCG_3AXIS,True,trained_model,0.1433333333333333,0.0244412246270274,0.0438031357407231,0.0415481276520776,0.0113244113454855,0.0001282422923217,0.1332142818629458,0.0005973734612688,4.504504504504505,4.712047511288642,1.5790485444932783e-05,0.2528762721505247,0.7577414550090511,bcg_x,,,6.397999999999996
OXFORD_mv000207,451043,451043,183.284,183.918,0.6340000000000146,OXFORD,OXFORD_451043_BCG_3AXIS_seg0001_c0024,BCG_3AXIS,True,trained_model,0.14,0.0287209354103028,0.0404223062755647,0.0277066128284132,0.0069091868088649,4.7736862359794e-05,0.2623156976080061,0.0008248921308427,3.144654088050314,4.613618627037243,8.216254527268664e-06,0.3138942930177791,0.5062401131083342,bcg_x,,,0.5360000000000014
OXFORD_mv000208,451043,451043,194.454,194.974,0.5199999999999818,OXFORD,OXFORD_451043_BCG_3AXIS_seg0001_c0025,BCG_3AXIS,True,trained_model,0.0,0.0257960340355124,0.0447217459909805,0.0418250284683334,0.0100706316324656,0.0001014176214768,0.1736786320819038,0.0006654353719613,3.846153846153846,8.031595087531267,1.5163756738761538e-05,0.4254379111870122,0.4207468734965013,bcg_x,,,10.536000000000001
OXFORD_mv000209,451043,451043,196.566,197.302,0.73599999999999,OXFORD,OXFORD_451043_BCG_3AXIS_seg0001_c0026,BCG_3AXIS,True,trained_model,0.1533333333333333,0.0248316749065411,0.0379725389343369,0.0307287201140553,0.0087773321990699,7.704156053283072e-05,0.227529857027069,0.0006166120786641,2.717391304347826,4.337380459945761,2.8901691657762785e-05,0.2777478468891884,0.4716190373246273,bcg_x,,,1.592000000000013
OXFORD_mv000210,451043,451043,281.73,283.71,1.979999999999961,OXFORD,OXFORD_451043_BCG_3AXIS_seg0001_c0027,BCG_3AXIS,True,trained_model,0.0733333333333333,0.0383767318839899,0.1243427135222183,0.1228128945892971,0.021297630944318,0.0004535890838403,1.4595185881447903,0.0014727735500956,1.0101010101010102,8.735774686772096,0.0002951889805509,0.5162595919694223,0.6443331952461535,bcg_z,,,84.42800000000003
OXFORD_mv000211,451043,451043,284.76,285.224,0.4639999999999986,OXFORD,OXFORD_451043_BCG_3AXIS_seg0001_c0028,BCG_3AXIS,True,trained_model,0.0,0.0297253603677283,0.0788800274678878,0.0755770130709107,0.0140532975550241,0.00019749517217,0.205878112414976,0.0008835970489913,8.620689655172413,10.554517321561494,4.633501350501634e-05,0.3967707173419514,0.6248103987231008,bcg_z,,,1.0500000000000114
OXFORD_mv000212,451043,451043,301.742,302.794,1.051999999999964,OXFORD,OXFORD_451043_BCG_3AXIS_seg0001_c0029,BCG_3AXIS,True,trained_model,0.0066666666666666,0.0448101668268222,0.1021272199232155,0.0959489303337828,0.020518610319015,0.0004210133694235,1.0581902039021085,0.0020079510510476,9.50570342205323,6.095106741508254,0.0001643667817779,0.4036603283921378,0.5177722668718737,bcg_y,,,16.51800000000003
OXFORD_mv000213,451043,451043,303.928,305.632,1.7040000000000075,OXFORD,OXFORD_451043_BCG_3AXIS_seg0001_c0030,BCG_3AXIS,True,trained_model,0.19,0.0426398090369228,0.1015395552731574,0.0968791620401411,0.0208540017268475,0.0004348893880233,1.550884777443574,0.0018181533147052,1.1737089201877935,4.530740442000682,0.00019052408855,0.3937276189252844,0.5097582968759752,bcg_y,,,1.1340000000000146
OXFORD_mv000214,451043,451043,351.918,352.308,0.3899999999999863,OXFORD,OXFORD_451043_BCG_3AXIS_seg0001_c0031,BCG_3AXIS,True,trained_model,0.0033333333333333,0.0249867955614817,0.0365222618745369,0.027350226040681,0.0080885684759908,6.542493999079283e-05,0.1223706306765316,0.0006243399524312,5.1020408163265305,7.060240968188574,4.313891887847373e-06,0.2824911424003125,0.479243325073983,bcg_x,,,46.286
OXFORD_mv000215,451043,451043,354.474,356.56,2.0860000000000127,OXFORD,OXFORD_451043_BCG_3AXIS_seg0001_c0032,BCG_3AXIS,True,trained_model,0.15,0.0317707081854102,0.0612064416665914,0.0581934072994477,0.0125228781082501,0.000156822476114,1.0537905261410043,0.0010093778986024,3.8314176245210727,4.534096396979465,0.0001618970805126,0.2972671408152241,0.54582919628667,bcg_x,,,2.165999999999997
OXFORD_mv000216,451043,451043,358.908,359.286,0.3779999999999859,OXFORD,OXFORD_451043_BCG_3AXIS_seg0001_c0033,BCG_3AXIS,True,trained_model,0.01,0.0817074271842819,0.1555956676769433,0.1453261929714584,0.0315510359068385,0.0009954678667946,1.2684596948442002,0.0066761036570747,5.2631578947368425,8.214003616069467,9.91897237888024e-05,0.3665927053974124,0.5365261987033865,bcg_y,,,2.348000000000013
OXFORD_mv000217,451043,451043,374.006,375.032,1.0260000000000105,OXFORD,OXFORD_451043_BCG_3AXIS_seg0001_c0034,BCG_3AXIS,True,trained_model,0.1,0.0319206936669429,0.0661420295356968,0.0636378194058625,0.0135810229075952,0.0001844441832166,0.5237303716679088,0.0010189306841788,3.891050583657588,5.445821350490376,0.0001016216217689,0.368564019235925,0.4755437859807872,bcg_y,,,14.71999999999997
OXFORD_mv000218,451043,451043,380.344,380.978,0.6340000000000146,OXFORD,OXFORD_451043_BCG_3AXIS_seg0001_c0035,BCG_3AXIS,True,trained_model,0.14,0.0309806432186437,0.0479569579669819,0.0450152784761884,0.0111058107245544,0.0001233390318496,0.3052164808486061,0.0009598002542408,3.144654088050314,3.793365615407209,4.4061565738029554e-05,0.289119008036621,0.5951816247306799,bcg_x,,,5.312000000000012
OXFORD_mv000219,451043,451043,384.532,385.026,0.4940000000000282,OXFORD,OXFORD_451043_BCG_3AXIS_seg0001_c0036,BCG_3AXIS,True,trained_model,0.1466666666666666,0.0256433020216014,0.0391294801823463,0.03264702712814,0.0102422270423989,0.000104903214788,0.1630795767656251,0.000657578938571,4.032258064516129,3.8435795731586246,1.9958137471245207e-05,0.266242664427371,0.7274991800857326,bcg_x,,,3.5539999999999736
OXFORD_mv000220,451043,451043,437.4,439.286,1.886000000000024,OXFORD,OXFORD_451043_BCG_3AXIS_seg0001_c0037,BCG_3AXIS,True,trained_model,0.1433333333333333,0.031896323209954,0.0649253182870601,0.0625788288710819,0.0135700274490462,0.0001841456449678,0.9604024099922752,0.0010173754343138,5.296610169491524,5.260440042954917,0.0001503075366513,0.4229924092777393,0.5379458328200901,bcg_x,,,52.37399999999997
OXFORD_mv000221,451043,451043,457.178,458.742,1.5640000000000214,OXFORD,OXFORD_451043_BCG_3AXIS_seg0001_c0038,BCG_3AXIS,True,trained_model,0.15,0.0342850409088746,0.0619949519785471,0.0597138409496623,0.0131142795582457,0.0001719843283318,0.9203883355864722,0.0011754640301232,3.836317135549872,4.976904651329947,9.99190113936628e-05,0.3410991141201705,0.4562867419657745,bcg_x,,,17.891999999999996
OXFORD_mv000222,451043,451043,459.56,464.796,5.23599999999999,OXFORD,OXFORD_451043_BCG_3AXIS_seg0001_c0039,BCG_3AXIS,True,trained_model,0.19,0.0478872054956848,0.109119359894687,0.1074676987060596,0.023751976804948,0.0005641564021427,6.005850075036992,0.0022931844501859,0.3819709702062643,3.404558320085228,0.0009755498541725,0.462606208572445,0.4844083771430044,bcg_x,,,0.8179999999999836
OXFORD_mv000223,451043,451043,466.546,467.666,1.1200000000000043,OXFORD,OXFORD_451043_BCG_3AXIS_seg0001_c0040,BCG_3AXIS,True,trained_model,0.0066666666666666,0.0396371180321967,0.07257751800208,0.0658604141036199,0.0144423506347199,0.0002085814918561,0.8813877316289422,0.0015711011258982,5.357142857142857,6.63655595051197,0.0001301832904927,0.3965877323179599,0.4648582661193239,bcg_y,,,1.75
OXFORD_mv000224,451043,451043,469.142,471.56,2.4180000000000064,OXFORD,OXFORD_451043_BCG_3AXIS_seg0001_c0041,BCG_3AXIS,True,trained_model,0.1466666666666666,0.0290312979269913,0.0587691478441002,0.0565378062161891,0.0123395506165348,0.000152264509418,1.0198076737841335,0.0008428162593257,3.3057851239669422,4.169687101379771,0.0002671237142612,0.2949930431019656,0.4295624491387393,bcg_y,,,1.475999999999999
OXFORD_mv000225,451043,451043,473.254,474.336,1.0819999999999936,OXFORD,OXFORD_451043_BCG_3AXIS_seg0001_c0042,BCG_3AXIS,True,trained_model,0.0,0.0299647741745628,0.052303979530797,0.0494275808684955,0.0090906096099753,8.263918308097591e-05,0.4866551287022413,0.0008978876913325,9.225092250922508,7.197911499608892,4.7014237269059e-05,0.4155727195148833,0.4908427512844052,bcg_y,,,1.6940000000000168
OXFORD_mv000226,451043,451043,474.874,476.006,1.1319999999999482,OXFORD,OXFORD_451043_BCG_3AXIS_seg0001_c0043,BCG_3AXIS,True,trained_model,0.0033333333333333,0.0246594106877345,0.0439512358182083,0.0402032836862605,0.008757043773003,7.668581564229092e-05,0.3447850656094232,0.0006080865354663,3.53356890459364,6.006882318483704,4.126043651929141e-05,0.4407552554405771,0.5034256345491985,bcg_y,,,0.5380000000000109
OXFORD_mv000227,451043,451043,477.742,478.054,0.311999999999955,OXFORD,OXFORD_451043_BCG_3AXIS_seg0001_c0044,BCG_3AXIS,True,trained_model,0.0033333333333333,0.0537052138970925,0.1018121717988007,0.0819524525808148,0.0205367352712726,0.0004217574956023,0.4528272499579968,0.0028842499997324,6.410256410256411,10.999457926096667,5.793922061248959e-05,0.3264134571468217,0.7419626922172918,bcg_y,,,1.7360000000000468
OXFORD_mv000228,451043,451043,480.01,480.992,0.9820000000000276,OXFORD,OXFORD_451043_BCG_3AXIS_seg0001_c0045,BCG_3AXIS,True,trained_model,0.15,0.0378913356838131,0.0674226030800823,0.0635895409122051,0.0166166363671723,0.0002761126041588,0.7063906333924768,0.0014357533199034,4.065040650406504,3.8635014935522793,0.0001794962333329,0.2939511288364923,0.4585973496745771,bcg_x,,,1.9560000000000173
OXFORD_mv000229,451043,451043,490.47,494.67,4.199999999999989,OXFORD,OXFORD_451043_BCG_3AXIS_seg0001_c0046,BCG_3AXIS,True,trained_model,0.19,0.0347902906609871,0.0674174063974678,0.0622985959410649,0.013882927363668,0.0001927356721848,2.5429754453038145,0.0012103643242759,0.4761904761904761,4.306570725783543,0.0002597860502908,0.4890061925768125,0.4704009443318835,bcg_x,,,9.478000000000009
OXFORD_mv000230,451043,451043,498.024,500.436,2.4119999999999777,OXFORD,OXFORD_451043_BCG_3AXIS_seg0001_c0047,BCG_3AXIS,True,trained_model,0.0133333333333333,0.0411731308935029,0.0800906112733287,0.0775058944169066,0.0166238436003285,0.0002763521760481,2.046138636041248,0.0016952267075735,5.804311774461028,5.619530936775229,0.0002258923983886,0.4587536558509369,0.5090400637751943,bcg_x,,,3.353999999999985
OXFORD_mv000231,451043,451043,501.134,504.228,3.093999999999994,OXFORD,OXFORD_451043_BCG_3AXIS_seg0001_c0048,BCG_3AXIS,True,trained_model,0.15,0.0310349646775344,0.061140510249478,0.0590001537706806,0.0114923023284235,0.0001320730128078,1.490985662365432,0.0009631690325358,3.875968992248062,5.026491897788569,0.0001840877386079,0.4883450624380682,0.4655098478503351,bcg_x,,,0.6980000000000359
OXFORD_mv000232,451043,451043,520.454,521.214,0.7600000000001046,OXFORD,OXFORD_451043_BCG_3AXIS_seg0001_c0049,BCG_3AXIS,True,trained_model,0.1566666666666666,0.0391242265465074,0.0624497960197591,0.0578637066669973,0.0137598015827481,0.0001893321395965,0.5831986441905894,0.0015307051028624,2.631578947368421,4.761418019410751,9.115454247784616e-05,0.3253712764259182,0.6515406086778424,bcg_x,,,16.225999999999942
OXFORD_mv000233,451043,451043,531.986,536.102,4.1159999999999854,OXFORD,OXFORD_451043_BCG_3AXIS_seg0001_c0050,BCG_3AXIS,True,trained_model,0.19,0.0393768149596844,0.1063591899103415,0.1023684648590761,0.018863140964376,0.0003558180870419,3.1925485925642487,0.0015505335563692,0.9718172983479106,3.503888571908777,0.0004519100056608,0.4416586104525833,0.4493804288944308,bcg_y,,,10.771999999999935
OXFORD_mv000234,451043,451043,536.878,539.934,3.0559999999999263,OXFORD,OXFORD_451043_BCG_3AXIS_seg0001_c0051,BCG_3AXIS,True,trained_model,0.15,0.0497381151459526,0.1030933364122526,0.1000007812598697,0.0214604870967258,0.0004605525064287,3.7825626702579545,0.002473880098272,3.926701570680628,4.017820112266294,0.0005699723151492,0.4257809476178204,0.5181978903091891,bcg_x,,,0.7760000000000673
OXFORD_mv000235,451043,451043,540.452,541.04,0.5879999999999654,OXFORD,OXFORD_451043_BCG_3AXIS_seg0001_c0052,BCG_3AXIS,True,trained_model,0.1433333333333333,0.035974893632401,0.0587760418598655,0.0504521609224234,0.0152995372622872,0.0002340758404401,0.3817869266994584,0.0012941929718625,3.4013605442176877,3.6725348852751023,5.327935209314251e-05,0.2534693847859471,0.5893083349387519,bcg_x,,,0.5180000000000291
OXFORD_mv000236,451043,451043,541.866,542.234,0.3680000000000518,OXFORD,OXFORD_451043_BCG_3AXIS_seg0001_c0053,BCG_3AXIS,True,trained_model,0.0033333333333333,0.0255129366613047,0.0393351776100917,0.0275411391330214,0.00739185554751,5.463952843525449e-05,0.1204183383604932,0.0006509099370837,5.434782608695652,8.263036515703481,4.370921563709552e-06,0.3201245729921429,0.5203606359805119,bcg_x,,,0.8260000000000218
OXFORD_mv000237,451043,451043,548.3,549.122,0.8220000000000027,OXFORD,OXFORD_451043_BCG_3AXIS_seg0001_c0054,BCG_3AXIS,True,trained_model,0.0033333333333333,0.0334199606551636,0.0651479460608274,0.0552568495413658,0.0133603101128264,0.0001784978863108,0.4601602333193875,0.0011168937701926,9.70873786407767,8.786723213790879,5.245439231528476e-05,0.4078952268725722,0.5598345588339957,bcg_x,,,6.065999999999917
OXFORD_mv000238,451043,451043,550.702,551.754,1.052000000000021,OXFORD,OXFORD_451043_BCG_3AXIS_seg0001_c0055,BCG_3AXIS,True,trained_model,0.0,0.0293123121745232,0.0439963310058056,0.0331048779545834,0.0087322416545406,7.625204431329445e-05,0.4528045369238038,0.0008592116450167,3.802281368821293,6.5362632469341895,3.444045773132436e-05,0.3829111596678048,0.4464244047085537,bcg_x,,,1.580000000000041
OXFORD_mv000239,451043,451043,558.11,558.988,0.8780000000000427,OXFORD,OXFORD_451043_BCG_3AXIS_seg0001_c0056,BCG_3AXIS,True,trained_model,0.1633333333333333,0.0376260610305611,0.0641295907736667,0.0591247096276191,0.0156330290825208,0.0002443915982949,0.6229170062172258,0.0014157204686755,2.272727272727273,3.6258713403612175,0.0001352999419162,0.2391978482762793,0.562103262492362,bcg_x,,,6.3559999999999945
OXFORD_mv000240,451043,451043,569.546,570.762,1.2159999999998945,OXFORD,OXFORD_451043_BCG_3AXIS_seg0001_c0057,BCG_3AXIS,True,trained_model,0.1466666666666666,0.0455545266431051,0.089465367721418,0.0858973402732165,0.0191963140965273,0.0003684984748925,1.2638058726855237,0.0020752148976773,3.2894736842105265,4.424921546101491,0.0002268847864308,0.3555606344226774,0.6627819197401924,bcg_x,,,10.557999999999993
OXFORD_mv000241,451043,451043,577.432,578.072,0.6399999999999864,OXFORD,OXFORD_451043_BCG_3AXIS_seg0001_c0058,BCG_3AXIS,True,trained_model,0.0,0.0273255806027496,0.0407185538809125,0.0330193331553486,0.0078271292526543,6.126395233775768e-05,0.2396866410440342,0.0007466873552773,6.25,8.246092094107613,1.624432100034003e-05,0.3970945957945893,0.5039898198436694,bcg_y,,,6.670000000000073
OXFORD_mv000242,451043,451043,578.728,579.158,0.4300000000000636,OXFORD,OXFORD_451043_BCG_3AXIS_seg0001_c0059,BCG_3AXIS,True,trained_model,0.0,0.0297104383832014,0.047788750102929,0.0405227723142484,0.010778262279212,0.0001161709377594,0.1906653921671538,0.000882710148922,4.62962962962963,7.390705071393646,1.86533793079282e-05,0.2937428758632472,0.425022726653919,bcg_y,,,0.6559999999999491
OXFORD_mv000243,451043,451043,590.35,590.878,0.52800000000002,OXFORD,OXFORD_451043_BCG_3AXIS_seg0001_c0060,BCG_3AXIS,True,trained_model,0.0,0.0221534455421667,0.0413916721837392,0.0379978365307469,0.0104510173597796,0.0001092237638544,0.1300554145882832,0.0004907751493897,3.787878787878788,6.4199306460414185,1.0995248956458265e-05,0.2920536046894958,0.4810149656100436,bcg_y,,,11.192000000000007
OXFORD_mv000244,451043,451043,598.808,599.788,0.9800000000000182,OXFORD,OXFORD_451043_BCG_3AXIS_seg0001_c0061,BCG_3AXIS,True,trained_model,0.0333333333333333,0.0238517856053991,0.0526373546281475,0.0501295928854245,0.0116303927517721,0.0001352660355604,0.27933366919387,0.0005689076765659,2.0408163265306123,5.819881696340203,4.825056738149932e-05,0.4010684565372321,0.5607369337955744,bcg_y,,,7.92999999999995
OXFORD_mv000245,451043,451043,601.816,603.2,1.3840000000000146,OXFORD,OXFORD_451043_BCG_3AXIS_seg0001_c0062,BCG_3AXIS,True,trained_model,0.19,0.0354617376315853,0.073642962435699,0.0704591290753426,0.0160651623835214,0.0002580894424089,0.8714716412450196,0.0012575348358513,1.445086705202312,4.438136567168431,0.0001583159026725,0.4034972430796246,0.4891124657936074,bcg_y,,,2.02800000000002
OXFORD_mv000246,451043,451043,604.278,604.588,0.3099999999999454,OXFORD,OXFORD_451043_BCG_3AXIS_seg0001_c0063,BCG_3AXIS,True,trained_model,0.0,0.0285747505825238,0.0560981109718126,0.0515727952763545,0.0128971119382469,0.0001663354963476,0.1273765538531381,0.0008165163708534,6.410256410256411,9.917525303033315,2.423769622879637e-05,0.382021637884549,0.7123578219990848,bcg_y,,,1.0779999999999745
OXFORD_mv000247,451043,451043,606.854,607.908,1.0539999999999736,OXFORD,OXFORD_451043_BCG_3AXIS_seg0001_c0064,BCG_3AXIS,True,trained_model,0.0333333333333333,0.0278106295866724,0.0433462311301742,0.041249968657961,0.0101198905222898,0.0001024121841831,0.4083716303077486,0.000773431118007,1.8939393939393936,6.667592419367267,3.2541777558716645e-05,0.4426197296278869,0.5049901980458192,bcg_x,,,2.2660000000000764
OXFORD_mv000248,451043,451043,616.158,619.838,3.67999999999995,OXFORD,OXFORD_451043_BCG_3AXIS_seg0001_c0065,BCG_3AXIS,True,trained_model,0.19,0.0380672890300002,0.0855318389909134,0.0830630751053535,0.0176336994449096,0.0003109473561134,2.6678271476262707,0.0014491184940935,0.5434782608695652,3.28720152865498,0.0004327257328729,0.4525772495397244,0.5151071251271027,bcg_x,,,8.25
OXFORD_mv000249,451043,451043,691.85,693.88,2.0299999999999727,OXFORD,OXFORD_451043_BCG_3AXIS_seg0001_c0066,BCG_3AXIS,True,trained_model,0.13,0.031594181489511,0.0551031118267362,0.0518482445188453,0.0116670758837264,0.0001361206596766,1.0141633808560375,0.0009981923039921,3.937007874015748,5.283423210889288,9.681291711027228e-05,0.4664351821401837,0.5396183047916322,bcg_x,,,72.01200000000006
OXFORD_mv000250,451043,451043,696.094,698.306,2.211999999999989,OXFORD,OXFORD_451043_BCG_3AXIS_seg0001_c0067,BCG_3AXIS,True,trained_model,0.0133333333333333,0.0334507667661128,0.0775590721329351,0.0748263255839369,0.0141998625354237,0.0002016360960249,1.2386818535456563,0.0011189537972408,4.520795660036166,5.666139904867833,0.0001891073165919,0.4652135695052204,0.4925989642785,bcg_y,,,2.2140000000000555
OXFORD_mv000251,451043,451043,721.766,722.258,0.4920000000000755,OXFORD,OXFORD_451043_BCG_3AXIS_seg0001_c0068,BCG_3AXIS,True,trained_model,0.0033333333333333,0.0200556900684944,0.0368540745383988,0.0353939035068635,0.0089569355088729,8.022669371010871e-05,0.0993509839185059,0.0004022307041235,4.065040650406504,8.54928424193343,9.720774394655014e-06,0.3948303167587302,0.5421324304736206,bcg_y,,,23.459999999999923
OXFORD_mv000252,451043,451043,725.642,726.898,1.2559999999999718,OXFORD,OXFORD_451043_BCG_3AXIS_seg0001_c0069,BCG_3AXIS,True,trained_model,0.1466666666666666,0.0293558712669099,0.045297253018434,0.0445026507995168,0.0110575677989901,0.0001222698056292,0.5420515548609767,0.0008617671778393,3.1847133757961785,4.229957115932618,7.822636411140794e-05,0.3238761713240782,0.5827501171387351,bcg_x,,,3.3840000000000146
OXFORD_mv000253,451043,451043,749.48,749.808,0.3279999999999745,OXFORD,OXFORD_451043_BCG_3AXIS_seg0001_c0070,BCG_3AXIS,True,trained_model,0.0,0.027348181657172,0.0456053966488653,0.0393852629178631,0.0113227188298944,0.0001282039617008,0.1234073015923572,0.0007479230399536,6.097560975609756,7.543041478673219,1.277153971590292e-05,0.2674471992751794,0.5940241571827167,bcg_x,,,22.581999999999994
OXFORD_mv000254,451043,451043,759.534,759.882,0.3479999999999563,OXFORD,OXFORD_451043_BCG_3AXIS_seg0001_c0071,BCG_3AXIS,True,trained_model,0.0,0.0329751504820335,0.0487354675512186,0.0437399782569967,0.012008994444656,0.0001442159475717,0.1902880961297326,0.0010873605493127,5.747126436781609,6.451117568906079,9.252541548799528e-06,0.2501991462567846,0.6977515546802421,bcg_x,,,9.725999999999999
OXFORD_mv000255,451043,451043,772.952,776.562,3.6100000000000136,OXFORD,OXFORD_451043_BCG_3AXIS_seg0001_c0072,BCG_3AXIS,True,trained_model,0.08,0.0366183410809925,0.0827457159334307,0.0779618109663579,0.0160068253461727,0.0002562184576628,2.4216706437641764,0.0013409029035239,1.1074197120708749,5.566196939356147,0.0003818963334881,0.5049520500771398,0.4490200306260656,bcg_x,,,13.07000000000005
OXFORD_mv000256,451043,451043,782.822,783.468,0.6459999999999582,OXFORD,OXFORD_451043_BCG_3AXIS_seg0001_c0073,BCG_3AXIS,True,trained_model,0.1433333333333333,0.0317940304975022,0.0478338414107469,0.0436595959948091,0.0117461112554399,0.0001379711296251,0.3275187615894568,0.0010108603752761,3.08641975308642,4.530456178978499,5.03716863366478e-05,0.2725897552527181,0.7573044060250235,bcg_x,,,6.259999999999991
OXFORD_mv000257,451043,451043,797.458,798.882,1.4239999999999782,OXFORD,OXFORD_451043_BCG_3AXIS_seg0001_c0074,BCG_3AXIS,True,trained_model,0.15,0.0354202635206143,0.061312003185247,0.0565879205794729,0.0135177723375232,0.0001827301689691,0.8945262833911427,0.0012545950678697,4.213483146067416,3.979310981793398,0.0001078542198871,0.3740758125759245,0.4879639953506094,bcg_x,,,13.990000000000009
OXFORD_mv000258,451043,451043,800.152,802.782,2.6299999999999955,OXFORD,OXFORD_451043_BCG_3AXIS_seg0001_c0075,BCG_3AXIS,True,trained_model,0.1933333333333333,0.0330131554934891,0.0661577912187875,0.0630971093562869,0.013650356080097,0.0001863322211134,1.43426686129868,0.0010898684356372,0.7598784194528875,4.762747063005063,0.0001840545763818,0.4716324267929567,0.5786430152519598,bcg_x,,,1.2700000000000955
OXFORD_mv000259,451043,451043,803.652,806.572,2.919999999999959,OXFORD,OXFORD_451043_BCG_3AXIS_seg0001_c0076,BCG_3AXIS,True,trained_model,0.15,0.0349237801511721,0.063652766341484,0.0615453962494215,0.013753727751255,0.0001891650270556,1.7819384836892596,0.0012196704200474,4.10958904109589,4.816917596242008,0.0002518152245097,0.4697200982065153,0.4566387802970458,bcg_y,,,0.8700000000000045
OXFORD_mv000260,451043,451043,813.776,814.28,0.5040000000000191,OXFORD,OXFORD_451043_BCG_3AXIS_seg0001_c0077,BCG_3AXIS,True,trained_model,0.0033333333333333,0.028529801878934,0.0464454465333147,0.0442753469849854,0.0115721042430191,0.0001339135966113,0.2059292475985611,0.0008139495952512,3.968253968253968,5.71797502562095,2.7693435763530248e-05,0.3282271601800134,0.7400340536112626,bcg_y,,,7.203999999999951
OXFORD_mv000261,451043,451043,821.898,822.36,0.4619999999999891,OXFORD,OXFORD_451043_BCG_3AXIS_seg0001_c0078,BCG_3AXIS,True,trained_model,0.0033333333333333,0.027572015814783,0.0453542954719872,0.0382537400377024,0.0102428994137065,0.0001049169883993,0.1763701250130304,0.0007602160560906,4.310344827586206,5.935341280406723,1.9298559147087064e-05,0.3258651351156997,0.6273152057224407,bcg_x,,,7.618000000000052
OXFORD_mv000262,451043,451043,838.244,840.7,2.4560000000000173,OXFORD,OXFORD_451043_BCG_3AXIS_seg0001_c0079,BCG_3AXIS,True,trained_model,0.01,0.0281910311710829,0.0502157023377949,0.0473799417723226,0.0098043593467071,9.61254621993642e-05,0.9767283791029472,0.0007947342384889,4.071661237785016,6.787088528381296,0.0001014463727551,0.4874023766242241,0.4433459763110137,bcg_x,,,15.884000000000015
OXFORD_mv000263,451043,451043,843.102,844.428,1.3260000000000218,OXFORD,OXFORD_451043_BCG_3AXIS_seg0001_c0080,BCG_3AXIS,True,trained_model,0.0066666666666666,0.0288943960819148,0.0520011833959615,0.0474200613651206,0.0104682933865914,0.0001095851664277,0.5543643869592128,0.0008348861249385,7.53012048192771,7.839114927449228,6.664428566907685e-05,0.4410891445643167,0.5463795861079827,bcg_y,,,2.40199999999993
OXFORD_mv000264,451043,451043,845.308,845.792,0.4840000000000373,OXFORD,OXFORD_451043_BCG_3AXIS_seg0001_c0081,BCG_3AXIS,True,trained_model,0.1466666666666666,0.0222716630440248,0.0399972893501371,0.0353887357311231,0.0095997794240977,9.215576499132964e-05,0.1205345548634192,0.0004960269747465,4.132231404958678,5.140478230479893,1.2948582873596164e-05,0.3253623401815638,0.6015473101148827,bcg_x,,,0.8799999999999955
OXFORD_mv000265,451043,451043,849.104,849.688,0.5839999999999463,OXFORD,OXFORD_451043_BCG_3AXIS_seg0001_c0082,BCG_3AXIS,True,trained_model,0.0,0.0317489059915513,0.0681235235082185,0.0673851532633071,0.0165682083566096,0.000274505528148,0.2953419582764869,0.0010079930316603,3.424657534246576,7.198847205487713,4.484760006544559e-05,0.3620529257477909,0.4832232636363976,bcg_y,,,3.312000000000012
OXFORD_mv000266,451043,451043,859.93,860.626,0.6960000000000264,OXFORD,OXFORD_451043_BCG_3AXIS_seg0001_c0083,BCG_3AXIS,True,trained_model,0.0033333333333333,0.0289826795250402,0.0459960099413988,0.0424223765598507,0.0110919284923092,0.0001230308776785,0.2931585036454642,0.0008399957124511,5.747126436781609,5.913331426581914,4.216283562845799e-05,0.3426334181807801,0.5432066754581156,bcg_x,,,10.241999999999962
OXFORD_mv000267,451043,451043,887.992,889.88,1.8880000000000337,OXFORD,OXFORD_451043_BCG_3AXIS_seg0001_c0084,BCG_3AXIS,True,trained_model,0.0866666666666666,0.0369518198125638,0.1667351705468936,0.1641321739618684,0.0212803313750348,0.0004528525034312,1.2903379531498738,0.0013654369874601,1.059322033898305,9.261386205358049,0.0003876807158144,0.5545193095793461,0.6088079940874243,bcg_z,,,27.365999999999985
OXFORD_mv000268,451043,451043,901.374,901.702,0.3279999999999745,OXFORD,OXFORD_451043_BCG_3AXIS_seg0001_c0085,BCG_3AXIS,True,trained_model,0.0,0.0299740057399623,0.0405662173555707,0.0325612470184699,0.0082523750835084,6.810169451891035e-05,0.1482427683163837,0.0008984410200992,6.097560975609756,9.99836235005866,8.284675395596577e-06,0.3467513552668198,0.6050701992287418,bcg_x,,,11.494000000000028
OXFORD_mv000269,451049,451049,0.71,1.476,0.766,OXFORD,OXFORD_451049_BCG_3AXIS_seg0001_c0001,BCG_3AXIS,True,trained_model,0.13,0.2775392849744654,1.6200361726233556,1.614675631177084,0.2500230418103898,0.0625115214361199,29.578773006388808,0.0770280547041375,5.208333333333333,9.965388410631212,0.0270599231896642,0.5028952622795252,0.597312172055241,bcg_z,,,
OXFORD_mv000270,451049,451049,37.736,38.604,0.8680000000000021,OXFORD,OXFORD_451049_BCG_3AXIS_seg0001_c0002,BCG_3AXIS,True,trained_model,0.0266666666666666,0.0234958294924338,0.0511026708080462,0.0467180848346126,0.0103679962514374,0.0001074953462698,0.2401434915388224,0.0005520540035375,2.3041474654377883,6.703089668968053,3.058015713008672e-05,0.4184566980871818,0.6438631671853166,bcg_y,,,36.26
OXFORD_mv000271,451049,451049,44.894,45.832,0.9380000000000024,OXFORD,OXFORD_451049_BCG_3AXIS_seg0001_c0003,BCG_3AXIS,True,trained_model,0.0266666666666666,0.0256957605215687,0.0457440414901609,0.0411430015112717,0.0083413566436049,6.957823065581281e-05,0.3103278911274513,0.0006602721087818,2.127659574468085,6.67392030566791,1.3754027451025323e-05,0.4360928383657454,0.5166976868220744,bcg_y,,,6.289999999999999
OXFORD_mv000272,451049,451049,71.718,72.474,0.7560000000000002,OXFORD,OXFORD_451049_BCG_3AXIS_seg0001_c0004,BCG_3AXIS,True,trained_model,0.02,0.0270992098003019,0.0663931403264132,0.0627030551513901,0.0132581104782455,0.0001757774934533,0.2783251581124969,0.0007343671718007,2.6455026455026456,13.303330238114455,3.223179599338195e-05,0.5149771671174068,0.6626289480913049,bcg_z,,,25.886000000000003
OXFORD_mv000273,451049,451049,81.352,83.112,1.759999999999991,OXFORD,OXFORD_451049_BCG_3AXIS_seg0001_c0005,BCG_3AXIS,True,trained_model,0.0133333333333333,0.0264247663518576,0.0991531286753141,0.097373965857228,0.0134976626190605,0.0001821868961779,0.6151743518169872,0.0006982682767502,4.545454545454546,5.944903901549841,9.904403321723724e-05,0.4821299242255461,0.3785559952890581,bcg_z,,,8.878
OXFORD_mv000274,451049,451049,83.868,87.896,4.028000000000006,OXFORD,OXFORD_451049_BCG_3AXIS_seg0001_c0006,BCG_3AXIS,True,trained_model,0.02,0.0339657090564617,0.0840121665966537,0.0820806287271892,0.0141135627500142,0.0001991926534985,2.3246438242920395,0.0011536693917082,4.468718967229394,6.262205240608835,0.000279904148271,0.5431755315211596,0.3758647900097215,bcg_y,,,0.7560000000000002
OXFORD_mv000275,451049,451049,88.444,92.104,3.6599999999999966,OXFORD,OXFORD_451049_BCG_3AXIS_seg0001_c0007,BCG_3AXIS,True,trained_model,0.1666666666666666,0.0309200237492681,0.0917051857629565,0.0884906458439227,0.0146105641466928,0.0002134685846846,1.7505236475078672,0.0009560478686553,2.185792349726776,4.568621604347408,0.0003544555773997,0.500663860291641,0.3846851735646626,bcg_z,,,0.5480000000000018
OXFORD_mv000276,451049,451049,92.786,93.332,0.5459999999999923,OXFORD,OXFORD_451049_BCG_3AXIS_seg0001_c0008,BCG_3AXIS,True,trained_model,0.0066666666666666,0.039696444383124,0.071329080955321,0.0645071261723599,0.0156030195084773,0.0002434542177819,0.4317713088855145,0.0015758076966624,7.2992700729927,6.7908467906642285,5.8613422849989584e-05,0.285976810866917,0.7618214135637442,bcg_y,,,0.6820000000000022
OXFORD_mv000277,451049,451049,93.998,96.322,2.323999999999998,OXFORD,OXFORD_451049_BCG_3AXIS_seg0001_c0009,BCG_3AXIS,True,trained_model,0.2566666666666666,0.1486792793110906,0.411751394203911,0.405892697555078,0.1055004534986772,0.0111303456884265,25.70872917618916,0.0221055280964653,0.8605851979345955,3.665423897100205,0.0056555792903951,0.3166146075434606,0.9176521435794815,bcg_y,,,0.666000000000011
OXFORD_mv000278,451049,451049,97.794,98.182,0.3880000000000052,OXFORD,OXFORD_451049_BCG_3AXIS_seg0001_c0010,BCG_3AXIS,True,trained_model,0.0033333333333333,0.0244193139145167,0.0353836771693804,0.0339785934579972,0.0072356547279488,5.235469934208859e-05,0.1162790639508638,0.0005963028920557,5.154639175257731,9.731414889237364,5.81925230873001e-06,0.3968304381674968,0.5507667842326592,bcg_y,,,1.4719999999999942
OXFORD_mv000279,451049,451049,120.924,121.594,0.6699999999999875,OXFORD,OXFORD_451049_BCG_3AXIS_seg0001_c0011,BCG_3AXIS,True,trained_model,0.0066666666666666,0.018985192624982,0.0374879609912656,0.0352141271207067,0.0092161031772465,8.493655777365368e-05,0.1211070131065785,0.0003604375390076,2.976190476190476,8.136204749256725,1.2889107949302986e-05,0.4434237128567309,0.6888379621579872,bcg_y,,,22.742000000000004
OXFORD_mv000280,451049,451049,137.574,137.984,0.4099999999999966,OXFORD,OXFORD_451049_BCG_3AXIS_seg0001_c0012,BCG_3AXIS,True,trained_model,0.0,0.0225813385836402,0.0460630783753403,0.0384269726133616,0.0113672283213688,0.0001292138797101,0.1050428715591738,0.0005099168522289,4.854368932038835,8.273688757796338,1.359494799574952e-05,0.3070130741050634,0.6074571298644945,bcg_z,,,15.980000000000018
OXFORD_mv000281,451049,451049,153.802,154.268,0.4660000000000082,OXFORD,OXFORD_451049_BCG_3AXIS_seg0001_c0013,BCG_3AXIS,True,trained_model,0.0033333333333333,0.0249057163030116,0.0401431976259412,0.0328293802257309,0.0088947414186316,7.911642490432076e-05,0.1451489608684673,0.000620294704566,8.547008547008547,9.812050942825527,9.271901675786192e-06,0.3613569396586408,0.7134237188908478,bcg_y,,,15.817999999999984
OXFORD_mv000282,451049,451049,155.752,156.49,0.7379999999999995,OXFORD,OXFORD_451049_BCG_3AXIS_seg0001_c0014,BCG_3AXIS,True,trained_model,0.0166666666666666,0.0234881626548809,0.0383634050204512,0.0320534063816848,0.0092588159666814,8.572567310487519e-05,0.204126700413793,0.0005516937849021,2.702702702702702,9.690129605683753,2.147263367442893e-05,0.4261325623667117,0.4944408320973762,bcg_y,,,1.4840000000000089
OXFORD_mv000283,451049,451049,170.52,171.108,0.5879999999999939,OXFORD,OXFORD_451049_BCG_3AXIS_seg0001_c0015,BCG_3AXIS,True,trained_model,0.0033333333333333,0.019397464161737,0.0369236134941832,0.0343497463550913,0.0086222261720961,7.434278416277917e-05,0.110997176692233,0.0003762616159058,6.802721088435375,7.813197827444096,1.0522889335476212e-05,0.3705222893366502,0.7387886887696818,bcg_y,,,14.030000000000001
OXFORD_mv000284,451049,451049,182.196,182.546,0.3499999999999943,OXFORD,OXFORD_451049_BCG_3AXIS_seg0001_c0016,BCG_3AXIS,True,trained_model,0.0,0.0266476978433199,0.0473551838042,0.0373417040228641,0.009763875279043,9.533326046470876e-05,0.1249775648614024,0.0007100998003488,11.363636363636363,9.594984303279205,1.3470624920707766e-05,0.3149534651657636,0.6893875060770308,bcg_y,,,11.087999999999994
OXFORD_mv000285,451049,451049,294.224,295.84,1.6159999999999854,OXFORD,OXFORD_451049_BCG_3AXIS_seg0001_c0017,BCG_3AXIS,True,trained_model,0.0066666666666666,0.0284296561377566,0.0644040223751363,0.0580216113801456,0.0105700538553929,0.0001117260385059,0.653870486621865,0.000808245348111,8.663366336633663,6.789592234814463,8.116751212205774e-05,0.4343025844531631,0.6791241155028626,bcg_y,,,111.678
OXFORD_mv000286,451049,451049,296.464,296.768,0.3039999999999736,OXFORD,OXFORD_451049_BCG_3AXIS_seg0001_c0018,BCG_3AXIS,True,trained_model,0.0033333333333333,0.0255818348212587,0.0377274824182115,0.0328236269579109,0.0087190484975119,7.602180670196552e-05,0.1001278317417912,0.0006544302728221,6.578947368421053,9.57184002029432,7.765692830677069e-06,0.339076217249122,0.5284651343238211,bcg_y,,,0.6240000000000236
OXFORD_mv000287,451049,451049,300.23,300.78,0.5499999999999545,OXFORD,OXFORD_451049_BCG_3AXIS_seg0001_c0019,BCG_3AXIS,True,trained_model,0.0,0.0236670040336762,0.0407995661284279,0.0380378288125877,0.0107155543155404,0.0001148231042892,0.1545950740606935,0.00056012707993,3.623188405797101,6.297112199558045,1.161344643132506e-05,0.3520047047459005,0.530667698564339,bcg_y,,,3.462000000000046
OXFORD_mv000288,451049,451049,312.936,313.714,0.77800000000002,OXFORD,OXFORD_451049_BCG_3AXIS_seg0001_c0020,BCG_3AXIS,True,trained_model,0.15,0.0282105727165906,0.0497317776258896,0.0428768894637065,0.0106565246907283,0.0001135615184841,0.3103762010692394,0.000795836412998,2.564102564102564,5.028257884506736,3.9625979803327286e-05,0.3605695130949216,0.4931099354562045,bcg_y,,,12.156000000000006
OXFORD_mv000289,451049,451049,317.48,318.692,1.211999999999989,OXFORD,OXFORD_451049_BCG_3AXIS_seg0001_c0021,BCG_3AXIS,True,trained_model,0.0066666666666666,0.0320716741853627,0.0763716870039583,0.0738660509094696,0.0152617665448669,0.00023292151807,0.6243555170266033,0.001028592285052,8.25082508250825,8.124038632986649,0.0001359674427836,0.4703036849251753,0.4523275257098018,bcg_z,,,3.7660000000000196
OXFORD_mv000290,451049,451049,334.698,335.038,0.3400000000000318,OXFORD,OXFORD_451049_BCG_3AXIS_seg0001_c0022,BCG_3AXIS,True,trained_model,0.0,0.0364556856065927,0.0605275782650722,0.0533595619151148,0.0129258110427401,0.0001670765911126,0.2272619092309914,0.0013290170130467,11.76470588235294,9.597179043889874,3.02274928717866e-05,0.3019812856367327,0.7654689669462308,bcg_y,,,16.005999999999972
OXFORD_mv000291,451049,451049,376.752,377.292,0.5399999999999636,OXFORD,OXFORD_451049_BCG_3AXIS_seg0001_c0023,BCG_3AXIS,True,trained_model,0.0433333333333333,0.1268636432373092,0.3805330937126523,0.3540883771889894,0.0811950861407547,0.0065926420134045,4.361578057345126,0.0160943839754432,3.7037037037037033,10.592103933845747,0.0006639499316051,0.4390138552665188,0.7613546530244327,bcg_z,,,41.714
OXFORD_mv000292,451049,451049,378.31,378.712,0.4019999999999868,OXFORD,OXFORD_451049_BCG_3AXIS_seg0001_c0024,BCG_3AXIS,True,trained_model,0.0033333333333333,0.0436793103792736,0.1087427947302783,0.101506903525098,0.0218992922711191,0.0004795790019759,0.3853921953522027,0.0019078821552089,4.950495049504951,14.73349993722966,5.193291357823546e-05,0.4646385005649041,0.7092006720669234,bcg_z,,,1.018000000000029
OXFORD_mv000293,451049,451049,395.22,396.108,0.8879999999999768,OXFORD,OXFORD_451049_BCG_3AXIS_seg0001_c0025,BCG_3AXIS,True,trained_model,0.03,0.0377268468618549,0.1276578018713594,0.1253341088436668,0.0237478768161154,0.0005639616532733,0.6333751634913461,0.0014233149741378,2.2522522522522523,8.771636260204957,7.547106206581359e-05,0.4665628885615321,0.7920339452389004,bcg_z,,,16.508000000000038
OXFORD_mv000294,451049,451049,425.072,425.962,0.8899999999999864,OXFORD,OXFORD_451049_BCG_3AXIS_seg0001_c0026,BCG_3AXIS,True,trained_model,0.03,0.0404790442687678,0.1049454342310722,0.103221278938559,0.0223332874643583,0.0004987757289656,0.7307946491111399,0.0016385530249128,2.242152466367713,8.570217982799203,0.0001810181807151,0.4437842461391369,0.6083463089498492,bcg_y,,,28.964
OXFORD_mv000295,451049,451049,478.596,481.224,2.627999999999986,OXFORD,OXFORD_451049_BCG_3AXIS_seg0001_c0027,BCG_3AXIS,True,trained_model,0.19,0.0456740050881658,0.1062235449754573,0.1039796186968016,0.0232552853778777,0.0005408082980065,2.743240884143852,0.0020861147407938,0.76103500761035,4.789465636066809,0.0003795464178105,0.4520656487595332,0.7823121005173963,bcg_y,,,52.634000000000015
OXFORD_mv000296,451049,451049,491.54,491.95,0.4099999999999681,OXFORD,OXFORD_451049_BCG_3AXIS_seg0001_c0028,BCG_3AXIS,True,trained_model,0.0,0.0240520831035587,0.0441823131239239,0.0413132923476326,0.0097346652222753,9.47637069897778e-05,0.1191715565338221,0.0005785027016204,9.70873786407767,10.3620793159963,1.051416618092664e-05,0.348503250997176,0.7728514346923191,bcg_y,,,10.316000000000031
OXFORD_mv000297,451049,451049,533.062,533.688,0.6259999999999764,OXFORD,OXFORD_451049_BCG_3AXIS_seg0001_c0029,BCG_3AXIS,True,trained_model,0.0,0.0238802774211348,0.0475011972940788,0.0441737936113188,0.011952815434773,0.0001428697968177,0.1790640420090534,0.0005702676497103,3.1847133757961785,6.711821915969468,2.0350378936735933e-05,0.394333857150133,0.8446002686268373,bcg_y,,,41.11200000000002
OXFORD_mv000298,451049,451049,538.368,538.724,0.3559999999999945,OXFORD,OXFORD_451049_BCG_3AXIS_seg0001_c0030,BCG_3AXIS,True,trained_model,0.0,0.0340093530722829,0.0506102771837267,0.0435772272902521,0.01042711218494,0.0001087246685173,0.2070378612547405,0.0011566360963951,5.617977528089888,7.429962188640201,1.6979864106716984e-05,0.2882384694201277,0.5483202616265069,bcg_y,,,4.680000000000064
OXFORD_mv000299,451049,451049,549.3,549.812,0.5120000000000573,OXFORD,OXFORD_451049_BCG_3AXIS_seg0001_c0031,BCG_3AXIS,True,trained_model,0.0,0.0254450033013826,0.0595641613413414,0.0546845828063301,0.0119912509198233,0.0001437900986221,0.1663941856028954,0.0006474481930073,3.90625,7.774322312325215,1.0631604077067797e-05,0.3603185492530544,0.4935609908711451,bcg_y,,,10.575999999999908
OXFORD_mv000300,451049,451049,622.216,625.176,2.9600000000000364,OXFORD,OXFORD_451049_BCG_3AXIS_seg0001_c0032,BCG_3AXIS,True,trained_model,0.19,0.0460091734012327,0.1052406345096988,0.0994239304725511,0.0203633804143527,0.0004146672618996,3.135046018892824,0.0021168440370647,0.6756756756756757,4.23239935621803,0.0005041646640611,0.4318347394850393,0.7252772701013447,bcg_y,,,72.404
OXFORD_mv000301,451049,451049,625.848,626.624,0.7760000000000673,OXFORD,OXFORD_451049_BCG_3AXIS_seg0001_c0033,BCG_3AXIS,True,trained_model,0.0,0.0279384846381666,0.0475200612095255,0.0428671311359538,0.0094986581112126,9.02245059137054e-05,0.3036374213881817,0.000780558923877,10.309278350515465,8.736102218839056,3.144182026197976e-05,0.3460502470435105,0.5182972308062812,bcg_y,,,0.6719999999999118
OXFORD_mv000302,451049,451049,696.998,697.602,0.6039999999999281,OXFORD,OXFORD_451049_BCG_3AXIS_seg0001_c0034,BCG_3AXIS,True,trained_model,0.0,0.025456691372319,0.0411038496636554,0.0345593991826526,0.0075466597719293,5.6952073713256405e-05,0.1963570700945277,0.0006480431356255,13.245033112582782,10.610443654167398,9.22125995115779e-06,0.4112908617222398,0.4856932842925423,bcg_y,,,70.37400000000002
OXFORD_mv000303,451049,451049,722.042,722.782,0.7400000000000091,OXFORD,OXFORD_451049_BCG_3AXIS_seg0001_c0035,BCG_3AXIS,True,trained_model,0.0033333333333333,0.0200392179339851,0.0375021192349785,0.0345924962568999,0.0079832066225073,6.373158797764578e-05,0.1489825647555339,0.0004015702554057,8.108108108108109,9.145579349672696,1.450961747874785e-05,0.4497525484493394,0.6275391658086211,bcg_y,,,24.440000000000055
OXFORD_mv000304,451049,451049,757.692,758.428,0.73599999999999,OXFORD,OXFORD_451049_BCG_3AXIS_seg0001_c0036,BCG_3AXIS,True,trained_model,0.0,0.0201074910581031,0.045887343565899,0.0421911997528163,0.0094758551059921,8.979182998975837e-05,0.149190831564477,0.0004043111966516,8.152173913043478,9.835530263388916,1.8137191360013504e-05,0.4389277820071681,0.5915833334646489,bcg_y,,,34.90999999999997
OXFORD_mv000305,451049,451049,760.312,760.704,0.391999999999939,OXFORD,OXFORD_451049_BCG_3AXIS_seg0001_c0037,BCG_3AXIS,True,trained_model,0.0033333333333333,0.0219735449837962,0.0397847533166105,0.0373332426078852,0.0091531294455505,8.377977864700519e-05,0.0951188257935188,0.0004828366791549,10.20408163265306,10.733422591935485,6.357207956230613e-06,0.3576206401637221,0.5743946145267864,bcg_y,,,1.8840000000000146
OXFORD_mv000306,451049,451049,761.374,761.868,0.4940000000000282,OXFORD,OXFORD_451049_BCG_3AXIS_seg0001_c0038,BCG_3AXIS,True,trained_model,0.0066666666666666,0.0165772154841842,0.0351916650361311,0.0324173878137158,0.0081300191053394,6.60972106531847e-05,0.0681514101558511,0.000274804073209,4.032258064516129,6.385433278296255,5.098813589601026e-06,0.3597132763205747,0.597058336206819,bcg_y,,,0.6700000000000728
OXFORD_mv000307,451049,451049,794.71,795.548,0.8379999999999654,OXFORD,OXFORD_451049_BCG_3AXIS_seg0001_c0039,BCG_3AXIS,True,trained_model,0.1533333333333333,0.0224708419892658,0.0437928913061319,0.0429298408787803,0.0106261539184747,0.0001129151470991,0.2120742706767514,0.0005049387397065,2.380952380952381,5.082931721487611,3.863473025827008e-05,0.3390966837967402,0.5355947733200195,bcg_y,,,32.841999999999985
OXFORD_mv000308,451049,451049,799.048,800.156,1.1079999999999472,OXFORD,OXFORD_451049_BCG_3AXIS_seg0001_c0040,BCG_3AXIS,True,trained_model,0.01,0.026769577523745,0.0535041828163732,0.0511028993896136,0.0112067958227842,0.0001255922726135,0.3977187058438864,0.0007166102807997,3.610108303249097,5.755047539805638,7.173605415807367e-05,0.388130287638858,0.52943251883884,bcg_y,,,3.5
OXFORD_mv000309,451049,451049,839.92,840.36,0.4400000000000545,OXFORD,OXFORD_451049_BCG_3AXIS_seg0001_c0041,BCG_3AXIS,True,trained_model,0.0266666666666666,0.0188711996335085,0.0434740594499176,0.0405005616899185,0.009315913737572,8.678624876588336e-05,0.0787030008093093,0.0003561221756077,13.636363636363637,10.065085425858207,3.70037188322672e-06,0.4356742722383716,0.4648216923676377,bcg_z,,,39.76400000000001
OXFORD_mv000310,451049,451049,844.724,845.892,1.1680000000000064,OXFORD,OXFORD_451049_BCG_3AXIS_seg0001_c0042,BCG_3AXIS,True,trained_model,0.0066666666666666,0.0252119759011586,0.0540022477040265,0.0532306846819863,0.0111162287309074,0.0001235705411978,0.3718515813717524,0.0006356437288406,5.136986301369864,9.734234981530784,7.488981802995074e-05,0.4879506227731701,0.4404558429867134,bcg_y,,,4.364000000000033
OXFORD_mv000311,451049,451049,848.31,848.824,0.51400000000001,OXFORD,OXFORD_451049_BCG_3AXIS_seg0001_c0043,BCG_3AXIS,True,trained_model,0.0,0.0244540751547652,0.0468575557895867,0.0423748246439052,0.0114472191428451,0.0001310388261043,0.1542844622521256,0.0005980017916749,3.875968992248062,9.208680373541924,6.978489188570643e-06,0.4482834951145712,0.7653622212322421,bcg_y,,,2.4179999999998927
OXFORD_mv000312,451049,451049,849.584,851.292,1.7080000000000837,OXFORD,OXFORD_451049_BCG_3AXIS_seg0001_c0044,BCG_3AXIS,True,trained_model,0.19,0.0314912981084613,0.0735664940039165,0.0697674176604584,0.0145163386015826,0.0002107240863957,0.8479050873553644,0.0009917018565559,1.17096018735363,4.780011511571697,0.0001537969045342,0.4365793595096601,0.5970053395883664,bcg_y,,,0.7599999999999909
OXFORD_mv000313,451280,451280,1.834,2.314,0.48,OXFORD,OXFORD_451280_BCG_3AXIS_seg0001_c0001,BCG_3AXIS,True,trained_model,0.0,0.0367117388873269,0.0846933274096614,0.0795722353057449,0.0182212547890705,0.0003320141260882,0.3248081770836367,0.0013477517721312,8.333333333333334,12.43251448198656,4.536210737202956e-05,0.4898691551328627,0.8057422747314726,bcg_z,,,
OXFORD_mv000314,451280,451280,3.262,3.57,0.3079999999999998,OXFORD,OXFORD_451280_BCG_3AXIS_seg0001_c0002,BCG_3AXIS,True,trained_model,0.0033333333333333,0.0551231836952728,0.1050455573659762,0.0932767110578802,0.0207095675888747,0.0004288861897181,0.4709776340089339,0.0030385653807027,6.493506493506493,10.592089010883043,5.42250310867668e-05,0.3254172792343003,0.4691416588296136,bcg_z,,,0.948
OXFORD_mv000315,451280,451280,4.084,4.898,0.8140000000000001,OXFORD,OXFORD_451280_BCG_3AXIS_seg0001_c0003,BCG_3AXIS,True,trained_model,0.02,0.0367621532124689,0.0788394149606827,0.0708392351174559,0.016960334222041,0.0002876529369233,0.551394010797354,0.001351455908817,2.4509803921568625,9.842056059038256,8.307954525863796e-05,0.4913985852140822,0.6272108626586522,bcg_z,,,0.5139999999999998
OXFORD_mv000316,451280,451280,6.0,6.52,0.5199999999999996,OXFORD,OXFORD_451280_BCG_3AXIS_seg0001_c0004,BCG_3AXIS,True,trained_model,0.0033333333333333,0.0409562839168815,0.1118359649274605,0.1085819815457072,0.0238771765048735,0.0005701195578448,0.4378058871851349,0.0016774171922802,3.846153846153846,11.389438714004854,4.635059349843875e-05,0.4350093488150051,0.7660328445113889,bcg_z,,,1.1020000000000003
OXFORD_mv000317,451280,451280,7.47,7.782,0.3120000000000003,OXFORD,OXFORD_451280_BCG_3AXIS_seg0001_c0005,BCG_3AXIS,True,trained_model,0.0,0.0422646845274941,0.0786986463336577,0.0729399103343818,0.0159880798896718,0.0002556186985585,0.2804496586387505,0.0017863035582086,6.410256410256411,12.178790818472708,1.5824602591997767e-05,0.4396323822405751,0.7654115389292254,bcg_z,,,0.9500000000000002
OXFORD_mv000318,451280,451280,10.492,11.956,1.4639999999999986,OXFORD,OXFORD_451280_BCG_3AXIS_seg0001_c0006,BCG_3AXIS,True,trained_model,0.0333333333333333,0.0529467459453229,0.1191762171428501,0.1137526927092908,0.0244773931901372,0.0005991427773845,2.0548613452435505,0.0028033579061985,2.73224043715847,9.620262005667248,0.0003912310822405,0.5392610903699401,0.6569202603573345,bcg_z,,,2.710000000000001
OXFORD_mv000319,451280,451280,16.444,18.412,1.968,OXFORD,OXFORD_451280_BCG_3AXIS_seg0001_c0007,BCG_3AXIS,True,trained_model,0.0833333333333333,0.0562955050501704,0.1908345824472896,0.1859533832284969,0.0334467038529612,0.0011186819986276,3.1216461305209604,0.0031691838888537,1.016260162601626,8.819889040415788,0.0006165335132334,0.5306030129202524,0.6428876428309805,bcg_z,,,4.4879999999999995
OXFORD_mv000320,451280,451280,27.6,27.914,0.314,OXFORD,OXFORD_451280_BCG_3AXIS_seg0001_c0008,BCG_3AXIS,True,trained_model,0.03,0.0500651737666029,0.1335407153339797,0.1307476662933677,0.0317523252890336,0.0010082101612606,0.3960304166362631,0.0025065216242801,18.9873417721519,16.999493192853027,7.371244202877036e-05,0.4612703423577233,0.8467825699259595,bcg_z,,,9.188000000000002
OXFORD_mv000321,451280,451280,29.016,29.342,0.3260000000000005,OXFORD,OXFORD_451280_BCG_3AXIS_seg0001_c0009,BCG_3AXIS,True,trained_model,0.2366666666666666,0.0468320848687876,0.0842859657421357,0.0755177126669954,0.0159409989717121,0.0002541154482161,0.3596920443978021,0.0021932441731573,24.390243902439025,17.16552653337708,2.4569974494770707e-05,0.4433580953919329,0.8627007876736973,bcg_z,,,1.1019999999999968
OXFORD_mv000322,451280,451280,31.3,31.914,0.6140000000000008,OXFORD,OXFORD_451280_BCG_3AXIS_seg0001_c0010,BCG_3AXIS,True,trained_model,0.01,0.0433549172177694,0.1036988176727389,0.0991842112307846,0.0239934447044565,0.0005756853887858,0.5789318448635695,0.0018796488469596,3.2467532467532467,12.590910097914882,8.168367602488532e-05,0.4972930469129261,0.751748343814903,bcg_z,,,1.958000000000002
OXFORD_mv000323,451280,451280,34.132,34.48,0.347999999999999,OXFORD,OXFORD_451280_BCG_3AXIS_seg0001_c0011,BCG_3AXIS,True,trained_model,0.0533333333333333,0.0314538680253928,0.0572060303606761,0.0497804339215749,0.0125084260915356,0.0001564607232874,0.1731355174077957,0.0009893458137588,17.241379310344826,15.95499291851899,9.389502160246048e-06,0.4625340011563937,0.6264380302976368,bcg_z,,,2.2179999999999964
OXFORD_mv000324,451280,451280,40.458,40.792,0.3340000000000032,OXFORD,OXFORD_451280_BCG_3AXIS_seg0001_c0012,BCG_3AXIS,True,trained_model,0.24,0.0643453557056718,0.1462818202506037,0.1432358472835631,0.0288987648743878,0.0008351386112651,0.6955745665494248,0.0041403248008894,17.857142857142854,14.599994321850904,0.0001032391335068,0.4255294752515141,0.8709837940975298,bcg_z,,,5.9780000000000015
OXFORD_mv000325,451280,451280,41.9,42.268,0.3680000000000021,OXFORD,OXFORD_451280_BCG_3AXIS_seg0001_c0013,BCG_3AXIS,True,trained_model,0.23,0.0526593280075115,0.1025427356852085,0.0929797635196776,0.0230489325766188,0.0005312532929215,0.5130058928474979,0.0027730048262026,16.304347826086957,13.920891420649326,6.933344817578528e-05,0.4468641645215248,0.907939621426476,bcg_z,,,1.107999999999997
OXFORD_mv000326,451280,451280,43.112,44.028,0.9159999999999968,OXFORD,OXFORD_451280_BCG_3AXIS_seg0001_c0014,BCG_3AXIS,True,trained_model,0.0033333333333333,0.0334657386401379,0.0557127391713985,0.05268858680105,0.0124011689252793,0.0001537889907133,0.514059649193081,0.00111995566273,6.550218340611353,9.187888492186833,4.197524779533869e-05,0.490632256829508,0.3642218220293495,bcg_z,,,0.8440000000000012
OXFORD_mv000327,451280,451280,44.868,45.226,0.357999999999997,OXFORD,OXFORD_451280_BCG_3AXIS_seg0001_c0015,BCG_3AXIS,True,trained_model,0.03,0.0443887056748562,0.0814790165900498,0.078486280703923,0.0183301605792632,0.0003359947868615,0.354664294468022,0.001970357191489,16.666666666666664,15.285187925800804,5.1498653661566105e-05,0.4217959780522385,0.7655307113697658,bcg_z,,,0.8400000000000034
OXFORD_mv000328,451280,451280,47.872,48.414,0.5420000000000016,OXFORD,OXFORD_451280_BCG_3AXIS_seg0001_c0016,BCG_3AXIS,True,trained_model,0.1,0.0528164214508769,0.1044420645497083,0.0918018963108268,0.0230882065953532,0.0005330652837897,0.7587642299664505,0.0027895743748766,3.676470588235294,13.653432557397016,8.282424205438457e-05,0.4416345820328115,0.711976416756103,bcg_z,,,2.646000000000001
OXFORD_mv000329,451280,451280,61.318,62.672,1.3539999999999992,OXFORD,OXFORD_451280_BCG_3AXIS_seg0001_c0017,BCG_3AXIS,True,trained_model,0.22,0.0529351636148665,0.1283828410678939,0.1219313804871391,0.0207205981971606,0.0004293431896481,1.8998451888203656,0.0028021315469326,14.749262536873156,13.109533249106862,0.0003717467482,0.4816816618225206,0.6093568720062102,bcg_z,,,12.903999999999996
OXFORD_mv000330,451280,451280,91.05,91.94,0.8900000000000006,OXFORD,OXFORD_451280_BCG_3AXIS_seg0001_c0018,BCG_3AXIS,True,trained_model,0.0333333333333333,0.0283046485972652,0.0707630309793422,0.0672205673954668,0.0140820387055106,0.0001983038141035,0.3573142969677424,0.0008011531322146,2.242152466367713,8.66404923237917,3.208369453237485e-05,0.4802721358002834,0.6188464191586383,bcg_z,,,28.378
OXFORD_mv000331,451280,451280,94.31,94.892,0.5819999999999936,OXFORD,OXFORD_451280_BCG_3AXIS_seg0001_c0019,BCG_3AXIS,True,trained_model,0.0,0.0393821533637868,0.0822872179390721,0.0738329040004902,0.0170402016279315,0.0002903684715205,0.4528785690420987,0.0015509540035688,6.849315068493151,10.014420818401724,5.113248804291389e-05,0.425982904639549,0.6223414050424887,bcg_z,,,2.3700000000000045
OXFORD_mv000332,451280,451280,95.994,97.854,1.86,OXFORD,OXFORD_451280_BCG_3AXIS_seg0001_c0020,BCG_3AXIS,True,trained_model,0.1833333333333333,0.0651472638883106,0.3162138034949202,0.313711851100551,0.048716270710552,0.0023732750319437,3.951318538675996,0.0042441659921331,2.150537634408602,4.615524882054878,0.0027587995831643,0.4231923885221453,0.778110154715111,bcg_z,,,1.1020000000000039
OXFORD_mv000333,451280,451280,99.074,99.624,0.5499999999999972,OXFORD,OXFORD_451280_BCG_3AXIS_seg0001_c0021,BCG_3AXIS,True,trained_model,0.0033333333333333,0.0256048910579172,0.0562760276886454,0.0524380673048966,0.0130367750469078,0.0001699575036236,0.1809484831202353,0.0006556104460878,3.623188405797101,9.076686789602956,1.41875582835478e-05,0.4562743937400006,0.5820346293226799,bcg_z,,,1.2199999999999989
OXFORD_mv000334,451280,451280,101.548,102.36,0.8119999999999976,OXFORD,OXFORD_451280_BCG_3AXIS_seg0001_c0022,BCG_3AXIS,True,trained_model,0.03,0.0456991503192022,0.1036810598957509,0.1012658122820149,0.0205328777256056,0.0004215990676946,0.8499838223380962,0.002088412339897,2.463054187192118,9.625654805331497,0.0001471869852458,0.4955960026931595,0.7500948123984816,bcg_z,,,1.9240000000000066
OXFORD_mv000335,451280,451280,105.78,106.278,0.4980000000000046,OXFORD,OXFORD_451280_BCG_3AXIS_seg0001_c0023,BCG_3AXIS,True,trained_model,0.0033333333333333,0.040175012705543,0.095105971109645,0.0876394307009655,0.0199903949102892,0.0003996158886693,0.4035079114726354,0.0016140316458905,4.0,11.803366787450072,7.623727494166244e-05,0.4353122260039234,0.8215287070509981,bcg_z,,,3.4200000000000017
OXFORD_mv000336,451280,451280,107.86,108.212,0.3520000000000038,OXFORD,OXFORD_451280_BCG_3AXIS_seg0001_c0024,BCG_3AXIS,True,trained_model,0.0266666666666666,0.0565726856988707,0.0932466600770527,0.0909044698560992,0.0243953048200375,0.0005951308972625,0.5664829717914281,0.0032004687671832,11.363636363636363,10.681316490536055,9.822551254476426e-05,0.3986379035072572,0.7808356146376969,bcg_z,,,1.5819999999999936
OXFORD_mv000337,451280,451280,111.25,111.71,0.4599999999999937,OXFORD,OXFORD_451280_BCG_3AXIS_seg0001_c0025,BCG_3AXIS,True,trained_model,0.0,0.0266364082122174,0.0545156442617942,0.0460331730529494,0.0113518006291206,0.0001288633775233,0.1638940940054617,0.0007094982424478,4.3478260869565215,10.469302470443392,1.288607190554556e-05,0.4384159087881981,0.7356292287840278,bcg_z,,,3.0379999999999967
OXFORD_mv000338,451280,451280,116.32,116.812,0.4920000000000044,OXFORD,OXFORD_451280_BCG_3AXIS_seg0001_c0026,BCG_3AXIS,True,trained_model,0.0,0.0311043811763611,0.0547844290051192,0.0465594595640839,0.0134089259573982,0.0001797992953309,0.2389681845059988,0.0009674825283643,8.130081300813009,8.883049035503593,3.637790169837963e-05,0.3859392063378182,0.7572349351267362,bcg_z,,,4.609999999999999
OXFORD_mv000339,451280,451280,121.382,122.476,1.093999999999994,OXFORD,OXFORD_451280_BCG_3AXIS_seg0001_c0027,BCG_3AXIS,True,trained_model,0.01,0.0303182845068261,0.0673370080244253,0.0627743908046023,0.0141042074398643,0.0001989286675067,0.5037207097393948,0.0009191983754368,5.474452554744525,11.888673175865351,7.194977265535712e-05,0.5218436625945634,0.7180374076940202,bcg_z,,,4.570000000000007
OXFORD_mv000340,451280,451280,125.516,126.734,1.217999999999989,OXFORD,OXFORD_451280_BCG_3AXIS_seg0001_c0028,BCG_3AXIS,True,trained_model,0.07,0.0599571545282098,0.1623445324012419,0.1596719038808057,0.0356755843268823,0.0012727473170644,2.19286483126298,0.0035948603791196,1.639344262295082,9.844251179972725,0.0002624830161808,0.4161560122562434,0.8545781509007336,bcg_z,,,3.0400000000000063
OXFORD_mv000341,451280,451280,129.978,130.418,0.4399999999999977,OXFORD,OXFORD_451280_BCG_3AXIS_seg0001_c0029,BCG_3AXIS,True,trained_model,0.0,0.0416624386672118,0.0722268772184991,0.0581166959809291,0.014821100245034,0.0002196650124733,0.3836026938495205,0.0017357587956991,9.090909090909092,14.395546704991562,2.5081396143979107e-05,0.4851432621653341,0.7875052576936883,bcg_z,,,3.244000000000014
OXFORD_mv000342,451280,451280,131.856,132.166,0.3100000000000023,OXFORD,OXFORD_451280_BCG_3AXIS_seg0001_c0030,BCG_3AXIS,True,trained_model,0.0,0.0321015917684137,0.0505063531512282,0.0467207803862206,0.0146779256744597,0.0002154415021049,0.160759902274279,0.0010305121940658,6.410256410256411,9.67970371229978,2.2439261658027517e-05,0.3712966187198011,0.5145565206847055,bcg_z,,,1.4379999999999882
OXFORD_mv000343,451280,451280,134.38,135.524,1.1440000000000057,OXFORD,OXFORD_451280_BCG_3AXIS_seg0001_c0031,BCG_3AXIS,True,trained_model,0.0666666666666666,0.0422454344781342,0.1200678228485816,0.1163855358527208,0.022876770638792,0.0005233466348598,1.022619768723151,0.0017846767342463,1.748251748251748,9.909307428240966,0.0002002240993597,0.4838696764126846,0.5888372071783561,bcg_z,,,2.2139999999999986
OXFORD_mv000344,451280,451280,137.242,137.608,0.3660000000000138,OXFORD,OXFORD_451280_BCG_3AXIS_seg0001_c0032,BCG_3AXIS,True,trained_model,0.0,0.0371501614304498,0.0786757873738064,0.0723679371652685,0.0174610243724271,0.0003048873721344,0.2539447469527609,0.0013801344943084,10.869565217391305,14.221642429674487,3.424302271492955e-05,0.44272624200443,0.7509286628015702,bcg_z,,,1.7179999999999893
OXFORD_mv000345,451280,451280,140.492,141.374,0.882000000000005,OXFORD,OXFORD_451280_BCG_3AXIS_seg0001_c0033,BCG_3AXIS,True,trained_model,0.08,0.1218667991771956,0.3773843310635612,0.3676705265830157,0.0872336960654532,0.0076097177292398,6.564370399829156,0.0148515167416949,2.262443438914027,6.614348746781507,0.0038262406393456,0.4062954195980189,0.8800100457059641,bcg_z,,,2.883999999999986
OXFORD_mv000346,451280,451280,144.198,144.506,0.3079999999999927,OXFORD,OXFORD_451280_BCG_3AXIS_seg0001_c0034,BCG_3AXIS,True,trained_model,0.0033333333333333,0.064902049785488,0.1313134175519967,0.1194274833592502,0.027700307815619,0.00076730705308,0.6529027902854849,0.0042122760663579,6.493506493506493,11.003664713212146,0.000133824581534,0.3627269889767698,0.8745887779665789,bcg_z,,,2.8240000000000123
OXFORD_mv000347,451280,451280,145.164,145.928,0.76400000000001,OXFORD,OXFORD_451280_BCG_3AXIS_seg0001_c0035,BCG_3AXIS,True,trained_model,0.01,0.0472117254801446,0.0972692541090591,0.0949910160477571,0.0258999276508328,0.0006708062523183,0.8536867097372035,0.0022289470228125,5.235602094240837,10.852717354202769,8.9034771270336e-05,0.5065325149898391,0.7265151708930473,bcg_z,,,0.657999999999987
OXFORD_mv000348,451280,451280,152.228,152.736,0.5079999999999814,OXFORD,OXFORD_451280_BCG_3AXIS_seg0001_c0036,BCG_3AXIS,True,trained_model,0.0,0.0396782233749769,0.0898605041885693,0.0849714544510566,0.0206629919739275,0.0004269592373145,0.401462159599614,0.0015743614101945,11.811023622047244,12.706881614366004,6.36278878952861e-05,0.4579408460846028,0.7730192272680633,bcg_z,,,6.300000000000011
OXFORD_mv000349,451280,451280,153.978,154.29,0.3119999999999834,OXFORD,OXFORD_451280_BCG_3AXIS_seg0001_c0037,BCG_3AXIS,True,trained_model,0.0,0.0407086994257915,0.0727056834869026,0.0690054997788963,0.0177701705239561,0.0003157789604504,0.2601801188034925,0.0016571982089394,6.410256410256411,12.420191650631018,4.753176793677578e-05,0.3837974812737905,0.7834704395886322,bcg_z,,,1.2420000000000186
OXFORD_mv000350,451280,451280,163.624,164.354,0.7300000000000182,OXFORD,OXFORD_451280_BCG_3AXIS_seg0001_c0038,BCG_3AXIS,True,trained_model,0.0533333333333333,0.079604770959853,0.2622831424256642,0.2576294567521824,0.0466890163091411,0.0021798642439152,2.319312558802862,0.0063369195595706,2.73224043715847,9.78777328401228,0.0009011484874093,0.4743229645405298,0.7682767722877063,bcg_z,,,9.334000000000003
OXFORD_mv000351,451280,451280,166.902,167.238,0.3360000000000127,OXFORD,OXFORD_451280_BCG_3AXIS_seg0001_c0039,BCG_3AXIS,True,trained_model,0.0,0.0248240899985675,0.0460496055540126,0.0414906553269037,0.0109370940200403,0.0001196200256032,0.1041437900794299,0.0006162354442569,5.952380952380952,9.082305917454851,5.166869391989944e-06,0.3933269595309112,0.3868460134371445,bcg_x,,,2.5479999999999734
OXFORD_mv000352,451280,451280,182.566,197.472,14.906000000000006,OXFORD,OXFORD_451280_BCG_3AXIS_seg0001_c0040,BCG_3AXIS,True,trained_model,0.11,0.071968492432852,0.3586838483022675,0.3577197072288303,0.0472217210172344,0.0022298909358295,38.60772393339043,0.0051794639030574,0.268312315535283,6.020607218256127,0.0066465778912799,0.5768604468321932,0.5139914553897055,bcg_z,,,15.328000000000003
OXFORD_mv000353,451280,451280,198.948,199.262,0.3139999999999929,OXFORD,OXFORD_451280_BCG_3AXIS_seg0001_c0041,BCG_3AXIS,True,trained_model,0.0,0.0493276924504901,0.1085683426954173,0.101305777582989,0.0288278963958133,0.0008310476106077,0.3844489563134425,0.0024332212424901,12.658227848101266,12.42732855325582,6.744507364709297e-05,0.3721087641555345,0.6881590087061973,bcg_z,,,1.475999999999999
OXFORD_mv000354,451280,451280,216.7,217.148,0.4480000000000075,OXFORD,OXFORD_451280_BCG_3AXIS_seg0001_c0042,BCG_3AXIS,True,trained_model,0.0,0.0269497433219236,0.0583584113379609,0.0574257203158155,0.0135643468936133,0.0001839915066502,0.1634149496514534,0.0007262886651175,4.464285714285714,15.080375073196697,1.913765197839401e-05,0.4929662412192842,0.796140056316026,bcg_z,,,17.437999999999988
OXFORD_mv000355,451280,451280,225.952,226.332,0.3799999999999954,OXFORD,OXFORD_451280_BCG_3AXIS_seg0001_c0043,BCG_3AXIS,True,trained_model,0.0,0.0714497319525849,0.1442655369393003,0.1369610197576701,0.0299866310694546,0.0008991980428955,0.9750672614543824,0.0051050641960962,10.526315789473683,13.400863384587089,7.856235001324003e-05,0.4012570310422814,0.7727329593153804,bcg_z,,,8.804000000000002
OXFORD_mv000356,451280,451280,227.456,227.932,0.4759999999999991,OXFORD,OXFORD_451280_BCG_3AXIS_seg0001_c0044,BCG_3AXIS,True,trained_model,0.0,0.0270163255262293,0.0526180281276295,0.0495138351375703,0.0116284362508186,0.0001352205296393,0.1744417609404671,0.0007298818449391,4.201680672268907,13.415979552677456,1.593280040678103e-05,0.4915002440973534,0.7128305144100934,bcg_z,,,1.1239999999999952
OXFORD_mv000357,451280,451280,228.756,229.164,0.407999999999987,OXFORD,OXFORD_451280_BCG_3AXIS_seg0001_c0045,BCG_3AXIS,True,trained_model,0.0,0.0327894763086044,0.0811572630331257,0.0736314072890933,0.0163238313972002,0.0002664674714842,0.2204057001014693,0.0010751497565925,4.901960784313725,13.737590306507276,1.2630876932593804e-05,0.4878566121813396,0.6855099933287274,bcg_z,,,0.8240000000000123
OXFORD_mv000358,451280,451280,234.54,234.86,0.3200000000000216,OXFORD,OXFORD_451280_BCG_3AXIS_seg0001_c0046,BCG_3AXIS,True,trained_model,0.2366666666666666,0.0380973129063228,0.0600787328620125,0.0503476548463678,0.0137178970395774,0.0001881806991884,0.2336762453598455,0.0014514052506822,25.0,21.09369889868193,1.1240702069121816e-05,0.4096139437727846,0.7633952667299938,bcg_z,,,5.376000000000005
OXFORD_mv000359,451280,451280,238.162,238.496,0.3340000000000032,OXFORD,OXFORD_451280_BCG_3AXIS_seg0001_c0047,BCG_3AXIS,True,trained_model,0.13,0.0311594749540609,0.058811935949069,0.0581581480764118,0.0140976220600539,0.0001987429477481,0.1631133637413424,0.0009709128794127,23.809523809523807,16.68162168157951,1.2082512572781215e-05,0.4757297587745251,0.8414466158155648,bcg_z,,,3.3019999999999925
OXFORD_mv000360,451280,451280,243.41,243.848,0.4380000000000166,OXFORD,OXFORD_451280_BCG_3AXIS_seg0001_c0048,BCG_3AXIS,True,trained_model,0.0,0.0292845302608848,0.0561807422165333,0.0493974048097929,0.0118600078024338,0.0001406597850737,0.1886684167721501,0.0008575837126006,4.545454545454546,12.261520659454051,1.4399231612984794e-05,0.476100282681257,0.6948454151264614,bcg_z,,,4.913999999999987
OXFORD_mv000361,451280,451280,253.03,253.394,0.3640000000000043,OXFORD,OXFORD_451280_BCG_3AXIS_seg0001_c0049,BCG_3AXIS,True,trained_model,0.2333333333333333,0.0342589751872872,0.0639804305294699,0.05968408025036,0.0148235636975994,0.0002197380406967,0.2147829607016185,0.0011736773808831,21.978021978021975,16.571913212473447,1.531352586548696e-05,0.4668716635471837,0.8871363398200874,bcg_z,,,9.181999999999988
OXFORD_mv000362,451280,451280,259.572,259.9,0.3279999999999745,OXFORD,OXFORD_451280_BCG_3AXIS_seg0001_c0050,BCG_3AXIS,True,trained_model,0.03,0.0390056955439782,0.0734110551445777,0.0575483518137155,0.0132040369984131,0.0001743465930554,0.2510383070034713,0.0015214442848695,18.29268292682927,15.611880438324617,5.190882823698007e-06,0.4618508334594071,0.7949165589149937,bcg_z,,,6.177999999999997
OXFORD_mv000363,451280,451280,260.776,261.168,0.3919999999999959,OXFORD,OXFORD_451280_BCG_3AXIS_seg0001_c0051,BCG_3AXIS,True,trained_model,0.0,0.039624627722514,0.0678047582064323,0.0585169905242206,0.0150254144020237,0.0002257630779525,0.3093118910631222,0.0015701111221478,5.1020408163265305,11.406286915679663,2.1819323956915444e-05,0.4457188410561513,0.5618278344516817,bcg_z,,,0.8760000000000332
OXFORD_mv000364,451280,451280,264.862,265.2,0.3379999999999654,OXFORD,OXFORD_451280_BCG_3AXIS_seg0001_c0052,BCG_3AXIS,True,trained_model,0.2366666666666666,0.0454699235884609,0.0961972884768872,0.0898437059039684,0.0188261070510008,0.0003544223066957,0.3514773716938811,0.0020675139511404,17.64705882352941,18.519218636938703,3.536179369932715e-05,0.4251976024585117,0.8610291095298686,bcg_z,,,3.694000000000017
OXFORD_mv000365,451280,451280,272.954,273.45,0.4959999999999809,OXFORD,OXFORD_451280_BCG_3AXIS_seg0001_c0053,BCG_3AXIS,True,trained_model,0.03,0.0302001017889693,0.0590516585504012,0.0545072801233948,0.0137875168328552,0.0001900956204162,0.2270994908679627,0.0009120461480641,16.129032258064516,11.957560885223565,2.749288219125318e-05,0.4565647118804902,0.7203076016631725,bcg_z,,,7.754000000000019
OXFORD_mv000366,451280,451280,274.384,274.93,0.5459999999999923,OXFORD,OXFORD_451280_BCG_3AXIS_seg0001_c0054,BCG_3AXIS,True,trained_model,0.0033333333333333,0.0354458110604967,0.0772765501619715,0.0737089352218043,0.0182533195631828,0.0003331836750756,0.3442551129557827,0.0012564055217364,3.64963503649635,12.758715568697648,3.760199880365558e-05,0.4938816863330759,0.7697328606768633,bcg_z,,,0.9340000000000259
OXFORD_mv000367,451280,451280,276.246,276.548,0.3020000000000209,OXFORD,OXFORD_451280_BCG_3AXIS_seg0001_c0055,BCG_3AXIS,True,trained_model,0.03,0.0483325725245485,0.0835223826305319,0.0735587936664859,0.02010721985544,0.000404300290315,0.3550777101597928,0.0023360375668407,19.73684210526316,16.879464395994603,3.0375977996223106e-05,0.4186953738117933,0.806034606713221,bcg_z,,,1.315999999999974
OXFORD_mv000368,451280,451280,288.81,291.054,2.243999999999972,OXFORD,OXFORD_451280_BCG_3AXIS_seg0001_c0056,BCG_3AXIS,True,trained_model,0.2133333333333333,0.0743250760517486,0.1990730797204152,0.1938665339381957,0.04370140856233,0.0019098131103316,6.203695612500308,0.0055242169300982,0.89126559714795,4.581693443612785,0.0013451974149764,0.452836751435805,0.4468652107904679,bcg_y,,,12.262
OXFORD_mv000369,451280,451280,293.38,293.678,0.2980000000000018,OXFORD,OXFORD_451280_BCG_3AXIS_seg0001_c0057,BCG_3AXIS,True,trained_model,0.0,0.0267280708195124,0.0550495404822757,0.0497082936516072,0.0111965653661423,0.0001253630759982,0.1071584654599306,0.0007143897697328,13.333333333333334,14.741855622381422,5.624807769975562e-06,0.3703812786841047,0.7063690988016257,bcg_z,,,2.326000000000022
OXFORD_mv000370,451280,451280,298.132,298.608,0.4759999999999991,OXFORD,OXFORD_451280_BCG_3AXIS_seg0001_c0058,BCG_3AXIS,True,trained_model,0.0,0.0266511910494423,0.0537955316204437,0.0501452770377172,0.0124106039539966,0.0001540230905029,0.1697583502605766,0.0007102859843538,8.403361344537814,9.227227914737474,1.9398767713329733e-05,0.389814489318552,0.5229682923090877,bcg_z,,,4.454000000000008
OXFORD_mv000371,451280,451280,300.624,301.152,0.5279999999999632,OXFORD,OXFORD_451280_BCG_3AXIS_seg0001_c0059,BCG_3AXIS,True,trained_model,0.0033333333333333,0.0245276051185641,0.0558883326199409,0.05508395667642,0.0128499758605918,0.0001651218796177,0.1594249044058372,0.0006016034128522,3.787878787878788,10.813287046339276,1.2451579688182444e-05,0.4726370689569034,0.3672824832156386,bcg_x,,,2.0160000000000196
OXFORD_mv000372,451280,451280,343.676,344.002,0.3260000000000218,OXFORD,OXFORD_451280_BCG_3AXIS_seg0001_c0060,BCG_3AXIS,True,trained_model,0.0,0.0338729123184197,0.0707245675629376,0.0664999134737441,0.0142938718492239,0.000204314772442,0.1881693669847412,0.0011473741889313,12.195121951219512,12.745996144414324,2.7551721005825625e-05,0.3737769521256638,0.476026551490524,bcg_z,,,42.524
OXFORD_mv000373,451280,451280,344.558,345.556,0.9979999999999905,OXFORD,OXFORD_451280_BCG_3AXIS_seg0001_c0061,BCG_3AXIS,True,trained_model,0.0366666666666666,0.0396511318105882,0.0866978053939391,0.0808428147435122,0.0198531587940342,0.0003941479141011,0.7861061269303229,0.0015722122538606,2.0,8.00326518580149,0.0001175698964466,0.4613514968170394,0.6134640128505167,bcg_z,,,0.5559999999999832
OXFORD_mv000374,451280,451280,391.748,392.55,0.8020000000000209,OXFORD,OXFORD_451280_BCG_3AXIS_seg0001_c0062,BCG_3AXIS,True,trained_model,0.0033333333333333,0.0297743999861645,0.0505820726795306,0.0417071309371539,0.009840481358385,9.683507336472328e-05,0.3563789876035177,0.0008865148945361,9.950248756218905,12.788364298135376,3.8565286946192726e-05,0.5128092876648482,0.4662616262744242,bcg_x,,,46.19200000000001
OXFORD_mv000375,451280,451280,396.57,397.626,1.0559999999999832,OXFORD,OXFORD_451280_BCG_3AXIS_seg0001_c0063,BCG_3AXIS,True,trained_model,0.0366666666666666,0.0291989626852921,0.0623507294360442,0.0580951186714363,0.0121365377008467,0.000147295547364,0.4510145141835562,0.000852579421897,11.363636363636363,13.180970504880282,4.745140912963188e-05,0.5639325105728711,0.7018505085031974,bcg_z,,,4.019999999999982
OXFORD_mv000376,451280,451280,398.486,400.59,2.103999999999985,OXFORD,OXFORD_451280_BCG_3AXIS_seg0001_c0064,BCG_3AXIS,True,trained_model,0.0866666666666666,0.032897632010144,0.082193646706431,0.0789543449802666,0.0157058587876301,0.0002466740002569,1.1396136640442196,0.0010822541918748,0.9505703422053232,8.778487098356134,0.0001773480211766,0.5560559535711558,0.7311415779659648,bcg_z,,,0.8600000000000136
OXFORD_mv000377,451280,451280,409.756,416.928,7.1720000000000255,OXFORD,OXFORD_451280_BCG_3AXIS_seg0001_c0065,BCG_3AXIS,True,trained_model,0.0833333333333333,0.0542973727475519,0.1358880374086005,0.1341833814318065,0.025003882796636,0.0006251941549079,10.575210213297035,0.0029482046872866,1.1154489682097044,8.114894685019205,0.0016535383040623,0.610264222476616,0.4664623637973758,bcg_x,,,9.165999999999997
OXFORD_mv000378,451280,451280,417.842,418.286,0.4440000000000168,OXFORD,OXFORD_451280_BCG_3AXIS_seg0001_c0066,BCG_3AXIS,True,trained_model,0.0,0.0234158828978263,0.0492029353573042,0.0427298606269283,0.0101737322102168,0.0001035048270852,0.1222716965302917,0.0005483035718847,4.504504504504505,10.104260276316904,6.851649779266718e-06,0.4529685027945202,0.5806259544912437,bcg_x,,,0.9139999999999873
OXFORD_mv000379,451280,451280,420.06,423.864,3.8039999999999736,OXFORD,OXFORD_451280_BCG_3AXIS_seg0001_c0067,BCG_3AXIS,True,trained_model,0.0833333333333333,0.0447292575002056,0.1132773602507938,0.1111693924810034,0.0211192466746772,0.0004460225801058,3.8073444248170025,0.0020007064765197,0.5257623554153522,7.186707665679191,0.0007132896235307,0.544634035367004,0.526567385518692,bcg_x,,,1.774000000000001
OXFORD_mv000380,451280,451280,433.51,433.94,0.4300000000000068,OXFORD,OXFORD_451280_BCG_3AXIS_seg0001_c0068,BCG_3AXIS,True,trained_model,0.24,0.0637831941249538,0.1475737473393332,0.1430472431120265,0.0353569970366142,0.0012501172394471,0.8787519042008136,0.0040682958527815,23.14814814814815,18.66521181427,9.041146657457196e-05,0.4403113165275149,0.910472077346431,bcg_z,,,9.646000000000015
OXFORD_mv000381,451280,451280,434.788,435.29,0.5020000000000095,OXFORD,OXFORD_451280_BCG_3AXIS_seg0001_c0069,BCG_3AXIS,True,trained_model,0.0033333333333333,0.0375619328269856,0.0700610154120098,0.0670980477780379,0.0167061445155654,0.0002790952645749,0.355546497020143,0.0014108987976989,3.968253968253968,14.282058665015205,3.795578418105255e-05,0.5007912529701335,0.7989429633446383,bcg_z,,,0.8480000000000132
OXFORD_mv000382,451280,451280,436.886,438.168,1.2819999999999825,OXFORD,OXFORD_451280_BCG_3AXIS_seg0001_c0070,BCG_3AXIS,True,trained_model,0.0166666666666666,0.0462029404853355,0.1184379266202591,0.1145680204351414,0.0178835584889908,0.0003198216642291,1.3704849174935192,0.0021347117094914,3.115264797507788,10.274711887854382,7.46295359884436e-05,0.5215710389816435,0.5746507640318328,bcg_z,,,1.5960000000000036
OXFORD_mv000383,451280,451280,448.518,448.922,0.4040000000000532,OXFORD,OXFORD_451280_BCG_3AXIS_seg0001_c0071,BCG_3AXIS,True,trained_model,0.0,0.0603752702136948,0.126838582461626,0.115547622711819,0.0236879595533294,0.0005611194278001,0.7399701704354629,0.0036451732533766,9.9009900990099,12.761824187088347,4.479378761920762e-05,0.4294951676134936,0.804519133755198,bcg_z,,,10.349999999999966
OXFORD_mv000384,451280,451280,455.604,456.336,0.7320000000000277,OXFORD,OXFORD_451280_BCG_3AXIS_seg0001_c0072,BCG_3AXIS,True,trained_model,0.0166666666666666,0.0324687956809384,0.0687084843068566,0.0668408469876221,0.0155349912733243,0.0002413359538622,0.3868997283201831,0.0010542226929705,2.73224043715847,11.49663421311455,4.7576363576442193e-05,0.4501424254242873,0.7162783574372965,bcg_z,,,6.6819999999999595
OXFORD_mv000385,451280,451280,498.676,499.108,0.4320000000000163,OXFORD,OXFORD_451280_BCG_3AXIS_seg0001_c0073,BCG_3AXIS,True,trained_model,0.0,0.0280972981560467,0.0628419419004293,0.0591026363621751,0.0127520911136127,0.0001626158277698,0.1713124215163439,0.0007894581636697,4.62962962962963,8.346590549281487,1.164878079092086e-05,0.4129215268189131,0.6503322516292177,bcg_z,,,42.339999999999975
OXFORD_mv000386,451280,451280,502.376,502.766,0.3900000000000432,OXFORD,OXFORD_451280_BCG_3AXIS_seg0001_c0074,BCG_3AXIS,True,trained_model,0.0,0.0288183959393226,0.0623360227223144,0.0580461447121846,0.013708368652284,0.0001879193711069,0.1627779891250514,0.0008304999445155,5.1020408163265305,12.82937676110587,1.229998270581543e-05,0.4627445370179335,0.643899495993901,bcg_z,,,3.2679999999999723
OXFORD_mv000387,451280,451280,504.688,505.004,0.3160000000000309,OXFORD,OXFORD_451280_BCG_3AXIS_seg0001_c0075,BCG_3AXIS,True,trained_model,0.0,0.0323522049867031,0.0600488805026544,0.0530848292335221,0.0137387185847002,0.0001887523883495,0.1664197616327641,0.0010466651675016,6.329113924050633,12.319038473860347,1.644805836804105e-05,0.4098048374584128,0.6699731024471042,bcg_z,,,1.9219999999999686
OXFORD_mv000388,451280,451280,509.558,510.18,0.6220000000000141,OXFORD,OXFORD_451280_BCG_3AXIS_seg0001_c0076,BCG_3AXIS,True,trained_model,0.03,0.0291710045369192,0.0623654380457434,0.0571586789962531,0.0121588783005954,0.0001478383215286,0.2654956217762045,0.0008509475056929,16.025641025641026,11.17949143343908,2.463285010925069e-05,0.4907853649485448,0.7228619339887363,bcg_z,,,4.553999999999974
OXFORD_mv000389,451280,451280,517.666,517.996,0.3299999999999272,OXFORD,OXFORD_451280_BCG_3AXIS_seg0001_c0077,BCG_3AXIS,True,trained_model,0.0,0.0346453316892115,0.0521004769538957,0.0474701253219696,0.013572484349358,0.0001842123314135,0.1992496353040111,0.0012002990078554,12.048192771084336,15.963448585363926,2.433854389020084e-05,0.3695800748021773,0.8031439445270271,bcg_z,,,7.486000000000047
OXFORD_mv000390,451280,451280,518.766,519.27,0.5040000000000191,OXFORD,OXFORD_451280_BCG_3AXIS_seg0001_c0078,BCG_3AXIS,True,trained_model,0.1966666666666666,0.0369011930861591,0.0658940051239654,0.059884441780053,0.0152118456663408,0.0002314002485765,0.3445096069490461,0.001361698051182,7.936507936507937,16.48790580828193,4.341774394994535e-05,0.508653469577373,0.7302735231512653,bcg_z,,,0.7699999999999818
OXFORD_mv000391,451280,451280,520.166,520.596,0.42999999999995,OXFORD,OXFORD_451280_BCG_3AXIS_seg0001_c0079,BCG_3AXIS,True,trained_model,0.03,0.0394695195314101,0.0889832026792624,0.0805150139299274,0.0171832653207456,0.0002952646070831,0.3364940819607199,0.0015578429720403,23.14814814814815,18.764616946985186,1.5198676651639833e-05,0.4904838114139168,0.8129783419041804,bcg_z,,,0.8960000000000719
OXFORD_mv000392,451280,451280,521.892,522.44,0.5480000000000018,OXFORD,OXFORD_451280_BCG_3AXIS_seg0001_c0080,BCG_3AXIS,True,trained_model,0.03,0.032800856767822,0.0642020354136044,0.0624732028017057,0.0147494055532599,0.0002175449641745,0.2958714562933733,0.0010758962047031,21.8978102189781,15.609380846544816,2.3449536348569563e-05,0.4868647623983616,0.734138823124432,bcg_z,,,1.2960000000000491
OXFORD_mv000393,451280,451280,553.15,553.656,0.5059999999999718,OXFORD,OXFORD_451280_BCG_3AXIS_seg0001_c0081,BCG_3AXIS,True,trained_model,0.0,0.0270855295151415,0.0620641100764275,0.0567914689349459,0.0140475410326652,0.0001973334090644,0.186340980915364,0.0007336259091156,3.937007874015748,10.739373913476348,8.538814425910435e-06,0.452694356551138,0.7516188440341205,bcg_z,,,30.709999999999923
OXFORD_mv000394,451280,451280,554.338,557.808,3.470000000000028,OXFORD,OXFORD_451280_BCG_3AXIS_seg0001_c0082,BCG_3AXIS,True,trained_model,0.0733333333333333,0.0415517212171071,0.1560290519091461,0.1546618824622185,0.024614336229509,0.0006058655480193,2.9972830506768835,0.0017265455361041,1.7281105990783412,7.635491541640792,0.0005707070575441,0.566199461263779,0.7361410012575619,bcg_z,,,0.6820000000000164
OXFORD_mv000395,451280,451280,559.502,559.878,0.37600000000009,OXFORD,OXFORD_451280_BCG_3AXIS_seg0001_c0083,BCG_3AXIS,True,trained_model,0.0033333333333333,0.0353223732655492,0.081042686743625,0.0766437730772652,0.0201465096827646,0.0004058818523977,0.2358096400379396,0.0012476700531107,10.638297872340424,7.631241279846503,5.566337445068609e-05,0.3207183437704234,0.491078595952866,bcg_y,,,1.69399999999996
OXFORD_mv000396,451280,451280,566.126,567.054,0.9279999999999972,OXFORD,OXFORD_451280_BCG_3AXIS_seg0001_c0084,BCG_3AXIS,True,trained_model,0.0433333333333333,0.036519913098139,0.1008493748975053,0.0956495901344614,0.0196100782118609,0.0003845551674753,0.6201723845034681,0.0013337040526956,2.155172413793103,9.611335032693372,0.0001022137714151,0.497139276079834,0.5650121716326447,bcg_z,,,6.247999999999934
OXFORD_mv000397,451280,451280,568.82,569.446,0.6259999999999764,OXFORD,OXFORD_451280_BCG_3AXIS_seg0001_c0085,BCG_3AXIS,True,trained_model,0.0033333333333333,0.035351918734668,0.0791041475763578,0.0753432479936406,0.0159250692368151,0.0002536078301973,0.3924240616818892,0.0012497581582225,3.1847133757961785,8.420520867724013,3.169863649383928e-05,0.4422830178437083,0.4522048245238232,bcg_z,,,1.7660000000000764
OXFORD_mv000398,451280,451280,605.922,607.86,1.937999999999988,OXFORD,OXFORD_451280_BCG_3AXIS_seg0001_c0086,BCG_3AXIS,True,trained_model,0.0766666666666666,0.0394535705803143,0.1187340395567575,0.1140800706713437,0.0189824737213836,0.000360334308583,1.5098867045897737,0.0015565842315358,1.0309278350515465,5.989714951118081,0.0003148066435844,0.4537695424364301,0.3838440281389644,bcg_z,,,36.476
OXFORD_mv000399,451280,451280,608.66,609.108,0.4479999999999791,OXFORD,OXFORD_451280_BCG_3AXIS_seg0001_c0087,BCG_3AXIS,True,trained_model,0.0,0.0279594900233767,0.056935831881439,0.0539089095132388,0.0139163802003972,0.000193665637882,0.1758899435326432,0.0007817330823673,4.464285714285714,12.899444967098995,1.8340655978337483e-05,0.4476989624693721,0.7544003508284184,bcg_z,,,0.7999999999999545
OXFORD_mv000400,451280,451280,611.546,614.074,2.5279999999999063,OXFORD,OXFORD_451280_BCG_3AXIS_seg0001_c0088,BCG_3AXIS,True,trained_model,0.0766666666666666,0.0289233069391334,0.0702460919733439,0.0679129610693174,0.0127103968546805,0.0001615541882034,1.0582454706335829,0.0008365576842953,1.5822784810126582,10.155817905590542,0.0001347394250872,0.5920058457601651,0.6267441202696705,bcg_z,,,2.438000000000102
OXFORD_mv000401,451280,451280,617.194,617.748,0.5540000000000873,OXFORD,OXFORD_451280_BCG_3AXIS_seg0001_c0089,BCG_3AXIS,True,trained_model,0.0,0.0274035517908881,0.0501970602738046,0.045706562364793,0.0122178625681079,0.0001492761657331,0.2087653929101377,0.0007509546507558,7.194244604316546,8.772714828043876,2.053996288541037e-05,0.4228199910148099,0.4873000178278105,bcg_z,,,3.1200000000000045
OXFORD_mv000402,451280,451280,628.496,630.336,1.840000000000032,OXFORD,OXFORD_451280_BCG_3AXIS_seg0001_c0090,BCG_3AXIS,True,trained_model,0.1166666666666666,0.0796543254232236,0.3144748278294144,0.3073421102516126,0.0457747000212358,0.0020953231620341,5.843571445497137,0.0063448115586288,1.0869565217391304,8.973066626048407,0.001423797024131,0.5418126372711163,0.6914432240490409,bcg_z,,,10.747999999999934
OXFORD_mv000403,451280,451280,632.496,632.904,0.4080000000000154,OXFORD,OXFORD_451280_BCG_3AXIS_seg0001_c0091,BCG_3AXIS,True,trained_model,0.0966666666666666,0.0432352374064532,0.0771058101321443,0.0684611237487642,0.0147307385005362,0.0002169946567711,0.3832035794864368,0.0018692857535923,4.901960784313725,14.174835766257107,2.4637413320708457e-05,0.4486153746457875,0.4429373891175806,bcg_z,,,2.159999999999968
OXFORD_mv000404,451280,451280,644.902,646.32,1.4180000000000064,OXFORD,OXFORD_451280_BCG_3AXIS_seg0001_c0092,BCG_3AXIS,True,trained_model,0.0733333333333333,0.0631761292910231,0.1738398902348592,0.1677191066606336,0.0340570663828496,0.0011598837706058,2.833768551659216,0.003991223312196,1.4084507042253522,8.524912657460568,0.0007014644865991,0.4983271697603033,0.4670019550879363,bcg_z,,,11.998000000000047
OXFORD_mv000405,451280,451280,681.934,682.4,0.4660000000000082,OXFORD,OXFORD_451280_BCG_3AXIS_seg0001_c0093,BCG_3AXIS,True,trained_model,0.0,0.0367569032765223,0.0851207577945665,0.0816902236409814,0.0179925743480623,0.0003237327316705,0.3161503656042305,0.0013510699384796,4.273504273504273,11.305808382795355,2.621803463729292e-05,0.4754781593438161,0.8603095083999025,bcg_z,,,35.61399999999992
OXFORD_mv000406,451280,451280,688.012,688.582,0.57000000000005,OXFORD,OXFORD_451280_BCG_3AXIS_seg0001_c0094,BCG_3AXIS,True,trained_model,0.0033333333333333,0.0387408429375849,0.0790882470852881,0.0662129462235305,0.0152976333062681,0.000234017584773,0.4292439326931827,0.0015008529115146,6.9930069930069925,8.514546822857984,7.976747369984306e-05,0.3887371184537177,0.5307318819704876,bcg_z,,,5.611999999999966
OXFORD_mv000407,451280,451280,690.712,691.174,0.4619999999999891,OXFORD,OXFORD_451280_BCG_3AXIS_seg0001_c0095,BCG_3AXIS,True,trained_model,0.0,0.0271991464337212,0.0517809973929801,0.0484130383934614,0.0118743518804119,0.0001410002325798,0.171632107479738,0.000739793566723,4.310344827586206,10.838172008862578,1.7277584659486956e-05,0.445446142298207,0.6584239717862986,bcg_z,,,2.1299999999999955
OXFORD_mv000408,451280,451280,693.434,693.842,0.4080000000000154,OXFORD,OXFORD_451280_BCG_3AXIS_seg0001_c0096,BCG_3AXIS,True,trained_model,0.0266666666666666,0.0273979790445059,0.0584810238688125,0.0572630403980456,0.0136158620397628,0.0001853916990858,0.153883097423253,0.0007506492557231,14.705882352941174,12.81913776071015,1.8693686394493237e-05,0.416629644956589,0.4985052848804481,bcg_z,,,2.259999999999991
OXFORD_mv000409,451280,451280,695.656,695.982,0.3260000000000218,OXFORD,OXFORD_451280_BCG_3AXIS_seg0001_c0097,BCG_3AXIS,True,trained_model,0.0,0.0317969861938988,0.0539921318637522,0.0479946903368075,0.013044498001433,0.0001701589281093,0.1658119262864591,0.0010110483310149,12.195121951219512,15.395875011788968,2.149109442037966e-05,0.3455955353691609,0.6628982036100951,bcg_z,,,1.8139999999999645
OXFORD_mv000410,451280,451280,696.78,697.996,1.2160000000000082,OXFORD,OXFORD_451280_BCG_3AXIS_seg0001_c0098,BCG_3AXIS,True,trained_model,0.07,0.0367116758072336,0.1205807570075305,0.1198920975152956,0.0225703572070175,0.0005094210244523,0.8207780086104314,0.0013477471405754,1.6447368421052633,7.641832681988086,0.0001308067410264,0.4983513232033617,0.6806222316863718,bcg_z,,,0.7980000000000018
OXFORD_mv000411,451280,451280,698.716,699.066,0.3500000000000227,OXFORD,OXFORD_451280_BCG_3AXIS_seg0001_c0099,BCG_3AXIS,True,trained_model,0.03,0.0390701716232014,0.0915157520867176,0.0854575285918823,0.0190162327130299,0.0003616171065961,0.268660182677289,0.0015264783106664,5.681818181818183,13.124329084905314,2.182801170948693e-05,0.4593049594708645,0.818793370010458,bcg_z,,,0.7200000000000273
OXFORD_mv000412,451280,451280,703.362,703.716,0.3540000000000418,OXFORD,OXFORD_451280_BCG_3AXIS_seg0001_c0100,BCG_3AXIS,True,trained_model,0.0266666666666666,0.0288347296627487,0.0672203655962854,0.0642044533496197,0.0149979751821683,0.0002249392595649,0.1479966109808372,0.0008314416347238,16.853932584269664,15.462045816554468,6.056870771801472e-06,0.4214376822078425,0.6833809031604174,bcg_z,,,4.295999999999935
OXFORD_mv000413,451280,451280,708.25,708.71,0.4600000000000364,OXFORD,OXFORD_451280_BCG_3AXIS_seg0001_c0101,BCG_3AXIS,True,trained_model,0.0033333333333333,0.0417228544522433,0.0815455607269014,0.0762404399044543,0.0177090745927624,0.000313611322932,0.4021240108215523,0.001740796583643,8.695652173913043,12.40996833980268,5.442751506524905e-05,0.4187489155509477,0.8020694044230315,bcg_z,,,4.533999999999992
OXFORD_mv000414,451280,451280,716.418,716.798,0.3799999999999954,OXFORD,OXFORD_451280_BCG_3AXIS_seg0001_c0102,BCG_3AXIS,True,trained_model,0.22,0.0543582670396975,0.1091953553986365,0.0967203494134769,0.0257658508492656,0.0006638790699866,0.5643708483517822,0.002954821195559,15.789473684210527,14.569725026272272,7.821055232332225e-05,0.4405543670522758,0.4915674122627098,bcg_x,,,7.70799999999997
OXFORD_mv000415,451280,451280,718.862,719.646,0.7839999999999918,OXFORD,OXFORD_451280_BCG_3AXIS_seg0001_c0103,BCG_3AXIS,True,trained_model,0.03,0.04228188421087,0.0906745004675772,0.0890350255800793,0.0201603996214132,0.000406441712895,0.7025887888416191,0.0017877577324214,2.5510204081632653,5.540656999332533,0.0001030398509914,0.4025640396100258,0.4538421264857353,bcg_y,,,2.0639999999999645
OXFORD_mv000416,451280,451280,780.994,781.47,0.4759999999999991,OXFORD,OXFORD_451280_BCG_3AXIS_seg0001_c0104,BCG_3AXIS,True,trained_model,0.0966666666666666,0.0317884904855954,0.057846367827483,0.0566103984976702,0.015706726844218,0.0002467012681588,0.2415114424373178,0.0010105081273527,4.201680672268907,15.625462477833093,2.115135595846946e-05,0.4873813290470487,0.756303188176349,bcg_z,,,61.34800000000007
OXFORD_mv000417,451280,451280,782.254,782.82,0.5660000000000309,OXFORD,OXFORD_451280_BCG_3AXIS_seg0001_c0105,BCG_3AXIS,True,trained_model,0.0133333333333333,0.0354821659552693,0.0690892701554918,0.0619772276494468,0.0136110704395697,0.0001852612385109,0.3575514846491461,0.0012589841008772,3.52112676056338,13.077052419883955,3.224623872403162e-05,0.4796134299974655,0.7932111533851632,bcg_z,,,0.7839999999999918
OXFORD_mv000418,451280,451280,787.018,787.508,0.4900000000000091,OXFORD,OXFORD_451280_BCG_3AXIS_seg0001_c0106,BCG_3AXIS,True,trained_model,0.0033333333333333,0.0353036519141238,0.0913945388424635,0.0858448073492946,0.0209239676339872,0.0004378124215481,0.306601568264511,0.0012463478384736,4.065040650406504,9.759334572127722,4.502780969816461e-05,0.4285695547632022,0.7065515424125247,bcg_z,,,4.197999999999979
OXFORD_mv000419,451280,451280,797.998,798.35,0.3519999999999754,OXFORD,OXFORD_451280_BCG_3AXIS_seg0001_c0107,BCG_3AXIS,True,trained_model,0.0,0.0306988422248737,0.0695938205497802,0.06849217299634,0.0196080222218969,0.0003844745354544,0.1668081477687412,0.0009424189139476,5.681818181818183,12.100318999960512,1.9286491439482487e-05,0.4156336239459428,0.8631488867802417,bcg_z,,,10.490000000000009
OXFORD_mv000420,451280,451280,799.398,799.874,0.4759999999999991,OXFORD,OXFORD_451280_BCG_3AXIS_seg0001_c0108,BCG_3AXIS,True,trained_model,0.0,0.0303110319639198,0.0642392168391871,0.0620591312142377,0.0145766784870916,0.000212479555716,0.2195833194335468,0.0009187586587177,4.201680672268907,7.82319523091268,3.34387526246766e-05,0.4165667355669831,0.6787849397800596,bcg_z,,,1.0480000000000018
OXFORD_mv000421,451280,451280,811.056,811.454,0.3979999999999108,OXFORD,OXFORD_451280_BCG_3AXIS_seg0001_c0109,BCG_3AXIS,True,trained_model,0.0,0.0402377042853933,0.0764311871494373,0.0737082783403625,0.017939701582218,0.000321832892859,0.323814569231753,0.0016190728461587,10.0,13.985577360735094,4.728414105510113e-05,0.4253132917632516,0.7906978470026041,bcg_z,,,11.182000000000016
OXFORD_mv000422,451280,451280,812.708,813.154,0.4460000000000264,OXFORD,OXFORD_451280_BCG_3AXIS_seg0001_c0110,BCG_3AXIS,True,trained_model,0.0033333333333333,0.0488862222643688,0.1103703664182819,0.1043946063218095,0.0241010526460466,0.0005808607386475,0.5353292509110043,0.0023898627272812,13.392857142857142,12.689067236591985,6.341549316680483e-05,0.4153687417644394,0.7802770622157346,bcg_z,,,1.254000000000019
OXFORD_mv000423,451280,451280,823.716,824.24,0.5240000000000009,OXFORD,OXFORD_451280_BCG_3AXIS_seg0001_c0111,BCG_3AXIS,True,trained_model,0.1533333333333333,0.0301112716835049,0.0644596539028075,0.0617588460353243,0.0144013450560373,0.000207398739423,0.2384591234706331,0.0009066886823978,3.8167938931297702,11.789835764729162,2.80874533357785e-05,0.5017897589062881,0.7159729760466451,bcg_z,,,10.562000000000012
OXFORD_mv000424,451280,451280,827.786,828.386,0.6000000000000227,OXFORD,OXFORD_451280_BCG_3AXIS_seg0001_c0112,BCG_3AXIS,True,trained_model,0.0066666666666666,0.057040024439907,0.1296486278149223,0.125139527760032,0.0298620858666577,0.0008917441723076,0.9793228808196632,0.0032535643881051,3.333333333333333,10.944924818273025,0.0002244434835362,0.4823331050100026,0.6688143151785274,bcg_z,,,3.5459999999999354
OXFORD_mv000425,451280,451280,833.642,835.962,2.3199999999999363,OXFORD,OXFORD_451280_BCG_3AXIS_seg0001_c0113,BCG_3AXIS,True,trained_model,0.0833333333333333,0.0537238233912029,0.1708972067925229,0.1675367493159665,0.0293561870447726,0.0008617857178076,3.350935320931999,0.0028862491997691,0.8620689655172414,7.503403120227677,0.000680057247806,0.5468326046681171,0.5769538728548856,bcg_z,,,5.2560000000000855
OXFORD_mv000426,451280,451280,837.072,837.63,0.5579999999999927,OXFORD,OXFORD_451280_BCG_3AXIS_seg0001_c0114,BCG_3AXIS,True,trained_model,0.0333333333333333,0.0397072381359875,0.0925204506855902,0.0882708500897294,0.0178993483506804,0.000320386671379,0.4414661329086464,0.001576664760388,3.571428571428571,12.71987740326826,6.961841683827635e-05,0.4852486039273458,0.6400122741590163,bcg_z,,,1.1100000000000136
OXFORD_mv000427,451280,451280,841.4,844.816,3.4160000000000537,OXFORD,OXFORD_451280_BCG_3AXIS_seg0001_c0115,BCG_3AXIS,True,trained_model,0.0833333333333333,0.0538529264685913,0.1541348273235976,0.1520147158725615,0.028204306151148,0.0007954828854676,4.956335310896646,0.0029001376892315,0.585480093676815,8.329557165313389,0.0011285344557466,0.5727732917043874,0.6536625931431609,bcg_z,,,3.769999999999982
OXFORD_mv000428,451280,451280,846.824,847.83,1.0060000000000855,OXFORD,OXFORD_451280_BCG_3AXIS_seg0001_c0116,BCG_3AXIS,True,trained_model,0.0066666666666666,0.0432052981289575,0.1084210489805346,0.1015684936097463,0.0220606290854094,0.000486671355644,0.9408156843516976,0.001866697786412,3.968253968253968,6.875092737508525,0.0001152195583728,0.4302794914674255,0.561145073549858,bcg_z,,,2.0079999999999245
OXFORD_mv000429,451280,451280,850.236,851.204,0.9679999999999608,OXFORD,OXFORD_451280_BCG_3AXIS_seg0001_c0117,BCG_3AXIS,True,trained_model,0.0366666666666666,0.0587662864084698,0.134281355194909,0.1278778587027661,0.0257084298239901,0.000660923364015,1.6749360628475198,0.0034534764182423,2.066115702479339,7.367552615580127,0.0002371163282,0.4663563193167747,0.567760776492978,bcg_z,,,2.405999999999949
OXFORD_mv000430,451280,451280,854.964,855.494,0.5299999999999727,OXFORD,OXFORD_451280_BCG_3AXIS_seg0001_c0118,BCG_3AXIS,True,trained_model,0.0,0.0354602318926369,0.0825480974898946,0.0797030294669052,0.0162654243131797,0.0002645640280877,0.3344758602039697,0.0012574280458795,3.7593984962406015,7.581715591128507,4.2117303421433314e-05,0.3512254943301977,0.5111753424616989,bcg_z,,,3.7600000000001046
OXFORD_mv000431,451280,451280,859.416,860.474,1.0579999999999927,OXFORD,OXFORD_451280_BCG_3AXIS_seg0001_c0119,BCG_3AXIS,True,trained_model,0.01,0.0349990662394857,0.0678193142687511,0.0645715055349157,0.0143622496090607,0.0002062742138329,0.6492153579470346,0.0012249346376359,3.773584905660377,9.672571594843104,0.000133696390037,0.4965889000443184,0.560615647074437,bcg_z,,,3.9220000000000255
OXFORD_mv000432,451280,451280,872.148,872.498,0.3500000000000227,OXFORD,OXFORD_451280_BCG_3AXIS_seg0001_c0120,BCG_3AXIS,True,trained_model,0.0,0.0312004290129915,0.0584738975348277,0.0519749418960909,0.0138597839758008,0.0001920936118558,0.1713301516246714,0.0009734667705947,5.681818181818183,10.287475817023717,1.401951894918342e-05,0.4205606086387465,0.6233356625515599,bcg_z,,,11.673999999999978
OXFORD_mv000433,451280,451280,875.386,875.892,0.5060000000000855,OXFORD,OXFORD_451280_BCG_3AXIS_seg0001_c0121,BCG_3AXIS,True,trained_model,0.2266666666666666,0.036690824577121,0.076392410182603,0.0732959130181035,0.0167804576827715,0.0002815837600432,0.3419390184698629,0.001346216608149,27.55905511811024,18.73476874866439,1.5316971939490253e-05,0.4994150273684147,0.7944393092500505,bcg_z,,,2.88799999999992
OXFORD_mv000434,451280,451280,879.318,879.722,0.4039999999999963,OXFORD,OXFORD_451280_BCG_3AXIS_seg0001_c0122,BCG_3AXIS,True,trained_model,0.2333333333333333,0.0406497429266787,0.086407974062246,0.0743184519254386,0.0162299619856341,0.0002634116660551,0.3354375248010289,0.001652401600005,14.85148514851485,13.432019168474003,2.8897201069961318e-05,0.4500735544138559,0.7976755579515443,bcg_z,,,3.425999999999931
OXFORD_mv000435,451280,451280,882.204,882.996,0.79200000000003,OXFORD,OXFORD_451280_BCG_3AXIS_seg0001_c0123,BCG_3AXIS,True,trained_model,0.0266666666666666,0.0230086525741947,0.0465567432625943,0.0455232658509844,0.0109134388686888,0.0001191031479406,0.210171043032159,0.0005293980932799,2.525252525252525,12.596737280222351,2.2800077005064345e-05,0.5314354224862023,0.5401933541628129,bcg_z,,,2.481999999999971
OXFORD_mv000436,451280,451280,883.836,884.438,0.6019999999999754,OXFORD,OXFORD_451280_BCG_3AXIS_seg0001_c0124,BCG_3AXIS,True,trained_model,0.0066666666666666,0.0317443214794997,0.0739047462080065,0.0697073865843004,0.0162347161433982,0.0002635660082567,0.3043259877505367,0.0010077019461938,3.3112582781456954,10.27268260162494,7.417993244831215e-05,0.4447373099467265,0.7285175642845658,bcg_z,,,0.8400000000000318
OXFORD_mv000437,451280,451280,888.53,889.1,0.57000000000005,OXFORD,OXFORD_451280_BCG_3AXIS_seg0001_c0125,BCG_3AXIS,True,trained_model,0.0,0.0305658017151916,0.0692096835789476,0.0662522612705645,0.0177073552837134,0.0003135504311436,0.2672007150648299,0.0009342682344924,3.496503496503496,8.673947844383994,3.7244104108640455e-05,0.4108565526147827,0.6150416149662896,bcg_z,,,4.0919999999999845
OXFORD_mv000438,451280,451280,892.726,893.198,0.47199999999998,OXFORD,OXFORD_451280_BCG_3AXIS_seg0001_c0126,BCG_3AXIS,True,trained_model,0.0266666666666666,0.0241575875849016,0.0531413211821331,0.0513853434330089,0.0134179762762914,0.0001800420873511,0.13831060198756,0.0005835890379221,16.94915254237288,14.177016609197672,1.139280719712772e-05,0.475309386703276,0.8151462380691582,bcg_z,,,3.6259999999999764
OXFORD_mv000439,451280,451280,895.504,895.944,0.4399999999999409,OXFORD,OXFORD_451280_BCG_3AXIS_seg0001_c0127,BCG_3AXIS,True,trained_model,0.19,0.032398075611035,0.056023600545587,0.0535411374846223,0.0144447809365608,0.0002086516963052,0.2319694020289346,0.0010496353032983,9.090909090909092,14.944330434193906,3.0850032449243384e-05,0.4707508803601514,0.7251686218191854,bcg_z,,,2.30600000000004
OXFORD_mv000440,451280,451280,899.028,899.356,0.3279999999999745,OXFORD,OXFORD_451280_BCG_3AXIS_seg0001_c0128,BCG_3AXIS,True,trained_model,0.0,0.0296639424040174,0.0584629887191626,0.053839234307267,0.0132787323208271,0.0001763247320481,0.1451916640265623,0.0008799494789488,6.097560975609756,12.590709481835765,9.95154033297575e-06,0.4441594391111878,0.6678026723793435,bcg_z,,,3.08400000000006
OXFORD_mv000441,451377,451377,1.442,2.0,0.558,OXFORD,OXFORD_451377_BCG_3AXIS_seg0001_c0001,BCG_3AXIS,True,trained_model,0.06,0.2053127365746277,1.0251847778845955,1.0175565194591376,0.1814886039383955,0.0329381133595078,11.802929543933494,0.0421533197997624,7.142857142857142,10.85794816109554,0.0067750822394174,0.4661005246328679,0.7663204816006322,bcg_x,,,
OXFORD_mv000442,451377,451377,2.818,3.848,1.0299999999999998,OXFORD,OXFORD_451377_BCG_3AXIS_seg0001_c0002,BCG_3AXIS,True,trained_model,0.04,0.0298542077590152,0.0715865766163679,0.0679325088047444,0.0159169746585117,0.0002533500822797,0.4598972399939187,0.0008912737209184,1.937984496124031,8.74941073222695,9.539119356630287e-05,0.5096865464394953,0.4629977536871038,bcg_y,,,0.8180000000000001
OXFORD_mv000443,451377,451377,5.712,7.542,1.83,OXFORD,OXFORD_451377_BCG_3AXIS_seg0001_c0003,BCG_3AXIS,True,trained_model,0.0366666666666666,0.0362772318928188,0.0914658343992696,0.0890918699262621,0.0192079841192016,0.0003689466539235,1.205490399285703,0.0013160375538053,2.1834061135371177,6.599258636652767,0.0002672483456322,0.4813562520628759,0.4762622038098085,bcg_y,,,1.8639999999999999
OXFORD_mv000444,451377,451377,9.26,10.648,1.388,OXFORD,OXFORD_451377_BCG_3AXIS_seg0001_c0004,BCG_3AXIS,True,trained_model,0.0733333333333333,0.0288438478091845,0.0554640960882765,0.053471747627308,0.0139768828983253,0.0001953532555534,0.5782174517253839,0.0008319675564394,1.440922190201729,6.891271212467412,0.0001076560274856,0.4855781179359629,0.5955023783475235,bcg_y,,,1.718
OXFORD_mv000445,451377,451377,15.87,17.01,1.1400000000000023,OXFORD,OXFORD_451377_BCG_3AXIS_seg0001_c0005,BCG_3AXIS,True,trained_model,0.06,0.0277891773264462,0.0585177718879744,0.0569952340780095,0.0148012058988001,0.0002190756960586,0.440948112970466,0.0007722383764806,1.7543859649122806,6.16103252560255,9.420716443350502e-05,0.4511467858881294,0.6279398326098223,bcg_y,,,5.2219999999999995
OXFORD_mv000446,451377,451377,18.758,20.054,1.2959999999999994,OXFORD,OXFORD_451377_BCG_3AXIS_seg0001_c0006,BCG_3AXIS,True,trained_model,0.07,0.0414240909752164,0.1172352955758883,0.1135532550929415,0.0260964931685684,0.0006810269556971,1.11365499821683,0.001715955313123,1.5432098765432098,6.593728671236431,0.0001998484834856,0.4022717098810456,0.7649855821423269,bcg_y,,,1.7479999999999976
OXFORD_mv000447,451377,451377,32.972,33.422,0.4499999999999957,OXFORD,OXFORD_451377_BCG_3AXIS_seg0001_c0007,BCG_3AXIS,True,trained_model,0.0,0.0339731496151793,0.0826296256475059,0.0763518954408524,0.0172947514791241,0.0002991084287246,0.2608435262192314,0.0011541748947753,4.424778761061947,6.876658280942968,2.864341496462664e-05,0.3654635692628545,0.6328382859193181,bcg_x,,,12.918000000000003
OXFORD_mv000448,451377,451377,34.896,35.43,0.5339999999999989,OXFORD,OXFORD_451377_BCG_3AXIS_seg0001_c0008,BCG_3AXIS,True,trained_model,0.0,0.0293776821664175,0.0579939071843957,0.0543371676791934,0.0158319068675328,0.0002506492750622,0.2312969201382409,0.000863048209471,7.462686567164178,8.33746323577122,2.7371411140692173e-05,0.381460175577577,0.5482234910328371,bcg_y,,,1.4740000000000038
OXFORD_mv000449,451377,451377,40.724,41.376,0.652000000000001,OXFORD,OXFORD_451377_BCG_3AXIS_seg0001_c0009,BCG_3AXIS,True,trained_model,0.0033333333333333,0.0313597613492043,0.0618087898120885,0.0585431108013298,0.0163760889014292,0.0002681762877075,0.3215831246244497,0.000983434631879,3.067484662576687,9.896106984411528,3.857991513948363e-05,0.4670118747859451,0.5204947056305621,bcg_y,,,5.293999999999997
OXFORD_mv000450,451377,451377,44.44,45.026,0.5860000000000056,OXFORD,OXFORD_451377_BCG_3AXIS_seg0001_c0010,BCG_3AXIS,True,trained_model,0.0,0.0292161633866494,0.0563573845678309,0.0459478987000422,0.0124376048550529,0.0001546940145304,0.2509537556924064,0.0008535842030353,6.802721088435375,9.139413896399883,2.0863913002458863e-05,0.4145257356443752,0.5996882155808585,bcg_y,,,3.064
OXFORD_mv000451,451377,451377,117.308,118.558,1.25,OXFORD,OXFORD_451377_BCG_3AXIS_seg0001_c0011,BCG_3AXIS,True,trained_model,0.13,0.1011608060366038,0.4813829070703212,0.4792509879316177,0.0742682402585794,0.005515771511106,6.40617643241259,0.0102335086779753,1.597444089456869,7.806517830811648,0.0013953367552936,0.4293015479716577,0.7356945757966739,bcg_z,,,72.28200000000001
OXFORD_mv000452,451377,451377,121.924,123.928,2.0039999999999907,OXFORD,OXFORD_451377_BCG_3AXIS_seg0001_c0012,BCG_3AXIS,True,trained_model,0.2166666666666666,0.0745483678044874,0.3681789078769372,0.3639513744362215,0.0521169988838561,0.0027161815726598,5.5741315197400825,0.0055574591423131,0.998003992015968,5.168519055131042,0.0005139237957449,0.4593313641873983,0.6798556910759208,bcg_z,,,3.3659999999999997
OXFORD_mv000453,451377,451377,126.572,128.62,2.048000000000002,OXFORD,OXFORD_451377_BCG_3AXIS_seg0001_c0013,BCG_3AXIS,True,trained_model,0.0833333333333333,0.043653730964339,0.112924630595638,0.1098134070338816,0.0206679940457659,0.0004271659778758,1.953289432784567,0.0019056482271068,0.9765625,12.91335721735638,0.0002766096049683,0.5899050305616119,0.544682417307903,bcg_z,,,2.6440000000000055
OXFORD_mv000454,451377,451377,146.92,148.808,1.8880000000000048,OXFORD,OXFORD_451377_BCG_3AXIS_seg0001_c0014,BCG_3AXIS,True,trained_model,0.0866666666666666,0.0439361636406853,0.1483149431534661,0.1462418371707446,0.0223518648160821,0.0004996058607564,1.8242152193107228,0.001930386475461,1.059322033898305,8.587527752748716,0.0003937204097191,0.5363955908698479,0.543448366685031,bcg_z,,,18.299999999999983
OXFORD_mv000455,451377,451377,152.656,153.396,0.7399999999999807,OXFORD,OXFORD_451377_BCG_3AXIS_seg0001_c0015,BCG_3AXIS,True,trained_model,0.02,0.0416160289479163,0.0762566521190929,0.0728323690394599,0.0184362821235209,0.000339896498538,0.6425326240611035,0.0017318938653938,2.702702702702702,9.899931315454182,6.58866451207434e-05,0.4641705174382473,0.4011560081592066,bcg_z,,,3.848000000000013
OXFORD_mv000456,451377,451377,163.498,166.692,3.194000000000017,OXFORD,OXFORD_451377_BCG_3AXIS_seg0001_c0016,BCG_3AXIS,True,trained_model,0.0933333333333333,0.0480043894852384,0.1884908700182385,0.1843373738439968,0.0269896400823089,0.0007284406717725,3.682465412941055,0.0023044214098504,1.2515644555694618,8.468059209181284,0.0013880522009236,0.5591142083724083,0.567705561698837,bcg_z,,,10.102000000000004
OXFORD_mv000457,451377,451377,168.146,168.818,0.6720000000000255,OXFORD,OXFORD_451377_BCG_3AXIS_seg0001_c0017,BCG_3AXIS,True,trained_model,0.0033333333333333,0.0312351693362063,0.0637048007046927,0.0591716481786683,0.0148829441733952,0.0002215020272683,0.3287892657665215,0.0009756358034614,2.976190476190476,7.74211863667519,2.61184907870293e-05,0.4179614495943887,0.3801944439477716,bcg_y,,,1.4539999999999793
OXFORD_mv000458,451377,451377,169.696,170.92,1.2239999999999895,OXFORD,OXFORD_451377_BCG_3AXIS_seg0001_c0018,BCG_3AXIS,True,trained_model,0.0066666666666666,0.0460506878631786,0.0911578562728818,0.0876755755948186,0.021047120620729,0.0004429812864235,1.299968167687882,0.0021206658526719,4.901960784313726,8.412305212251075,0.0002457748322024,0.4724116436495684,0.5374295638434411,bcg_x,,,0.8779999999999859
OXFORD_mv000459,451377,451377,174.094,174.766,0.671999999999997,OXFORD,OXFORD_451377_BCG_3AXIS_seg0001_c0019,BCG_3AXIS,True,trained_model,0.0,0.0324014121515351,0.0673592891292683,0.0628229427583055,0.0145834223596256,0.0002126762077192,0.3537999586723998,0.0010498515094136,5.952380952380952,9.551700056208007,4.373012689206176e-05,0.4632519498891212,0.4348788568100288,bcg_y,,,3.1740000000000066
OXFORD_mv000460,451377,451377,219.244,219.588,0.3439999999999941,OXFORD,OXFORD_451377_BCG_3AXIS_seg0001_c0020,BCG_3AXIS,True,trained_model,0.0,0.0363346460403132,0.0623978823970786,0.049493908473068,0.0116670254578412,0.0001361194830339,0.2283957249973494,0.0013202065028748,5.813953488372093,10.558642746946772,1.3179405146808707e-05,0.3951455415361622,0.4124456681421766,bcg_y,,,44.47800000000001
OXFORD_mv000461,451377,451377,228.096,229.482,1.3859999999999957,OXFORD,OXFORD_451377_BCG_3AXIS_seg0001_c0021,BCG_3AXIS,True,trained_model,0.01,0.0577791709239869,0.1596218502428806,0.1551587661879777,0.0286028479743357,0.0008181229122429,2.3168722193083324,0.0033384325926633,12.96829971181556,12.18058448366945,0.000227618053697,0.5403911177613722,0.5794437701064877,bcg_z,,,8.50800000000001
OXFORD_mv000462,451377,451377,232.296,232.99,0.6940000000000168,OXFORD,OXFORD_451377_BCG_3AXIS_seg0001_c0022,BCG_3AXIS,True,trained_model,0.0033333333333333,0.0362976298404464,0.0768615639502114,0.0720572157288809,0.0194442874580956,0.000378080314753,0.4584962403478565,0.001317517932034,5.747126436781609,8.737433660978473,9.40729009022216e-05,0.4579478298484806,0.4669693528171387,bcg_z,,,2.813999999999993
OXFORD_mv000463,451377,451377,234.488,235.958,1.4699999999999989,OXFORD,OXFORD_451377_BCG_3AXIS_seg0001_c0023,BCG_3AXIS,True,trained_model,0.08,0.0635719450183881,0.1989018425122523,0.1953324711979144,0.0380116245244815,0.0014448835989901,2.974464654357826,0.0040413921934209,1.358695652173913,6.1412960168070025,0.0009798873138956,0.4305527748043063,0.7017990259438297,bcg_z,,,1.4979999999999905
OXFORD_mv000464,451377,451377,239.014,239.746,0.7319999999999993,OXFORD,OXFORD_451377_BCG_3AXIS_seg0001_c0024,BCG_3AXIS,True,trained_model,0.02,0.0400596452268754,0.09835340092071,0.0921976657151544,0.0171455793859615,0.0002939708924803,0.5889524894830463,0.0016047751757031,2.73224043715847,10.396740864570075,9.035311061335164e-05,0.4637234953241358,0.61284286910223,bcg_z,,,3.0560000000000116
OXFORD_mv000465,451377,451377,242.976,243.288,0.3120000000000118,OXFORD,OXFORD_451377_BCG_3AXIS_seg0001_c0025,BCG_3AXIS,True,trained_model,0.2166666666666666,0.0325803244194407,0.0604651954717645,0.0559604288122708,0.0124717882824244,0.0001555455029616,0.1666519736663326,0.001061477539276,19.230769230769237,15.060945195387,9.829022934539122e-06,0.4270090114372023,0.588968343439799,bcg_z,,,3.2299999999999898
OXFORD_mv000466,451377,451377,248.278,249.426,1.147999999999996,OXFORD,OXFORD_451377_BCG_3AXIS_seg0001_c0026,BCG_3AXIS,True,trained_model,0.0733333333333333,0.0295613588163275,0.0801252547389824,0.0777320070068736,0.014683996400272,0.0002156197502832,0.5024775126639088,0.0008738739350676,1.7421602787456445,9.514659262548252,8.285883216338034e-05,0.5277822404148617,0.6755996793613399,bcg_z,,,4.989999999999981
OXFORD_mv000467,451377,451377,255.528,256.772,1.2439999999999998,OXFORD,OXFORD_451377_BCG_3AXIS_seg0001_c0027,BCG_3AXIS,True,trained_model,0.06,0.0479849041013259,0.1213268765383717,0.1193640000672986,0.0241074379244556,0.0005811685632814,1.43448928646518,0.0023025510216134,1.607717041800643,8.002253178927019,0.0002627812690396,0.4850879998056687,0.6275507763140279,bcg_z,,,6.102000000000004
OXFORD_mv000468,451377,451377,315.782,316.194,0.4120000000000345,OXFORD,OXFORD_451377_BCG_3AXIS_seg0001_c0028,BCG_3AXIS,True,trained_model,0.03,0.0386310735877175,0.0599738400700581,0.0467986733809658,0.0132573082485421,0.0001757562219968,0.3089184882337077,0.0014923598465396,14.563106796116504,13.880584604015803,2.9007451056537964e-05,0.3800190294405582,0.4682462321162329,bcg_z,,,59.00999999999999
OXFORD_mv000469,451377,451377,318.282,318.68,0.3980000000000245,OXFORD,OXFORD_451377_BCG_3AXIS_seg0001_c0029,BCG_3AXIS,True,trained_model,0.1066666666666666,0.0385658767061764,0.0755233371641733,0.0721733923394585,0.016962327018177,0.0002877205378715,0.2974653692232,0.001487326846116,5.0,14.42890637296346,2.6334857487862243e-05,0.4883491771923477,0.5315073305139786,bcg_x,,,2.0879999999999654
OXFORD_mv000470,451377,451377,333.562,334.408,0.8460000000000036,OXFORD,OXFORD_451377_BCG_3AXIS_seg0001_c0030,BCG_3AXIS,True,trained_model,0.02,0.0459817516124292,0.1097056977026307,0.1049071467521048,0.022731968119395,0.0005167423745811,0.8964723080911885,0.0021143214813471,2.358490566037736,8.012026034928901,9.170908469577516e-05,0.4495477531107945,0.6073588054372658,bcg_z,,,14.882000000000005
OXFORD_mv000471,451377,451377,424.8,425.18,0.3799999999999954,OXFORD,OXFORD_451377_BCG_3AXIS_seg0001_c0031,BCG_3AXIS,True,trained_model,0.0,0.0219778119116342,0.0538844730253837,0.0467238272306432,0.0120723285497003,0.0001457411166119,0.0922576253368256,0.0004830242164231,10.526315789473683,10.997785695298507,3.091519358420247e-06,0.4652719727276231,0.4281279716453923,bcg_y,,,90.392
OXFORD_mv000472,451377,451377,426.412,426.878,0.4660000000000082,OXFORD,OXFORD_451377_BCG_3AXIS_seg0001_c0032,BCG_3AXIS,True,trained_model,0.0033333333333333,0.0389769631195342,0.071799926824375,0.0686753728142408,0.0171082922158719,0.0002926936625436,0.3554936550410387,0.0015192036540215,8.547008547008547,8.98372337754276,6.256473264982794e-05,0.3424392254972776,0.4308502243570934,bcg_y,,,1.231999999999971
OXFORD_mv000473,451377,451377,430.112,430.712,0.5999999999999659,OXFORD,OXFORD_451377_BCG_3AXIS_seg0001_c0033,BCG_3AXIS,True,trained_model,0.0,0.030037018500385,0.057932773828456,0.0536061974473803,0.0156620110653481,0.000245298590611,0.2715689665981347,0.0009022224803924,6.666666666666667,7.647094400278363,3.632509619566176e-05,0.3510304271217036,0.673072425867842,bcg_y,,,3.2340000000000373
OXFORD_mv000474,451377,451377,433.104,434.306,1.2019999999999982,OXFORD,OXFORD_451377_BCG_3AXIS_seg0001_c0034,BCG_3AXIS,True,trained_model,0.0633333333333333,0.0300761938096023,0.061252137888022,0.0593239632941369,0.0158256264046536,0.0002504504510996,0.544555615311802,0.0009045774340727,1.6611295681063123,6.085416841618556,0.0001272782861414,0.4246755470386622,0.6649148523780037,bcg_y,,,2.391999999999996
OXFORD_mv000475,451377,451377,456.944,458.5,1.5559999999999832,OXFORD,OXFORD_451377_BCG_3AXIS_seg0001_c0035,BCG_3AXIS,True,trained_model,0.0866666666666666,0.0465125503359843,0.1256654459559448,0.1211224466263847,0.0205503145875942,0.000422315429649,1.6853021068920748,0.0021634173387574,1.2853470437017995,10.566897990047936,0.0002254140678906,0.5661679232288399,0.3789141480999551,bcg_z,,,22.638000000000034
OXFORD_mv000476,451377,451377,462.638,463.182,0.5440000000000396,OXFORD,OXFORD_451377_BCG_3AXIS_seg0001_c0036,BCG_3AXIS,True,trained_model,0.0,0.0275868065633057,0.0616562982846623,0.0587594869249034,0.0151560094968377,0.0002297046238682,0.2077617077066216,0.0007610318963612,3.676470588235294,8.351939293701436,1.947923804261092e-05,0.4166017519701295,0.5400505966616808,bcg_y,,,4.137999999999977
OXFORD_mv000477,451377,451377,468.248,468.984,0.73599999999999,OXFORD,OXFORD_451377_BCG_3AXIS_seg0001_c0037,BCG_3AXIS,True,trained_model,0.0166666666666666,0.036572327275885,0.0871414201380104,0.0852685316657916,0.0199532408759313,0.0003981318214529,0.4935504601561712,0.0013375351223744,2.717391304347826,6.793846374467631,0.0001067489729314,0.4204555243368369,0.3844128079080672,bcg_x,,,5.065999999999974
OXFORD_mv000478,451377,451377,472.07,472.828,0.7579999999999814,OXFORD,OXFORD_451377_BCG_3AXIS_seg0001_c0038,BCG_3AXIS,True,trained_model,0.0033333333333333,0.0339687643057308,0.0619756705608052,0.0589603104979123,0.0156798907069267,0.0002458589725811,0.4384732404141522,0.0011538769484582,10.526315789473683,8.54697902794507,6.030361249969979e-05,0.3910138559948519,0.5697860074022834,bcg_y,,,3.0860000000000127
OXFORD_mv000479,451377,451377,484.572,485.126,0.5539999999999736,OXFORD,OXFORD_451377_BCG_3AXIS_seg0001_c0039,BCG_3AXIS,True,trained_model,0.0066666666666666,0.0308819728156952,0.0607200781844153,0.0557370919192545,0.0128834675729356,0.0001659837367028,0.2651275561070367,0.0009536962449893,3.597122302158273,12.41971432299628,1.0733698065955757e-05,0.4987134638038091,0.5737234268488467,bcg_z,,,11.744000000000028
OXFORD_mv000480,451377,451377,490.63,491.418,0.7880000000000109,OXFORD,OXFORD_451377_BCG_3AXIS_seg0001_c0040,BCG_3AXIS,True,trained_model,0.0066666666666666,0.0360719003241887,0.0580092445757762,0.0541770524615964,0.0122172913186118,0.0001492622071638,0.5139668872342922,0.0013011819929982,5.076142131979696,10.694195098855776,4.529062352109292e-05,0.501912026341271,0.397146851701833,bcg_y,,,5.504000000000019
OXFORD_mv000481,451377,451377,493.744,494.62,0.8759999999999764,OXFORD,OXFORD_451377_BCG_3AXIS_seg0001_c0041,BCG_3AXIS,True,trained_model,0.03,0.0311215363617698,0.0591162769983317,0.0562321756366647,0.0149077035254966,0.0002222396244041,0.4251934612019464,0.0009685500255169,2.2831050228310503,7.944679919595045,6.921962720679678e-05,0.4454558389685134,0.5000834354772891,bcg_y,,,2.326000000000022
OXFORD_mv000482,451377,451377,496.13,497.062,0.9320000000000164,OXFORD,OXFORD_451377_BCG_3AXIS_seg0001_c0042,BCG_3AXIS,True,trained_model,0.0066666666666666,0.054336325490459,0.1346077466595854,0.1297895182086471,0.0268122642465265,0.0007188975140255,1.378787737064985,0.0029524362678051,8.583690987124463,10.6932082073646,0.0001824345455396,0.4940621245018397,0.5494391252746024,bcg_z,,,1.509999999999991
OXFORD_mv000483,451377,451377,497.86,498.42,0.5600000000000023,OXFORD,OXFORD_451377_BCG_3AXIS_seg0001_c0043,BCG_3AXIS,True,trained_model,0.0066666666666666,0.0425984036570071,0.0780188771888418,0.0661381951630591,0.0173101386647462,0.0002996409005927,0.5099093423492148,0.0018146239941253,3.571428571428571,9.846128301430552,3.486332766527282e-05,0.4726977347796798,0.4956597434860905,bcg_x,,,0.7980000000000018
OXFORD_mv000484,451377,451377,539.56,540.274,0.7140000000000555,OXFORD,OXFORD_451377_BCG_3AXIS_seg0001_c0044,BCG_3AXIS,True,trained_model,0.0033333333333333,0.0286884627547858,0.0684509116060844,0.0674351176177684,0.0148670223039658,0.0002210283521866,0.2946439864933198,0.0008230278952327,8.379888268156424,7.736552479909739,5.261381856944056e-05,0.3991233281370632,0.4024004745475505,bcg_y,,,41.13999999999993
OXFORD_mv000485,451377,451377,586.79,587.42,0.6299999999999955,OXFORD,OXFORD_451377_BCG_3AXIS_seg0001_c0045,BCG_3AXIS,True,trained_model,0.0066666666666666,0.0433557598067038,0.0806226808671392,0.0677249912936582,0.0147841987380716,0.0002185725323267,0.5939921230596444,0.0018797219084165,3.1645569620253164,13.52366013976255,3.3637088747627984e-05,0.5014909678497937,0.5307833778485714,bcg_z,,,46.51599999999996
OXFORD_mv000486,451377,451377,635.998,636.706,0.70799999999997,OXFORD,OXFORD_451377_BCG_3AXIS_seg0001_c0046,BCG_3AXIS,True,trained_model,0.0166666666666666,0.0271873922201217,0.071953198876645,0.0691766956986033,0.013453882031867,0.0001810069417273,0.2623997749844106,0.0007391542957307,2.824858757062147,9.024883490453634,3.07847570182216e-05,0.4884576014062252,0.5174632927855409,bcg_z,,,48.57800000000009
OXFORD_mv000487,451377,451377,639.982,641.392,1.410000000000082,OXFORD,OXFORD_451377_BCG_3AXIS_seg0001_c0047,BCG_3AXIS,True,trained_model,0.07,0.0377845515343016,0.0774009826431148,0.0754314435976439,0.016764467182302,0.0002810473599064,1.007936668261696,0.0014276723346482,1.41643059490085,6.373049441668528,0.0001544141971947,0.4609179880247682,0.3888420757648525,bcg_z,,,3.2759999999999536
OXFORD_mv000488,451377,451377,690.728,691.976,1.2480000000000473,OXFORD,OXFORD_451377_BCG_3AXIS_seg0001_c0048,BCG_3AXIS,True,trained_model,0.0066666666666666,0.0484359194817795,0.1419720568620384,0.1387238106528654,0.0254064370535337,0.0006454870437551,1.4662739350283964,0.0023460382960454,3.2051282051282053,8.579406947938983,0.000275211599863,0.4803862985102685,0.5287167541441925,bcg_z,,,49.3359999999999
OXFORD_mv000489,451377,451377,692.552,693.78,1.2279999999999518,OXFORD,OXFORD_451377_BCG_3AXIS_seg0001_c0049,BCG_3AXIS,True,trained_model,0.0633333333333333,0.0363629144504704,0.0724885725274131,0.0717250595222858,0.0159340431847987,0.000253893732215,0.8131908516093236,0.0013222615473322,1.6286644951140066,7.092294076743092,0.000143429977831,0.4766574213884242,0.5042111063995721,bcg_z,,,0.5760000000000218
OXFORD_mv000490,451377,451377,695.046,695.764,0.7179999999999609,OXFORD,OXFORD_451377_BCG_3AXIS_seg0001_c0050,BCG_3AXIS,True,trained_model,0.0266666666666666,0.0389214234185851,0.0943800804545625,0.0894556563136845,0.0161999110462292,0.0002624371179057,0.5453557923343639,0.0015148772009287,2.7777777777777777,13.395556945341374,6.081218459097708e-05,0.5244786597036116,0.6668042764432625,bcg_z,,,1.2660000000000764
OXFORD_mv000491,451377,451377,705.062,709.07,4.008000000000038,OXFORD,OXFORD_451377_BCG_3AXIS_seg0001_c0051,BCG_3AXIS,True,trained_model,0.0966666666666666,0.0643803954588933,0.360523053293459,0.3573474362956206,0.0423158427081261,0.0017906305440988,8.310394815484203,0.0041448353194434,0.499001996007984,6.210135795019879,0.0020240378750532,0.5064796968927525,0.6967982711870745,bcg_z,,,9.298000000000002
OXFORD_mv000492,451377,451377,736.1,736.438,0.3379999999999654,OXFORD,OXFORD_451377_BCG_3AXIS_seg0001_c0052,BCG_3AXIS,True,trained_model,0.0,0.0404547947751645,0.0684522120326125,0.0568743362782106,0.0143407175753778,0.0002056561805767,0.2782203714511156,0.0016365904203006,11.76470588235294,12.002847160019597,3.486646860626665e-05,0.3674460426979591,0.425590598946713,bcg_x,,,27.029999999999973
OXFORD_mv000493,451377,451377,738.854,739.484,0.6299999999999955,OXFORD,OXFORD_451377_BCG_3AXIS_seg0001_c0053,BCG_3AXIS,True,trained_model,0.0033333333333333,0.0297952337410229,0.0618062653729866,0.0582611103310414,0.0148683014542962,0.0002210663881358,0.2805308813635734,0.0008877559536821,3.1645569620253164,13.283638980403566,2.8277408609582463e-05,0.5129413105816497,0.4596408139966098,bcg_y,,,2.4160000000000537
OXFORD_mv000494,451377,451377,772.866,773.326,0.4600000000000364,OXFORD,OXFORD_451377_BCG_3AXIS_seg0001_c0054,BCG_3AXIS,True,trained_model,0.0,0.0276853805874123,0.063249210936662,0.0559822465252,0.0127266593483499,0.0001619678581689,0.1770569489003392,0.0007664802982698,4.3478260869565215,8.821825139343618,7.426018414341948e-06,0.4477712916918177,0.4426318194325391,bcg_y,,,33.38199999999995
OXFORD_mv000495,451377,451377,851.03,851.566,0.5360000000000582,OXFORD,OXFORD_451377_BCG_3AXIS_seg0001_c0055,BCG_3AXIS,True,trained_model,0.0,0.029112750658255,0.0587263995672271,0.0535884402773623,0.0139855452309341,0.0001955954754065,0.2279915554893366,0.0008475522508897,3.731343283582089,9.861667179256376,1.836070211763904e-05,0.4313465933440287,0.5529899702146875,bcg_y,,,77.70399999999995
OXFORD_mv000496,451421,451421,1.928,2.534,0.6059999999999999,OXFORD,OXFORD_451421_BCG_3AXIS_seg0001_c0001,BCG_3AXIS,True,trained_model,0.13,0.255429961624845,1.3277518484148885,1.3195540395243843,0.226382817618194,0.0512491801127524,19.834317449883624,0.0652444652956698,3.2894736842105265,10.237297473326462,0.014122188564891,0.4731906694301295,0.6126751356865067,bcg_x,,,
OXFORD_mv000497,451421,451421,16.768,19.896,3.128,OXFORD,OXFORD_451421_BCG_3AXIS_seg0001_c0002,BCG_3AXIS,True,trained_model,0.2266666666666666,0.0709805667122943,0.4776716775333858,0.4718668681115422,0.0529839043998215,0.0028072941254494,7.884846931499593,0.0050382408507984,0.639386189258312,5.113578758280301,0.0033795799306959,0.4770520939770407,0.609854275649833,bcg_z,,,14.234000000000002
OXFORD_mv000498,451421,451421,24.364,25.172,0.8079999999999998,OXFORD,OXFORD_451421_BCG_3AXIS_seg0001_c0003,BCG_3AXIS,True,trained_model,0.02,0.0364578504646085,0.0653632119554136,0.0565492166300182,0.0142121024835596,0.0002019838570032,0.5383158185024013,0.0013291748604997,2.4752475247524752,6.708669195815086,6.57123753515711e-05,0.3972491058579924,0.4359463363727318,bcg_x,,,4.468
OXFORD_mv000499,451421,451421,50.564,51.236,0.671999999999997,OXFORD,OXFORD_451421_BCG_3AXIS_seg0001_c0004,BCG_3AXIS,True,trained_model,0.0033333333333333,0.0235107686662184,0.0500338184531776,0.0492986466761595,0.0121239173310609,0.0001469893714504,0.1862788539841595,0.0005527562432764,2.976190476190476,7.5055249109832305,1.763391819231342e-05,0.4195292679941605,0.40883646159257,bcg_x,,,25.392
OXFORD_mv000500,451421,451421,76.846,78.852,2.006,OXFORD,OXFORD_451421_BCG_3AXIS_seg0001_c0005,BCG_3AXIS,True,trained_model,0.0266666666666666,0.0390202572267288,0.0937304608834735,0.0877992038288898,0.0169756768328178,0.0002881736039322,1.528670795936248,0.00152258047404,2.98804780876494,10.44323511151906,0.0002092004627866,0.5596480069113926,0.5006681576080552,bcg_z,,,25.610000000000007
OXFORD_mv000501,451421,451421,97.824,99.452,1.628,OXFORD,OXFORD_451421_BCG_3AXIS_seg0001_c0006,BCG_3AXIS,True,trained_model,0.0766666666666666,0.0423357987943398,0.1183522379785461,0.1157580163069875,0.0205965132030396,0.0004242163561229,1.4607406855371847,0.0017923198595548,1.2285012285012284,5.611417190321316,0.0003980797186585,0.4566209204081671,0.5397201431193435,bcg_x,,,18.971999999999994
OXFORD_mv000502,451421,451421,99.992,100.662,0.6700000000000017,OXFORD,OXFORD_451421_BCG_3AXIS_seg0001_c0007,BCG_3AXIS,True,trained_model,0.0,0.0337812502357666,0.0716862781798685,0.0709418696214896,0.0162918944387149,0.0002654258244022,0.3834340834771376,0.0011411728674914,5.952380952380952,6.267304772345012,4.7623621129074594e-05,0.3246500548533085,0.4662172135430741,bcg_z,,,0.5400000000000063
OXFORD_mv000503,451421,451421,106.896,107.252,0.3559999999999945,OXFORD,OXFORD_451421_BCG_3AXIS_seg0001_c0008,BCG_3AXIS,True,trained_model,0.0,0.02462169364763,0.0462977946474245,0.0326459256490472,0.0078900759114007,6.225329788766645e-05,0.1085147758559163,0.0006062277980777,11.235955056179776,13.397083755706308,2.3864981812685446e-06,0.4890269358992855,0.4281695881740554,bcg_z,,,6.233999999999995
OXFORD_mv000504,451421,451421,107.832,109.45,1.6180000000000092,OXFORD,OXFORD_451421_BCG_3AXIS_seg0001_c0009,BCG_3AXIS,True,trained_model,0.09,0.0614927873677348,0.2048494659812287,0.2009939522860586,0.0336863369076675,0.0011347692942568,3.0629039475852986,0.0037813628982534,1.2345679012345678,10.158859928424006,0.000258370440125,0.5349394921140598,0.5099656440526692,bcg_z,,,0.5799999999999983
OXFORD_mv000505,451421,451421,148.112,150.808,2.695999999999998,OXFORD,OXFORD_451421_BCG_3AXIS_seg0001_c0010,BCG_3AXIS,True,trained_model,0.0733333333333333,0.0522274737979879,0.1264193316281191,0.1211771189565338,0.0248810701623436,0.0006190676524234,3.679679467062032,0.0027277090193195,0.7418397626112759,9.07056694436827,0.0003964824798532,0.5117547121399474,0.5649083150281698,bcg_z,,,38.66199999999999
OXFORD_mv000506,451421,451421,155.14,155.494,0.3540000000000134,OXFORD,OXFORD_451421_BCG_3AXIS_seg0001_c0011,BCG_3AXIS,True,trained_model,0.2366666666666666,0.0328612086877755,0.0499555401140884,0.0396112319587935,0.009466152465347,8.960804249719634e-05,0.192214908483033,0.0010798590364215,22.471910112359552,16.8512180011672,1.085051893961064e-05,0.4221833144908586,0.399848496398389,bcg_z,,,4.331999999999994
OXFORD_mv000507,451421,451421,160.302,161.164,0.8619999999999948,OXFORD,OXFORD_451421_BCG_3AXIS_seg0001_c0012,BCG_3AXIS,True,trained_model,0.05,0.061148882355576,0.2529403144021204,0.250382399280212,0.0482591789589868,0.0023289483537955,1.615328271361188,0.003739185813336,2.314814814814815,5.864516252676744,0.0001946024344911,0.3557429439616806,0.7288465947759789,bcg_z,,,4.807999999999993
OXFORD_mv000508,451421,451421,167.552,168.236,0.6839999999999975,OXFORD,OXFORD_451421_BCG_3AXIS_seg0001_c0013,BCG_3AXIS,True,trained_model,0.04,0.0715816349612257,0.2709049470066157,0.2694793946429655,0.0557428430143646,0.0031072645473241,1.7575081490567055,0.0051239304637221,2.923976608187134,7.435044042389294,0.0006412105513983,0.3809100581393751,0.7404416644658897,bcg_z,,,6.388000000000005
OXFORD_mv000509,451421,451421,236.436,236.812,0.3760000000000048,OXFORD,OXFORD_451421_BCG_3AXIS_seg0001_c0014,BCG_3AXIS,True,trained_model,0.0233333333333333,0.0821224119484731,0.2279918025569613,0.2157683872372288,0.047824780008081,0.0022872095828213,1.274633112860363,0.0067440905442347,5.319148936170213,9.718465211214456,0.0002153805447412,0.3900172513030672,0.8207975598024132,bcg_z,,,68.20000000000002
OXFORD_mv000510,451421,451421,359.568,363.25,3.682000000000016,OXFORD,OXFORD_451421_BCG_3AXIS_seg0001_c0015,BCG_3AXIS,True,trained_model,0.0533333333333333,0.0489832460983122,0.3044326629275832,0.301291023559914,0.0310108564483888,0.0009616732176625,4.419618169719847,0.0023993583983278,2.1715526601520088,9.276957241307306,0.0005838965138297,0.5744649677270008,0.6974354440968887,bcg_z,,,122.75599999999997
OXFORD_mv000511,451421,451421,366.364,367.26,0.896000000000015,OXFORD,OXFORD_451421_BCG_3AXIS_seg0001_c0016,BCG_3AXIS,True,trained_model,0.0033333333333333,0.0311587892095824,0.0715520093557422,0.0662664456002606,0.0145519925240159,0.000211760486419,0.4359206951082287,0.0009708701450071,4.464285714285714,8.33787235921964,5.851945378250392e-05,0.4537473321825152,0.3941830201982721,bcg_z,,,3.113999999999976
OXFORD_mv000512,451421,451421,389.002,389.79,0.7880000000000109,OXFORD,OXFORD_451421_BCG_3AXIS_seg0001_c0017,BCG_3AXIS,True,trained_model,0.03,0.0673079166090188,0.2665111009650441,0.2589154543533167,0.0480793345508146,0.0023116224108491,1.789490477107419,0.0045303556382466,2.538071065989848,8.13483111741479,0.0001624141827762,0.4055031306767184,0.752733795153577,bcg_z,,,21.74200000000002
OXFORD_mv000513,451421,451421,401.082,401.756,0.6739999999999782,OXFORD,OXFORD_451421_BCG_3AXIS_seg0001_c0018,BCG_3AXIS,True,trained_model,0.1066666666666666,0.0286351196881129,0.0524345459571199,0.0500012493377536,0.0109997814853774,0.000120995192726,0.2771498868887634,0.0008199700795525,11.83431952662722,13.743498653855612,3.037208210340539e-05,0.4914659206005106,0.4556301629645906,bcg_y,,,11.291999999999973
OXFORD_mv000514,451421,451421,427.412,428.14,0.7280000000000086,OXFORD,OXFORD_451421_BCG_3AXIS_seg0001_c0019,BCG_3AXIS,True,trained_model,0.0433333333333333,0.0870775861637731,0.3401117203590661,0.3357511918497999,0.0665743906537431,0.0044321494909171,2.767614694419909,0.0075825060121093,2.7472527472527477,9.977059121962723,0.0005963660218014,0.386776672977678,0.742925400096404,bcg_z,,,25.656000000000006
OXFORD_mv000515,451421,451421,437.988,439.722,1.7339999999999804,OXFORD,OXFORD_451421_BCG_3AXIS_seg0001_c0020,BCG_3AXIS,True,trained_model,0.0833333333333333,0.0289795360900365,0.0669042893061459,0.0656498014523933,0.0132366211745943,0.0001752081401197,0.7289581284105587,0.0008398135119937,1.152073732718894,8.1536670756877,0.0001069960401536,0.5341631539102532,0.4250971103195454,bcg_y,,,9.848000000000013
OXFORD_mv000516,451421,451421,440.564,443.724,3.159999999999968,OXFORD,OXFORD_451421_BCG_3AXIS_seg0001_c0021,BCG_3AXIS,True,trained_model,0.0866666666666666,0.0313143663711733,0.0663362733179914,0.0640083548863275,0.0124363586741361,0.0001546630170717,1.5503120646815838,0.000980589541228,1.2658227848101264,10.802555332402855,0.0001862948913058,0.603961517873594,0.4431946777664574,bcg_y,,,0.8420000000000414
OXFORD_mv000517,451421,451421,444.374,446.11,1.73599999999999,OXFORD,OXFORD_451421_BCG_3AXIS_seg0001_c0022,BCG_3AXIS,True,trained_model,0.0466666666666666,0.0425397664236374,0.162279646819962,0.1569724748293886,0.021951450004103,0.0004818661572826,1.5725699710911587,0.0018096317273776,2.3041474654377883,7.328571714681105,0.0004125853932023,0.5004596452532413,0.5356171825758378,bcg_z,,,0.6500000000000341
OXFORD_mv000518,451421,451421,446.91,447.464,0.5539999999999736,OXFORD,OXFORD_451421_BCG_3AXIS_seg0001_c0023,BCG_3AXIS,True,trained_model,0.0066666666666666,0.0410606670020961,0.0955302301680179,0.087869296920691,0.0192680488197735,0.0003712577053211,0.468701988154654,0.001685978374657,3.597122302158273,10.59519984292872,3.0742547382160064e-05,0.4642380442149802,0.5538872901267564,bcg_z,,,0.8000000000000114
OXFORD_mv000519,451421,451421,447.98,449.438,1.45799999999997,OXFORD,OXFORD_451421_BCG_3AXIS_seg0001_c0024,BCG_3AXIS,True,trained_model,0.0133333333333333,0.0313693782220268,0.0691136501489598,0.0653534202651063,0.014000211263289,0.0001960059154167,0.7183476597266973,0.0009840378900365,5.47945205479452,10.940597201735237,0.0001167960329302,0.5398857393869736,0.4303503933561263,bcg_z,,,0.5160000000000196
OXFORD_mv000520,451421,451421,476.866,477.314,0.4480000000000359,OXFORD,OXFORD_451421_BCG_3AXIS_seg0001_c0025,BCG_3AXIS,True,trained_model,0.0033333333333333,0.0393148542259052,0.1058977786684322,0.1004114977791205,0.0213998298634777,0.0004579527181857,0.3477729966309407,0.0015456577628041,4.464285714285714,7.608392673764782,4.662680020942248e-05,0.2893342997704975,0.6297023114524406,bcg_z,,,27.427999999999997
OXFORD_mv000521,451421,451421,478.12,478.686,0.5659999999999741,OXFORD,OXFORD_451421_BCG_3AXIS_seg0001_c0026,BCG_3AXIS,True,trained_model,0.0,0.0268221942845955,0.0605936659434669,0.0582783730205862,0.0125455963484312,0.0001573919877377,0.2043181501723275,0.0007194301062405,7.04225352112676,11.45529353464238,1.4548103042314316e-05,0.4701623329214812,0.5160934496343,bcg_z,,,0.8059999999999832
OXFORD_mv000522,451421,451421,494.704,495.25,0.5459999999999923,OXFORD,OXFORD_451421_BCG_3AXIS_seg0001_c0027,BCG_3AXIS,True,trained_model,0.0066666666666666,0.0315666908349369,0.0948222263940287,0.0912170128859886,0.0193307589379634,0.0003736782411176,0.2730289358535666,0.0009964559702684,3.64963503649635,6.4029559164323295,6.154956374724111e-05,0.303024835439634,0.6223212413477055,bcg_z,,,16.01800000000003
OXFORD_mv000523,451421,451421,533.816,534.29,0.4739999999999327,OXFORD,OXFORD_451421_BCG_3AXIS_seg0001_c0028,BCG_3AXIS,True,trained_model,0.0033333333333333,0.0486217394736366,0.0860042786056621,0.0733436429821173,0.0186676477680676,0.0003484810731926,0.5626495047672422,0.0023640735494421,4.201680672268907,7.398558757341791,4.901192771346138e-05,0.3897539562091339,0.3506473194463634,bcg_z,,,38.56600000000003
OXFORD_mv000524,451421,451421,545.26,545.676,0.4160000000000536,OXFORD,OXFORD_451421_BCG_3AXIS_seg0001_c0029,BCG_3AXIS,True,trained_model,0.0266666666666666,0.0273694611162666,0.0461389264812203,0.0362340429170337,0.008622300875579,7.434407238901204e-05,0.1565592669751197,0.0007490874017948,4.807692307692308,12.463316833903878,7.79300416905239e-06,0.4390767800984193,0.4475127334191971,bcg_z,,,10.970000000000027
OXFORD_mv000525,451421,451421,560.992,561.622,0.6299999999999955,OXFORD,OXFORD_451421_BCG_3AXIS_seg0001_c0030,BCG_3AXIS,True,trained_model,0.0033333333333333,0.0559189433375675,0.0914329332237151,0.0739950710335276,0.0171606106975954,0.0002944865595144,0.988109318780868,0.00312692822399,6.329113924050633,8.900270638773359,7.561868824985601e-05,0.3870992763084664,0.532987102149251,bcg_z,,,15.315999999999917
OXFORD_mv000526,451421,451421,564.074,564.604,0.5300000000000864,OXFORD,OXFORD_451421_BCG_3AXIS_seg0001_c0031,BCG_3AXIS,True,trained_model,0.02,0.0701640622235388,0.2143016374477248,0.204260349456906,0.0488183594584915,0.0023832322202184,1.309516836970495,0.0049229956277086,3.7593984962406015,7.095510820574599,0.0003605213990179,0.3093109096868845,0.5368017787535291,bcg_z,,,2.451999999999998
OXFORD_mv000527,451421,451421,568.144,568.662,0.5180000000000291,OXFORD,OXFORD_451421_BCG_3AXIS_seg0001_c0032,BCG_3AXIS,True,trained_model,0.0,0.0304146843088082,0.0711747188033263,0.0639310222445589,0.0152804373252097,0.0002334917648496,0.2405137856171606,0.0009250530216044,3.846153846153846,6.261803078591649,2.6171921980230477e-05,0.3529057755149615,0.5889008608705643,bcg_z,,,3.5399999999999636
OXFORD_mv000528,451421,451421,586.71,587.01,0.2999999999999545,OXFORD,OXFORD_451421_BCG_3AXIS_seg0001_c0033,BCG_3AXIS,True,trained_model,0.0,0.0384782628396317,0.0770447196928125,0.0712970377433256,0.0203312584620732,0.0004133600706516,0.223567083384523,0.0014805767111557,6.666666666666667,14.909174918845313,1.7364887565280205e-05,0.4240696303237947,0.6228045040636548,bcg_z,,,18.048000000000002
OXFORD_mv000529,451421,451421,593.136,593.744,0.6080000000000609,OXFORD,OXFORD_451421_BCG_3AXIS_seg0001_c0034,BCG_3AXIS,True,trained_model,0.0066666666666666,0.0287193132689311,0.0539932253542227,0.0493234930410844,0.0111372020160179,0.0001240372687455,0.2515636811648959,0.000824798954639,3.2894736842105265,9.971660320894337,1.691605186545508e-05,0.4696804864623305,0.4865446956730879,bcg_z,,,6.125999999999976
OXFORD_mv000530,451421,451421,600.002,602.672,2.6700000000000728,OXFORD,OXFORD_451421_BCG_3AXIS_seg0001_c0035,BCG_3AXIS,True,trained_model,0.03,0.0662544214684546,0.316205683509942,0.3143469827265764,0.0500881193857103,0.0025088197035971,5.864570214463812,0.0043896483641196,4.491017964071856,8.23082238539745,0.0031416304111359,0.5345989926379642,0.8181156674396357,bcg_z,,,6.2579999999999245
OXFORD_mv000531,451421,451421,603.398,603.86,0.4619999999999891,OXFORD,OXFORD_451421_BCG_3AXIS_seg0001_c0036,BCG_3AXIS,True,trained_model,0.03,0.0374635663673229,0.0754685172911975,0.0713157153392494,0.0180307750022107,0.0003251088471803,0.3256163627504433,0.0014035188049588,17.241379310344826,11.920157614929666,3.3638389166966094e-05,0.4223302162802028,0.4001848694614955,bcg_x,,,0.7259999999999991
OXFORD_mv000532,451421,451421,604.772,605.222,0.4499999999999318,OXFORD,OXFORD_451421_BCG_3AXIS_seg0001_c0037,BCG_3AXIS,True,trained_model,0.0033333333333333,0.0291645782602865,0.0466669668723438,0.044938465221316,0.0113765345979047,0.0001294255394573,0.1922294132726855,0.0008505726251003,13.27433628318584,13.72327051055134,1.305908753863884e-05,0.3847286837186747,0.4209863133914394,bcg_x,,,0.9120000000000346
OXFORD_mv000533,451421,451421,606.828,607.136,0.3079999999999927,OXFORD,OXFORD_451421_BCG_3AXIS_seg0001_c0038,BCG_3AXIS,True,trained_model,0.0,0.0278496548467394,0.0505202752077983,0.0414573587821905,0.0114129136520246,0.0001302545980285,0.12021850763779,0.0007756032750825,6.493506493506493,9.182391968551702,9.287042166161233e-06,0.3789385856993838,0.4539488986642772,bcg_z,,,1.6059999999999945
OXFORD_mv000534,451421,451421,609.262,609.736,0.4740000000000464,OXFORD,OXFORD_451421_BCG_3AXIS_seg0001_c0039,BCG_3AXIS,True,trained_model,0.0,0.031272644979868,0.0551054443739941,0.0493546287004194,0.0120229869379409,0.0001445522149098,0.2327588411207735,0.0009779783240368,8.403361344537814,8.924346471561016,1.7653785126526047e-05,0.3871455598354631,0.4119210129370655,bcg_z,,,2.1259999999999764
OXFORD_mv000535,451421,451421,612.368,612.816,0.4479999999999791,OXFORD,OXFORD_451421_BCG_3AXIS_seg0001_c0040,BCG_3AXIS,True,trained_model,0.0033333333333333,0.0442551623653803,0.092058585837875,0.0854636134460703,0.0197512844990915,0.000390113239364,0.4406668640968893,0.0019585193959861,4.464285714285714,14.595201405167506,4.214845481906966e-05,0.4533986781118011,0.6605521789847357,bcg_z,,,2.632000000000062
OXFORD_mv000536,451421,451421,632.512,632.89,0.3780000000000427,OXFORD,OXFORD_451421_BCG_3AXIS_seg0001_c0041,BCG_3AXIS,True,trained_model,0.0,0.0225721176219506,0.0473589936351643,0.0464265912995589,0.0101046495177039,0.0001021039418756,0.0968050938484434,0.0005095004939391,5.2631578947368425,11.767763443151498,4.735569576715105e-06,0.4412411480514522,0.4413352306645003,bcg_z,,,19.695999999999913
OXFORD_mv000537,451421,451421,651.19,651.85,0.6599999999999682,OXFORD,OXFORD_451421_BCG_3AXIS_seg0001_c0042,BCG_3AXIS,True,trained_model,0.0066666666666666,0.0313669829256199,0.0709174566796302,0.0685678225779174,0.0154327040591152,0.0002381683545762,0.3256668015103807,0.0009838876178561,3.0303030303030303,8.269837150052187,4.755370220410121e-05,0.4518612887173098,0.6307799280316609,bcg_z,,,18.300000000000068
OXFORD_mv000538,451421,451421,668.158,668.908,0.75,OXFORD,OXFORD_451421_BCG_3AXIS_seg0001_c0043,BCG_3AXIS,True,trained_model,0.01,0.0246312521676124,0.0494702652414552,0.0474649367017362,0.0113266681126557,0.0001282934105342,0.2281186673375365,0.0006066985833445,2.6595744680851063,8.206173623841078,4.210039001069434e-05,0.4051154588441647,0.4911829554575994,bcg_z,,,16.307999999999993
OXFORD_mv000539,451421,451421,698.152,698.63,0.4779999999999518,OXFORD,OXFORD_451421_BCG_3AXIS_seg0001_c0044,BCG_3AXIS,True,trained_model,0.0,0.0288597421341798,0.0627937938656257,0.0525459029489413,0.0117618345351583,0.0001383407516324,0.1998923318523258,0.0008328847160513,12.5,14.815689908262051,1.0794183571821335e-05,0.4785376693124454,0.5728218892611009,bcg_z,,,29.244000000000028
OXFORD_mv000540,451421,451421,699.224,699.814,0.5899999999999181,OXFORD,OXFORD_451421_BCG_3AXIS_seg0001_c0045,BCG_3AXIS,True,trained_model,0.0,0.033193498148509,0.0656652205309979,0.0603958477986545,0.0124872176038998,0.0001559306034871,0.3261352625231817,0.001101808319335,10.135135135135137,10.93993995867649,3.064773577458442e-05,0.3348726634277583,0.3633190164439207,bcg_z,,,0.5940000000000509
OXFORD_mv000541,451421,451421,704.9,705.952,1.052000000000021,OXFORD,OXFORD_451421_BCG_3AXIS_seg0001_c0046,BCG_3AXIS,True,trained_model,0.0966666666666666,0.131621730504696,0.5034590664875095,0.5001643752855249,0.0958456276062881,0.0091863843312432,9.129895528933794,0.0173242799410508,1.9011406844106464,7.343249713374815,0.0039955864644887,0.4605624068700191,0.8324619841231995,bcg_z,,,5.086000000000013
OXFORD_mv000542,451421,451421,721.42,722.188,0.7680000000000291,OXFORD,OXFORD_451421_BCG_3AXIS_seg0001_c0047,BCG_3AXIS,True,trained_model,0.1966666666666666,0.029519106041328,0.060932959174873,0.0575985438194422,0.0124118259727097,0.0001540534239768,0.3354803842694796,0.0008713776214791,5.208333333333333,10.283900612639869,4.784693654293788e-05,0.4998298019938151,0.480159096005247,bcg_z,,,15.467999999999961
OXFORD_mv000543,451421,451421,723.734,724.868,1.1340000000000146,OXFORD,OXFORD_451421_BCG_3AXIS_seg0001_c0048,BCG_3AXIS,True,trained_model,0.01,0.0330781818851149,0.0759939065247751,0.0735099031886774,0.0136255079140026,0.0001856544659145,0.6214863543564559,0.0010941661168247,8.80281690140845,11.138298154611196,5.171679760822142e-05,0.5452862498258744,0.5013206679272519,bcg_z,,,1.5460000000000491
OXFORD_mv000544,451421,451421,780.826,781.416,0.5900000000000318,OXFORD,OXFORD_451421_BCG_3AXIS_seg0001_c0049,BCG_3AXIS,True,trained_model,0.0,0.0349061732764512,0.0542104033039595,0.0515000001408517,0.011484948364165,0.0001319040389275,0.3606585161104694,0.0012184409328056,3.3783783783783785,7.131738379029603,2.41198788302158e-05,0.3566791160692261,0.4854840777019505,bcg_x,,,55.95799999999997
OXFORD_mv000545,451421,451421,820.532,820.962,0.42999999999995,OXFORD,OXFORD_451421_BCG_3AXIS_seg0001_c0050,BCG_3AXIS,True,trained_model,0.0,0.0293505033903526,0.0510009733863502,0.0468290364849347,0.0102912075721247,0.0001059089532925,0.1860736426416942,0.0008614520492671,4.62962962962963,8.161818303176979,1.524778621572677e-05,0.3160444522436919,0.4578211963492535,bcg_z,,,39.115999999999985
OXFORD_mv000546,451421,451421,829.918,831.198,1.2799999999999727,OXFORD,OXFORD_451421_BCG_3AXIS_seg0001_c0051,BCG_3AXIS,True,trained_model,0.0233333333333333,0.0662900829115513,0.2664597905292496,0.2632467682742213,0.0467489971753834,0.002185468736904,2.816794434241447,0.0043943750924203,3.125,7.218688615656501,0.0016402635570887,0.4723181272966992,0.7578538646334804,bcg_z,,,8.956000000000017
OXFORD_mv000547,451421,451421,831.786,832.23,0.4440000000000736,OXFORD,OXFORD_451421_BCG_3AXIS_seg0001_c0052,BCG_3AXIS,True,trained_model,0.0666666666666666,0.1996879304904854,0.5677323991660997,0.5606851371074855,0.1475533624744454,0.021771994777515,8.892185117136767,0.0398752695835729,4.504504504504505,11.612199013113475,0.0025499476234312,0.4366253433798258,0.9002767258926558,bcg_z,,,0.5879999999999654
OXFORD_mv000548,451421,451421,832.89,834.792,1.902000000000044,OXFORD,OXFORD_451421_BCG_3AXIS_seg0001_c0053,BCG_3AXIS,True,trained_model,0.1433333333333333,0.1207028893922313,0.6000450509467934,0.5970927463638825,0.0982119621967774,0.0096455895185412,13.869866507266842,0.0145691875076332,1.0504201680672267,6.744099641498408,0.0100710207899369,0.486861384722938,0.8486734954635492,bcg_z,,,0.6599999999999682
OXFORD_mv000549,451421,451421,837.236,838.276,1.0399999999999636,OXFORD,OXFORD_451421_BCG_3AXIS_seg0001_c0054,BCG_3AXIS,True,trained_model,0.1633333333333333,0.0511602560090862,0.1270269126318912,0.1223434267033333,0.0247179099940474,0.0006109750744738,1.363650705150842,0.0026173717949152,1.923076923076923,4.880487302265921,0.0002770272378898,0.3855260345116577,0.6185639986192552,bcg_z,,,2.44399999999996
OXFORD_mv000550,451421,451421,840.552,843.966,3.413999999999988,OXFORD,OXFORD_451421_BCG_3AXIS_seg0001_c0055,BCG_3AXIS,True,trained_model,0.0933333333333333,0.0583614210538076,0.2536950877347507,0.2519964569500697,0.0385180868876379,0.0014836430174836,5.817542738353062,0.0034060554674198,0.585480093676815,5.503887521274551,0.0018557738550823,0.4974613927760863,0.7344272220832956,bcg_z,,,2.2760000000000673
OXFORD_mv000551,451421,451421,844.904,845.564,0.6599999999999682,OXFORD,OXFORD_451421_BCG_3AXIS_seg0001_c0056,BCG_3AXIS,True,trained_model,0.0,0.0322658644384654,0.0663318206021863,0.0565412185876143,0.0122962974945922,0.0001511989320755,0.344599468635234,0.0010410860079614,12.12121212121212,10.263283799592006,4.1024888919593226e-05,0.4343537867040944,0.4833731673703051,bcg_x,,,0.9379999999999882
OXFORD_mv000552,451421,451421,857.004,857.538,0.5339999999999918,OXFORD,OXFORD_451421_BCG_3AXIS_seg0001_c0057,BCG_3AXIS,True,trained_model,0.05,0.142320081765317,0.4478312220477006,0.4435993361509645,0.1059709573466892,0.0112298438009738,5.428341520547992,0.0202550056736865,7.462686567164178,8.029098054405925,0.0018154373354927,0.3647748770543575,0.9068270171611854,bcg_z,,,11.440000000000055
OXFORD_mv000553,451421,451421,862.912,864.886,1.9739999999999327,OXFORD,OXFORD_451421_BCG_3AXIS_seg0001_c0058,BCG_3AXIS,True,trained_model,0.2766666666666666,0.2004121867383581,0.6853142184816042,0.6820474348447231,0.1338287750347818,0.0179101410273102,39.68306405813153,0.0401650445932505,1.0121457489878545,3.574143691701113,0.0108996276766284,0.3931432731148658,0.7085113708908688,bcg_z,,,5.374000000000024
OXFORD_mv000554,451421,451421,865.962,867.47,1.5080000000000382,OXFORD,OXFORD_451421_BCG_3AXIS_seg0001_c0059,BCG_3AXIS,True,trained_model,0.1566666666666666,0.1747168791608179,0.5093247528647933,0.5028687841840908,0.1192626920249674,0.0142235897090422,23.047120837090368,0.0305259878636958,1.326259946949602,7.485807773590389,0.0082154566042493,0.4915513396699583,0.6369281110893089,bcg_z,,,1.0760000000000218
OXFORD_mv000555,451421,451421,868.406,869.894,1.4880000000000564,OXFORD,OXFORD_451421_BCG_3AXIS_seg0001_c0060,BCG_3AXIS,True,trained_model,0.23,0.084101124153458,0.2890587144386315,0.2840691696227873,0.0594043899301078,0.0035288815429683,5.269384317487146,0.0070729990838753,1.3440860215053765,3.739396813646822,0.0020087827974158,0.3796668835765722,0.5216429509102639,bcg_z,,,0.9359999999999218
OXFORD_mv000556,451421,451421,893.962,894.516,0.5539999999999736,OXFORD,OXFORD_451421_BCG_3AXIS_seg0001_c0061,BCG_3AXIS,True,trained_model,0.0,0.0532043360593828,0.1436153051308648,0.1375448487316132,0.0275839101756699,0.0007608721005794,0.7869349823944907,0.0028307013755197,10.79136690647482,10.896326765460689,0.000112900857828,0.4140730644994752,0.6882763148851656,bcg_z,,,24.067999999999984
OXFORD_mv000557,451609,451609,1.312,2.466,1.154,OXFORD,OXFORD_451609_BCG_3AXIS_seg0001_c0001,BCG_3AXIS,True,trained_model,0.2233333333333333,0.4121467756004089,2.4786893007957613,2.47156246885308,0.3642365837413661,0.1326682889355812,98.1819495606564,0.1698649646378138,3.460207612456748,10.019766817713544,0.0902303293327659,0.5345566911426489,0.6542355754733579,bcg_z,,,
OXFORD_mv000558,451609,451609,133.248,135.404,2.156000000000006,OXFORD,OXFORD_451609_BCG_3AXIS_seg0001_c0002,BCG_3AXIS,True,trained_model,0.01,0.0427919746545436,0.0938936047177324,0.0891122141401431,0.0193922128556834,0.0003760579194401,1.9758141893270769,0.0018311530948351,4.638218923933209,5.754765999322001,0.0003797455933145,0.4296098326040157,0.5486953504395062,bcg_x,,,130.78199999999998
OXFORD_mv000559,451609,451609,155.218,156.004,0.7860000000000014,OXFORD,OXFORD_451609_BCG_3AXIS_seg0001_c0003,BCG_3AXIS,True,trained_model,0.1566666666666666,0.0447921854913702,0.0975481720673907,0.0897175948054534,0.0247753249370931,0.0006138167257385,0.790497913150767,0.0020063398810933,2.538071065989848,4.149480698723689,0.0001226550086961,0.2906177149523545,0.6452909206282855,bcg_y,,,19.813999999999993
OXFORD_mv000560,451609,451609,160.696,164.474,3.777999999999992,OXFORD,OXFORD_451609_BCG_3AXIS_seg0001_c0004,BCG_3AXIS,True,trained_model,0.2466666666666666,0.1022447789621717,0.3650137517233016,0.3602410293967196,0.0688569886627093,0.0047412848876964,19.758050219294155,0.0104539948250233,0.5291005291005291,3.3005750151020385,0.0018089643996065,0.3941061714670089,0.4477223177100308,bcg_y,,,4.692000000000007
OXFORD_mv000561,451609,451609,218.476,219.234,0.7580000000000098,OXFORD,OXFORD_451609_BCG_3AXIS_seg0001_c0005,BCG_3AXIS,True,trained_model,0.0133333333333333,0.0243629238349071,0.0479681049288442,0.0446605523349862,0.0113861076431844,0.0001296434472621,0.2255497819584848,0.0005935520577854,2.631578947368421,6.920432625173857,2.464863203521672e-05,0.4229280399060663,0.4259973307742352,bcg_x,,,54.00200000000001
OXFORD_mv000562,451609,451609,219.798,221.21,1.412000000000006,OXFORD,OXFORD_451609_BCG_3AXIS_seg0001_c0006,BCG_3AXIS,True,trained_model,0.1866666666666666,0.0502085399010755,0.1208103156569509,0.1171925320391834,0.0259557980565594,0.0006737034527528,1.782274517651511,0.0025208974789978,1.41643059490085,5.096032865605428,0.0003563797079119,0.3970668802217571,0.5704190153915851,bcg_y,,,0.563999999999993
OXFORD_mv000563,451609,451609,230.154,230.832,0.6779999999999973,OXFORD,OXFORD_451609_BCG_3AXIS_seg0001_c0007,BCG_3AXIS,True,trained_model,0.0,0.0251034900244832,0.0464654628554881,0.0434881417802886,0.0095196627698917,9.062397925246356e-05,0.2142629718791724,0.0006301852114093,5.88235294117647,8.398523953353832,1.8654251262541868e-05,0.40708658200371,0.5139524448238882,bcg_y,,,8.943999999999988
OXFORD_mv000564,451609,451609,234.258,235.372,1.1140000000000043,OXFORD,OXFORD_451609_BCG_3AXIS_seg0001_c0008,BCG_3AXIS,True,trained_model,0.15,0.0358075299509048,0.0605347540452659,0.0548624715185191,0.0139050929565927,0.0001933516101314,0.7154559942612024,0.0012821792011849,5.376344086021505,5.040693409996798,0.000108869017132,0.3317001357888887,0.5923092356408242,bcg_x,,,3.426000000000016
OXFORD_mv000565,451609,451609,245.41,245.924,0.51400000000001,OXFORD,OXFORD_451609_BCG_3AXIS_seg0001_c0009,BCG_3AXIS,True,trained_model,0.0,0.0355265298606702,0.0625776207886569,0.0604920487654138,0.0133915261551023,0.0001793329727627,0.325630655576803,0.001262134323941,3.875968992248062,11.622110780016447,3.306229509658679e-05,0.4610484691788633,0.6351677568689008,bcg_y,,,10.037999999999982
OXFORD_mv000566,451609,451609,255.41,258.672,3.262000000000029,OXFORD,OXFORD_451609_BCG_3AXIS_seg0001_c0010,BCG_3AXIS,True,trained_model,0.1933333333333333,0.057605071013724,0.1499775918699995,0.1450589122308211,0.0323401086375603,0.0010458826266892,5.415537745001778,0.0033183442064961,0.6127450980392156,4.014854517032763,0.0008967557294459,0.4686580652444311,0.4026939768819699,bcg_y,,,9.48599999999999
OXFORD_mv000567,451609,451609,280.466,281.142,0.6759999999999877,OXFORD,OXFORD_451609_BCG_3AXIS_seg0001_c0011,BCG_3AXIS,True,trained_model,0.0,0.0291784890937516,0.0511202196492448,0.044673558297963,0.0092614423374896,8.577431417064526e-05,0.2886192525442284,0.0008513842257941,5.9171597633136095,6.732151462299836,2.5582118313782687e-05,0.3340575718794966,0.5728189500801779,bcg_x,,,21.793999999999983
OXFORD_mv000568,451609,451609,343.776,345.194,1.4180000000000064,OXFORD,OXFORD_451609_BCG_3AXIS_seg0001_c0012,BCG_3AXIS,True,trained_model,0.1166666666666666,0.1297371401255319,0.3142050617626034,0.3021642516618019,0.0719015430776875,0.0051698318969525,11.950525124845864,0.0168317255279519,1.4084507042253522,6.123163617220818,0.003885503903127,0.4020126001342453,0.7243269721304938,bcg_y,,,62.634000000000015
OXFORD_mv000569,451609,451609,415.048,415.986,0.9379999999999882,OXFORD,OXFORD_451609_BCG_3AXIS_seg0001_c0013,BCG_3AXIS,True,trained_model,0.0933333333333333,0.0414411208907825,0.0772581226033037,0.0715532345688769,0.0166856185205819,0.0002784098654143,0.807162255321692,0.0017173665006844,4.25531914893617,5.4506691051550655,0.0001257115016995,0.3323339592123632,0.5502095772703374,bcg_x,,,69.85399999999998
OXFORD_mv000570,451609,451609,416.702,417.826,1.1240000000000236,OXFORD,OXFORD_451609_BCG_3AXIS_seg0001_c0014,BCG_3AXIS,True,trained_model,0.0066666666666666,0.0281510819501742,0.0597987915385668,0.0575544489303619,0.0122538860715929,0.0001501577238555,0.4461681626255354,0.0007924834149654,10.676156583629892,9.274242044144392,7.012904075800138e-05,0.4841957077859128,0.6056451599953595,bcg_x,,,0.7160000000000082
OXFORD_mv000571,451609,451609,422.972,423.582,0.6100000000000136,OXFORD,OXFORD_451609_BCG_3AXIS_seg0001_c0015,BCG_3AXIS,True,trained_model,0.0033333333333333,0.0253565349271635,0.0544191970600827,0.0501400455390405,0.0113626943842005,0.0001291108236687,0.1967438822348143,0.0006429538635124,6.5359477124183005,6.943832916568892,5.416647584036537e-05,0.3107644303987047,0.3989851446975834,bcg_x,,,5.145999999999958
OXFORD_mv000572,451609,451609,426.156,426.882,0.7259999999999991,OXFORD,OXFORD_451609_BCG_3AXIS_seg0001_c0016,BCG_3AXIS,True,trained_model,0.0,0.0251784422387699,0.0482753207079282,0.0460112392395124,0.0121322426109357,0.0001471913107706,0.2307592390998715,0.000633953953571,8.241758241758241,7.2691689649897056,3.538456910499119e-05,0.4279040925951793,0.3863946378456404,bcg_y,,,2.5740000000000123
OXFORD_mv000573,451609,451609,427.508,428.176,0.6680000000000064,OXFORD,OXFORD_451609_BCG_3AXIS_seg0001_c0017,BCG_3AXIS,True,trained_model,0.01,0.021199966682659,0.0507954457972228,0.0479611190685164,0.0120641979320284,0.0001455448717431,0.1505619267608602,0.0004494385873458,2.994011976047904,8.34319348621065,1.907583693665504e-05,0.4203251211283439,0.4034823866268973,bcg_x,,,0.6259999999999764
OXFORD_mv000574,451609,451609,473.66,475.004,1.343999999999994,OXFORD,OXFORD_451609_BCG_3AXIS_seg0001_c0018,BCG_3AXIS,True,trained_model,0.0033333333333333,0.0384797929500897,0.1020238900930549,0.0974142048749164,0.0197899396719633,0.0003916417122199,0.9965073752692368,0.0014806944654817,8.928571428571427,7.168895618918165,0.0002374599422105,0.44075488077203,0.6242587136871575,bcg_y,,,45.48400000000004
OXFORD_mv000575,451609,451609,508.004,508.614,0.6099999999999568,OXFORD,OXFORD_451609_BCG_3AXIS_seg0001_c0019,BCG_3AXIS,True,trained_model,0.0,0.0329781774817733,0.0575491907490464,0.0502648517044885,0.0136242258093079,0.000185619528903,0.3327934181459183,0.0010875601900193,3.2679738562091503,8.913925409133386,1.6286443669988318e-05,0.450914462589086,0.5889290432115402,bcg_y,,,33.0
OXFORD_mv000576,451609,451609,509.128,509.894,0.7660000000000196,OXFORD,OXFORD_451609_BCG_3AXIS_seg0001_c0020,BCG_3AXIS,True,trained_model,0.0066666666666666,0.033008255547217,0.0625316420959867,0.0569381492013134,0.0134123602241332,0.0001798914067819,0.4183852547598271,0.0010895449342703,5.208333333333333,7.01337860102406,5.6274981128257424e-05,0.3748040542361864,0.6044698928318956,bcg_x,,,0.51400000000001
OXFORD_mv000577,451609,451609,517.842,518.482,0.6399999999999864,OXFORD,OXFORD_451609_BCG_3AXIS_seg0001_c0021,BCG_3AXIS,True,trained_model,0.0,0.0262032728289228,0.0499469708710571,0.0438784512175856,0.011653837883659,0.0001358119374186,0.2204022937299762,0.0006866115069469,9.375,8.494570877190236,3.187801724363269e-05,0.3923996358732673,0.3654772642739148,bcg_y,,,7.947999999999979
OXFORD_mv000578,451609,451609,522.966,523.774,0.8079999999999927,OXFORD,OXFORD_451609_BCG_3AXIS_seg0001_c0022,BCG_3AXIS,True,trained_model,0.0,0.0314942320935484,0.060844683737792,0.0551420057697027,0.0110312156391832,0.0001216877184781,0.4017140953407312,0.0009918866551622,4.950495049504951,7.15599545071626,3.290461528634763e-05,0.361030251267363,0.5506635500958843,bcg_x,,,4.484000000000037
OXFORD_mv000579,451609,451609,527.728,529.036,1.3079999999999927,OXFORD,OXFORD_451609_BCG_3AXIS_seg0001_c0023,BCG_3AXIS,True,trained_model,0.0766666666666666,0.0272681841163652,0.0550731859676088,0.0544207758501376,0.0113343365541384,0.0001284671851224,0.4870277815776163,0.0007435538650039,1.529051987767584,8.622413874150055,6.284171024363011e-05,0.5107760423222322,0.4110736607740419,bcg_y,,,3.953999999999951
OXFORD_mv000580,451609,451609,586.102,586.67,0.5679999999999836,OXFORD,OXFORD_451609_BCG_3AXIS_seg0001_c0024,BCG_3AXIS,True,trained_model,0.0,0.0308512052200568,0.0514590371216581,0.0470101140014925,0.0131186469509172,0.0001720988978228,0.2712621061060684,0.00095179686353,7.04225352112676,7.736357503675168,3.970713359461168e-05,0.3576128244919517,0.5941273058044859,bcg_x,,,57.06600000000003
OXFORD_mv000581,451609,451609,587.2,588.786,1.585999999999899,OXFORD,OXFORD_451609_BCG_3AXIS_seg0001_c0025,BCG_3AXIS,True,trained_model,0.0066666666666666,0.0447503218004589,0.1316672155225669,0.1297436770654846,0.0260825017292806,0.0006802968964579,1.59005749318824,0.0020025913012446,3.778337531486146,6.699078423658574,0.0006365649341919,0.4604986990933354,0.6130221321185858,bcg_x,,,0.5300000000000864
OXFORD_mv000582,451609,451609,589.324,590.214,0.8900000000001,OXFORD,OXFORD_451609_BCG_3AXIS_seg0001_c0026,BCG_3AXIS,True,trained_model,0.0066666666666666,0.0449141452339145,0.105910623607828,0.0995096536159255,0.0203393675630526,0.0004136898728649,0.8997070771735522,0.0020172804420931,6.726457399103138,6.734981169101285,9.00345827741401e-05,0.3756171238047919,0.5179813473083079,bcg_y,,,0.5380000000000109
OXFORD_mv000583,451609,451609,622.562,623.214,0.6520000000000437,OXFORD,OXFORD_451609_BCG_3AXIS_seg0001_c0027,BCG_3AXIS,True,trained_model,0.0066666666666666,0.0227855161983964,0.0460790890038006,0.0449787648597675,0.0112558555682042,0.0001266942845722,0.1697717777357554,0.0005191797484273,3.067484662576687,8.015431019382698,3.0479575860033084e-05,0.4474417228033472,0.5024738914508927,bcg_z,,,32.347999999999956
OXFORD_mv000584,451609,451609,629.25,635.016,5.765999999999963,OXFORD,OXFORD_451609_BCG_3AXIS_seg0001_c0028,BCG_3AXIS,True,trained_model,0.0866666666666666,0.0428084892036239,0.1202441739002439,0.1159624159434108,0.0193894681510232,0.0003759514751795,5.285122500934326,0.0018325667478967,0.6934812760055479,6.028479138614335,0.0006501198342664,0.5577096434461132,0.4522325962303632,bcg_x,,,6.0359999999999445
OXFORD_mv000585,451609,451609,639.634,641.752,2.117999999999938,OXFORD,OXFORD_451609_BCG_3AXIS_seg0001_c0029,BCG_3AXIS,True,trained_model,0.1866666666666666,0.0511394865107512,0.1386477112633249,0.1357570737560249,0.0271352930636396,0.0007363241296496,2.7721619054183075,0.0026152470805833,0.9433962264150942,5.099663840822863,0.0003880911144068,0.4651516419765866,0.5542487763430742,bcg_y,,,4.618000000000052
OXFORD_mv000586,451609,451609,644.3,646.502,2.201999999999998,OXFORD,OXFORD_451609_BCG_3AXIS_seg0001_c0030,BCG_3AXIS,True,trained_model,0.0666666666666666,0.0296932506329635,0.0674088303341956,0.0650589565198542,0.0122369578990143,0.0001497431386222,0.9716214247334954,0.0008816891331519,1.8148820326678765,7.147554937643267,9.989619116227991e-05,0.5189314408575629,0.5404906818725806,bcg_y,,,2.548000000000002
OXFORD_mv000587,451609,451609,686.002,686.416,0.4140000000001009,OXFORD,OXFORD_451609_BCG_3AXIS_seg0001_c0031,BCG_3AXIS,True,trained_model,0.0,0.0291024999879373,0.0561562646224361,0.0515176397235448,0.0130203960703265,0.0001695307138281,0.1761667451539615,0.0008469555055478,4.807692307692308,8.083782630212689,1.922897548035435e-05,0.3847395925156127,0.5243234278660751,bcg_z,,,39.5
OXFORD_mv000588,451609,451609,690.088,690.466,0.3780000000000427,OXFORD,OXFORD_451609_BCG_3AXIS_seg0001_c0032,BCG_3AXIS,True,trained_model,0.0,0.022517612474323,0.0424386357260262,0.0411693020075596,0.0129497683103753,0.0001676964992924,0.0963381455933199,0.0005070428715437,5.2631578947368425,7.889438503334311,5.446266193426304e-06,0.339952756403616,0.5539928398075555,bcg_z,,,3.671999999999912
OXFORD_mv000589,451609,451609,702.112,702.868,0.7560000000000855,OXFORD,OXFORD_451609_BCG_3AXIS_seg0001_c0033,BCG_3AXIS,True,trained_model,0.0233333333333333,0.0320147330102508,0.0672959889855315,0.0666266135123474,0.0157132402568194,0.0002469059193685,0.3884534461629885,0.0010249431297176,2.6455026455026456,5.938970209526568,8.109541777730239e-05,0.4007111980011787,0.6449632715323121,bcg_x,,,11.645999999999958
OXFORD_mv000590,451609,451609,703.42,704.784,1.3640000000000327,OXFORD,OXFORD_451609_BCG_3AXIS_seg0001_c0034,BCG_3AXIS,True,trained_model,0.07,0.0341046536822543,0.0751466712335332,0.0733540868665297,0.0172120711187118,0.0002962553921955,0.7944160161031812,0.0011631274027865,1.4662756598240467,6.77395271411516,0.0001492238149378,0.4391334020239428,0.4784085297018478,bcg_y,,,0.5519999999999072
OXFORD_mv000591,451609,451609,707.326,707.976,0.6499999999999773,OXFORD,OXFORD_451609_BCG_3AXIS_seg0001_c0035,BCG_3AXIS,True,trained_model,0.0,0.0225380610279818,0.0420233938543879,0.0408358928227094,0.0101349112686266,0.0001027164264229,0.1655963275377369,0.000507964194901,9.202453987730062,7.998050493118983,3.507252011983426e-05,0.372129514345276,0.5465481560968806,bcg_y,,,2.54200000000003
OXFORD_mv000592,451609,451609,713.042,713.802,0.7599999999999909,OXFORD,OXFORD_451609_BCG_3AXIS_seg0001_c0036,BCG_3AXIS,True,trained_model,0.02,0.025712336706736,0.0494287366273174,0.0466798918894377,0.0104440539160571,0.0001090782622015,0.2518883426487361,0.0006611242589205,2.631578947368421,9.086680655311817,2.155933106087096e-05,0.4720699407348188,0.4388558153193652,bcg_y,,,5.066000000000031
OXFORD_mv000593,451609,451609,717.804,720.326,2.522000000000048,OXFORD,OXFORD_451609_BCG_3AXIS_seg0001_c0037,BCG_3AXIS,True,trained_model,0.08,0.0344704463839299,0.0942180554745549,0.0918031271422113,0.0147945217872865,0.0002188778749144,1.499523132471128,0.0011882116739073,0.7923930269413629,5.887963559302729,0.0002571042635198,0.4862368429396936,0.5896574626160577,bcg_y,,,4.001999999999953
OXFORD_mv000594,451609,451609,722.48,723.87,1.3899999999999864,OXFORD,OXFORD_451609_BCG_3AXIS_seg0001_c0038,BCG_3AXIS,True,trained_model,0.0766666666666666,0.0317260887612455,0.087196807282103,0.0850763645921026,0.0181843042074333,0.0003306689195084,0.7005551168281559,0.0010065447080864,1.4367816091954022,5.625589930322086,0.0001676931858775,0.4262301438719272,0.5306454764501899,bcg_y,,,2.1539999999999964
OXFORD_mv000595,451609,451609,780.054,780.84,0.7860000000000582,OXFORD,OXFORD_451609_BCG_3AXIS_seg0001_c0039,BCG_3AXIS,True,trained_model,0.0233333333333333,0.0272196717323825,0.0488912648573357,0.0459739584452866,0.0106943718957848,0.0001143695902453,0.2919187485121545,0.0007409105292186,2.538071065989848,9.080086385807888,2.447144615347777e-05,0.4867191806527668,0.4707024816103363,bcg_z,,,56.18399999999997
OXFORD_mv000596,451609,451609,871.312,872.048,0.73599999999999,OXFORD,OXFORD_451609_BCG_3AXIS_seg0001_c0040,BCG_3AXIS,True,trained_model,0.0066666666666666,0.0502857705574615,0.1028584674257706,0.0968206166812492,0.0224212919140068,0.0005027143310931,0.9330750678857774,0.0025286587205576,5.434782608695652,6.239546593545789,0.0001218361129808,0.3919780361107568,0.5213903697246981,bcg_x,,,90.47199999999998
OXFORD_mv000597,451609,451609,872.662,873.882,1.2199999999999136,OXFORD,OXFORD_451609_BCG_3AXIS_seg0001_c0041,BCG_3AXIS,True,trained_model,0.0633333333333333,0.049470473219243,0.1593282974944516,0.1515769101545529,0.0271574393963365,0.0007375265145656,1.4953172372473993,0.0024473277205358,1.639344262295082,5.982209035087103,0.0005463795601938,0.434361791284209,0.5425120457036913,bcg_x,,,0.6140000000000327
OXFORD_mv000598,451625,451625,1.008,2.924,1.916,OXFORD,OXFORD_451625_BCG_3AXIS_seg0001_c0001,BCG_3AXIS,True,trained_model,0.1766666666666666,0.1729023794944824,1.544006701735795,1.5341580628574232,0.1562009526836211,0.0243987376192708,28.669528288625,0.029895232834854,1.04384133611691,9.085531291894853,0.0215167576551148,0.5671171058838465,0.609883325394684,bcg_z,,,
OXFORD_mv000599,451625,451625,4.16,4.548,0.3879999999999999,OXFORD,OXFORD_451625_BCG_3AXIS_seg0001_c0002,BCG_3AXIS,True,trained_model,0.0,0.0392187221023773,0.0713946007417335,0.0660311248247057,0.0152529806871616,0.0002326534198429,0.2999310918519834,0.0015381081633435,5.154639175257731,9.827778168707235,2.719945155151284e-05,0.3886488754153026,0.5203304926150811,bcg_z,,,1.2360000000000002
OXFORD_mv000600,451625,451625,5.99,6.862,0.8719999999999999,OXFORD,OXFORD_451625_BCG_3AXIS_seg0001_c0003,BCG_3AXIS,True,trained_model,0.0033333333333333,0.0362896313353173,0.0839421388417953,0.0834365412492683,0.0146893263380277,0.000215776308265,0.5755016186520681,0.0013169373424532,9.174311926605505,7.978006350229942,6.771618501740679e-05,0.4124835092855566,0.5256388072288116,bcg_z,,,1.4420000000000002
OXFORD_mv000601,451625,451625,23.75,24.2,0.4499999999999993,OXFORD,OXFORD_451625_BCG_3AXIS_seg0001_c0004,BCG_3AXIS,True,trained_model,0.13,0.019683746403717,0.0519299859390305,0.0494053699928611,0.0116434224517255,0.0001355692863893,0.0875636711818009,0.0003874498724858,4.424778761061947,5.276057903077823,8.219560042614018e-06,0.3306228306617544,0.5425570787398536,bcg_z,,,16.887999999999998
OXFORD_mv000602,451625,451625,24.816,25.356,0.5400000000000027,OXFORD,OXFORD_451625_BCG_3AXIS_seg0001_c0005,BCG_3AXIS,True,trained_model,0.0033333333333333,0.0195218295407494,0.0413595978498085,0.0378530754759126,0.008221988626788,6.760109697903185e-05,0.1032785955554988,0.000381101828618,3.7037037037037033,14.442536236398658,3.67389945136824e-06,0.5194557728934506,0.3929304494265621,bcg_y,,,0.6159999999999997
OXFORD_mv000603,451625,451625,59.578,60.394,0.8159999999999954,OXFORD,OXFORD_451625_BCG_3AXIS_seg0001_c0006,BCG_3AXIS,True,trained_model,0.0,0.0223631041321755,0.0454647763136368,0.0418063417330971,0.0104189541054749,0.0001085546046519,0.2045443464084488,0.0005001084264265,4.901960784313725,7.259360906015128,2.778655420211432e-05,0.4151404376999144,0.5454053718135715,bcg_y,,,34.222
OXFORD_mv000604,451625,451625,69.074,69.56,0.4860000000000042,OXFORD,OXFORD_451625_BCG_3AXIS_seg0001_c0007,BCG_3AXIS,True,trained_model,0.0033333333333333,0.0205993614816766,0.0401124580934127,0.0386881064451888,0.0092093918306017,8.481289788955446e-05,0.1035374212024789,0.0004243336934527,8.19672131147541,9.031305377945626,6.742374194845432e-06,0.3799697546774758,0.5565757558111426,bcg_y,,,8.68
OXFORD_mv000605,451625,451625,75.898,76.408,0.5100000000000051,OXFORD,OXFORD_451625_BCG_3AXIS_seg0001_c0008,BCG_3AXIS,True,trained_model,0.0033333333333333,0.0205483855862922,0.0387735262338789,0.0347521058247465,0.008572139897574,7.348158242358071e-05,0.1080924544519536,0.0004222361502029,11.71875,11.582458423515217,9.059310511510736e-06,0.3951651167393178,0.5260029965104017,bcg_y,,,6.337999999999994
OXFORD_mv000606,451625,451625,186.528,186.86,0.332000000000022,OXFORD,OXFORD_451625_BCG_3AXIS_seg0001_c0009,BCG_3AXIS,True,trained_model,0.0,0.0465728094890782,0.0755536058675081,0.0681317936756103,0.0188573410816793,0.0003555993126707,0.3622274394788984,0.0021690265837059,6.024096385542168,6.80518144070142,5.183902575160597e-05,0.3257639710389071,0.4930751858566209,bcg_y,,,110.11999999999999
OXFORD_mv000607,451625,451625,192.02,192.394,0.3739999999999952,OXFORD,OXFORD_451625_BCG_3AXIS_seg0001_c0010,BCG_3AXIS,True,trained_model,0.0033333333333333,0.0202003092432637,0.0400577686351248,0.0343321980357455,0.0087239443875322,7.610720567675533e-05,0.0767138687824151,0.0004080524935234,5.319148936170213,6.370294984829991,4.953343157334005e-06,0.3289093806697545,0.514588275294109,bcg_y,,,5.159999999999997
OXFORD_mv000608,451625,451625,210.64,211.462,0.8220000000000027,OXFORD,OXFORD_451625_BCG_3AXIS_seg0001_c0011,BCG_3AXIS,True,trained_model,0.0033333333333333,0.0207643397886621,0.0373035104419158,0.0320143169681297,0.008216138763606,6.750493618283035e-05,0.177637016425915,0.000431157806859,7.281553398058252,7.605463254954233,1.886400046193317e-05,0.4305062318602393,0.4880756101905433,bcg_y,,,18.24599999999998
OXFORD_mv000609,451625,451625,253.126,253.496,0.3700000000000045,OXFORD,OXFORD_451625_BCG_3AXIS_seg0001_c0012,BCG_3AXIS,True,trained_model,0.0033333333333333,0.025024902378245,0.0389350352462228,0.0350094702796916,0.0099763677230494,9.952791294550377e-05,0.1164817074615695,0.0006262457390406,5.376344086021505,8.46304750734851,7.250738582119412e-06,0.3245698831617054,0.558561691561431,bcg_y,,,41.664000000000016
OXFORD_mv000610,451625,451625,264.408,265.02,0.6119999999999663,OXFORD,OXFORD_451625_BCG_3AXIS_seg0001_c0013,BCG_3AXIS,True,trained_model,0.0033333333333333,0.0250273144003653,0.0385079994321243,0.0355274362554823,0.0096906787393293,9.390925442888903e-05,0.1922945050910839,0.0006263664660947,6.5359477124183005,7.7628511224520675,2.533426104983384e-05,0.3729446692420097,0.4525431848877647,bcg_x,,,10.912000000000006
OXFORD_mv000611,451625,451625,270.35,270.714,0.3639999999999759,OXFORD,OXFORD_451625_BCG_3AXIS_seg0001_c0014,BCG_3AXIS,True,trained_model,0.0033333333333333,0.0192902408609693,0.036666705555647,0.0329282613624804,0.0086459924551636,7.475318553474609e-05,0.0680967508227809,0.0003721133924742,5.494505494505495,10.451533591821669,5.15366091098678e-06,0.4399094932578145,0.4606498979010314,bcg_z,,,5.330000000000041
OXFORD_mv000612,451625,451625,276.568,276.99,0.4220000000000254,OXFORD,OXFORD_451625_BCG_3AXIS_seg0001_c0015,BCG_3AXIS,True,trained_model,0.0,0.0215538995362281,0.0445287201713423,0.0436652001844765,0.0112388370168069,0.0001263114574903,0.0984889640661773,0.0004645705852178,4.716981132075472,8.940335591243821,1.044381193830373e-05,0.3668813624135678,0.5667121011032631,bcg_z,,,5.853999999999985
OXFORD_mv000613,451625,451625,293.174,294.042,0.867999999999995,OXFORD,OXFORD_451625_BCG_3AXIS_seg0001_c0016,BCG_3AXIS,True,trained_model,0.1433333333333333,0.033697042955592,0.0665739076949023,0.0629755162107926,0.0144718063210052,0.0002094331781926,0.4939384562186931,0.001135490703951,4.6082949308755765,5.274399670662472,8.64325769980634e-05,0.3135667205872806,0.479902064662918,bcg_y,,,16.18399999999997
OXFORD_mv000614,451625,451625,298.076,298.62,0.5439999999999827,OXFORD,OXFORD_451625_BCG_3AXIS_seg0001_c0017,BCG_3AXIS,True,trained_model,0.0066666666666666,0.0170759749194705,0.0397857995397095,0.0384411398870699,0.009070844093833,8.228021257462569e-05,0.0796037750099555,0.0002915889194503,3.676470588235294,7.918121953383931,6.122583555536934e-06,0.4281756488018292,0.436328946876217,bcg_y,,,4.034000000000049
OXFORD_mv000615,451625,451625,304.28,304.794,0.51400000000001,OXFORD,OXFORD_451625_BCG_3AXIS_seg0001_c0018,BCG_3AXIS,True,trained_model,0.0033333333333333,0.0206189669315191,0.0394726175258792,0.0373716092743531,0.009776105251038,9.557223387937424e-05,0.1096865837093545,0.000425141797323,3.875968992248062,7.459465092753116,7.93731280787838e-06,0.3419046677105621,0.4374363595927136,bcg_y,,,5.659999999999968
OXFORD_mv000616,451625,451625,305.572,305.9,0.3279999999999745,OXFORD,OXFORD_451625_BCG_3AXIS_seg0001_c0019,BCG_3AXIS,True,trained_model,0.0,0.0318508164807011,0.0454903094256064,0.0346037163816828,0.0094685700741945,8.965381924993168e-05,0.167388294230405,0.0010144745104873,6.097560975609756,9.31430024031401,1.649352023992569e-05,0.3323456112155467,0.6352784126223561,bcg_y,,,0.77800000000002
OXFORD_mv000617,451625,451625,308.26,309.914,1.6539999999999964,OXFORD,OXFORD_451625_BCG_3AXIS_seg0001_c0020,BCG_3AXIS,True,trained_model,0.1866666666666666,0.0494337059297612,0.1692637915267932,0.1667860516319076,0.0299799620912335,0.0008987981269918,2.0233763814546903,0.0024436912819501,1.2077294685990336,5.120779054797497,0.000671269077657,0.4335406651151618,0.3403976494869752,bcg_y,,,2.3600000000000136
OXFORD_mv000618,451625,451625,314.184,315.008,0.8239999999999554,OXFORD,OXFORD_451625_BCG_3AXIS_seg0001_c0021,BCG_3AXIS,True,trained_model,0.0066666666666666,0.0305486401386179,0.0672121638221117,0.0621922874414726,0.0124960406406382,0.0001561510316924,0.3854196181136559,0.0009332194143187,4.854368932038835,7.394992237646481,5.953632818020264e-05,0.4275651291929211,0.4993669694700167,bcg_y,,,4.270000000000039
OXFORD_mv000619,451625,451625,344.618,344.99,0.3720000000000141,OXFORD,OXFORD_451625_BCG_3AXIS_seg0001_c0022,BCG_3AXIS,True,trained_model,0.0033333333333333,0.0192028426284424,0.0385198146295692,0.0374100590420247,0.0094822747523889,8.991353447979334e-05,0.0689560938573797,0.0003687491650127,5.376344086021505,8.03614683458237,4.246898839888188e-06,0.3890956166843446,0.5093944246897242,bcg_y,,,29.610000000000014
OXFORD_mv000620,451625,451625,352.758,353.506,0.7479999999999905,OXFORD,OXFORD_451625_BCG_3AXIS_seg0001_c0023,BCG_3AXIS,True,trained_model,0.0,0.0208493131160949,0.0413903348166481,0.0400410743540044,0.0100749394165021,0.0001015044042461,0.1630101965298627,0.0004346938574129,10.6951871657754,8.360384352872172,2.100307337007547e-05,0.4355421238105501,0.3960511054493771,bcg_y,,,7.767999999999972
OXFORD_mv000621,451625,451625,354.016,354.808,0.7919999999999732,OXFORD,OXFORD_451625_BCG_3AXIS_seg0001_c0024,BCG_3AXIS,True,trained_model,0.0033333333333333,0.0327345929262526,0.0808602703639572,0.074704367889174,0.0180435857172075,0.0003255709855342,0.4254067688968446,0.0010715535740474,10.1010101010101,7.830064683767175,5.448693300204556e-05,0.384786414028029,0.4470553722723879,bcg_z,,,0.5100000000000477
OXFORD_mv000622,451625,451625,406.118,406.474,0.3559999999999945,OXFORD,OXFORD_451625_BCG_3AXIS_seg0001_c0025,BCG_3AXIS,True,trained_model,0.0033333333333333,0.0207153839394723,0.0374233129953948,0.0299966456140559,0.0081044552515378,6.568219492417982e-05,0.076813756584995,0.0004291271317597,5.617977528089888,10.515913940717594,3.666555182907372e-06,0.399308578635212,0.4044890970113521,bcg_z,,,51.31
OXFORD_mv000623,451625,451625,408.268,412.532,4.26400000000001,OXFORD,OXFORD_451625_BCG_3AXIS_seg0001_c0026,BCG_3AXIS,True,trained_model,0.1033333333333333,0.0649968789219539,0.2444255890603721,0.2428527223380363,0.0401614261142369,0.0016129401475293,9.011059577046446,0.0042245942695951,0.4690431519699812,7.519896209503256,0.0021908867157502,0.5553722594536129,0.6849434056184718,bcg_z,,,1.7939999999999827
OXFORD_mv000624,451625,451625,414.038,414.58,0.5419999999999732,OXFORD,OXFORD_451625_BCG_3AXIS_seg0001_c0027,BCG_3AXIS,True,trained_model,0.0,0.0336637828970797,0.0489187172474296,0.0376365737562758,0.0107530462305582,0.0001156280032365,0.3082440758721469,0.0011332502789417,3.676470588235294,6.598720297416884,2.8720700609718636e-05,0.3875029824586178,0.5743610506019707,bcg_x,,,1.5060000000000286
OXFORD_mv000625,451625,451625,415.322,416.122,0.8000000000000114,OXFORD,OXFORD_451625_BCG_3AXIS_seg0001_c0028,BCG_3AXIS,True,trained_model,0.0133333333333333,0.0584164449505465,0.1382576936448674,0.1246852199737917,0.0241239584292578,0.0005819653702965,1.368404897304756,0.0034124810406602,5.0,13.247911346573911,0.0001630778115011,0.5536141631145467,0.6336163445359133,bcg_z,,,0.7420000000000186
OXFORD_mv000626,451625,451625,420.282,420.684,0.4020000000000436,OXFORD,OXFORD_451625_BCG_3AXIS_seg0001_c0029,BCG_3AXIS,True,trained_model,0.1333333333333333,0.0197205474304968,0.0358221142422823,0.0274037407637532,0.0068164433092491,4.6463899388207605e-05,0.0785577981736123,0.0003888999909584,14.85148514851485,11.888099662101874,3.538295104127771e-06,0.4363335022402723,0.6624636161425043,bcg_y,,,4.159999999999968
OXFORD_mv000627,451625,451625,430.002,430.396,0.3940000000000054,OXFORD,OXFORD_451625_BCG_3AXIS_seg0001_c0030,BCG_3AXIS,True,trained_model,0.0033333333333333,0.0180870159568221,0.0390030863882815,0.0312281684731103,0.0085689811728894,7.342743834133461e-05,0.064773748952023,0.0003271401462223,5.05050505050505,6.336254693362025,1.9851146770318968e-06,0.3420704682444023,0.4858942510400758,bcg_y,,,9.317999999999984
OXFORD_mv000628,451625,451625,471.858,472.672,0.8140000000000214,OXFORD,OXFORD_451625_BCG_3AXIS_seg0001_c0031,BCG_3AXIS,True,trained_model,0.0033333333333333,0.0240956966350888,0.0427814470993164,0.0394470321091848,0.0105992292033431,0.000112343659705,0.2368858593027348,0.0005806025963302,4.901960784313725,10.70812188466931,3.369535478914226e-05,0.4881997394563932,0.3707854589617753,bcg_z,,,41.46199999999999
OXFORD_mv000629,451625,451625,473.71,474.174,0.4639999999999986,OXFORD,OXFORD_451625_BCG_3AXIS_seg0001_c0032,BCG_3AXIS,True,trained_model,0.0,0.0267248750002209,0.0465573896283331,0.0433628371237051,0.0103767133876237,0.0001076761807288,0.166413013900142,0.0007142189437774,4.310344827586206,6.165251867381085,2.1490092888575523e-05,0.3449473521645862,0.4940935916489002,bcg_y,,,1.037999999999954
OXFORD_mv000630,451625,451625,476.444,477.246,0.8019999999999641,OXFORD,OXFORD_451625_BCG_3AXIS_seg0001_c0033,BCG_3AXIS,True,trained_model,0.0,0.0217905378248519,0.042459824299094,0.0417592554277435,0.0107104302975974,0.0001147133171596,0.1908806705559136,0.0004748275386963,4.975124378109452,6.290288231189283,2.9000892412218504e-05,0.4070853642134222,0.6433040466151378,bcg_y,,,2.2700000000000387
OXFORD_mv000631,451625,451625,495.056,495.482,0.4260000000000445,OXFORD,OXFORD_451625_BCG_3AXIS_seg0001_c0034,BCG_3AXIS,True,trained_model,0.0,0.0284771073492137,0.0577333208228073,0.0558639227282251,0.0144971209652122,0.0002101665162799,0.1735423675974301,0.0008109456429786,4.672897196261682,6.572321022741465,3.289974526272921e-05,0.3424103149067284,0.5969458642291077,bcg_y,,,17.810000000000002
OXFORD_mv000632,451625,451625,496.192,496.958,0.7660000000000196,OXFORD,OXFORD_451625_BCG_3AXIS_seg0001_c0035,BCG_3AXIS,True,trained_model,0.0133333333333333,0.0237774142860985,0.0451179145544626,0.041274157408479,0.0102138239637902,0.0001043221999632,0.2171003251709805,0.0005653654301327,2.6041666666666665,6.059316425004761,2.0727473417760265e-05,0.4228107377137362,0.6091505903811624,bcg_y,,,0.7099999999999795
OXFORD_mv000633,451625,451625,498.358,498.672,0.3140000000000214,OXFORD,OXFORD_451625_BCG_3AXIS_seg0001_c0036,BCG_3AXIS,True,trained_model,0.0,0.0287210674969989,0.0447109633235657,0.0386588016376742,0.0102591141742303,0.0001052494236398,0.130334155470413,0.0008248997181671,12.658227848101266,11.37182577893855,1.0106359586838698e-05,0.3109097000017871,0.4652923941135188,bcg_y,,,1.3999999999999773
OXFORD_mv000634,451625,451625,500.018,500.562,0.5440000000000396,OXFORD,OXFORD_451625_BCG_3AXIS_seg0001_c0037,BCG_3AXIS,True,trained_model,0.0033333333333333,0.0219517167729222,0.0373754940876644,0.0306644446613058,0.0091072323422461,8.294168093565437e-05,0.1315526583130562,0.0004818778692785,3.676470588235294,7.678958769220832,1.0733223548860764e-05,0.3998064117079278,0.5905063896413365,bcg_y,,,1.3459999999999468
OXFORD_mv000635,451625,451625,506.296,507.84,1.5439999999999827,OXFORD,OXFORD_451625_BCG_3AXIS_seg0001_c0038,BCG_3AXIS,True,trained_model,0.01,0.0231542415255716,0.0624014347041027,0.0612141639110505,0.0110317890969401,0.0001217003706793,0.4144199101827437,0.0005361189006245,3.8860103626943,6.112353866355632,0.0001067073087268,0.4548399488050202,0.5334103227161561,bcg_y,,,5.7339999999999804
OXFORD_mv000636,451625,451625,526.212,526.618,0.4060000000000627,OXFORD,OXFORD_451625_BCG_3AXIS_seg0001_c0039,BCG_3AXIS,True,trained_model,0.0066666666666666,0.0166033412987729,0.0372925132773058,0.03599881384449,0.0096196131079232,9.253695634612805e-05,0.0562368722258421,0.0002756709422835,4.901960784313725,6.290742003837802,4.487708819911199e-06,0.3521751589064292,0.4586383677241995,bcg_y,,,18.372000000000014
OXFORD_mv000637,451625,451625,537.554,537.956,0.4020000000000436,OXFORD,OXFORD_451625_BCG_3AXIS_seg0001_c0040,BCG_3AXIS,True,trained_model,0.0033333333333333,0.0222662813065364,0.0392411087025021,0.0319505677055184,0.0090159774925363,8.128785014592215e-05,0.1001490312108068,0.0004957872832218,4.950495049504951,9.413325937658872,1.024585360259634e-05,0.3701406274575792,0.6474667570333515,bcg_y,,,10.935999999999922
OXFORD_mv000638,451625,451625,551.404,552.226,0.8220000000000027,OXFORD,OXFORD_451625_BCG_3AXIS_seg0001_c0041,BCG_3AXIS,True,trained_model,0.0033333333333333,0.0201783062476406,0.0379273233082674,0.0350732806977923,0.0091578385893328,8.386600762827477e-05,0.1677515857257118,0.0004071640430235,4.854368932038835,7.486670246435954,3.009166740368879e-05,0.4133006539402406,0.6319227042980534,bcg_y,,,13.447999999999979
OXFORD_mv000639,451625,451625,602.812,603.852,1.0399999999999636,OXFORD,OXFORD_451625_BCG_3AXIS_seg0001_c0042,BCG_3AXIS,True,trained_model,0.0333333333333333,0.0259849264428612,0.0524109248300308,0.0497600832935552,0.0139165054245452,0.0001936691232313,0.3517877455675138,0.0006752164022409,1.923076923076923,9.167779704013087,5.1249308594236106e-05,0.4801229204028827,0.5532820281225792,bcg_z,,,50.58600000000001
OXFORD_mv000640,451625,451625,628.732,629.386,0.6539999999999964,OXFORD,OXFORD_451625_BCG_3AXIS_seg0001_c0043,BCG_3AXIS,True,trained_model,0.0266666666666666,0.0607636995578013,0.1993940423575976,0.1930815900810647,0.0416205919809459,0.0017322736768443,1.2110505163358454,0.0036922271839507,3.048780487804878,9.672176683139249,0.0004273748540443,0.48146964709503,0.8782495512896924,bcg_z,,,24.879999999999995
OXFORD_mv000641,451625,451625,652.99,653.426,0.4360000000000354,OXFORD,OXFORD_451625_BCG_3AXIS_seg0001_c0044,BCG_3AXIS,True,trained_model,0.01,0.0625661451721061,0.120163587224196,0.0985903889313278,0.0246249846239911,0.0006063898677317,0.8572804322516552,0.003914522521697,4.587155963302752,6.563151953814413,0.0001477821254643,0.2669145415491044,0.5840113734544494,bcg_y,,,23.604000000000042
OXFORD_mv000642,451625,451625,656.992,659.038,2.046000000000049,OXFORD,OXFORD_451625_BCG_3AXIS_seg0001_c0045,BCG_3AXIS,True,trained_model,0.19,0.0324624899210473,0.1017513446177891,0.0967458654394228,0.0172733958964328,0.0002983702057949,1.0791047699190768,0.001053813251874,0.9765625,4.600365457155601,0.0001620864015862,0.4050452574432188,0.3632467469427305,bcg_x,,,3.5659999999999172
OXFORD_mv000643,451625,451625,662.194,662.512,0.3179999999999836,OXFORD,OXFORD_451625_BCG_3AXIS_seg0001_c0046,BCG_3AXIS,True,trained_model,0.0033333333333333,0.0292512464850833,0.0377915607116903,0.0175095117145834,0.0050149947474128,2.515017231657864e-05,0.1369016673489758,0.000855635420931,6.25,8.882615603881149,3.3337927999528807e-06,0.3173906110088094,0.3575914465001766,bcg_x,,,3.155999999999949
OXFORD_mv000644,451625,451625,664.9,665.296,0.3960000000000718,OXFORD,OXFORD_451625_BCG_3AXIS_seg0001_c0047,BCG_3AXIS,True,trained_model,0.0,0.0292337734437439,0.0459593534909905,0.0389468840000685,0.0103500301932891,0.0001071231250019,0.1700680884422691,0.0008546135097601,5.05050505050505,7.665655016109795,1.5833631646928747e-05,0.3576890223860759,0.5196308509335498,bcg_y,,,2.3880000000000337
OXFORD_mv000645,451625,451625,667.11,667.594,0.4840000000000373,OXFORD,OXFORD_451625_BCG_3AXIS_seg0001_c0048,BCG_3AXIS,True,trained_model,0.0,0.0232404462038736,0.0426841432623639,0.0417450997749171,0.0103425338214917,0.0001069680058487,0.1312487565605002,0.0005401183397551,8.264462809917356,8.90184379987964,1.232491267233513e-05,0.4140077092277633,0.3646102962323229,bcg_x,,,1.8139999999999645
OXFORD_mv000646,451625,451625,744.44,744.822,0.3819999999999481,OXFORD,OXFORD_451625_BCG_3AXIS_seg0001_c0049,BCG_3AXIS,True,trained_model,0.0,0.0297095617167435,0.0580406792802862,0.0540557423635643,0.0122358038034468,0.0001497148947164,0.1694703470209903,0.0008826580574009,5.208333333333333,6.78311413698685,7.4171005840918015e-06,0.3189716528712605,0.4403819482095855,bcg_y,,,76.846
OXFORD_mv000647,451625,451625,777.732,778.572,0.8400000000000318,OXFORD,OXFORD_451625_BCG_3AXIS_seg0001_c0050,BCG_3AXIS,True,trained_model,0.0333333333333333,0.0235935309535811,0.0448916419249938,0.0408652534166032,0.0093545451973579,8.750751584941248e-05,0.234351629903047,0.0005566547028575,4.761904761904762,11.69347102472944,2.4032343386275533e-05,0.5250587384585134,0.6570860023421955,bcg_z,,,32.90999999999997
OXFORD_mv000648,451625,451625,827.292,829.588,2.2959999999999354,OXFORD,OXFORD_451625_BCG_3AXIS_seg0001_c0051,BCG_3AXIS,True,trained_model,0.02,0.0306762754904297,0.1191989990646161,0.1141805719714744,0.0158990740270358,0.0002527805549171,1.081247925781485,0.0009410338779647,3.484320557491289,7.101133015839931,0.0002679610391555,0.5281374586735762,0.6315273901131342,bcg_z,,,48.72000000000003
OXFORD_mv000649,451625,451625,867.328,867.628,0.3000000000000682,OXFORD,OXFORD_451625_BCG_3AXIS_seg0001_c0052,BCG_3AXIS,True,trained_model,0.0,0.0397376376338392,0.0679135093880909,0.0545701335653919,0.0130418029915466,0.0001700886252703,0.2384410565524658,0.0015790798447183,6.666666666666667,8.914319191338022,2.6232119653395125e-05,0.277660474846229,0.4090031179086825,bcg_x,,,37.74000000000001
OXFORD_mv000650,451625,451625,881.638,882.486,0.8479999999999563,OXFORD,OXFORD_451625_BCG_3AXIS_seg0001_c0053,BCG_3AXIS,True,trained_model,0.0066666666666666,0.0396383594919173,0.0816057326699601,0.0771669040679309,0.018789019883409,0.0003530272681791,0.6677598058644499,0.0015711995432104,4.716981132075472,10.73038144424995,0.0001127691622886,0.4836619943472624,0.630874770265388,bcg_z,,,14.009999999999991
OXFORD_mv000651,451625,451625,883.162,883.816,0.6539999999999964,OXFORD,OXFORD_451625_BCG_3AXIS_seg0001_c0054,BCG_3AXIS,True,trained_model,0.0,0.0298319107395892,0.0660868990552541,0.0588042087215388,0.0132315146179347,0.0001750729790846,0.2919012706669412,0.0008899428983748,9.146341463414634,12.342054202314433,2.5749842345208444e-05,0.4893817653074001,0.6394595200681412,bcg_z,,,0.6760000000000446
OXFORD_mv000652,451625,451625,884.69,886.688,1.9979999999999336,OXFORD,OXFORD_451625_BCG_3AXIS_seg0001_c0055,BCG_3AXIS,True,trained_model,0.08,0.0289096856001496,0.0744003645415341,0.0709927351346236,0.0143110414520338,0.0002048059074418,0.8357699214994982,0.0008357699214994,1.0,7.933972257155806,0.0001656981162478,0.5391218487730696,0.5713430502931621,bcg_z,,,0.8740000000000236
OXFORD_mv000653,451625,451625,887.962,889.66,1.697999999999979,OXFORD,OXFORD_451625_BCG_3AXIS_seg0001_c0056,BCG_3AXIS,True,trained_model,0.0766666666666666,0.0324053400139791,0.0857786768330692,0.0831227819752047,0.0149191599168268,0.0002225813326238,0.8925901522083587,0.0010501060614215,1.1764705882352942,6.920864951303547,0.0002194414632303,0.5021377719515352,0.4875550415776673,bcg_z,,,1.274000000000001
OXFORD_mv000654,451625,451625,890.216,890.898,0.6820000000000164,OXFORD,OXFORD_451625_BCG_3AXIS_seg0001_c0057,BCG_3AXIS,True,trained_model,0.0,0.043637069748003,0.114837908761014,0.1064939837181035,0.0221947390282659,0.0004926064405328,0.6512342988176908,0.001904193856192,8.771929824561402,10.26228123617976,0.0001210701495187,0.4036313401442298,0.6569810732985712,bcg_z,,,0.55600000000004
OXFORD_mv000655,451743,451743,31.38,32.352,0.9719999999999978,OXFORD,OXFORD_451743_BCG_3AXIS_seg0001_c0001,BCG_3AXIS,True,trained_model,0.0366666666666666,0.0385745205230819,0.0744606094102812,0.0714258627299707,0.0159033495442848,0.0002529165267277,0.7246528995562224,0.0014879936335856,2.05761316872428,7.198149328952772,8.597672113699705e-05,0.4247456769936451,0.3836498592445745,bcg_y,,,
OXFORD_mv000656,451743,451743,39.894,42.51,2.616,OXFORD,OXFORD_451743_BCG_3AXIS_seg0001_c0002,BCG_3AXIS,True,trained_model,0.08,0.0693073241928518,0.183688053837905,0.1760018865755401,0.0344420762862622,0.0011862566189087,6.287788289485942,0.004803505186773,0.764525993883792,6.188255340738395,0.0008975289607194,0.4799732735683773,0.6199018871234768,bcg_x,,,7.542000000000002
OXFORD_mv000657,451743,451743,61.326,62.62,1.293999999999997,OXFORD,OXFORD_451743_BCG_3AXIS_seg0001_c0003,BCG_3AXIS,True,trained_model,0.01,0.0346498824656737,0.0743841036321497,0.0721067438107083,0.0156586144480188,0.0002451922064317,0.7779981019654838,0.001200614354885,3.08641975308642,6.145459353778881,0.0001364475522816,0.4291299591420025,0.4085840995725606,bcg_x,,,18.816000000000003
OXFORD_mv000658,451743,451743,79.63,80.526,0.8960000000000008,OXFORD,OXFORD_451743_BCG_3AXIS_seg0001_c0004,BCG_3AXIS,True,trained_model,0.04,0.0454506426867753,0.0946414720006177,0.079224321647236,0.0183428053945349,0.0003364585097417,0.9275266533677774,0.0020657609206409,2.232142857142857,11.672232452921325,7.490662637802385e-05,0.5224331573481991,0.593636472241252,bcg_x,,,17.009999999999998
OXFORD_mv000659,451743,451743,95.194,97.252,2.0579999999999927,OXFORD,OXFORD_451743_BCG_3AXIS_seg0001_c0005,BCG_3AXIS,True,trained_model,0.0066666666666666,0.0356773527331042,0.0641514527872504,0.0608193082985873,0.0150102759491508,0.0002253083840696,1.3110597029836115,0.0012728734980423,3.883495145631068,6.734444096169958,0.0001967611391441,0.4551802567473387,0.4601120730392741,bcg_x,,,14.668000000000006
OXFORD_mv000660,451743,451743,102.9,103.208,0.3079999999999927,OXFORD,OXFORD_451743_BCG_3AXIS_seg0001_c0006,BCG_3AXIS,True,trained_model,0.0,0.0306476480456915,0.0574836563204051,0.0513634620645374,0.0125258393012471,0.0001568966502006,0.1455881412635504,0.0009392783307325,6.493506493506493,13.912972570754688,9.462913520592132e-06,0.4227680502795027,0.4919777794115609,bcg_z,,,5.64800000000001
OXFORD_mv000661,451743,451743,107.362,108.734,1.372,OXFORD,OXFORD_451743_BCG_3AXIS_seg0001_c0007,BCG_3AXIS,True,trained_model,0.15,0.0427846058881907,0.0972021693442911,0.0946782763844058,0.0207769763576632,0.0004316827465668,1.2575689581923652,0.0018305225010078,4.373177842565598,5.169227231273549,0.0002356696022873,0.3929095195318233,0.610624504011204,bcg_x,,,4.153999999999996
OXFORD_mv000662,451743,451743,110.084,110.54,0.456000000000003,OXFORD,OXFORD_451743_BCG_3AXIS_seg0001_c0008,BCG_3AXIS,True,trained_model,0.0,0.0459736910204803,0.1004372643878439,0.0928829529249504,0.0189089172750432,0.0003575471525144,0.4840098809246703,0.0021135802660465,8.771929824561402,11.829878799947222,5.084103672846764e-05,0.4344624056934013,0.443962260621172,bcg_z,,,1.3500000000000085
OXFORD_mv000663,451743,451743,111.326,111.71,0.3840000000000003,OXFORD,OXFORD_451743_BCG_3AXIS_seg0001_c0009,BCG_3AXIS,True,trained_model,0.0,0.0291258140454618,0.0581651617371704,0.0501073415427493,0.0115744682469048,0.0001339683151986,0.1637244174554892,0.0008483130438108,5.208333333333333,11.815381185207944,8.56327533147149e-06,0.443618374154174,0.5508278011648874,bcg_z,,,0.7859999999999872
OXFORD_mv000664,451743,451743,158.964,159.54,0.5759999999999934,OXFORD,OXFORD_451743_BCG_3AXIS_seg0001_c0010,BCG_3AXIS,True,trained_model,0.0033333333333333,0.0404437647155671,0.0709252211014867,0.0635070053696453,0.0164514295439384,0.0002706495340391,0.4727167521623961,0.0016356981043681,3.472222222222222,11.171985004676236,4.2939348307389295e-05,0.4874713907296644,0.5990944951294528,bcg_z,,,47.254000000000005
OXFORD_mv000665,451743,451743,175.712,177.088,1.3760000000000048,OXFORD,OXFORD_451743_BCG_3AXIS_seg0001_c0011,BCG_3AXIS,True,trained_model,0.03,0.0333926549934367,0.089397275618049,0.0881764104650148,0.0166693026864911,0.0002778656520538,0.7682828217748674,0.0011150694075106,2.9069767441860463,9.845476245000784,0.0001673789803877,0.527193120416177,0.7573816781687001,bcg_z,,,16.171999999999997
OXFORD_mv000666,451743,451743,181.206,182.276,1.0700000000000216,OXFORD,OXFORD_451743_BCG_3AXIS_seg0001_c0012,BCG_3AXIS,True,trained_model,0.0133333333333333,0.0308331559676529,0.0582559297875322,0.0517934466967065,0.0133163766891334,0.0001773258881268,0.5095663597121273,0.0009506835069256,9.328358208955224,12.184994729440175,5.3423539738520594e-05,0.5427817106069929,0.4644075266392416,bcg_x,,,4.117999999999995
OXFORD_mv000667,451743,451743,191.604,192.188,0.5839999999999748,OXFORD,OXFORD_451743_BCG_3AXIS_seg0001_c0013,BCG_3AXIS,True,trained_model,0.0,0.0287822372709326,0.0769560359766651,0.0733277453018434,0.0162466552425104,0.0002639538065689,0.2427262344198374,0.0008284171823202,3.424657534246576,6.920615517228458,2.641310289813442e-05,0.4068973647097303,0.6761250132958938,bcg_z,,,9.328000000000003
OXFORD_mv000668,451743,451743,193.088,194.224,1.1359999999999957,OXFORD,OXFORD_451743_BCG_3AXIS_seg0001_c0014,BCG_3AXIS,True,trained_model,0.0666666666666666,0.0466992693016516,0.1144775083389936,0.1122170019241472,0.0243926724404223,0.0005950024687857,1.240887577632359,0.0021808217533081,1.76056338028169,11.022395847497023,0.0001788080602885,0.5458878917723323,0.6497276636354857,bcg_z,,,0.9000000000000057
OXFORD_mv000669,451743,451743,194.752,195.172,0.4199999999999875,OXFORD,OXFORD_451743_BCG_3AXIS_seg0001_c0015,BCG_3AXIS,True,trained_model,0.03,0.0297570392684313,0.0522221457287736,0.0452459421915532,0.0113785954442746,0.0001294724342844,0.1868365724508452,0.0008854813860229,14.285714285714285,10.01579612781739,1.9878943149704557e-05,0.3954618475525228,0.4191443335547912,bcg_z,,,0.52800000000002
OXFORD_mv000670,451743,451743,199.086,200.138,1.0519999999999925,OXFORD,OXFORD_451743_BCG_3AXIS_seg0001_c0016,BCG_3AXIS,True,trained_model,0.0466666666666666,0.0636547729129422,0.2127702332196779,0.2065030506110159,0.0380596897522117,0.0014485399840346,2.1353671703932773,0.0040519301145982,1.9011406844106464,8.346458671704443,0.0004342884675851,0.4677650395920962,0.6458368630346522,bcg_z,,,3.9140000000000157
OXFORD_mv000671,451743,451743,201.346,201.792,0.4459999999999979,OXFORD,OXFORD_451743_BCG_3AXIS_seg0001_c0017,BCG_3AXIS,True,trained_model,0.0,0.0362858868517298,0.0657007775728353,0.0608446031236253,0.0179398657675725,0.0003218387837585,0.2949330909541058,0.0013166655846165,4.464285714285714,12.939238421035672,3.507561034775735e-05,0.4559107921579692,0.725998670396966,bcg_z,,,1.2079999999999984
OXFORD_mv000672,451743,451743,207.866,209.37,1.503999999999991,OXFORD,OXFORD_451743_BCG_3AXIS_seg0001_c0018,BCG_3AXIS,True,trained_model,0.08,0.0329103667918557,0.0809123860541846,0.0776382084313336,0.0154712893593745,0.0002393607944414,0.8155684585079848,0.0010830922423744,1.3297872340425532,8.922694632297064,0.0001529111875854,0.5299446995362855,0.6347242455272323,bcg_z,,,6.074000000000012
OXFORD_mv000673,451743,451743,232.458,233.244,0.7860000000000014,OXFORD,OXFORD_451743_BCG_3AXIS_seg0001_c0019,BCG_3AXIS,True,trained_model,0.02,0.0635762257896556,0.1264127986792004,0.1196216473065527,0.0276968771403788,0.0007671170033292,1.5925229753489665,0.0040419364856572,2.538071065989848,7.23181518173206,0.0001632689184904,0.4528135711119971,0.5614442717335965,bcg_z,,,23.087999999999994
OXFORD_mv000674,451743,451743,233.982,236.902,2.9199999999999875,OXFORD,OXFORD_451743_BCG_3AXIS_seg0001_c0020,BCG_3AXIS,True,trained_model,0.1233333333333333,0.0898947000973787,0.3725726832093831,0.3697596546715662,0.0603417172207955,0.0036411228371544,11.8064244312782,0.0080810571055976,0.684931506849315,5.7118161351501415,0.0041891725994306,0.5218463428176858,0.7066669077055998,bcg_z,,,0.7379999999999995
OXFORD_mv000675,451743,451743,238.272,239.412,1.1400000000000148,OXFORD,OXFORD_451743_BCG_3AXIS_seg0001_c0021,BCG_3AXIS,True,trained_model,0.0466666666666666,0.0284408251387066,0.0608301446063687,0.0553643240955094,0.013323439359857,0.0001775140363757,0.4618707852397478,0.0008088805345704,14.035087719298245,10.685240373132382,7.246774571703567e-05,0.5319222230947567,0.6652079804333119,bcg_z,,,1.3700000000000045
OXFORD_mv000676,451743,451743,241.412,242.23,0.8179999999999836,OXFORD,OXFORD_451743_BCG_3AXIS_seg0001_c0022,BCG_3AXIS,True,trained_model,0.1566666666666666,0.03038109892508,0.0623366661333966,0.0610012583710197,0.0148260757117782,0.0002198125210113,0.3784345804771539,0.0009230111718954,2.4390243902439024,4.728489643604942,7.212065910652583e-05,0.3756992924446138,0.5375779926198468,bcg_z,,,2.0
OXFORD_mv000677,451743,451743,244.446,248.236,3.789999999999992,OXFORD,OXFORD_451743_BCG_3AXIS_seg0001_c0023,BCG_3AXIS,True,trained_model,0.1933333333333333,0.0525392152400716,0.1632285297240019,0.1612576054765411,0.0290951072209952,0.0008465252642012,5.233659885728721,0.0027603691380425,0.5274261603375527,4.464626807426173,0.0010135593305128,0.4715740129090123,0.5557350045348096,bcg_x,,,2.216000000000008
OXFORD_mv000678,451743,451743,249.25,252.488,3.2379999999999995,OXFORD,OXFORD_451743_BCG_3AXIS_seg0001_c0024,BCG_3AXIS,True,trained_model,0.0866666666666666,0.0571843844885099,0.1343702740372511,0.1294875983765615,0.0261465125733691,0.0006836401197493,5.297487203514176,0.0032700538293297,0.6172839506172839,7.415460930841745,0.0008270781742541,0.5555957506104912,0.5549824720092975,bcg_x,,,1.01400000000001
OXFORD_mv000679,451743,451743,255.106,257.012,1.906000000000006,OXFORD,OXFORD_451743_BCG_3AXIS_seg0001_c0025,BCG_3AXIS,True,trained_model,0.01,0.0320183224679667,0.090424280838346,0.0879189791521138,0.0166172458976381,0.0002761328612225,0.9780150168742178,0.0010251729736627,5.241090146750524,6.6672579235119205,0.0002095450527672,0.4801902754560037,0.3713808207868705,bcg_z,,,2.617999999999995
OXFORD_mv000680,451743,451743,267.458,268.294,0.8359999999999559,OXFORD,OXFORD_451743_BCG_3AXIS_seg0001_c0026,BCG_3AXIS,True,trained_model,0.0266666666666666,0.0368196328494222,0.1027098019063356,0.0975142025492854,0.0202374800949689,0.0004095556005942,0.5680321671666615,0.0013556853631662,2.392344497607656,8.965559315196215,7.129493223187448e-05,0.4874786662376225,0.7160627330368547,bcg_z,,,10.446000000000026
OXFORD_mv000681,451743,451743,271.048,273.032,1.9839999999999804,OXFORD,OXFORD_451743_BCG_3AXIS_seg0001_c0027,BCG_3AXIS,True,trained_model,0.08,0.070671871210378,0.1807426723169644,0.1733370506562114,0.0384730878097367,0.0014801784856157,4.959551786713626,0.0049945133803762,1.0080645161290325,8.638557418971006,0.0010500833602824,0.516988237906247,0.7392641179839607,bcg_z,,,2.754000000000019
OXFORD_mv000682,451743,451743,274.434,276.018,1.5839999999999463,OXFORD,OXFORD_451743_BCG_3AXIS_seg0001_c0028,BCG_3AXIS,True,trained_model,0.13,0.1082827683335683,0.4910610429106455,0.4862287719310962,0.0764731366565436,0.0058481406300904,9.298050228959111,0.0117251579179812,1.2626262626262623,6.110408321858921,0.0042269091673806,0.43456389353672,0.7060178579546255,bcg_z,,,1.4020000000000437
OXFORD_mv000683,451743,451743,298.762,299.594,0.8319999999999936,OXFORD,OXFORD_451743_BCG_3AXIS_seg0001_c0029,BCG_3AXIS,True,trained_model,0.0166666666666666,0.0344262598719263,0.0778247050822126,0.0678936711491271,0.0152117388192038,0.0002313969979036,0.4942147927768422,0.0011851673687694,2.4038461538461537,8.219347212467989,4.582927293854886e-05,0.4346077771955425,0.6153908695235074,bcg_x,,,22.744000000000028
OXFORD_mv000684,451743,451743,300.796,301.774,0.9780000000000086,OXFORD,OXFORD_451743_BCG_3AXIS_seg0001_c0030,BCG_3AXIS,True,trained_model,0.04,0.0558072487431902,0.1237931063304683,0.1151362185276899,0.0255715367173449,0.0006539034900865,1.526080016019313,0.0031144490122843,2.0408163265306123,5.751448941430429,0.0004301822789992,0.4111256953316505,0.5812347020695903,bcg_z,,,1.2019999999999982
OXFORD_mv000685,451743,451743,322.18,322.924,0.7439999999999714,OXFORD,OXFORD_451743_BCG_3AXIS_seg0001_c0031,BCG_3AXIS,True,trained_model,0.0066666666666666,0.0389991024972865,0.0781092285717812,0.0768665523493238,0.0200338606506479,0.0004013555725695,0.5673068883565103,0.0015209299955938,5.376344086021505,7.227747482385594,7.722174222900898e-05,0.4005015040344847,0.5512824427780799,bcg_z,,,20.406000000000006
OXFORD_mv000686,451743,451743,324.878,325.64,0.7620000000000005,OXFORD,OXFORD_451743_BCG_3AXIS_seg0001_c0032,BCG_3AXIS,True,trained_model,0.0133333333333333,0.0410792940462717,0.1066478273317928,0.1049882047440475,0.0238934741440785,0.0005708981066737,0.6446282085479025,0.00168750839934,2.6178010471204187,10.276670902513562,4.934449802497995e-05,0.4649114886426703,0.6696522605540824,bcg_z,,,1.9540000000000077
OXFORD_mv000687,451743,451743,332.318,333.054,0.73599999999999,OXFORD,OXFORD_451743_BCG_3AXIS_seg0001_c0033,BCG_3AXIS,True,trained_model,0.0166666666666666,0.0465579673612891,0.0929248216706188,0.0880130978823174,0.0218432342154501,0.000477126880991,0.7998607558566868,0.0021676443248148,2.717391304347826,8.419677923911646,8.128021670674327e-05,0.4645329135591483,0.5518828068819094,bcg_z,,,6.677999999999997
OXFORD_mv000688,451743,451743,333.592,334.92,1.3280000000000314,OXFORD,OXFORD_451743_BCG_3AXIS_seg0001_c0034,BCG_3AXIS,True,trained_model,0.0766666666666666,0.0343063039286546,0.0877546533346781,0.0844586845145463,0.0199107700427926,0.0003964387636969,0.7826534553480767,0.0011769224892452,1.506024096385542,7.69262428234467,0.000171726433245,0.5156270256404212,0.7199092648641421,bcg_z,,,0.5380000000000109
OXFORD_mv000689,451743,451743,335.472,336.254,0.7820000000000391,OXFORD,OXFORD_451743_BCG_3AXIS_seg0001_c0035,BCG_3AXIS,True,trained_model,0.02,0.03907815944844,0.0816621671876962,0.0761717043541438,0.0175403973999874,0.0003076655409494,0.5986241979840594,0.0015271025458777,2.5510204081632653,9.546781653006525,6.498765524433891e-05,0.4741144837787618,0.5149253484580238,bcg_z,,,0.5519999999999641
OXFORD_mv000690,451743,451743,338.176,339.636,1.4600000000000364,OXFORD,OXFORD_451743_BCG_3AXIS_seg0001_c0036,BCG_3AXIS,True,trained_model,0.0833333333333333,0.0342858363546098,0.0785852308800773,0.0757226703558629,0.016847479824584,0.0002838375764397,0.8593040779851457,0.001175518574535,1.36986301369863,7.42478853460132,0.0001452474671925,0.4987941060381166,0.5850632801727803,bcg_z,,,1.9219999999999686
OXFORD_mv000691,451743,451743,340.148,341.85,1.7019999999999982,OXFORD,OXFORD_451743_BCG_3AXIS_seg0001_c0037,BCG_3AXIS,True,trained_model,0.0766666666666666,0.0358217198244926,0.0960625041351549,0.0939270388669327,0.0182771551141939,0.0003340543990683,1.093282660729153,0.0012831956111844,1.1737089201877935,7.011195440759393,0.0002534088703571,0.5013843994288179,0.653052780551633,bcg_z,,,0.5120000000000005
OXFORD_mv000692,451743,451743,343.898,344.672,0.7740000000000009,OXFORD,OXFORD_451743_BCG_3AXIS_seg0001_c0038,BCG_3AXIS,True,trained_model,0.0233333333333333,0.0306266364597091,0.0730374976821632,0.0691248368957535,0.0162448225178781,0.0002638942586373,0.3639404540040527,0.0009379908608351,2.5773195876288657,12.46216958629342,3.1834849607397734e-05,0.5170663424665141,0.623664341215069,bcg_z,,,2.048000000000002
OXFORD_mv000693,451743,451743,346.624,348.038,1.4139999999999873,OXFORD,OXFORD_451743_BCG_3AXIS_seg0001_c0039,BCG_3AXIS,True,trained_model,0.01,0.0373956925601079,0.0780191696138617,0.0756210241224894,0.0168260164437273,0.0002831148293645,0.9900939780114786,0.0013984378220501,5.649717514124294,6.641381517294163,0.0001791035472963,0.4843396978114481,0.5710420850122789,bcg_z,,,1.9519999999999982
OXFORD_mv000694,451743,451743,349.954,350.72,0.7660000000000196,OXFORD,OXFORD_451743_BCG_3AXIS_seg0001_c0040,BCG_3AXIS,True,trained_model,0.0,0.0368702963591026,0.0714827120806354,0.0640389985533944,0.0154018800857442,0.0002372179101756,0.5220168013854939,0.001359418753608,7.8125,9.508542930999138,3.9431468449898896e-05,0.435963404780205,0.6076735813189355,bcg_z,,,1.9159999999999968
OXFORD_mv000695,451743,451743,351.982,352.762,0.7799999999999727,OXFORD,OXFORD_451743_BCG_3AXIS_seg0001_c0041,BCG_3AXIS,True,trained_model,0.0166666666666666,0.0314781090956536,0.0672289826276813,0.0643859851997692,0.0161888370435821,0.0002620784448236,0.3874306987250076,0.0009908713522378,2.564102564102564,7.642438268742086,4.47727508938723e-05,0.4305739090198824,0.6724377188373424,bcg_z,,,1.2620000000000005
OXFORD_mv000696,451743,451743,356.852,357.59,0.7379999999999995,OXFORD,OXFORD_451743_BCG_3AXIS_seg0001_c0042,BCG_3AXIS,True,trained_model,0.0166666666666666,0.0283807568720317,0.0698412562986416,0.0671817363721117,0.0137594647771277,0.000189322870953,0.2980229234328698,0.0008054673606293,2.702702702702702,12.34627102492402,2.094434560975133e-05,0.5044898817268942,0.5712003925588779,bcg_z,,,4.089999999999975
OXFORD_mv000697,451743,451743,361.78,362.538,0.7580000000000382,OXFORD,OXFORD_451743_BCG_3AXIS_seg0001_c0043,BCG_3AXIS,True,trained_model,0.0033333333333333,0.0308776595984776,0.067084436128705,0.0632616964321144,0.0130566067320332,0.0001704749793549,0.3623033476661948,0.0009534298622794,10.526315789473683,12.076984339419967,3.573449397549836e-05,0.4948854111173813,0.5118235439877786,bcg_z,,,4.189999999999998
OXFORD_mv000698,451743,451743,363.086,364.71,1.6239999999999668,OXFORD,OXFORD_451743_BCG_3AXIS_seg0001_c0044,BCG_3AXIS,True,trained_model,0.0366666666666666,0.0309843308636365,0.0726072409925146,0.0706063829875277,0.01438086328521,0.0002068092288279,0.780503381121713,0.0009600287590672,2.463054187192118,9.48941721822105,0.0001391375064645,0.5362532824197086,0.619388987545418,bcg_z,,,0.5480000000000018
OXFORD_mv000699,451743,451743,365.224,366.122,0.8980000000000246,OXFORD,OXFORD_451743_BCG_3AXIS_seg0001_c0045,BCG_3AXIS,True,trained_model,0.0366666666666666,0.0406148145332204,0.0933565917096085,0.089131260027164,0.0170939003181742,0.0002922014280876,0.7423034218055511,0.0016495631595678,17.77777777777778,12.623907471595778,0.0001180775440341,0.5273430778665628,0.6046149983313563,bcg_z,,,0.51400000000001
OXFORD_mv000700,451743,451743,366.682,367.368,0.6859999999999786,OXFORD,OXFORD_451743_BCG_3AXIS_seg0001_c0046,BCG_3AXIS,True,trained_model,0.0,0.0307948848590624,0.0616696615365199,0.0576127945813354,0.0135887706231526,0.0001846546870486,0.3262237771181229,0.0009483249334829,5.813953488372093,10.091691820887394,4.452125033077524e-05,0.4640567274549058,0.5845358850906727,bcg_z,,,0.5600000000000023
OXFORD_mv000701,451743,451743,371.448,372.282,0.8340000000000032,OXFORD,OXFORD_451743_BCG_3AXIS_seg0001_c0047,BCG_3AXIS,True,trained_model,0.0066666666666666,0.0335274453804107,0.0670893454087037,0.0612513174311281,0.0133317465632204,0.0001777354664259,0.4698694501818269,0.0011240895937364,4.784688995215311,6.63391954260742,6.779565882753063e-05,0.3936674598665595,0.5296320795906886,bcg_z,,,4.079999999999984
OXFORD_mv000702,451743,451743,374.178,375.056,0.8779999999999859,OXFORD,OXFORD_451743_BCG_3AXIS_seg0001_c0048,BCG_3AXIS,True,trained_model,0.04,0.0353017553261403,0.0867711596040332,0.0827622022365501,0.0171803023763284,0.000295162789742,0.5483341288069385,0.0012462139291066,2.272727272727273,10.230899125205726,9.051410791838688e-05,0.4993253275427804,0.6309770578228011,bcg_z,,,1.896000000000015
OXFORD_mv000703,451743,451743,376.332,378.404,2.0720000000000027,OXFORD,OXFORD_451743_BCG_3AXIS_seg0001_c0049,BCG_3AXIS,True,trained_model,0.0233333333333333,0.0320158098273362,0.0869100093139545,0.0853810036495663,0.0153781523811885,0.000236487570659,1.062937525819469,0.0010250120789001,2.895752895752896,6.942879986854691,0.0001340800011671,0.5201912207846403,0.5216315235891625,bcg_z,,,1.2760000000000105
OXFORD_mv000704,451743,451743,379.746,380.518,0.7719999999999914,OXFORD,OXFORD_451743_BCG_3AXIS_seg0001_c0050,BCG_3AXIS,True,trained_model,0.0,0.0338718256575042,0.0734283240817965,0.0701044445765354,0.0140213395674728,0.0001965979632663,0.4440053218951054,0.0011473005733723,5.181347150259067,8.722097953171824,4.6673033170436014e-05,0.4560626998200537,0.5380673859658921,bcg_z,,,1.3419999999999845
OXFORD_mv000705,451743,451743,402.02,402.38,0.3600000000000136,OXFORD,OXFORD_451743_BCG_3AXIS_seg0001_c0051,BCG_3AXIS,True,trained_model,0.0,0.0339702511699664,0.0640247277524463,0.0520635259011064,0.0129026841947046,0.0001664792594282,0.2088700115836601,0.0011539779645506,5.555555555555555,12.214236131067691,1.1414448456065232e-05,0.4409614137199187,0.4312732343322403,bcg_x,,,21.50200000000001
OXFORD_mv000706,451743,451743,416.374,416.896,0.5219999999999914,OXFORD,OXFORD_451743_BCG_3AXIS_seg0001_c0052,BCG_3AXIS,True,trained_model,0.03,0.0369150729046889,0.0879997404037289,0.0759910147790516,0.016079708802817,0.0002585570351833,0.3570333231803266,0.0013627226075584,15.267175572519085,11.331122720208974,1.0408990565222073e-05,0.3875587961117399,0.3810035232001684,bcg_z,,,13.994000000000028
OXFORD_mv000707,451743,451743,440.142,440.628,0.48599999999999,OXFORD,OXFORD_451743_BCG_3AXIS_seg0001_c0053,BCG_3AXIS,True,trained_model,0.0,0.0244374213205766,0.0557638501120671,0.053740300691335,0.012929403212538,0.0001671694674323,0.1457137648350471,0.0005971875607993,4.098360655737705,11.135120755500076,1.2679717215834811e-05,0.4647359035436413,0.5576115372261827,bcg_z,,,23.24599999999998
OXFORD_mv000708,451743,451743,531.586,532.006,0.4199999999999591,OXFORD,OXFORD_451743_BCG_3AXIS_seg0001_c0054,BCG_3AXIS,True,trained_model,0.0,0.0390515339435722,0.0814052066048734,0.0782966515626898,0.0171081729761444,0.0002926895825816,0.3217797060060011,0.0015250223033459,9.523809523809524,14.73574534326597,3.479829089646304e-05,0.4874656216541326,0.7386638896181104,bcg_z,,,90.95800000000003
OXFORD_mv000709,451743,451743,536.47,537.366,0.8959999999999582,OXFORD,OXFORD_451743_BCG_3AXIS_seg0001_c0055,BCG_3AXIS,True,trained_model,0.0466666666666666,0.0596701722696257,0.2073487595131759,0.2055754023108934,0.0386691271111838,0.0014953013915408,1.598677726950379,0.0035605294586868,2.232142857142857,8.972211488010597,0.0005317079287863,0.462621634041345,0.8365414727286382,bcg_z,,,4.4640000000000555
OXFORD_mv000710,451743,451743,551.338,551.71,0.3720000000000709,OXFORD,OXFORD_451743_BCG_3AXIS_seg0001_c0056,BCG_3AXIS,True,trained_model,0.0,0.0512321467949471,0.1037997552702087,0.0941919941726792,0.0248223716133695,0.0006161501325122,0.4908250457959555,0.002624732865219,10.75268817204301,13.586362645753631,5.076818790812183e-05,0.4169681056234457,0.8253465927854199,bcg_z,,,13.97199999999998
OXFORD_mv000711,451743,451743,552.298,552.912,0.6140000000000327,OXFORD,OXFORD_451743_BCG_3AXIS_seg0001_c0057,BCG_3AXIS,True,trained_model,0.0033333333333333,0.0485636186074381,0.1072979211715458,0.1054408654811454,0.0242815268452747,0.0005895925459377,0.7263949160926046,0.0023584250522487,6.493506493506493,12.157996409483683,9.64666553243136e-05,0.4813949463608416,0.7220259773231937,bcg_z,,,0.5879999999999654
OXFORD_mv000712,451743,451743,589.324,591.45,2.12600000000009,OXFORD,OXFORD_451743_BCG_3AXIS_seg0001_c0058,BCG_3AXIS,True,trained_model,0.01,0.0367308507255741,0.0720675328661754,0.0680517407413311,0.0161808691682343,0.0002618205270395,1.435501340305974,0.0013491553950244,4.699248120300752,5.760032147659812,0.0001990427591534,0.4614430691623459,0.5524995804896132,bcg_x,,,36.41199999999992
OXFORD_mv000713,451743,451743,672.536,673.534,0.9980000000000472,OXFORD,OXFORD_451743_BCG_3AXIS_seg0001_c0059,BCG_3AXIS,True,trained_model,0.04,0.0482599446346549,0.1492869497958167,0.1476274217721642,0.028290779755347,0.0008003682191655,1.1645111280699794,0.0023290222561399,2.0,9.94030172336008,0.0002688396220441,0.4826527414518498,0.8736134167316327,bcg_z,,,81.0859999999999
OXFORD_mv000714,451743,451743,676.034,676.554,0.5199999999999818,OXFORD,OXFORD_451743_BCG_3AXIS_seg0001_c0060,BCG_3AXIS,True,trained_model,0.07,0.1322259188595053,0.3399960235121732,0.3231911182748194,0.0767756386245775,0.0058944986862117,4.563244034360766,0.0174836936182404,23.076923076923077,15.84623567626426,0.0005713451598685,0.4918317721121301,0.8504067672731525,bcg_z,,,2.5
OXFORD_mv000715,451743,451743,678.058,679.36,1.302000000000021,OXFORD,OXFORD_451743_BCG_3AXIS_seg0001_c0061,BCG_3AXIS,True,trained_model,0.04,0.0365366241907662,0.1046730424803302,0.1010811840507999,0.0178446195949245,0.0003184304484875,0.8703710395317517,0.0013349249072572,16.87116564417178,12.745482933071631,0.0001024384798382,0.5624642535912733,0.7613505938178623,bcg_z,,,1.504000000000019
OXFORD_mv000716,451743,451743,681.302,682.084,0.7819999999999254,OXFORD,OXFORD_451743_BCG_3AXIS_seg0001_c0062,BCG_3AXIS,True,trained_model,0.0566666666666666,0.0822198917135031,0.2302610240949016,0.2239817794566045,0.0512164034531503,0.0026231199826758,2.6499633526050306,0.0067601105933801,2.5510204081632653,11.761233783962917,0.0006518711202433,0.5066021533916698,0.8547247182167299,bcg_z,,,1.9420000000000073
OXFORD_mv000717,451743,451743,696.434,697.244,0.8100000000000591,OXFORD,OXFORD_451743_BCG_3AXIS_seg0001_c0063,BCG_3AXIS,True,trained_model,0.0033333333333333,0.0412133459672353,0.0803363305610964,0.0744007719900807,0.0162056501975634,0.0002626230983257,0.6896071936409051,0.001698539885815,9.852216748768472,9.057325145449507,0.0001110083223873,0.4158601133213035,0.6912931037482828,bcg_x,,,14.350000000000023
OXFORD_mv000718,451743,451743,710.436,711.164,0.7279999999999518,OXFORD,OXFORD_451743_BCG_3AXIS_seg0001_c0064,BCG_3AXIS,True,trained_model,0.15,0.028517567020666,0.0633837411367401,0.0598683330790906,0.0130935324862574,0.0001714405929686,0.2968368445040353,0.0008132516287781,2.7472527472527477,5.10185303187258,4.319057567894168e-05,0.3466690792625184,0.6767124921996324,bcg_z,,,13.192000000000007
OXFORD_mv000719,451743,451743,714.572,715.368,0.7960000000000491,OXFORD,OXFORD_451743_BCG_3AXIS_seg0001_c0065,BCG_3AXIS,True,trained_model,0.03,0.0306323789930073,0.0653627866900397,0.0626269354907177,0.0136723841963259,0.0001869340896119,0.3743987144657239,0.0009383426427712,2.5125628140703515,11.825838865860806,4.135062664096915e-05,0.5374264515602695,0.6620329772622058,bcg_z,,,3.4080000000000155
OXFORD_mv000720,451743,451743,717.772,718.872,1.099999999999909,OXFORD,OXFORD_451743_BCG_3AXIS_seg0001_c0066,BCG_3AXIS,True,trained_model,0.0066666666666666,0.0275625466214371,0.0520964860990753,0.0478918344583171,0.0113845423779363,0.000129607805155,0.4185913809186518,0.0007596939762588,7.272727272727272,8.97626009748831,6.481042523407428e-05,0.4877456619232579,0.5972083232938147,bcg_z,,,2.4039999999999964
OXFORD_mv000721,451743,451743,728.476,729.956,1.4800000000000182,OXFORD,OXFORD_451743_BCG_3AXIS_seg0001_c0067,BCG_3AXIS,True,trained_model,0.0533333333333333,0.0335708374924946,0.0764199245091755,0.0751738847480349,0.0158650284425954,0.0002516991274843,0.8351078372910846,0.0011270011299474,18.91891891891892,13.381202567977631,0.0001532116458133,0.5572191888600636,0.6787948687766409,bcg_z,,,9.604000000000042
OXFORD_mv000722,451743,451743,730.678,731.464,0.7860000000000582,OXFORD,OXFORD_451743_BCG_3AXIS_seg0001_c0068,BCG_3AXIS,True,trained_model,0.0133333333333333,0.0333359954841854,0.0767246287691211,0.0750189314509897,0.0184714577803923,0.0003411947525328,0.437847706399122,0.0011112885949216,2.538071065989848,7.815139480388384,3.106353289445792e-05,0.443794844493148,0.6638689261867975,bcg_z,,,0.72199999999998
OXFORD_mv000723,451743,451743,734.79,735.794,1.004000000000019,OXFORD,OXFORD_451743_BCG_3AXIS_seg0001_c0069,BCG_3AXIS,True,trained_model,0.0466666666666666,0.0358647921801546,0.0903102895317581,0.0885632682894098,0.0170191445727918,0.0002896512819895,0.6470005090172191,0.0012862833181256,1.99203187250996,9.206871789629394,0.0001517433647657,0.5091017021020093,0.5997543523444432,bcg_z,,,3.325999999999908
OXFORD_mv000724,451743,451743,736.512,738.036,1.524000000000001,OXFORD,OXFORD_451743_BCG_3AXIS_seg0001_c0070,BCG_3AXIS,True,trained_model,0.0266666666666666,0.0414553675338581,0.1166029659283729,0.1139028772318707,0.021119641402755,0.0004460392529809,1.3112517404912214,0.0017185474973672,2.6246719160104988,9.632158061536115,0.0002892792264943,0.5141018768112914,0.7035300423586353,bcg_z,,,0.7179999999999609
OXFORD_mv000725,451743,451743,739.286,739.652,0.3660000000000991,OXFORD,OXFORD_451743_BCG_3AXIS_seg0001_c0071,BCG_3AXIS,True,trained_model,0.2433333333333333,0.037006469931019,0.0728996810443441,0.0675550792243944,0.0162252053234217,0.0002632572877871,0.251984102282997,0.0013694788167554,16.304347826086957,18.52601361131796,1.0188589405196777e-05,0.5286419082642618,0.7501419841098528,bcg_z,,,1.25
OXFORD_mv000726,451743,451743,740.946,741.868,0.9220000000000256,OXFORD,OXFORD_451743_BCG_3AXIS_seg0001_c0072,BCG_3AXIS,True,trained_model,0.0066666666666666,0.0338411320372412,0.0784220913613972,0.0747115347789589,0.0158197408687374,0.000250264201154,0.5290926645136413,0.0011452222175619,4.329004329004329,6.8241801923481535,6.239667776437357e-05,0.4212142609762489,0.6305526639796833,bcg_z,,,1.2939999999999827
OXFORD_mv000727,451743,451743,742.92,743.28,0.3600000000000136,OXFORD,OXFORD_451743_BCG_3AXIS_seg0001_c0073,BCG_3AXIS,True,trained_model,0.0,0.032791976431355,0.0618037536711999,0.0600839313655786,0.0171794420883355,0.0002951332304664,0.194631783007693,0.0010753137182745,5.555555555555555,15.385039946704506,1.6935756112971198e-05,0.4414253641232272,0.7963058950411548,bcg_z,,,1.0519999999999072
OXFORD_mv000728,451743,451743,743.936,744.66,0.7239999999999327,OXFORD,OXFORD_451743_BCG_3AXIS_seg0001_c0074,BCG_3AXIS,True,trained_model,0.02,0.0318725794856978,0.0694051297886168,0.0655703348253342,0.0161346073012559,0.0002603255527657,0.3687576602751825,0.0010158613230721,2.7624309392265194,9.63295906884565,7.248786101657627e-05,0.4821467320113142,0.6879769656689126,bcg_z,,,0.6560000000000628
OXFORD_mv000729,451743,451743,769.676,770.328,0.65199999999993,OXFORD,OXFORD_451743_BCG_3AXIS_seg0001_c0075,BCG_3AXIS,True,trained_model,0.0,0.0348451798719944,0.0658178154467558,0.0587826494794913,0.0146265234914494,0.0002139351894459,0.397039005221909,0.0012141865603116,6.134969325153374,7.468023023424132,4.8531580214934685e-05,0.403181332175333,0.3913645686184067,bcg_z,,,25.016000000000076
OXFORD_mv000730,451743,451743,770.938,772.474,1.5360000000000582,OXFORD,OXFORD_451743_BCG_3AXIS_seg0001_c0076,BCG_3AXIS,True,trained_model,0.01,0.0439853323529902,0.0908120979801397,0.0857478567263652,0.016386512775111,0.0002685178009288,1.4877915764341183,0.001934709462203,5.208333333333333,7.578875126437048,0.0001854101396194,0.476025761035521,0.5990252139046809,bcg_x,,,0.6100000000000136
OXFORD_mv000731,451743,451743,784.886,785.63,0.7440000000000282,OXFORD,OXFORD_451743_BCG_3AXIS_seg0001_c0077,BCG_3AXIS,True,trained_model,0.0066666666666666,0.036756245957829,0.091962594611724,0.0834049176775039,0.0180602735053771,0.000326173479089,0.5039310631083355,0.0013510216169124,5.376344086021505,6.571418005348166,9.83701264681738e-05,0.3737476141981135,0.6128023493178223,bcg_z,,,12.41199999999992
OXFORD_mv000732,451743,451743,832.448,833.278,0.8300000000000409,OXFORD,OXFORD_451743_BCG_3AXIS_seg0001_c0078,BCG_3AXIS,True,trained_model,0.0033333333333333,0.0370282593730956,0.0641097701449679,0.0577751764103733,0.0143101610322341,0.0002047807087684,0.570374268755719,0.0013710919922012,12.019230769230768,9.901255471877866,8.224200835519338e-05,0.4429136440474742,0.5718061682539429,bcg_x,,,46.817999999999984
OXFORD_mv000733,451743,451743,868.198,868.916,0.7180000000000746,OXFORD,OXFORD_451743_BCG_3AXIS_seg0001_c0079,BCG_3AXIS,True,trained_model,0.0133333333333333,0.0275822460607229,0.0676066953792229,0.0658123065684354,0.014727451512012,0.0002168978280386,0.273880907191535,0.0007607802977542,2.7777777777777777,6.048612765975635,4.857369787225081e-05,0.3876088732912439,0.5367484204959555,bcg_z,,,34.91999999999996
OXFORD_mv000734,451743,451743,883.696,884.424,0.7279999999999518,OXFORD,OXFORD_451743_BCG_3AXIS_seg0001_c0080,BCG_3AXIS,True,trained_model,0.02,0.0303188230748049,0.079214355638749,0.0716882359782619,0.0151638511938371,0.0002299423830288,0.3355193269140832,0.0009192310326413,2.7472527472527477,12.536676343649525,2.2577186450771825e-05,0.502272528383486,0.7001897893514574,bcg_z,,,14.779999999999973
OXFORD_mv000735,451743,451743,887.612,888.34,0.7280000000000655,OXFORD,OXFORD_451743_BCG_3AXIS_seg0001_c0081,BCG_3AXIS,True,trained_model,0.0166666666666666,0.0335666766764253,0.0737147194760505,0.0690478089363981,0.016360487390514,0.0002676655476551,0.4112534508313811,0.0011267217830996,2.7472527472527477,6.732601845871846,6.67128668262288e-05,0.4290068115003987,0.5741888799133974,bcg_z,,,3.187999999999988
OXFORD_mv000736,451743,451743,892.02,892.698,0.6779999999999973,OXFORD,OXFORD_451743_BCG_3AXIS_seg0001_c0082,BCG_3AXIS,True,trained_model,0.0066666666666666,0.0302914417173282,0.0574495787537222,0.0557535143665876,0.0140825358047953,0.0001983178146933,0.3119742900468604,0.0009175714413142,2.941176470588235,7.861565457264129,4.227845231012059e-05,0.4348524732575347,0.5303756014379225,bcg_z,,,3.67999999999995
OXFORD_mv000737,451743,451743,897.644,898.918,1.274000000000001,OXFORD,OXFORD_451743_BCG_3AXIS_seg0001_c0083,BCG_3AXIS,True,trained_model,0.06,0.0310351221170016,0.0784058501659167,0.0749926288677199,0.0154576622968783,0.0002389393236843,0.6145080774733775,0.0009631788048172,1.567398119122257,6.253797810165791,0.0001531663717853,0.4444237844496717,0.6367574916022976,bcg_z,,,4.946000000000026
OXFORD_mv000738,451875,451875,1.696,2.934,1.2380000000000002,OXFORD,OXFORD_451875_BCG_3AXIS_seg0001_c0001,BCG_3AXIS,True,trained_model,0.1533333333333333,0.2796781574069526,2.0698275685421117,2.06659729564816,0.2597331535020873,0.0674613110281388,48.49632047293987,0.0782198717305481,3.2258064516129035,9.435034386112818,0.0526408237381157,0.5399584418897181,0.4418550901694075,bcg_z,,,
OXFORD_mv000739,451875,451875,8.374,9.058,0.6839999999999993,OXFORD,OXFORD_451875_BCG_3AXIS_seg0001_c0002,BCG_3AXIS,True,trained_model,0.02,0.0432808429386677,0.0802601635827685,0.0722796198825491,0.0190947028551592,0.0003646076771268,0.6425183583601985,0.0018732313654816,2.923976608187134,5.761873313414782,0.000143215594676,0.3161391590169286,0.6473410245809221,bcg_x,,,5.44
OXFORD_mv000740,451875,451875,9.622,10.538,0.9160000000000004,OXFORD,OXFORD_451875_BCG_3AXIS_seg0001_c0003,BCG_3AXIS,True,trained_model,0.0066666666666666,0.0547921790340543,0.141933043093381,0.1398468256617805,0.0269670431841153,0.0007272214180939,1.378001943434639,0.0030021828832998,6.550218340611353,6.842966409758682,0.0003171792456351,0.3954840659912292,0.5244082427831919,bcg_x,,,0.5640000000000001
OXFORD_mv000741,451875,451875,37.0,38.478,1.4780000000000015,OXFORD,OXFORD_451875_BCG_3AXIS_seg0001_c0004,BCG_3AXIS,True,trained_model,0.02,0.0890710303218679,0.1622002131764976,0.1525890450729281,0.0366204096596377,0.0013410544036396,5.870899847523351,0.0079336484425991,6.756756756756756,7.2217603952128675,0.0010271958256949,0.4704890932495262,0.6083110157588559,bcg_x,,,26.462
OXFORD_mv000742,451875,451875,88.916,90.21,1.293999999999997,OXFORD,OXFORD_451875_BCG_3AXIS_seg0001_c0005,BCG_3AXIS,True,trained_model,0.0066666666666666,0.0398031348089473,0.1002190127742955,0.09251043010678,0.0174746235659985,0.0003053624687733,1.026619622321265,0.0015842895406192,6.172839506172839,7.398436647712755,0.0001867159396188,0.4266333502973755,0.5508431044841935,bcg_x,,,50.437999999999995
OXFORD_mv000743,451875,451875,91.114,92.278,1.1640000000000017,OXFORD,OXFORD_451875_BCG_3AXIS_seg0001_c0006,BCG_3AXIS,True,trained_model,0.06,0.0370943148321058,0.0714964292855209,0.0661288980893991,0.0162542527370168,0.0002642007320388,0.8022011164393568,0.0013759881928633,1.718213058419244,7.978000930940487,9.856007979797676e-05,0.4702578675443742,0.4232883662251238,bcg_x,,,0.9040000000000106
OXFORD_mv000744,451875,451875,108.59,109.116,0.5259999999999962,OXFORD,OXFORD_451875_BCG_3AXIS_seg0001_c0007,BCG_3AXIS,True,trained_model,0.0,0.0287853936914957,0.0573494093002085,0.0564339304517901,0.0128485479110035,0.0001650851834213,0.2187501069532421,0.0008285988899744,7.575757575757575,11.170236368593011,2.1939379308575984e-05,0.4739559818424677,0.5028731380823827,bcg_z,,,16.311999999999998
OXFORD_mv000745,451875,451875,128.702,129.144,0.4420000000000073,OXFORD,OXFORD_451875_BCG_3AXIS_seg0001_c0008,BCG_3AXIS,True,trained_model,0.0066666666666666,0.0176664307297835,0.0463016742729862,0.0422002789598627,0.0093407484788384,8.724958214492302e-05,0.0692868159901136,0.0003121027747302,4.504504504504505,12.296837065246317,1.938323380984376e-06,0.4981195839737123,0.6422312162609414,bcg_z,,,19.586
OXFORD_mv000746,451875,451875,131.786,132.236,0.4499999999999886,OXFORD,OXFORD_451875_BCG_3AXIS_seg0001_c0009,BCG_3AXIS,True,trained_model,0.0,0.0252135865490742,0.0552197637448193,0.0506080720971457,0.0128590682458678,0.0001653556361518,0.1436738379468902,0.0006357249466676,8.849557522123893,10.365323465639914,1.6057195534679908e-05,0.3885658775602599,0.5295012389763638,bcg_z,,,2.641999999999996
OXFORD_mv000747,451875,451875,148.84,149.32,0.4799999999999897,OXFORD,OXFORD_451875_BCG_3AXIS_seg0001_c0010,BCG_3AXIS,True,trained_model,0.0,0.0338716366690733,0.0508880584926316,0.042129304221927,0.0116174232332735,0.000134964522581,0.2764963527246533,0.0011472877706417,4.166666666666667,7.525874092748048,2.7345788586479266e-05,0.3294624848776559,0.4533646522086072,bcg_z,,,16.604000000000013
OXFORD_mv000748,451875,451875,150.19,151.078,0.8880000000000052,OXFORD,OXFORD_451875_BCG_3AXIS_seg0001_c0011,BCG_3AXIS,True,trained_model,0.0,0.0211321360196646,0.052690396863218,0.0516335669380611,0.010888157301542,0.0001185519694231,0.1987223918753564,0.0004465671727536,4.504504504504505,7.662509338007668,3.181297444837653e-05,0.44895673884554,0.5702528893573248,bcg_z,,,0.8700000000000045
OXFORD_mv000749,451875,451875,153.74,154.646,0.9059999999999776,OXFORD,OXFORD_451875_BCG_3AXIS_seg0001_c0012,BCG_3AXIS,True,trained_model,0.03,0.0210368724385829,0.0583763830998739,0.0571645678215906,0.0129487369770601,0.000167669789301,0.2009177009067336,0.0004425500019972,2.202643171806167,9.154944724404396,4.200797787315443e-05,0.4839140798584351,0.7433004586753066,bcg_z,,,2.662000000000006
OXFORD_mv000750,451875,451875,155.912,160.328,4.415999999999997,OXFORD,OXFORD_451875_BCG_3AXIS_seg0001_c0013,BCG_3AXIS,True,trained_model,0.02,0.0389050611159807,0.0882661460042502,0.0849991179979405,0.0176398640638864,0.0003111648041923,3.343550750987979,0.0015136037804381,4.981884057971014,6.40507774379962,0.0005283434914265,0.5442126596731849,0.5069651101241682,bcg_x,,,1.2660000000000196
OXFORD_mv000751,451875,451875,161.024,166.352,5.328000000000003,OXFORD,OXFORD_451875_BCG_3AXIS_seg0001_c0014,BCG_3AXIS,True,trained_model,0.1866666666666666,0.0433615284632118,0.1545562264353528,0.1536312331116543,0.0263873628479092,0.0006962929180672,5.0107920315247,0.0018802221506659,0.3753753753753753,5.019909922553284,0.0007443624170308,0.4464443446691843,0.5868635671610014,bcg_x,,,0.695999999999998
OXFORD_mv000752,451875,451875,168.094,171.114,3.0200000000000102,OXFORD,OXFORD_451875_BCG_3AXIS_seg0001_c0015,BCG_3AXIS,True,trained_model,0.0166666666666666,0.0269440579794705,0.0608816356004159,0.0582637108044609,0.0111380130756909,0.0001240553352742,1.0969591954660207,0.000725982260401,4.635761589403974,10.703979502665533,0.0001302652700681,0.5981325963687424,0.536981315174937,bcg_z,,,1.7419999999999902
OXFORD_mv000753,451875,451875,171.884,175.47,3.5860000000000127,OXFORD,OXFORD_451875_BCG_3AXIS_seg0001_c0016,BCG_3AXIS,True,trained_model,0.05,0.022822181844196,0.0673866484021347,0.0661283623231634,0.012251472976634,0.0001500985900971,0.934408459528414,0.0005208519841295,2.229654403567447,9.442255537980454,0.000221083515489,0.5744425543933865,0.6193096858030944,bcg_z,,,0.7699999999999818
OXFORD_mv000754,451875,451875,179.296,186.76,7.463999999999999,OXFORD,OXFORD_451875_BCG_3AXIS_seg0001_c0017,BCG_3AXIS,True,trained_model,0.04,0.0218927167160245,0.0784080835216414,0.0778082672641324,0.0123498927017669,0.0001525198497451,1.7891934717618412,0.0004792910452081,2.4115755627009645,9.586812016361892,0.0004429989328736,0.5723293558847917,0.7167365438879876,bcg_z,,,3.8259999999999934
OXFORD_mv000755,451875,451875,187.296,191.06,3.76400000000001,OXFORD,OXFORD_451875_BCG_3AXIS_seg0001_c0018,BCG_3AXIS,True,trained_model,0.0466666666666666,0.0229435158596676,0.0575773124431222,0.0564947926054044,0.0118685872220122,0.0001408633626465,0.9912204643653147,0.0005264049200028,2.1253985122210413,11.246773574273398,0.0001721709032454,0.5809583405850982,0.7104391114125209,bcg_z,,,0.5360000000000014
OXFORD_mv000756,451875,451875,191.894,197.984,6.090000000000003,OXFORD,OXFORD_451875_BCG_3AXIS_seg0001_c0019,BCG_3AXIS,True,trained_model,0.05,0.0235402524835408,0.0761460236726745,0.0757849476346253,0.0124759813232612,0.0001556501099783,1.6879210613680438,0.0005541434869888,2.298095863427445,9.761994662891404,0.0003232623630193,0.5643264743820745,0.6574459308249,bcg_z,,,0.8340000000000032
OXFORD_mv000757,451875,451875,199.712,204.888,5.176000000000016,OXFORD,OXFORD_451875_BCG_3AXIS_seg0001_c0020,BCG_3AXIS,True,trained_model,0.0466666666666666,0.0228656276081457,0.0697030294451329,0.0690038755132975,0.0126063813077691,0.0001589208496768,1.353624801192371,0.0005228369259143,2.31839258114374,9.06273447840988,0.0003394275476472,0.5490961649382866,0.6891011334002223,bcg_z,,,1.7279999999999802
OXFORD_mv000758,451875,451875,205.42,209.188,3.7680000000000007,OXFORD,OXFORD_451875_BCG_3AXIS_seg0001_c0021,BCG_3AXIS,True,trained_model,0.0866666666666666,0.0242964738472372,0.0609228628649984,0.0601153055504135,0.0126487280508749,0.0001599903213049,1.1127506390568724,0.0005903186414094,1.0615711252653928,10.621685128101428,0.0002182183346003,0.5752459715692114,0.6901562817925866,bcg_z,,,0.5319999999999823
OXFORD_mv000759,451875,451875,209.796,222.132,12.336000000000013,OXFORD,OXFORD_451875_BCG_3AXIS_seg0001_c0022,BCG_3AXIS,True,trained_model,0.05,0.0230940232746696,0.0716921544588824,0.0708478473084172,0.0126802312697768,0.000160788265055,3.290136897026756,0.0005333339110109,2.2697795071335927,10.245629089463405,0.0006982325464832,0.5936581986287615,0.7333397840900829,bcg_z,,,0.6080000000000041
OXFORD_mv000760,451875,451875,223.322,224.75,1.4279999999999973,OXFORD,OXFORD_451875_BCG_3AXIS_seg0001_c0023,BCG_3AXIS,True,trained_model,0.0866666666666666,0.0245832616435259,0.0618040774180151,0.0584176534449676,0.0120798748374781,0.0001459233760891,0.4321007784193491,0.000604336753034,1.400560224089636,10.091835256127512,6.486773108087081e-05,0.5459804672159948,0.6816064959910005,bcg_z,,,1.1899999999999977
OXFORD_mv000761,451875,451875,225.574,261.006,35.43199999999996,OXFORD,OXFORD_451875_BCG_3AXIS_seg0001_c0024,BCG_3AXIS,True,trained_model,0.0933333333333333,0.0318301456434166,0.1956081600995821,0.1949343531280226,0.0189845137881334,0.0003604117637718,17.950123327674312,0.0010131581716811,0.0564461503725445,6.178649676718668,0.0032701160998859,0.5864805264757628,0.5053782132780914,bcg_z,,,0.8240000000000123
OXFORD_mv000762,451875,451875,261.676,263.63,1.954000000000008,OXFORD,OXFORD_451875_BCG_3AXIS_seg0001_c0025,BCG_3AXIS,True,trained_model,0.05,0.0307173709681892,0.0831870539847315,0.0802342522478412,0.0144999262440859,0.0002102478610839,0.922798627855011,0.0009435568791973,2.044989775051125,9.716805457539332,0.0001809627788991,0.5664136004217519,0.5766210379676698,bcg_z,,,0.6700000000000159
OXFORD_mv000763,451875,451875,264.24,267.998,3.757999999999981,OXFORD,OXFORD_451875_BCG_3AXIS_seg0001_c0026,BCG_3AXIS,True,trained_model,0.0866666666666666,0.0269293857182565,0.066821024414255,0.0651846091197329,0.0133496004292519,0.0001782118316206,1.3633606125057591,0.0007251918151626,1.0638297872340423,10.710973020888424,0.0002377260960188,0.5999681659413865,0.6741349896364701,bcg_z,,,0.6100000000000136
OXFORD_mv000764,451875,451875,268.572,297.378,28.805999999999983,OXFORD,OXFORD_451875_BCG_3AXIS_seg0001_c0027,BCG_3AXIS,True,trained_model,0.1,0.0260109517803433,0.088497218064936,0.0880042325804628,0.0143140231424667,0.000204891258523,9.745308698728651,0.0006765696125193,2.360455429047487,8.76907502231383,0.0020928057473874,0.6146876181612508,0.6663937602878421,bcg_z,,,0.5740000000000123
OXFORD_mv000765,451875,451875,298.636,315.072,16.43599999999998,OXFORD,OXFORD_451875_BCG_3AXIS_seg0001_c0028,BCG_3AXIS,True,trained_model,0.0166666666666666,0.0252882228218487,0.1010345054019542,0.1005808984096528,0.0144899116862444,0.0002099575406751,5.256002940653511,0.0006394942134874,4.623996106108542,8.203611599784004,0.0010223741976119,0.576242784465862,0.6630182586957228,bcg_z,,,1.2580000000000382
OXFORD_mv000766,451875,451875,316.746,322.71,5.963999999999999,OXFORD,OXFORD_451875_BCG_3AXIS_seg0001_c0029,BCG_3AXIS,True,trained_model,0.0433333333333333,0.0229951497261364,0.0905022581145801,0.0899162284241427,0.0131291680036645,0.0001723750524684,1.5773415252965313,0.0005287769109274,2.347417840375587,10.175516539019483,0.0003971591205178,0.5632801068350128,0.7638231737097543,bcg_z,,,1.6739999999999782
OXFORD_mv000767,451875,451875,323.264,324.128,0.8639999999999759,OXFORD,OXFORD_451875_BCG_3AXIS_seg0001_c0030,BCG_3AXIS,True,trained_model,0.15,0.0238494395235745,0.0568450114842737,0.0532455156873602,0.0110445856062054,0.0001219828712128,0.2462885664998813,0.0005687957655886,2.314814814814815,14.511698621151384,2.342925105824001e-05,0.5556589822898453,0.7569043995543199,bcg_z,,,0.5540000000000305
OXFORD_mv000768,451875,451875,324.97,333.16,8.189999999999998,OXFORD,OXFORD_451875_BCG_3AXIS_seg0001_c0031,BCG_3AXIS,True,trained_model,0.0366666666666666,0.0231484986366462,0.0806180151017678,0.0800569639204109,0.0133611023190006,0.0001785190551788,2.194853843479807,0.0005358529891308,2.44140625,9.878608514670832,0.0005421242999683,0.5632640473990878,0.7768708993277,bcg_z,,,0.8420000000000414
OXFORD_mv000769,451875,451875,333.972,342.882,8.910000000000025,OXFORD,OXFORD_451875_BCG_3AXIS_seg0001_c0032,BCG_3AXIS,True,trained_model,0.0466666666666666,0.0267306226544662,0.0859719164408136,0.0854857830433981,0.0144422711475184,0.0002085791958984,3.183928691479779,0.0007145261874954,2.2441651705565526,8.588046998794614,0.0007230253879877,0.6012885001269797,0.644698938755172,bcg_z,,,0.811999999999955
OXFORD_mv000770,451875,451875,343.672,347.03,3.3579999999999472,OXFORD,OXFORD_451875_BCG_3AXIS_seg0001_c0033,BCG_3AXIS,True,trained_model,0.0133333333333333,0.0260454900843416,0.0781567538714442,0.0766468303734605,0.0149626424663111,0.0002238806695746,1.1396574902723444,0.0006783675537335,4.761904761904762,10.92214933513472,0.0001721970562988,0.5830835782675678,0.6660191798771209,bcg_z,,,0.7900000000000205
OXFORD_mv000771,451875,451875,347.776,350.292,2.5159999999999627,OXFORD,OXFORD_451875_BCG_3AXIS_seg0001_c0034,BCG_3AXIS,True,trained_model,0.04,0.0230292412322556,0.0777495759388413,0.076453724502166,0.0134546874677801,0.0001810286148556,0.6677055532323805,0.0005303459517334,2.384737678855326,10.326335515254923,0.0001246304805399,0.5392319139657556,0.7986655048166638,bcg_z,,,0.7460000000000377
OXFORD_mv000772,451875,451875,350.894,353.522,2.627999999999986,OXFORD,OXFORD_451875_BCG_3AXIS_seg0001_c0035,BCG_3AXIS,True,trained_model,0.0133333333333333,0.0224280039886878,0.0576329801844471,0.0567812528821889,0.0123616072071378,0.0001528093327435,0.661465202235329,0.0005030153629166,4.5662100456621,11.36563994373894,0.0001198841873659,0.5570209380910749,0.7919010419143403,bcg_z,,,0.6020000000000323
OXFORD_mv000773,451875,451875,355.232,357.476,2.243999999999972,OXFORD,OXFORD_451875_BCG_3AXIS_seg0001_c0036,BCG_3AXIS,True,trained_model,0.0766666666666666,0.02259871923118,0.062188283451392,0.0606890060998678,0.0128202253317844,0.0001643581775577,0.5735184705291396,0.0005107021108897,1.7825311942959,9.632244115125118,0.0001083981774163,0.541901580984498,0.8036849620578664,bcg_z,,,1.7100000000000364
OXFORD_mv000774,451875,451875,357.982,370.58,12.597999999999956,OXFORD,OXFORD_451875_BCG_3AXIS_seg0001_c0037,BCG_3AXIS,True,trained_model,0.05,0.0238630010156628,0.0916819513626459,0.0911820794868121,0.014448754998773,0.0002087665210145,3.587489750083224,0.0005694428174735,2.2222222222222223,9.228330576393486,0.0010035464691275,0.5676903368332695,0.767186121833899,bcg_z,,,0.5060000000000286
OXFORD_mv000775,451875,451875,371.428,384.59,13.161999999999978,OXFORD,OXFORD_451875_BCG_3AXIS_seg0001_c0038,BCG_3AXIS,True,trained_model,0.05,0.0229009555203926,0.0920082462359193,0.0916614706662127,0.0140189877239171,0.0001965320168033,3.451954672982776,0.000524453763747,2.2789425706472195,10.450560743785854,0.0008743649269726,0.5694160355126313,0.8289220613624694,bcg_z,,,0.8480000000000132
OXFORD_mv000776,451875,451875,385.462,386.544,1.0819999999999936,OXFORD,OXFORD_451875_BCG_3AXIS_seg0001_c0039,BCG_3AXIS,True,trained_model,0.0066666666666666,0.0232719183346024,0.0531917909372666,0.0514982383120699,0.0134275251034143,0.0001802984304028,0.2935375431710434,0.0005415821829724,3.690036900369003,10.729186259881113,5.660712344028924e-05,0.4918484547676753,0.8570603838020688,bcg_z,,,0.8720000000000141
OXFORD_mv000777,451875,451875,387.23,389.846,2.615999999999985,OXFORD,OXFORD_451875_BCG_3AXIS_seg0001_c0040,BCG_3AXIS,True,trained_model,0.0466666666666666,0.0241984656775891,0.0717982602543152,0.0711025105831749,0.0139386142504967,0.0001942849672241,0.7665055551646438,0.0005855657411494,2.293577981651376,9.363321835017816,0.0001822692376613,0.5271925559390462,0.8180752811013363,bcg_z,,,0.6860000000000355
OXFORD_mv000778,451875,451875,390.434,396.94,6.505999999999972,OXFORD,OXFORD_451875_BCG_3AXIS_seg0001_c0041,BCG_3AXIS,True,trained_model,0.05,0.0226871484021171,0.0791317161233968,0.078745508179655,0.0134588438453059,0.0001811404776523,1.6748556103244607,0.0005147067026196,2.15119852489244,9.555948368889734,0.0005176575978006,0.5649814690870626,0.7879032738156986,bcg_z,,,0.5880000000000223
OXFORD_mv000779,451875,451875,397.798,401.766,3.9680000000000177,OXFORD,OXFORD_451875_BCG_3AXIS_seg0001_c0042,BCG_3AXIS,True,trained_model,0.0366666666666666,0.0221023912826845,0.0736368935967072,0.073186611507312,0.0138269057594364,0.0001911833228803,0.9697036653195852,0.0004885157004128,2.5201612903225805,9.849804850038655,0.0002773556916927,0.55494411124681,0.826783041390819,bcg_z,,,0.8580000000000041
OXFORD_mv000780,451875,451875,402.65,407.93,5.28000000000003,OXFORD,OXFORD_451875_BCG_3AXIS_seg0001_c0043,BCG_3AXIS,True,trained_model,0.05,0.0231327662274998,0.0917276805945564,0.0911705247566246,0.0140789244172176,0.0001982161127457,1.4132647904807976,0.0005351248733361,2.2727272727272725,9.968832840588671,0.0003583743587112,0.5640572846017438,0.820690230495019,bcg_z,,,0.8839999999999577
OXFORD_mv000781,451875,451875,408.782,409.728,0.9460000000000264,OXFORD,OXFORD_451875_BCG_3AXIS_seg0001_c0044,BCG_3AXIS,True,trained_model,0.0366666666666666,0.0233824886972779,0.0699645516601705,0.0680231136827785,0.0136869829878904,0.0001873335033108,0.2591551286195278,0.0005467407776783,2.109704641350211,11.035459028870076,3.887071222712361e-05,0.4948949089295414,0.7981425259225047,bcg_z,,,0.8519999999999754
OXFORD_mv000782,451875,451875,412.8,413.794,0.9939999999999714,OXFORD,OXFORD_451875_BCG_3AXIS_seg0001_c0045,BCG_3AXIS,True,trained_model,0.0433333333333333,0.0329850368867142,0.082329258491413,0.0799881801315232,0.016724478974882,0.0002797081969812,0.5418303038921137,0.0010880126584178,2.0080321285140563,7.145283996137055,5.528117237307554e-05,0.4615281777167933,0.5907093020365577,bcg_z,,,3.0720000000000027
OXFORD_mv000783,451875,451875,421.29,423.03,1.7399999999999525,OXFORD,OXFORD_451875_BCG_3AXIS_seg0001_c0046,BCG_3AXIS,True,trained_model,0.0133333333333333,0.0331061525360356,0.0844532952167108,0.0813581620876238,0.0184567639077968,0.0003406521339481,0.9546310994288946,0.0010960173357392,3.4482758620689653,9.859237712738691,0.0002279633176448,0.5195013262328744,0.6510198721841802,bcg_z,,,7.496000000000038
OXFORD_mv000784,451875,451875,431.768,432.46,0.6920000000000073,OXFORD,OXFORD_451875_BCG_3AXIS_seg0001_c0047,BCG_3AXIS,True,trained_model,0.0066666666666666,0.0302011816558059,0.0675914301941955,0.0591926261250164,0.013624789401526,0.0001856348862359,0.3165026465722256,0.0009121113734069,5.780346820809248,13.900855020635586,3.0565873670773994e-05,0.5274332910731964,0.4852263182116889,bcg_z,,,8.738
OXFORD_mv000785,451875,451875,449.85,450.292,0.4419999999999504,OXFORD,OXFORD_451875_BCG_3AXIS_seg0001_c0048,BCG_3AXIS,True,trained_model,0.0,0.0237727614789477,0.0470904520898679,0.0429244189947199,0.0102957224415567,0.0001060019005935,0.1254620098103573,0.0005651441883349,4.504504504504505,14.779673510298377,7.454458544164131e-06,0.4548113387044108,0.7489911956698915,bcg_z,,,17.390000000000043
OXFORD_mv000786,451875,451875,451.134,451.638,0.5039999999999623,OXFORD,OXFORD_451875_BCG_3AXIS_seg0001_c0049,BCG_3AXIS,True,trained_model,0.0033333333333333,0.0288600013805363,0.0707081232725009,0.0681786408406009,0.0171498088781787,0.000294115944558,0.2107236189601934,0.0008328996796845,3.968253968253968,10.354038669168228,3.2693373361408746e-05,0.4677736023642116,0.8865842333421453,bcg_z,,,0.8420000000000414
OXFORD_mv000787,451875,451875,456.058,456.96,0.9019999999999868,OXFORD,OXFORD_451875_BCG_3AXIS_seg0001_c0050,BCG_3AXIS,True,trained_model,0.0366666666666666,0.0208407505902162,0.0499777265729308,0.0488277790979787,0.0124905388007642,0.0001560135595333,0.1963202720939474,0.0004343368851636,2.2123893805309733,12.52005773764009,2.976191676792152e-05,0.5018222673638597,0.8238182608020239,bcg_z,,,4.420000000000016
OXFORD_mv000788,451875,451875,477.32,478.376,1.0559999999999832,OXFORD,OXFORD_451875_BCG_3AXIS_seg0001_c0051,BCG_3AXIS,True,trained_model,0.0433333333333333,0.0227894946155056,0.0602138646020915,0.0587291303161728,0.0129760975420571,0.0001683791074209,0.2747420032951558,0.0005193610648301,1.8939393939393936,9.390323556744033,3.69478957061442e-05,0.478935942337129,0.7352339608518124,bcg_z,,,20.360000000000014
OXFORD_mv000789,451875,451875,479.68,480.118,0.4379999999999882,OXFORD,OXFORD_451875_BCG_3AXIS_seg0001_c0052,BCG_3AXIS,True,trained_model,0.0,0.0244691431786128,0.0468568844596126,0.0443670066757363,0.0119059415022626,0.0001417514430552,0.1317225729369999,0.0005987389678954,4.545454545454546,12.28968765914678,1.3833036500384115e-05,0.4537429815917106,0.8471042754689397,bcg_z,,,1.3040000000000305
OXFORD_mv000790,451875,451875,481.82,482.384,0.5640000000000214,OXFORD,OXFORD_451875_BCG_3AXIS_seg0001_c0053,BCG_3AXIS,True,trained_model,0.0033333333333333,0.0226816287263415,0.0508272812382136,0.0497249769242001,0.0132037618083674,0.0001743393258921,0.1455911277153272,0.0005144562816796,3.5460992907801416,12.062839293163789,1.648361042628451e-05,0.454935070340674,0.8060961408256286,bcg_z,,,1.7019999999999982
OXFORD_mv000791,451875,451875,484.014,484.87,0.8559999999999945,OXFORD,OXFORD_451875_BCG_3AXIS_seg0001_c0054,BCG_3AXIS,True,trained_model,0.03,0.0219244235499996,0.0539224383039501,0.0535220783677331,0.0124673794449951,0.0001554355502254,0.2062118692919043,0.0004806803479997,2.336448598130841,10.481296765459216,2.4897256348665703e-05,0.4712303772321419,0.8091744544657647,bcg_z,,,1.6299999999999955
OXFORD_mv000792,451875,451875,485.71,486.622,0.9120000000000346,OXFORD,OXFORD_451875_BCG_3AXIS_seg0001_c0055,BCG_3AXIS,True,trained_model,0.0333333333333333,0.0231463455521942,0.0616802604536022,0.0602359080883754,0.0133917713232177,0.0001793395391733,0.2448392637766641,0.0005357533124215,2.1929824561403506,8.898084499246721,3.658250057050342e-05,0.4636179477827998,0.7817262206046597,bcg_z,,,0.839999999999975
OXFORD_mv000793,451875,451875,491.822,492.472,0.6499999999999773,OXFORD,OXFORD_451875_BCG_3AXIS_seg0001_c0056,BCG_3AXIS,True,trained_model,0.01,0.0232081805978823,0.0625394983296009,0.0588486138603474,0.0142236657599595,0.000202312667651,0.175590004812439,0.0005386196466639,3.067484662576687,5.830651249511478,1.0678201330812477e-05,0.3682919290319285,0.8594948221066873,bcg_z,,,5.199999999999989
OXFORD_mv000794,451875,451875,493.176,494.108,0.9320000000000164,OXFORD,OXFORD_451875_BCG_3AXIS_seg0001_c0057,BCG_3AXIS,True,trained_model,0.0366666666666666,0.0250862080658237,0.0707686496100479,0.0682993631143829,0.014418130245396,0.0002078824797732,0.2938914290018799,0.0006293178351217,2.145922746781116,8.664838053957943,4.029684355817934e-05,0.4854592917440133,0.8155777922178479,bcg_z,,,0.7040000000000077
OXFORD_mv000795,451875,451875,494.83,496.682,1.8520000000000325,OXFORD,OXFORD_451875_BCG_3AXIS_seg0001_c0058,BCG_3AXIS,True,trained_model,0.0433333333333333,0.0247248146158578,0.0690743393510726,0.0680117836199576,0.0148432436868589,0.0002203218831474,0.5666903563699734,0.0006113164577885,2.159827213822894,8.173946924185454,0.0001493094859927,0.5269725655666542,0.8002926427090664,bcg_z,,,0.72199999999998
OXFORD_mv000796,451875,451875,498.13,499.034,0.9039999999999964,OXFORD,OXFORD_451875_BCG_3AXIS_seg0001_c0059,BCG_3AXIS,True,trained_model,0.0033333333333333,0.0259321970015122,0.0623547966203134,0.0607086980638572,0.0150039831001387,0.0002251195088692,0.3046329151203333,0.0006724788413252,4.424778761061947,12.861415576467868,4.4695472561466105e-05,0.4951380488799173,0.8083225400893458,bcg_z,,,1.447999999999979
OXFORD_mv000797,451875,451875,499.7,500.186,0.48599999999999,OXFORD,OXFORD_451875_BCG_3AXIS_seg0001_c0060,BCG_3AXIS,True,trained_model,0.0,0.028606266423063,0.0511172497071216,0.0474411151941887,0.0129781781355146,0.0001684331077171,0.1996697087948128,0.0008183184786672,4.098360655737705,14.885173031097455,1.7294759234698823e-05,0.4849733434397231,0.7861888681321845,bcg_z,,,0.6659999999999968
OXFORD_mv000798,451875,451875,501.48,504.166,2.685999999999978,OXFORD,OXFORD_451875_BCG_3AXIS_seg0001_c0061,BCG_3AXIS,True,trained_model,0.05,0.0232982398688871,0.0899033461144867,0.0890635463347062,0.0151530749176042,0.0002296156794585,0.7295339264481469,0.0005428079809882,2.2321428571428568,9.049412744513846,0.0001732536497652,0.5323063425428409,0.8196573033833399,bcg_z,,,1.2940000000000396
OXFORD_mv000799,451875,451875,506.736,508.478,1.7420000000000186,OXFORD,OXFORD_451875_BCG_3AXIS_seg0001_c0062,BCG_3AXIS,True,trained_model,0.04,0.024311356017083,0.0961018694745515,0.0951483920587059,0.0157194054017423,0.0002470997061843,0.5153886513715216,0.0005910420313893,2.293577981651376,12.592072086281505,7.84842335580682e-05,0.5828710254796579,0.8158927771391166,bcg_z,,,2.569999999999993
OXFORD_mv000800,451875,451875,510.18,511.988,1.8079999999999927,OXFORD,OXFORD_451875_BCG_3AXIS_seg0001_c0063,BCG_3AXIS,True,trained_model,0.0166666666666666,0.0300295442856524,0.0784855577776467,0.0762476102209832,0.0145502290431381,0.0002117091652077,0.8161050446535838,0.0009017735300039,4.424778761061947,9.846161091211654,0.0001307497814067,0.5393843373761005,0.6029142875159184,bcg_z,,,1.7019999999999982
OXFORD_mv000801,451875,451875,513.292,517.716,4.423999999999978,OXFORD,OXFORD_451875_BCG_3AXIS_seg0001_c0064,BCG_3AXIS,True,trained_model,0.05,0.023128220251196,0.0819290447315691,0.0811824650399084,0.0135652488136422,0.000184015975376,1.1837659478090767,0.0005349145719878,2.260397830018083,8.908532836258667,0.0002552191051122,0.5395545344239471,0.8056093767382037,bcg_z,,,1.3040000000000305
OXFORD_mv000802,451875,451875,518.558,520.372,1.8139999999999643,OXFORD,OXFORD_451875_BCG_3AXIS_seg0001_c0065,BCG_3AXIS,True,trained_model,0.0466666666666666,0.0228011655587972,0.0727119429998287,0.0707641978740526,0.0138788129829695,0.0001926214498162,0.4720629809624319,0.0005198931508396,2.202643171806167,9.269520632061765,0.0001344913228299,0.5305009035248733,0.8099206876273636,bcg_z,,,0.8419999999999845
OXFORD_mv000803,451875,451875,522.088,524.686,2.59800000000007,OXFORD,OXFORD_451875_BCG_3AXIS_seg0001_c0066,BCG_3AXIS,True,trained_model,0.05,0.0223144969575749,0.0915460037200627,0.0908893731577317,0.0138027163688502,0.0001905149791589,0.6473178068105094,0.0004979367744696,2.3076923076923075,9.020206228567906,0.000170357062115,0.5344505786142066,0.7885120796503076,bcg_z,,,1.7160000000000082
OXFORD_mv000804,451875,451875,527.348,528.94,1.5920000000000982,OXFORD,OXFORD_451875_BCG_3AXIS_seg0001_c0067,BCG_3AXIS,True,trained_model,0.08,0.0259376301643544,0.0780422602782659,0.0755499878979958,0.014959620615591,0.0002237902489624,0.5361902448586338,0.0006727606585428,1.2562814070351758,11.340071872592226,0.0001156617421993,0.5637068998421867,0.7860372660446828,bcg_z,,,2.661999999999921
OXFORD_mv000805,451875,451875,531.626,532.554,0.9279999999999972,OXFORD,OXFORD_451875_BCG_3AXIS_seg0001_c0068,BCG_3AXIS,True,trained_model,0.03,0.0266781960634054,0.0885631016617435,0.0875580562100413,0.0176140267000964,0.0003102539365917,0.3309526575168381,0.0007117261451975,2.155172413793103,8.01807060567294,3.7717389514067646e-05,0.4554594451456755,0.866876577371993,bcg_z,,,2.685999999999922
OXFORD_mv000806,451875,451875,534.242,534.688,0.4460000000000264,OXFORD,OXFORD_451875_BCG_3AXIS_seg0001_c0069,BCG_3AXIS,True,trained_model,0.0,0.0320623521807894,0.060925948885763,0.0601393099867706,0.0139291307589713,0.0001940206837005,0.2302707517297536,0.0010279944273649,4.464285714285714,12.290643743906582,1.837170154030708e-05,0.4873998602076929,0.731230460885977,bcg_z,,,1.6879999999999882
OXFORD_mv000807,451875,451875,536.848,537.788,0.9400000000000546,OXFORD,OXFORD_451875_BCG_3AXIS_seg0001_c0070,BCG_3AXIS,True,trained_model,0.0433333333333333,0.0283934262040723,0.0896699527780886,0.0879441237707856,0.0168821845820164,0.0002850081562612,0.3797139129064751,0.0008061866516061,2.127659574468085,9.51286976297106,4.395835784790173e-05,0.5041024105059396,0.795044828129229,bcg_z,,,2.159999999999968
OXFORD_mv000808,451875,451875,538.586,539.448,0.8619999999999663,OXFORD,OXFORD_451875_BCG_3AXIS_seg0001_c0071,BCG_3AXIS,True,trained_model,0.0366666666666666,0.0249076547427773,0.0747265250252362,0.0735926577010337,0.0147926917517255,0.0002188237292615,0.2680090263872926,0.0006203912647853,2.314814814814815,10.229409967907278,2.856050628630089e-05,0.4759120054328017,0.8108577909282608,bcg_z,,,0.7980000000000018
OXFORD_mv000809,451875,451875,542.124,543.492,1.3679999999999382,OXFORD,OXFORD_451875_BCG_3AXIS_seg0001_c0072,BCG_3AXIS,True,trained_model,0.0733333333333333,0.037876851835924,0.1051606867189453,0.1025274911965231,0.0191926217879338,0.0003683567310946,0.982739294925372,0.0014346559050005,1.461988304093567,6.959654872690535,0.000186054783429,0.4798691732088097,0.5759882767562134,bcg_z,,,2.6760000000000446
OXFORD_mv000810,451875,451875,545.11,546.164,1.0539999999999736,OXFORD,OXFORD_451875_BCG_3AXIS_seg0001_c0073,BCG_3AXIS,True,trained_model,0.0033333333333333,0.0259166495367719,0.0557253990624003,0.0538285250544925,0.0133130895034254,0.0001772383521262,0.3546431978558625,0.0006716727232118,3.787878787878788,11.883018078703136,5.118561053428674e-05,0.5110400324719758,0.8063484609518577,bcg_z,,,1.6180000000000518
OXFORD_mv000811,451875,451875,547.464,552.854,5.389999999999986,OXFORD,OXFORD_451875_BCG_3AXIS_seg0001_c0074,BCG_3AXIS,True,trained_model,0.05,0.0226065334183236,0.0789475355665955,0.0780473007241717,0.0134968972628815,0.0001821662357247,1.3778052322104362,0.0005110553531937,2.225519287833828,8.853088502883944,0.0003652358613182,0.5604731434729981,0.7901943950831497,bcg_z,,,1.3000000000000682
OXFORD_mv000812,451875,451875,553.742,554.446,0.7040000000000646,OXFORD,OXFORD_451875_BCG_3AXIS_seg0001_c0075,BCG_3AXIS,True,trained_model,0.0166666666666666,0.0216222119323243,0.0557827727216967,0.0541748896042263,0.0131278835595733,0.0001723413267537,0.165034577242761,0.0004675200488463,2.8409090909090917,11.54705958828782,2.931333881528963e-05,0.4409568924208625,0.8094122302237757,bcg_z,,,0.88799999999992
OXFORD_mv000813,451875,451875,555.346,556.452,1.1059999999999943,OXFORD,OXFORD_451875_BCG_3AXIS_seg0001_c0076,BCG_3AXIS,True,trained_model,0.0066666666666666,0.0238343094619782,0.0552600995098552,0.0537622563245309,0.0139771414279053,0.0001953604824956,0.3147131663712585,0.0005680743075293,3.610108303249097,11.090977089728026,6.785873482327944e-05,0.4670667864693703,0.8091381581808664,bcg_z,,,0.8999999999999773
OXFORD_mv000814,451875,451875,557.944,559.12,1.1760000000000446,OXFORD,OXFORD_451875_BCG_3AXIS_seg0001_c0077,BCG_3AXIS,True,trained_model,0.1133333333333333,0.0232417449393477,0.0580828367403162,0.056965937637809,0.01286339460628,0.0001654669207968,0.3181652589093358,0.0005401787078256,3.4013605442176877,10.54984684039822,6.996416546351475e-05,0.5269231127058476,0.818319475973297,bcg_z,,,1.4919999999999618
OXFORD_mv000815,451875,451875,559.64,560.004,0.3640000000000327,OXFORD,OXFORD_451875_BCG_3AXIS_seg0001_c0078,BCG_3AXIS,True,trained_model,0.0,0.027982359803564,0.0613753698275431,0.057271041098695,0.014689402261599,0.000215778538803,0.1432912802122297,0.0007830124601761,5.494505494505495,12.57602137748199,1.7057020210850513e-05,0.4162262837449693,0.8460962915501803,bcg_z,,,0.5199999999999818
OXFORD_mv000816,451875,451875,567.25,569.002,1.7519999999999527,OXFORD,OXFORD_451875_BCG_3AXIS_seg0001_c0079,BCG_3AXIS,True,trained_model,0.0166666666666666,0.0243491521273585,0.0644231001419781,0.0633141188593509,0.0134835835030192,0.0001818070240828,0.5199568205747345,0.0005928812093212,4.566210045662101,9.5422206675267,9.711260384087813e-05,0.5455356074617133,0.8063720786338611,bcg_z,,,7.245999999999981
OXFORD_mv000817,451875,451875,569.732,570.18,0.4479999999999791,OXFORD,OXFORD_451875_BCG_3AXIS_seg0001_c0080,BCG_3AXIS,True,trained_model,0.0,0.0270715095699579,0.0544041609490871,0.0526990735518749,0.0145078333390774,0.0002104772281944,0.1648949918391731,0.0007328666303963,4.464285714285714,12.165389429380223,1.814210915120105e-05,0.4610832046870661,0.7736086435189153,bcg_z,,,0.7300000000000182
OXFORD_mv000818,451875,451875,572.808,573.294,0.48599999999999,OXFORD,OXFORD_451875_BCG_3AXIS_seg0001_c0081,BCG_3AXIS,True,trained_model,0.0,0.0246454022301961,0.0719168578404628,0.0701175793227818,0.0160667594809579,0.0002581407602189,0.1482045876655103,0.0006073958510881,4.098360655737705,9.786303536877506,1.5370925353393798e-05,0.4437864289073378,0.8751776893076172,bcg_z,,,2.6280000000000427
OXFORD_mv000819,451875,451875,574.928,575.836,0.9080000000000156,OXFORD,OXFORD_451875_BCG_3AXIS_seg0001_c0082,BCG_3AXIS,True,trained_model,0.0366666666666666,0.0241618484458538,0.0569581638260921,0.0537069499175989,0.0121298306040625,0.0001471327904832,0.2656266887457862,0.0005837949203204,4.405286343612334,12.914567085772132,3.402279950776855e-05,0.5385327761993944,0.7512226117748965,bcg_z,,,1.6340000000000146
OXFORD_mv000820,451875,451875,576.654,577.492,0.8379999999999654,OXFORD,OXFORD_451875_BCG_3AXIS_seg0001_c0083,BCG_3AXIS,True,trained_model,0.0,0.0284950644442337,0.0554106700112898,0.0537887816037982,0.0132602282945805,0.0001758336544243,0.3410268530260352,0.000811968697681,4.761904761904762,7.348341244592591,4.308980543995799e-05,0.4391668412737333,0.5021316637971728,bcg_z,,,0.8179999999999836
OXFORD_mv000821,451875,451875,578.046,578.932,0.8859999999999673,OXFORD,OXFORD_451875_BCG_3AXIS_seg0001_c0084,BCG_3AXIS,True,trained_model,0.0033333333333333,0.0231339451048703,0.0573259853006405,0.0563327125479765,0.0126199282861799,0.0001592625899483,0.237619660755128,0.0005351794161151,4.504504504504505,9.870958472957405,3.791436719946305e-05,0.4852663585210303,0.681115827055239,bcg_z,,,0.5540000000000873
OXFORD_mv000822,451875,451875,581.144,582.072,0.9279999999999972,OXFORD,OXFORD_451875_BCG_3AXIS_seg0001_c0085,BCG_3AXIS,True,trained_model,0.0366666666666666,0.027023006918544,0.058426754664044,0.0568625245579476,0.0147246182726752,0.000216814383276,0.3395629498576521,0.0007302429029196,2.155172413793103,9.370965022310136,4.85764287465352e-05,0.4789575632465457,0.8351805410419832,bcg_z,,,2.211999999999989
OXFORD_mv000823,451875,451875,583.73,584.23,0.5,OXFORD,OXFORD_451875_BCG_3AXIS_seg0001_c0086,BCG_3AXIS,True,trained_model,0.0,0.0227116419910513,0.051191309939398,0.0490802581287006,0.011591270690891,0.0001343575562295,0.1294704891643512,0.0005158186819296,4.0,12.045101940337451,1.338950692050107e-05,0.476528634691527,0.8422235810935965,bcg_z,,,1.6580000000000155
OXFORD_mv000824,451875,451875,586.538,587.104,0.5660000000000309,OXFORD,OXFORD_451875_BCG_3AXIS_seg0001_c0087,BCG_3AXIS,True,trained_model,0.0066666666666666,0.0277921442363899,0.0594320586723702,0.0547945938376458,0.0146745358649613,0.000215342002852,0.2193625318767907,0.0007724032812563,3.52112676056338,14.14136386154114,1.5774466068940008e-05,0.5054407842705694,0.8789699547463266,bcg_z,,,2.3079999999999927
OXFORD_mv000825,451875,451875,588.716,589.02,0.3039999999999736,OXFORD,OXFORD_451875_BCG_3AXIS_seg0001_c0088,BCG_3AXIS,True,trained_model,0.0,0.0273280068316409,0.0478425728729814,0.0463838102095973,0.0115780735765917,0.0001340517877449,0.1142634534807031,0.0007468199573902,6.578947368421053,13.465410159103657,1.124933242582644e-05,0.4487099229893911,0.8131572290657417,bcg_z,,,1.6119999999999663
OXFORD_mv000826,451875,451875,591.548,592.066,0.5180000000000291,OXFORD,OXFORD_451875_BCG_3AXIS_seg0001_c0089,BCG_3AXIS,True,trained_model,0.0,0.0253508574674763,0.0679460841445709,0.0644318927949971,0.0148876564995961,0.0002216423160499,0.1670931533274386,0.0006426659743363,3.846153846153846,12.89608553684751,1.2859490072491769e-05,0.4847814834809281,0.8795403933357995,bcg_z,,,2.52800000000002
OXFORD_mv000827,451875,451875,594.584,595.034,0.4500000000000455,OXFORD,OXFORD_451875_BCG_3AXIS_seg0001_c0090,BCG_3AXIS,True,trained_model,0.0,0.0250596943429877,0.0603465226992555,0.0554693450852295,0.0144767506388369,0.000209576309059,0.1419253514074574,0.0006279882805639,4.424778761061947,10.513643843307598,7.360722682469731e-06,0.4626176401735505,0.8084817546839772,bcg_z,,,2.5179999999999154
OXFORD_mv000828,451875,451875,598.078,598.502,0.4239999999999781,OXFORD,OXFORD_451875_BCG_3AXIS_seg0001_c0091,BCG_3AXIS,True,trained_model,0.0,0.0326968726398447,0.0751858866608655,0.0727709511934256,0.0189886588568078,0.0003605691651802,0.2277152073307872,0.0010690854804262,4.716981132075472,12.155706797902974,3.578675644890747e-05,0.4446316944580283,0.8392578252619025,bcg_z,,,3.0439999999999827
OXFORD_mv000829,451875,451875,599.476,599.964,0.4880000000000564,OXFORD,OXFORD_451875_BCG_3AXIS_seg0001_c0092,BCG_3AXIS,True,trained_model,0.0,0.0301634309440172,0.0742378846350105,0.0710775341114056,0.0163207863474348,0.0002663680669986,0.2229089787470516,0.0009098325663144,4.098360655737705,12.922206496546949,2.439971718530809e-05,0.4396683116301422,0.8751559261717855,bcg_z,,,0.9740000000000464
OXFORD_mv000830,451875,451875,602.352,603.332,0.9800000000000182,OXFORD,OXFORD_451875_BCG_3AXIS_seg0001_c0093,BCG_3AXIS,True,trained_model,0.04,0.044184896007414,0.0889237359108029,0.0832767493981447,0.0170524164003553,0.0002907849050911,0.9585817722763244,0.0019523050351859,6.122448979591837,14.419288486218411,8.88945329550832e-05,0.5671104051932839,0.6512312798887656,bcg_z,,,2.38799999999992
OXFORD_mv000831,451875,451875,613.784,617.908,4.124000000000024,OXFORD,OXFORD_451875_BCG_3AXIS_seg0001_c0094,BCG_3AXIS,True,trained_model,0.0833333333333333,0.0495430593685721,0.1456971941425828,0.1399872109767209,0.0229554762801581,0.0005269538912489,5.063663891286403,0.0024545147315978,0.4849660523763337,5.876457430208875,0.0007903440306312,0.5302895977486047,0.5265037310791104,bcg_x,,,10.451999999999998
OXFORD_mv000832,451875,451875,621.212,622.222,1.009999999999991,OXFORD,OXFORD_451875_BCG_3AXIS_seg0001_c0095,BCG_3AXIS,True,trained_model,0.04,0.0462018247782935,0.0913096629919018,0.0879072362655825,0.0211647131931028,0.0004479450845463,1.080111958099137,0.0021346086128441,1.976284584980237,5.989845051717082,0.0001552457402485,0.422668835691235,0.4056705575687476,bcg_x,,,3.3039999999999736
OXFORD_mv000833,451875,451875,622.954,623.834,0.8799999999999955,OXFORD,OXFORD_451875_BCG_3AXIS_seg0001_c0096,BCG_3AXIS,True,trained_model,0.0066666666666666,0.0320741025695972,0.0821471489987897,0.0797787738015533,0.0166358672071096,0.0002767520777325,0.4536778925394648,0.001028748055645,4.545454545454546,6.153263385709647,7.307265365919063e-05,0.3504439549066054,0.4933954946739609,bcg_x,,,0.7319999999999709
OXFORD_mv000834,451875,451875,637.494,637.802,0.3079999999999927,OXFORD,OXFORD_451875_BCG_3AXIS_seg0001_c0097,BCG_3AXIS,True,trained_model,0.2333333333333333,0.0308849149176797,0.0555745035462716,0.0532839394660476,0.0138398035541864,0.0001915401624184,0.1478510852682095,0.0009538779694723,25.97402597402597,18.373051875361536,1.0329569763900564e-05,0.4753909976867922,0.7414211492586372,bcg_z,,,13.660000000000082
OXFORD_mv000835,451875,451875,642.29,643.236,0.9460000000000264,OXFORD,OXFORD_451875_BCG_3AXIS_seg0001_c0098,BCG_3AXIS,True,trained_model,0.01,0.0230982169341115,0.0716535082493934,0.0704790119557998,0.0135560796813938,0.0001837672963283,0.2528920945037208,0.0005335276255352,4.219409282700422,12.582146525644053,3.808892274924556e-05,0.5323167961635276,0.685234050736357,bcg_z,,,4.487999999999943
OXFORD_mv000836,451875,451875,646.71,647.108,0.3979999999999108,OXFORD,OXFORD_451875_BCG_3AXIS_seg0001_c0099,BCG_3AXIS,True,trained_model,0.0266666666666666,0.0299784371551291,0.0560460572522267,0.0537649012065941,0.0133662718442264,0.0001786572230137,0.1797413388528059,0.000898706694264,15.0,12.81466465049946,2.034383478577757e-05,0.4261003598391042,0.6904145525289626,bcg_z,,,3.4740000000000464
OXFORD_mv000837,451875,451875,650.054,650.472,0.4180000000000063,OXFORD,OXFORD_451875_BCG_3AXIS_seg0001_c0100,BCG_3AXIS,True,trained_model,0.0,0.0219307373697059,0.0524374765170821,0.0499420765958112,0.0121547541711001,0.0001477380489598,0.1010010207315937,0.000480957241579,4.761904761904762,8.686424766813719,5.2161467143215055e-06,0.3698351680725918,0.6763017479792091,bcg_z,,,2.9460000000000264
OXFORD_mv000838,451875,451875,657.564,658.066,0.5020000000000664,OXFORD,OXFORD_451875_BCG_3AXIS_seg0001_c0101,BCG_3AXIS,True,trained_model,0.1933333333333333,0.0348700433727138,0.0596803191913196,0.0542093229224991,0.0146288237487688,0.0002140024842725,0.3064118210533668,0.0012159199248149,3.968253968253968,11.678567528152543,3.190998339753413e-05,0.4865091240953925,0.64315844633423,bcg_z,,,7.0919999999999845
OXFORD_mv000839,451875,451875,663.558,664.092,0.5339999999999918,OXFORD,OXFORD_451875_BCG_3AXIS_seg0001_c0102,BCG_3AXIS,True,trained_model,0.0,0.0248938571562754,0.0579757335506113,0.0548313458998746,0.0135715013046063,0.0001841856476609,0.1660807052633685,0.000619704124117,3.731343283582089,12.120897874558365,1.153524317029127e-05,0.4678987982332812,0.8556016231529557,bcg_z,,,5.491999999999962
OXFORD_mv000840,451875,451875,667.644,668.044,0.3999999999999772,OXFORD,OXFORD_451875_BCG_3AXIS_seg0001_c0103,BCG_3AXIS,True,trained_model,0.0,0.0263776607545166,0.0608590745280732,0.0563291634851007,0.0138193265529526,0.0001909737863771,0.1398519783629544,0.0006957809868803,5.0,14.655744836490037,1.3270914000199045e-05,0.4732242001627458,0.8172986542688868,bcg_z,,,3.552000000000021
OXFORD_mv000841,451875,451875,668.574,669.516,0.9420000000000072,OXFORD,OXFORD_451875_BCG_3AXIS_seg0001_c0104,BCG_3AXIS,True,trained_model,0.0366666666666666,0.0244673365533405,0.0647784390862067,0.0633727982218496,0.0148230816953201,0.0002197237509461,0.2825630633828132,0.0005986505580144,2.11864406779661,10.073811054350436,4.988723701982852e-05,0.4738006317535059,0.7718588382714295,bcg_z,,,0.5299999999999727
OXFORD_mv000842,451875,451875,672.996,673.514,0.5180000000000291,OXFORD,OXFORD_451875_BCG_3AXIS_seg0001_c0105,BCG_3AXIS,True,trained_model,0.0,0.0230867353769848,0.0506933497044692,0.0473421931054094,0.0133857987828351,0.0001791796090545,0.1385793110954002,0.0005329973503669,3.846153846153846,8.483830601210776,1.4539209510982618e-05,0.4114426289512667,0.7379956054225567,bcg_z,,,3.480000000000018
OXFORD_mv000843,451875,451875,677.502,678.506,1.004000000000019,OXFORD,OXFORD_451875_BCG_3AXIS_seg0001_c0106,BCG_3AXIS,True,trained_model,0.0433333333333333,0.0242197219195953,0.0677572543927539,0.0666695223433016,0.0148667760432693,0.0002210210299207,0.2950572497208502,0.0005865949298625,1.99203187250996,9.446657492793234,3.781049137930119e-05,0.497381411725375,0.8211107920354348,bcg_z,,,3.9879999999999427
OXFORD_mv000844,451875,451875,679.02,679.624,0.6040000000000418,OXFORD,OXFORD_451875_BCG_3AXIS_seg0001_c0107,BCG_3AXIS,True,trained_model,0.21,0.0280160424760395,0.0631245523040936,0.0614287709394943,0.0134402452869431,0.0001806401933731,0.2378242867138327,0.0007848986360192,3.3112582781456954,10.878671956851957,3.093325817294277e-05,0.4769002568193733,0.8130988589058651,bcg_z,,,0.51400000000001
OXFORD_mv000845,451875,451875,682.076,682.46,0.3840000000000145,OXFORD,OXFORD_451875_BCG_3AXIS_seg0001_c0108,BCG_3AXIS,True,trained_model,0.0,0.0347648575524579,0.0682464642931953,0.0626088570441511,0.0170772069997997,0.000291630998914,0.2332588968840397,0.0012085953206426,5.208333333333333,9.91072923561306,2.4586531986017045e-05,0.3619704887990368,0.7790581236901712,bcg_z,,,2.451999999999998
OXFORD_mv000846,451875,451875,683.056,683.898,0.8419999999999845,OXFORD,OXFORD_451875_BCG_3AXIS_seg0001_c0109,BCG_3AXIS,True,trained_model,0.0366666666666666,0.0215022729696158,0.0578602245937172,0.0548165977123819,0.0127402308274666,0.0001623134815371,0.1951107474868655,0.0004623477428598,4.739336492890995,14.932331529204795,3.159226752333706e-05,0.5451867744447336,0.7693501849666289,bcg_z,,,0.5960000000000036
OXFORD_mv000847,451875,451875,688.474,688.772,0.2980000000000018,OXFORD,OXFORD_451875_BCG_3AXIS_seg0001_c0110,BCG_3AXIS,True,trained_model,0.0266666666666666,0.0286397993407009,0.0574722576705502,0.0527402623562873,0.0122965416948274,0.0001512049376526,0.1230357159413421,0.0008202381062756,20.0,16.83397922399211,1.1432182783824489e-05,0.3275268880048221,0.6632584351214226,bcg_z,,,4.576000000000022
OXFORD_mv000848,451875,451875,700.552,702.932,2.3799999999999955,OXFORD,OXFORD_451875_BCG_3AXIS_seg0001_c0111,BCG_3AXIS,True,trained_model,0.0766666666666666,0.0231057379076476,0.0649518761000172,0.0637101377570103,0.0124329958390542,0.0001545793855339,0.6358452729899747,0.0005338751242569,1.680672268907563,8.537366206496344,0.0001419615558208,0.5403953698338363,0.7134900299616287,bcg_z,,,11.779999999999973
OXFORD_mv000849,451875,451875,707.316,707.624,0.3079999999999927,OXFORD,OXFORD_451875_BCG_3AXIS_seg0001_c0112,BCG_3AXIS,True,trained_model,0.0,0.0315585577050561,0.064426474284076,0.0626199821622252,0.0178692668313147,0.0003193106970887,0.1543710974856205,0.0009959425644233,6.493506493506493,11.784687551690482,1.710870191435999e-05,0.3820920513127025,0.8311646798303196,bcg_z,,,4.3840000000000146
OXFORD_mv000850,451875,451875,708.244,708.746,0.5019999999999527,OXFORD,OXFORD_451875_BCG_3AXIS_seg0001_c0113,BCG_3AXIS,True,trained_model,0.0033333333333333,0.0281546328320244,0.0547366102500947,0.0510010811370193,0.0124105424777967,0.0001540215645931,0.1997562041763391,0.0007926833499061,11.904761904761903,13.217445504801894,1.5054119901378063e-05,0.4938866834690051,0.7055047359891207,bcg_z,,,0.6200000000000045
OXFORD_mv000851,451875,451875,719.708,720.018,0.3100000000000591,OXFORD,OXFORD_451875_BCG_3AXIS_seg0001_c0114,BCG_3AXIS,True,trained_model,0.0,0.0309979135033945,0.0592580511842034,0.0484868606941851,0.012764232347352,0.0001629256274171,0.1498958200839729,0.0009608706415639,6.410256410256411,14.553553257798292,5.5684537172445645e-06,0.4288269575987602,0.6300256493946492,bcg_z,,,10.961999999999989
OXFORD_mv000852,451875,451875,720.99,721.93,0.9399999999999408,OXFORD,OXFORD_451875_BCG_3AXIS_seg0001_c0115,BCG_3AXIS,True,trained_model,0.0066666666666666,0.0470341999895685,0.1046498201361512,0.0986777454463917,0.0213297606701181,0.0004549586902445,1.041953721238262,0.0022122159686587,4.25531914893617,6.519013177490465,0.0001745357627584,0.382391748417785,0.6334935909232868,bcg_x,,,0.97199999999998
OXFORD_mv000853,451875,451875,722.552,723.498,0.9460000000000264,OXFORD,OXFORD_451875_BCG_3AXIS_seg0001_c0116,BCG_3AXIS,True,trained_model,0.0333333333333333,0.0465278511455218,0.1022937269179753,0.1005486927833605,0.0207543343465648,0.0004307423941689,1.0261346018722015,0.0021648409322198,2.109704641350211,7.798099305936596,0.0003059588913711,0.4581075287772955,0.6246718906141643,bcg_x,,,0.6220000000000709
OXFORD_mv000854,451875,451875,724.968,727.71,2.7420000000000755,OXFORD,OXFORD_451875_BCG_3AXIS_seg0001_c0117,BCG_3AXIS,True,trained_model,0.0833333333333333,0.0401181611846428,0.0936219199293239,0.0906424105389461,0.0198943435116508,0.0003957849037595,2.208188527580343,0.0016094668568369,0.7288629737609329,7.436861153628887,0.0002995925851306,0.5529994692486558,0.5712680443824179,bcg_x,,,1.4699999999999136
OXFORD_mv000855,451875,451875,728.292,728.608,0.3159999999999172,OXFORD,OXFORD_451875_BCG_3AXIS_seg0001_c0118,BCG_3AXIS,True,trained_model,0.22,0.0439333941817492,0.0700313504845291,0.0613065617574645,0.0139462083543083,0.0001944967274617,0.3068927567683042,0.0019301431243289,18.9873417721519,15.716331725474843,1.53673267924363e-05,0.4457671164742561,0.630414843120904,bcg_z,,,0.5819999999999936
OXFORD_mv000856,451875,451875,729.148,731.654,2.505999999999972,OXFORD,OXFORD_451875_BCG_3AXIS_seg0001_c0119,BCG_3AXIS,True,trained_model,0.0766666666666666,0.0651049402986918,0.1660116921347541,0.1639158967024672,0.0303323208535349,0.0009200496883617,5.31527117712548,0.0042386532512962,0.7974481658692185,5.56263101336743,0.0005070265296162,0.4837432623521647,0.6407801011809092,bcg_x,,,0.5400000000000773
OXFORD_mv000857,451875,451875,734.05,734.358,0.3079999999999927,OXFORD,OXFORD_451875_BCG_3AXIS_seg0001_c0120,BCG_3AXIS,True,trained_model,0.2,0.0356741350335677,0.0593430115782824,0.0548629457136036,0.0145814740820561,0.0002126193864056,0.1972598061109496,0.0012726439103932,6.493506493506493,13.331685020676792,2.038214358122471e-05,0.4299280712668796,0.7409392603711588,bcg_z,,,2.395999999999958
OXFORD_mv000858,451875,451875,735.0,736.016,1.0159999999999627,OXFORD,OXFORD_451875_BCG_3AXIS_seg0001_c0121,BCG_3AXIS,True,trained_model,0.04,0.0309705489902054,0.0941460648021074,0.0919863676670099,0.01863340306819,0.0003472037099016,0.4882200265201493,0.0009591749047547,1.968503937007874,9.384418062906809,8.562832837525489e-05,0.4566446225806753,0.7841752723819474,bcg_z,,,0.6420000000000528
OXFORD_mv000859,451875,451875,738.606,739.052,0.4460000000000264,OXFORD,OXFORD_451875_BCG_3AXIS_seg0001_c0122,BCG_3AXIS,True,trained_model,0.0033333333333333,0.0352753283656982,0.0878576735138233,0.0796507971363188,0.019119272260241,0.0003655465717612,0.278734129252955,0.0012443487913078,4.464285714285714,10.287037267281578,3.143939073569392e-05,0.381025567351018,0.814436668453965,bcg_z,,,2.590000000000032
OXFORD_mv000860,451875,451875,739.594,740.406,0.8119999999998981,OXFORD,OXFORD_451875_BCG_3AXIS_seg0001_c0123,BCG_3AXIS,True,trained_model,0.02,0.0332400645372146,0.1101128427137873,0.1085071457054626,0.0212647494368428,0.0004521895686117,0.4496950694083439,0.0011049018904381,2.463054187192118,11.596980657264863,0.0001112709556416,0.4850559895251932,0.8490452083063267,bcg_z,,,0.54200000000003
OXFORD_mv000861,451875,451875,761.552,762.486,0.9339999999999692,OXFORD,OXFORD_451875_BCG_3AXIS_seg0001_c0124,BCG_3AXIS,True,trained_model,0.0066666666666666,0.0369350662431579,0.0737779044007133,0.0719977621122315,0.0155618993719861,0.0002421727120638,0.6384451874048662,0.0013641991183864,12.82051282051282,10.614092926410422,0.0001037500907865,0.4913535801660413,0.4814329797938088,bcg_x,,,21.146000000000072
OXFORD_mv000862,451875,451875,763.034,766.038,3.004000000000019,OXFORD,OXFORD_451875_BCG_3AXIS_seg0001_c0125,BCG_3AXIS,True,trained_model,0.0766666666666666,0.0494305419423509,0.1125862406638772,0.1085643228896991,0.0216416681853992,0.0004683618018469,3.672397850501917,0.0024433784767145,0.6657789613848203,6.186479517650463,0.0005702162688831,0.5211812799490604,0.531132360522493,bcg_x,,,0.5480000000000018
OXFORD_mv000863,451875,451875,767.738,768.128,0.3899999999999863,OXFORD,OXFORD_451875_BCG_3AXIS_seg0001_c0126,BCG_3AXIS,True,trained_model,0.0,0.0263710754691955,0.0523900784394703,0.0494511960256327,0.014069755520212,0.0001979580203985,0.1363049897947938,0.000695433621402,5.1020408163265305,9.011033315547838,1.5326029229319132e-05,0.3444688291371242,0.7775575911697203,bcg_z,,,1.7000000000000455
OXFORD_mv000864,451875,451875,777.122,777.69,0.5680000000000973,OXFORD,OXFORD_451875_BCG_3AXIS_seg0001_c0127,BCG_3AXIS,True,trained_model,0.0066666666666666,0.0447069852475654,0.1068077985144559,0.1025295296834958,0.0226345871848578,0.0005123245370289,0.5696336410289189,0.001998714529926,7.04225352112676,14.53322859891331,9.228782158510204e-05,0.5257110001473548,0.818210465706642,bcg_z,,,8.993999999999915
OXFORD_mv000865,451875,451875,782.884,783.218,0.3339999999999463,OXFORD,OXFORD_451875_BCG_3AXIS_seg0001_c0128,BCG_3AXIS,True,trained_model,0.21,0.0266428145618644,0.0497382313401606,0.045243083163335,0.0117235330363879,0.0001374412268552,0.1192530473866866,0.0007098395677778,5.952380952380952,15.683029970650068,7.01735739764735e-06,0.4872975293140413,0.747667289480796,bcg_z,,,5.19399999999996
OXFORD_mv000866,451875,451875,784.742,785.116,0.3740000000000236,OXFORD,OXFORD_451875_BCG_3AXIS_seg0001_c0129,BCG_3AXIS,True,trained_model,0.0,0.0377504063267291,0.0854877528163272,0.0814063318962085,0.0177615549531408,0.0003154728343534,0.2679175174326323,0.0014250931778331,5.319148936170213,16.790884745109764,3.202258340971831e-05,0.4925584220533202,0.8250011504106515,bcg_z,,,1.524000000000001
OXFORD_mv000867,451875,451875,785.652,786.694,1.0419999999999163,OXFORD,OXFORD_451875_BCG_3AXIS_seg0001_c0130,BCG_3AXIS,True,trained_model,0.0466666666666666,0.023789612773716,0.0577635790404491,0.0553650540502858,0.0133160628722706,0.0001773175304182,0.2954236428319914,0.0005659456759233,1.9157088122605364,12.41502618965193,6.142656440597766e-05,0.5233625803148025,0.7383662415558733,bcg_z,,,0.5360000000000582
OXFORD_mv000868,451875,451875,788.246,788.624,0.3780000000000427,OXFORD,OXFORD_451875_BCG_3AXIS_seg0001_c0131,BCG_3AXIS,True,trained_model,0.19,0.028186255585496,0.0608210522704684,0.0573816703946088,0.0144032516724698,0.0002074536587405,0.1509483507468728,0.0007944650039309,10.526315789473683,15.329825402463047,9.165291007768706e-06,0.4568303502027998,0.8626043283637546,bcg_z,,,1.552000000000021
OXFORD_mv000869,451875,451875,836.302,837.69,1.3880000000000337,OXFORD,OXFORD_451875_BCG_3AXIS_seg0001_c0132,BCG_3AXIS,True,trained_model,0.08,0.0260597431560934,0.06379540500952,0.06312115256504,0.0134316777331018,0.0001804099667259,0.471981598286282,0.0006791102133615,1.440922190201729,7.20325738704982,7.951453691664245e-05,0.4930365082200111,0.6006628112575434,bcg_z,,,47.678
OXFORD_mv000870,451875,451875,842.828,843.646,0.8179999999999836,OXFORD,OXFORD_451875_BCG_3AXIS_seg0001_c0133,BCG_3AXIS,True,trained_model,0.02,0.0215290820797309,0.0551993197061974,0.0541672720704844,0.0122788502777438,0.0001507701641432,0.1900355638302746,0.0004635013751957,2.4390243902439024,8.454071631048395,3.638481110367353e-05,0.477923044961507,0.6431446184660872,bcg_z,,,5.13799999999992
OXFORD_mv000871,451875,451875,849.182,849.582,0.3999999999999772,OXFORD,OXFORD_451875_BCG_3AXIS_seg0001_c0134,BCG_3AXIS,True,trained_model,0.0,0.028256079091973,0.0608834427505025,0.058009046982094,0.0142518853664824,0.0002031162364993,0.160479607136019,0.0007984060056518,5.0,9.984218606058684,1.6268143357323036e-05,0.359455222964569,0.7455503345338299,bcg_z,,,5.536000000000058
OXFORD_mv000872,451875,451875,851.1,851.4,0.2999999999999545,OXFORD,OXFORD_451875_BCG_3AXIS_seg0001_c0135,BCG_3AXIS,True,trained_model,0.0,0.0279616021164333,0.0531361666107202,0.0481443728412403,0.013734963487305,0.0001886492219976,0.1180595301305775,0.0007818511929177,13.333333333333334,12.103220328215194,1.5967607628441064e-05,0.3359781754436589,0.7989124451844649,bcg_z,,,1.518000000000029
OXFORD_mv000873,451875,451875,853.098,853.676,0.5780000000000882,OXFORD,OXFORD_451875_BCG_3AXIS_seg0001_c0136,BCG_3AXIS,True,trained_model,0.0033333333333333,0.0224262416408515,0.054388432593452,0.0535137211626835,0.0133904925938384,0.0001793052919056,0.1458515310988208,0.0005029363141338,3.4482758620689657,14.386615432046316,1.466606953040555e-05,0.5017750612670852,0.6392025430579543,bcg_z,,,1.697999999999979
OXFORD_mv000874,451875,451875,854.582,855.886,1.3039999999999736,OXFORD,OXFORD_451875_BCG_3AXIS_seg0001_c0137,BCG_3AXIS,True,trained_model,0.0733333333333333,0.0217748878635643,0.0642527725989873,0.0624202211696635,0.0131602486062712,0.0001731921433788,0.3096171691804322,0.0004741457414707,1.5337423312883436,8.500086668916538,8.430484950239594e-05,0.511727027629421,0.7202100967457243,bcg_z,,,0.9059999999999491
OXFORD_mv000875,451875,451875,859.712,863.712,4.0,OXFORD,OXFORD_451875_BCG_3AXIS_seg0001_c0138,BCG_3AXIS,True,trained_model,0.0866666666666666,0.0274093503172754,0.0647974523082848,0.0624039180893735,0.0131238663592555,0.0001722358682155,1.5032962421150708,0.0007512724848151,1.0,7.552175762437426,0.0002779049435884,0.5596113485657629,0.4813780559805415,bcg_z,,,3.826000000000022
OXFORD_mv000876,451875,451875,866.258,869.14,2.881999999999948,OXFORD,OXFORD_451875_BCG_3AXIS_seg0001_c0139,BCG_3AXIS,True,trained_model,0.0466666666666666,0.0233423721113183,0.0783157472546408,0.0774461769302321,0.0134804781152627,0.000181723290216,0.7856972561994522,0.0005448663357832,2.0804438280166435,10.684497254289312,0.0001156637381844,0.5829443723989338,0.7405236228726838,bcg_z,,,2.546000000000049
OXFORD_mv000877,451875,451875,870.916,871.88,0.9639999999999418,OXFORD,OXFORD_451875_BCG_3AXIS_seg0001_c0140,BCG_3AXIS,True,trained_model,0.0433333333333333,0.0239935994157352,0.0833801784695074,0.0821337217982447,0.0153067664609607,0.0002342970994903,0.2780596286416984,0.0005756928129227,2.074688796680498,9.489086044799151,3.789858359111718e-05,0.5002335114055866,0.8308188382167774,bcg_z,,,1.7760000000000673
OXFORD_mv000878,451875,451875,874.138,874.602,0.4639999999999418,OXFORD,OXFORD_451875_BCG_3AXIS_seg0001_c0141,BCG_3AXIS,True,trained_model,0.0,0.0185973228689804,0.052232243360111,0.0509010793848833,0.0105760864018737,0.0001118536035798,0.0805854773690932,0.0003458604178931,8.620689655172413,9.61023429079877,4.516803270392685e-06,0.4271841894381116,0.7412769018744232,bcg_z,,,2.258000000000038
OXFORD_mv000879,451875,451875,875.5,878.68,3.17999999999995,OXFORD,OXFORD_451875_BCG_3AXIS_seg0001_c0142,BCG_3AXIS,True,trained_model,0.0866666666666666,0.0271262975081195,0.0701592819812855,0.0693982385723812,0.0133504164266874,0.0001782336187659,1.1707151022499285,0.000735836016499,0.6289308176100629,8.938653034688251,0.0001834888771543,0.5792137293803716,0.5323261592135127,bcg_z,,,0.8980000000000246
OXFORD_mv000880,451875,451875,880.484,882.196,1.711999999999989,OXFORD,OXFORD_451875_BCG_3AXIS_seg0001_c0143,BCG_3AXIS,True,trained_model,0.0133333333333333,0.0232076417302283,0.0661823987377568,0.0638719757246316,0.0132327515173046,0.0001751057127187,0.4615756019195931,0.0005385946346786,4.672897196261682,11.001773178549442,9.249896614175702e-05,0.5758458871619878,0.7094894159313995,bcg_z,,,1.8040000000000873
OXFORD_mv000881,451875,451875,883.684,885.1,1.4160000000000537,OXFORD,OXFORD_451875_BCG_3AXIS_seg0001_c0144,BCG_3AXIS,True,trained_model,0.0066666666666666,0.0527042788241904,0.1105425286764269,0.1024207721603852,0.0217587030758814,0.0004734411595443,1.9694183735220123,0.002777741006378,4.237288135593221,7.8135295438995005,0.0003377574248678,0.4280570010814349,0.5921455392857525,bcg_x,,,1.4879999999999427
OXFORD_mv000882,451875,451875,885.772,886.49,0.7179999999999609,OXFORD,OXFORD_451875_BCG_3AXIS_seg0001_c0145,BCG_3AXIS,True,trained_model,0.04,0.0260175043550611,0.0651676123869602,0.063574962448604,0.0131701500632068,0.0001734528526873,0.2436877918316258,0.0006769105328656,16.666666666666664,14.579715767448398,3.225775913952306e-05,0.5420685771907624,0.6861345198563966,bcg_z,,,0.6720000000000255
OXFORD_mv000883,451875,451875,887.356,887.852,0.4959999999999809,OXFORD,OXFORD_451875_BCG_3AXIS_seg0001_c0146,BCG_3AXIS,True,trained_model,0.0,0.0260229113337139,0.0520578323466641,0.0503563693545228,0.0107158893410399,0.0001148302843694,0.1686207866563019,0.0006771919142823,4.032258064516129,13.07185149545528,9.240431337514918e-06,0.4708818637604232,0.7443275262062958,bcg_z,,,0.8659999999999854
OXFORD_mv000884,451875,451875,888.498,897.936,9.437999999999988,OXFORD,OXFORD_451875_BCG_3AXIS_seg0001_c0147,BCG_3AXIS,True,trained_model,0.05,0.0226479945451955,0.0823408334218933,0.0815498381189059,0.0130492893711251,0.0001702839530913,2.421037420658652,0.0005129316569192,2.1186440677966103,9.861054378231437,0.0006037151536872,0.5751700168659084,0.7281748065262448,bcg_z,,,0.6460000000000719
OXFORD_mv000885,451875,451875,898.726,902.0,3.274000000000001,OXFORD,OXFORD_451875_BCG_3AXIS_seg0001_c0148,BCG_3AXIS,True,trained_model,0.03,0.0229097077042957,0.0650992549460751,0.0646073005747102,0.0121153067330798,0.0001467806572366,0.8597120102236834,0.0005248547070962,2.4420024420024418,10.616108834238297,0.0001483396436667,0.5689250543308121,0.6866375918923033,bcg_z,,,0.7899999999999636
OXFORD_mv000886,451875,451875,902.512,903.406,0.8940000000000055,OXFORD,OXFORD_451875_BCG_3AXIS_seg0001_c0149,BCG_3AXIS,True,trained_model,0.0366666666666666,0.0213413489330637,0.0737003437383875,0.0728272118566087,0.013046372095628,0.0001702078248575,0.2040430220786866,0.0004554531742827,2.232142857142857,9.531517799104693,2.882708367992107e-05,0.4705925697705334,0.7654392800626676,bcg_z,,,0.5119999999999436
OXFORD_mv000887,451898,451898,2.716,3.292,0.5759999999999996,OXFORD,OXFORD_451898_BCG_3AXIS_seg0001_c0001,BCG_3AXIS,True,trained_model,0.18,0.4429314743894531,2.239384410556538,2.2251431800490304,0.3917380776166152,0.1534587214547612,56.69841610039146,0.1961882910048147,6.944444444444444,10.4852981051967,0.0488692431194609,0.4823821877790945,0.4029087571445913,bcg_x,,,
OXFORD_mv000888,451898,451898,61.604,62.394,0.7899999999999991,OXFORD,OXFORD_451898_BCG_3AXIS_seg0001_c0002,BCG_3AXIS,True,trained_model,0.0066666666666666,0.0476576565686955,0.0806405220193351,0.073632692069554,0.0196451245246777,0.00038593091759,0.8994158829294133,0.0022712522296197,5.05050505050505,6.578564707562847,0.0001013781708987,0.3529963533081803,0.532617339416853,bcg_x,,,58.312
OXFORD_mv000889,451898,451898,62.918,64.016,1.098000000000006,OXFORD,OXFORD_451898_BCG_3AXIS_seg0001_c0003,BCG_3AXIS,True,trained_model,0.1433333333333333,0.0415842687206436,0.0765431151100043,0.0720434240317607,0.018279733268388,0.0003341486483634,0.9510882727668878,0.0017292514050307,3.636363636363636,4.937137795794748,0.0002034517402202,0.3410916645712331,0.6131069873154082,bcg_x,,,0.5240000000000009
OXFORD_mv000890,451898,451898,66.772,67.642,0.8699999999999903,OXFORD,OXFORD_451898_BCG_3AXIS_seg0001_c0004,BCG_3AXIS,True,trained_model,0.0066666666666666,0.0400699548535262,0.0735006621842946,0.0671418576144985,0.0170103540634116,0.0002893521453626,0.7000421589361423,0.0016056012819636,6.8807339449541285,6.853191721753915,0.0001138425281401,0.3737864318558049,0.6379970723200297,bcg_y,,,2.7560000000000002
OXFORD_mv000891,451898,451898,275.746,276.196,0.4500000000000455,OXFORD,OXFORD_451898_BCG_3AXIS_seg0001_c0005,BCG_3AXIS,True,trained_model,0.0,0.0434093338294361,0.094182672631444,0.0883154475315591,0.0240417677130926,0.0005780065947703,0.4258676795544877,0.0018843702635154,8.849557522123893,8.956907389271132,3.810418685030141e-05,0.2616796550044775,0.405039966509397,bcg_y,,,208.10399999999998
OXFORD_mv000892,451898,451898,280.618,287.604,6.98599999999999,OXFORD,OXFORD_451898_BCG_3AXIS_seg0001_c0006,BCG_3AXIS,True,trained_model,0.2,0.0640513960943569,0.2038726319450989,0.2002519229637123,0.0315149255715585,0.0009931905337808,14.334419207676913,0.0041025813416362,0.5724098454493417,4.840206782374097,0.0028989751082622,0.50745666921926,0.4720396960023488,bcg_x,,,4.421999999999969
OXFORD_mv000893,451898,451898,369.546,371.102,1.5559999999999832,OXFORD,OXFORD_451898_BCG_3AXIS_seg0001_c0007,BCG_3AXIS,True,trained_model,0.1566666666666666,0.0562811694410694,0.1079710802909348,0.0952509092667252,0.0234261316101233,0.0005487836422148,2.467537056216756,0.0031675700336543,2.570694087403599,4.794888824739167,0.0002684963964213,0.4179866686187689,0.4864261307366915,bcg_x,,,81.94200000000001
OXFORD_mv000894,451898,451898,408.038,408.988,0.9499999999999886,OXFORD,OXFORD_451898_BCG_3AXIS_seg0001_c0008,BCG_3AXIS,True,trained_model,0.0366666666666666,0.0456233826901168,0.0973407230051249,0.0949603184995232,0.0217610454829369,0.0004735431005104,0.990790690890294,0.0020814930480888,2.100840336134453,7.052388439014721,0.0001413997373845,0.417950474122628,0.6235434433170345,bcg_y,,,36.936000000000035
OXFORD_mv000895,451898,451898,418.38,423.854,5.4739999999999895,OXFORD,OXFORD_451898_BCG_3AXIS_seg0001_c0009,BCG_3AXIS,True,trained_model,0.2866666666666667,0.2181565653728986,0.5613546576063626,0.5568904810563151,0.1360110148274353,0.0184989961543888,130.30768184789088,0.0475922870152998,1.095690284879474,3.514842348379846,0.0328259260901245,0.4752551658132363,0.4484815175382585,bcg_x,,,9.391999999999996
OXFORD_mv000896,451898,451898,458.478,459.256,0.7779999999999632,OXFORD,OXFORD_451898_BCG_3AXIS_seg0001_c0010,BCG_3AXIS,True,trained_model,0.0,0.033611592697855,0.0604123249876436,0.0572209460927768,0.0135841394807405,0.0001845288454322,0.4405982738377368,0.0011297391636865,7.692307692307692,11.815950187213987,4.9415957181968994e-05,0.4816613996884071,0.4552958779834275,bcg_z,,,34.624000000000024
OXFORD_mv000897,451898,451898,462.716,463.338,0.6220000000000141,OXFORD,OXFORD_451898_BCG_3AXIS_seg0001_c0011,BCG_3AXIS,True,trained_model,0.0,0.059263317425984,0.1161862438670393,0.1057134930365257,0.0280611457603319,0.0007874279013825,1.0957879272078803,0.0035121407923329,9.615384615384617,8.957745156718769,0.000148648907837,0.4210007998787647,0.6020316348087913,bcg_z,,,3.4600000000000364
OXFORD_mv000898,451898,451898,505.916,509.336,3.420000000000016,OXFORD,OXFORD_451898_BCG_3AXIS_seg0001_c0012,BCG_3AXIS,True,trained_model,0.27,0.1698889357475756,0.5604705727219457,0.5574329045126099,0.1070063702792134,0.0114503632803321,49.3833105874385,0.0288622504894438,0.5847953216374269,3.790160649574929,0.0091018984153892,0.4237215540239872,0.5094379383650366,bcg_y,,,42.577999999999975
OXFORD_mv000899,451898,451898,529.832,530.566,0.7340000000000373,OXFORD,OXFORD_451898_BCG_3AXIS_seg0001_c0013,BCG_3AXIS,True,trained_model,0.0166666666666666,0.0435542647681992,0.0778022887085622,0.0701407558051798,0.0195296708153375,0.0003814080421554,0.6980864244554135,0.0018969739794984,2.717391304347826,6.386787219850388,7.097606006153911e-05,0.396490977810989,0.6505553400371371,bcg_x,,,20.49599999999998
OXFORD_mv000900,451898,451898,560.158,563.322,3.163999999999988,OXFORD,OXFORD_451898_BCG_3AXIS_seg0001_c0014,BCG_3AXIS,True,trained_model,0.24,0.0942490134932713,0.3208615284512321,0.3080381109302447,0.0550384588374604,0.0030292319512028,14.06159356987203,0.0088828765444548,1.2642225031605565,3.510932759996936,0.0032239630675114,0.4331595039765843,0.6751321399151756,bcg_y,,,29.591999999999985
OXFORD_mv000901,451898,451898,612.442,621.1,8.658000000000015,OXFORD,OXFORD_451898_BCG_3AXIS_seg0001_c0015,BCG_3AXIS,True,trained_model,0.2533333333333333,0.1324110089176398,0.4413578276792685,0.4395774324115714,0.0785116121166277,0.0061640732371518,75.91648397360294,0.0175326752825872,0.23094688221709,2.970852200027047,0.0095130767256969,0.3936326178899059,0.4545947083864841,bcg_x,,,49.120000000000005
OXFORD_mv000902,451898,451898,713.516,713.886,0.3700000000000045,OXFORD,OXFORD_451898_BCG_3AXIS_seg0001_c0016,BCG_3AXIS,True,trained_model,0.0,0.0384760094839795,0.0602724232658914,0.0514606277587736,0.0134500051196508,0.0001809026377186,0.2753550148808995,0.0014804033058112,5.376344086021505,8.763762913511883,2.2215666332078716e-05,0.3431565861686389,0.4493967143663554,bcg_y,,,92.41599999999994
OXFORD_mv000903,451898,451898,714.996,716.868,1.872000000000071,OXFORD,OXFORD_451898_BCG_3AXIS_seg0001_c0017,BCG_3AXIS,True,trained_model,0.15,0.0705791580364326,0.1588150901421419,0.1522207834942617,0.0336202184907474,0.0011303190913655,4.6675882435364375,0.0049814175491317,5.3418803418803416,4.832431186223355,0.0008962148324261,0.4117484685807437,0.4350436250064563,bcg_y,,,1.1100000000000136
OXFORD_mv000904,451898,451898,756.132,756.456,0.3240000000000691,OXFORD,OXFORD_451898_BCG_3AXIS_seg0001_c0018,BCG_3AXIS,True,trained_model,0.1466666666666666,0.0595092840860474,0.1402530121629519,0.1296642158597054,0.0285113092759227,0.0008128947566273,0.5772408474667261,0.0035413548924339,12.34567901234568,12.918546667937797,0.0001274401834991,0.4106172555430362,0.7048314653983648,bcg_z,,,39.263999999999896
OXFORD_mv000905,451898,451898,798.498,799.702,1.2039999999999509,OXFORD,OXFORD_451898_BCG_3AXIS_seg0001_c0019,BCG_3AXIS,True,trained_model,0.0033333333333333,0.0435075853902423,0.0743560829759568,0.0678222063558974,0.0145415196618211,0.0002114557940751,1.141424721853007,0.0018929099864892,8.305647840531561,8.081173380192354,0.0001313132819899,0.4543422348833254,0.513465241255644,bcg_x,,,42.04200000000003
OXFORD_mv000906,451898,451898,801.108,808.826,7.718000000000075,OXFORD,OXFORD_451898_BCG_3AXIS_seg0001_c0020,BCG_3AXIS,True,trained_model,0.3466666666666667,0.3116821039055849,1.221908033392633,1.219304598123798,0.2200853956272746,0.048437581368414,374.9825328347456,0.0971457338950118,0.2590673575129534,2.791541596910426,0.0820300762431733,0.4476184207230873,0.515588008565882,bcg_x,,,1.405999999999949
OXFORD_mv000907,451898,451898,887.892,895.48,7.587999999999965,OXFORD,OXFORD_451898_BCG_3AXIS_seg0001_c0021,BCG_3AXIS,True,trained_model,0.23,0.0821129884802473,0.243083078831987,0.2409819120311676,0.044460436239689,0.0019767303906234,25.58795021881168,0.0067425428771572,0.2635740643120717,4.142830805583692,0.003593287785504,0.5135382699474071,0.6008513025932785,bcg_x,,,79.06600000000003
OXFORD_mv000908,451905,451905,0.002,2.224,2.2220000000000004,OXFORD,OXFORD_451905_BCG_3AXIS_seg0001_c0001,BCG_3AXIS,True,trained_model,0.4033333333333333,4.531160241563355,23.88408948579895,23.84504365863486,4.024490090890899,16.19652049167904,22830.93140581362,20.53141313472448,0.0,2.0977626862398866,0.5339168749237648,0.3181314143031761,0.5115738748656445,bcg_z,,,
OXFORD_mv000909,451905,451905,23.484,25.082,1.597999999999999,OXFORD,OXFORD_451905_BCG_3AXIS_seg0001_c0002,BCG_3AXIS,True,trained_model,0.0733333333333333,0.0487590507036026,0.1129379398640811,0.1109806894855906,0.0239381872403545,0.0005730368083542,1.901956020413196,0.0023774450255164,1.25,8.516634393457075,0.000231454074465,0.497532036679771,0.5191232266718391,bcg_x,,,21.26
OXFORD_mv000910,451905,451905,28.508,30.584,2.0760000000000005,OXFORD,OXFORD_451905_BCG_3AXIS_seg0001_c0003,BCG_3AXIS,True,trained_model,0.08,0.0613035069983269,0.1527219485704367,0.14870245842365,0.0278608972938818,0.0007762295980202,3.90468664913538,0.0037581199702939,0.9633911368015414,6.950498048529306,0.0005062311012583,0.5170662139258607,0.4443451481672912,bcg_y,,,3.4259999999999984
OXFORD_mv000911,451905,451905,31.208,31.898,0.6900000000000013,OXFORD,OXFORD_451905_BCG_3AXIS_seg0001_c0004,BCG_3AXIS,True,trained_model,0.0,0.0602972761367091,0.153991966341702,0.1427604730580592,0.0281074605082055,0.0007900293362203,1.2579734822892672,0.0036357615095065,8.670520231213871,8.009066089162552,9.035634306222004e-05,0.4310592816316171,0.5383854705354117,bcg_x,,,0.6239999999999988
OXFORD_mv000912,451905,451905,32.44,32.784,0.3440000000000012,OXFORD,OXFORD_451905_BCG_3AXIS_seg0001_c0005,BCG_3AXIS,True,trained_model,0.0,0.072818794904851,0.144487935203031,0.1248435206575336,0.031772844662303,0.0010095136579348,0.9173458022112936,0.0053025768913947,11.627906976744184,13.244136277569746,0.0001374005413641,0.4113408182772242,0.6361228467552663,bcg_x,,,0.541999999999998
OXFORD_mv000913,451905,451905,39.376,39.688,0.3120000000000047,OXFORD,OXFORD_451905_BCG_3AXIS_seg0001_c0006,BCG_3AXIS,True,trained_model,0.0033333333333333,0.0614844410365592,0.1002002592001839,0.0891824803206789,0.0205007984695066,0.0004202827378873,0.593512828863767,0.0037803364895781,12.82051282051282,11.03621926419384,7.387633095903581e-05,0.3173673884943211,0.5623409805732467,bcg_y,,,6.591999999999999
OXFORD_mv000914,451905,451905,90.946,91.47,0.5240000000000009,OXFORD,OXFORD_451905_BCG_3AXIS_seg0001_c0007,BCG_3AXIS,True,trained_model,0.0,0.0732887608922014,0.133317805899869,0.1263496709165442,0.0287127749973738,0.0008244234480498,1.412636770429056,0.0053712424731142,11.450381679389311,10.441503753681692,0.0002069375586498,0.2971873641892044,0.6594624712697275,bcg_y,,,51.257999999999996
OXFORD_mv000915,451905,451905,114.608,115.486,0.8780000000000001,OXFORD,OXFORD_451905_BCG_3AXIS_seg0001_c0008,BCG_3AXIS,True,trained_model,0.0066666666666666,0.0446045850406415,0.0797841623001734,0.070307218372719,0.0171474125441619,0.0002940337569596,0.8754103629250423,0.0019895690066478,4.545454545454546,6.5007223428083964,9.407484056964134e-05,0.4052589533109257,0.5749955702430836,bcg_x,,,23.138000000000005
OXFORD_mv000916,451905,451905,123.262,123.64,0.3780000000000001,OXFORD,OXFORD_451905_BCG_3AXIS_seg0001_c0009,BCG_3AXIS,True,trained_model,0.0,0.0425342401731107,0.0752585225454967,0.0678780105715657,0.0165021432187625,0.0002723207308125,0.343740701549735,0.0018091615871038,10.526315789473683,8.004065637711376,2.593827581484544e-05,0.3554764570677657,0.5432989296698354,bcg_x,,,7.775999999999996
OXFORD_mv000917,451905,451905,143.36,144.122,0.7620000000000005,OXFORD,OXFORD_451905_BCG_3AXIS_seg0001_c0010,BCG_3AXIS,True,trained_model,0.02,0.0664118264883275,0.1337245384257712,0.1258147641049679,0.0289126138812438,0.0008359392414458,1.6848227264510052,0.0044105306975157,2.6178010471204187,5.711040674134816,0.0002223164277893,0.3622838514267458,0.588641140903247,bcg_x,,,19.720000000000013
OXFORD_mv000918,451905,451905,144.69,146.254,1.563999999999993,OXFORD,OXFORD_451905_BCG_3AXIS_seg0001_c0011,BCG_3AXIS,True,trained_model,0.2433333333333333,0.1136849610297047,0.3152305809381914,0.3069006781199984,0.0711400753031159,0.005060910314133,10.119703695266848,0.0129242703643254,1.278772378516624,3.59156370096351,0.0034412078187053,0.3712501779653844,0.6405028237385383,bcg_y,,,0.5679999999999836
OXFORD_mv000919,451905,451905,155.394,157.592,2.1980000000000075,OXFORD,OXFORD_451905_BCG_3AXIS_seg0001_c0012,BCG_3AXIS,True,trained_model,0.2433333333333333,0.1087081028228362,0.3244747883384672,0.3186178469727759,0.0594135445024112,0.0035299692703399,12.999196781274367,0.0118174516193403,0.9090909090909092,3.514588312069621,0.0017621378565262,0.3840472439686333,0.5396266074794648,bcg_x,,,9.140000000000015
OXFORD_mv000920,451905,451905,170.638,171.148,0.5099999999999909,OXFORD,OXFORD_451905_BCG_3AXIS_seg0001_c0013,BCG_3AXIS,True,trained_model,0.0366666666666666,0.1000731094491026,0.2544702100708629,0.2457609908181406,0.0546843209620406,0.0029903749590794,2.563744572111893,0.010014627234812,7.8125,9.165719190490671,0.0008031836189672,0.3607721307395438,0.4818953582474349,bcg_y,,,13.045999999999992
OXFORD_mv000921,451905,451905,175.81,176.148,0.3379999999999938,OXFORD,OXFORD_451905_BCG_3AXIS_seg0001_c0014,BCG_3AXIS,True,trained_model,0.1333333333333333,0.0556975139927555,0.0817538817962615,0.0670623107803195,0.0158404492395121,0.0002509198321095,0.5273762210454445,0.0031022130649732,17.64705882352941,16.589391838053043,2.3474894842302985e-05,0.3648999758105019,0.4273204951106424,bcg_y,,,4.662000000000006
OXFORD_mv000922,451905,451905,180.404,181.034,0.6299999999999955,OXFORD,OXFORD_451905_BCG_3AXIS_seg0001_c0015,BCG_3AXIS,True,trained_model,0.0066666666666666,0.0459815465116599,0.0830831518470433,0.075850794412287,0.0188733819854238,0.0003562045475677,0.6681196277948485,0.0021143026196039,9.49367088607595,7.733585729465027,8.059988957878603e-05,0.3822978062768672,0.7162950272056842,bcg_x,,,4.256
OXFORD_mv000923,451905,451905,195.826,196.65,0.8240000000000123,OXFORD,OXFORD_451905_BCG_3AXIS_seg0001_c0016,BCG_3AXIS,True,trained_model,0.0,0.0563036949247678,0.1196330363904481,0.1145617426511235,0.0219212648189913,0.0004805418512643,1.3092538036808907,0.0031701060621813,12.135922330097086,10.19517268587014,0.0001963284577158,0.4485779316825384,0.4841459661400213,bcg_x,,,14.792000000000002
OXFORD_mv000924,451905,451905,203.728,204.414,0.6859999999999786,OXFORD,OXFORD_451905_BCG_3AXIS_seg0001_c0017,BCG_3AXIS,True,trained_model,0.1566666666666666,0.0481445814012153,0.0965222998281531,0.092514840232153,0.0220444766925128,0.0004859589526467,0.797357847094599,0.0023179007182982,2.9069767441860463,4.772443804654455,0.0001011863819202,0.3159380284307229,0.5208107916442292,bcg_x,,,7.078000000000003
OXFORD_mv000925,451905,451905,213.762,214.11,0.3480000000000132,OXFORD,OXFORD_451905_BCG_3AXIS_seg0001_c0018,BCG_3AXIS,True,trained_model,0.0033333333333333,0.0682352673545511,0.1091155521189584,0.104181912007721,0.0265978583253066,0.000707446067493,0.8148090494157372,0.004656051710947,11.494252873563218,10.552829006567428,0.0001403815354294,0.330176251502726,0.585362853766866,bcg_y,,,9.348000000000013
OXFORD_mv000926,451905,451905,220.394,220.83,0.436000000000007,OXFORD,OXFORD_451905_BCG_3AXIS_seg0001_c0019,BCG_3AXIS,True,trained_model,0.0,0.0520728520077017,0.0844283931927026,0.0611949801169759,0.015684311377525,0.0002459976233871,0.5938364396513062,0.002711581916216,9.174311926605505,9.728324264931892,4.936513352616004e-05,0.3458551521474937,0.4943826552018631,bcg_y,,,6.283999999999992
OXFORD_mv000927,451905,451905,229.598,230.124,0.525999999999982,OXFORD,OXFORD_451905_BCG_3AXIS_seg0001_c0020,BCG_3AXIS,True,trained_model,0.0033333333333333,0.088449532251164,0.1640199872146594,0.1558046475927028,0.0335354543615727,0.0011246266992371,2.065356415438724,0.0078233197554497,7.575757575757575,8.32360074639748,0.000237753099071,0.2926723086518881,0.4154758892116472,bcg_x,,,8.768
OXFORD_mv000928,451905,451905,249.254,249.608,0.3540000000000134,OXFORD,OXFORD_451905_BCG_3AXIS_seg0001_c0021,BCG_3AXIS,True,trained_model,0.0033333333333333,0.0727353661755945,0.1059626631095459,0.0793708672721294,0.0214578733302618,0.0004604403278575,0.9416971617002124,0.0052904334926978,11.235955056179776,9.482350082465423,7.620340126621295e-05,0.3173404958993122,0.578863389953373,bcg_y,,,19.129999999999995
OXFORD_mv000929,451905,451905,251.462,252.122,0.660000000000025,OXFORD,OXFORD_451905_BCG_3AXIS_seg0001_c0022,BCG_3AXIS,True,trained_model,0.0066666666666666,0.0381953522118122,0.0946278121602781,0.0890395297126129,0.0225690431947103,0.0005093617107247,0.4828909120234321,0.0014588849305843,6.0606060606060606,6.864721793626658,6.522605387246706e-05,0.3619494823871624,0.6460072413359483,bcg_y,,,1.853999999999985
OXFORD_mv000930,451905,451905,285.372,285.92,0.5480000000000018,OXFORD,OXFORD_451905_BCG_3AXIS_seg0001_c0023,BCG_3AXIS,True,trained_model,0.0,0.0478340673500042,0.0994627513172643,0.0937529842267168,0.01956330788699,0.0003827230154811,0.6292269497923045,0.0022880979992447,7.2992700729927,9.870809472563806,9.2547187423682e-05,0.4393788810066935,0.6382387743735186,bcg_x,,,33.25
OXFORD_mv000931,451905,451905,302.088,304.914,2.825999999999965,OXFORD,OXFORD_451905_BCG_3AXIS_seg0001_c0024,BCG_3AXIS,True,trained_model,0.1566666666666666,0.203542342339421,0.6059305624452799,0.5991900223376119,0.1281642214965867,0.0164260676718261,58.58129196677553,0.041429485125018,0.7072135785007072,7.32593536948061,0.016332658786994,0.4493402815631772,0.738793057262956,bcg_y,,,16.168000000000006
OXFORD_mv000932,451905,451905,305.634,306.152,0.5179999999999723,OXFORD,OXFORD_451905_BCG_3AXIS_seg0001_c0025,BCG_3AXIS,True,trained_model,0.1533333333333333,0.0684004588742508,0.1379827328260583,0.1244375001955093,0.0333185777908872,0.0011101276260074,1.2164419212941024,0.004678622774208,3.846153846153846,4.188824512254295,0.0001910380587138,0.282975893971057,0.4834263526014648,bcg_y,,,0.7200000000000273
OXFORD_mv000933,451905,451905,333.776,334.338,0.5620000000000118,OXFORD,OXFORD_451905_BCG_3AXIS_seg0001_c0026,BCG_3AXIS,True,trained_model,0.0,0.0522262894985602,0.129674304655414,0.1264807394681611,0.0281367075734165,0.0007916743130719,0.7691790587700523,0.0027275853147874,7.092198581560283,9.597833239728253,2.0832772180109083e-05,0.3969750415742271,0.6015491910478836,bcg_x,,,27.624000000000024
OXFORD_mv000934,451905,451905,351.6,352.008,0.4079999999999586,OXFORD,OXFORD_451905_BCG_3AXIS_seg0001_c0027,BCG_3AXIS,True,trained_model,0.0033333333333333,0.0696226492264664,0.1552840017973742,0.1413684648100668,0.0300501755793891,0.0009030130523521,0.9936992234888764,0.0048473132853115,4.901960784313725,11.438214790192951,0.0001655804429893,0.4341355377569163,0.473254111067808,bcg_x,,,17.262
OXFORD_mv000935,451905,451905,363.518,363.952,0.4340000000000259,OXFORD,OXFORD_451905_BCG_3AXIS_seg0001_c0028,BCG_3AXIS,True,trained_model,0.0,0.0367704815457713,0.0692768686688566,0.0661607314440996,0.0162939365078404,0.0002654923669215,0.2947508922575245,0.0013520683131079,4.587155963302752,9.02077290624815,3.453650192915552e-05,0.4117308461591061,0.4418149043108845,bcg_x,,,11.509999999999991
OXFORD_mv000936,451905,451905,365.484,366.202,0.7180000000000177,OXFORD,OXFORD_451905_BCG_3AXIS_seg0001_c0029,BCG_3AXIS,True,trained_model,0.0033333333333333,0.0515042098665346,0.0828769886718464,0.0728502715049521,0.0189508262273349,0.0003591338146986,0.9549661082313776,0.002652683633976,5.555555555555555,8.416094622680536,0.0001053064628416,0.4233766597509575,0.4331721078083801,bcg_y,,,1.5319999999999823
OXFORD_mv000937,451905,451905,374.36,376.596,2.23599999999999,OXFORD,OXFORD_451905_BCG_3AXIS_seg0001_c0030,BCG_3AXIS,True,trained_model,0.26,0.148625727051637,0.4588974680294978,0.4571145168489324,0.1054315400660465,0.0111158096406983,24.718269943881424,0.0220896067416277,0.8944543828264757,4.688680631795456,0.0048503288354006,0.3522737550395814,0.694938390277495,bcg_y,,,8.158000000000015
OXFORD_mv000938,451905,451905,378.328,379.266,0.938000000000045,OXFORD,OXFORD_451905_BCG_3AXIS_seg0001_c0031,BCG_3AXIS,True,trained_model,0.0,0.0521407836466965,0.0938659998862082,0.0869802971328301,0.0229217351049846,0.000525405940223,1.2777708200670586,0.0027186613192916,10.638297872340424,8.16603819876203,0.0001859637105873,0.4048646153897615,0.5503983643336013,bcg_y,,,1.731999999999971
OXFORD_mv000939,451905,451905,382.186,383.838,1.6520000000000437,OXFORD,OXFORD_451905_BCG_3AXIS_seg0001_c0032,BCG_3AXIS,True,trained_model,0.0333333333333333,0.1029866927077133,0.1781034475002983,0.1641650917725284,0.0403169492608545,0.0016254563977023,8.77137608951995,0.0106062588748729,10.895883777239709,9.480943732937885,0.0012875989604963,0.3754743149787141,0.6994731480966588,bcg_y,,,2.919999999999959
OXFORD_mv000940,451905,451905,386.168,387.334,1.1659999999999968,OXFORD,OXFORD_451905_BCG_3AXIS_seg0001_c0033,BCG_3AXIS,True,trained_model,0.0066666666666666,0.0659705552644783,0.128597471065141,0.1219182691196579,0.0280548304998224,0.0007870735143737,2.541634670551701,0.0043521141619035,3.424657534246576,6.308377811087434,0.0004325834685757,0.4098548393837594,0.5902823901571789,bcg_x,,,2.329999999999984
OXFORD_mv000941,451905,451905,393.842,394.246,0.4039999999999963,OXFORD,OXFORD_451905_BCG_3AXIS_seg0001_c0034,BCG_3AXIS,True,trained_model,0.0033333333333333,0.0503395254049189,0.0826872643743881,0.0785771034313049,0.0208263015433877,0.0004337348359761,0.5144157670524729,0.0025340678179924,9.9009900990099,8.13371145847204,7.22759557253985e-05,0.3022423860115776,0.7705955177432237,bcg_x,,,6.507999999999981
OXFORD_mv000942,451905,451905,398.34,398.658,0.3180000000000405,OXFORD,OXFORD_451905_BCG_3AXIS_seg0001_c0035,BCG_3AXIS,True,trained_model,0.0,0.0583816808871694,0.089371181331267,0.0771275834383765,0.0216414222583851,0.0004683511573657,0.5453473061138063,0.0034084206632112,12.5,11.4270498833806,6.778824636209287e-05,0.3316430099173783,0.5252010657626978,bcg_x,,,4.093999999999994
OXFORD_mv000943,451905,451905,404.072,404.4,0.3279999999999745,OXFORD,OXFORD_451905_BCG_3AXIS_seg0001_c0036,BCG_3AXIS,True,trained_model,0.0,0.0440517533376284,0.0769316047414571,0.0656300932679688,0.019603224098378,0.0003842863950512,0.3201919003996784,0.0019405569721192,6.097560975609756,9.01251192128588,2.7762131334994603e-05,0.3334517487164092,0.4590445550817076,bcg_x,,,5.413999999999987
OXFORD_mv000944,451905,451905,406.938,407.324,0.3860000000000241,OXFORD,OXFORD_451905_BCG_3AXIS_seg0001_c0037,BCG_3AXIS,True,trained_model,0.0066666666666666,0.0766265796431954,0.1125603506481234,0.0960028513663438,0.0239429310919829,0.0005732639492754,1.139096745316106,0.0058716327078149,10.309278350515465,10.468450298731426,0.0001011203408672,0.309036001742418,0.581312903193778,bcg_y,,,2.538000000000011
OXFORD_mv000945,451905,451905,409.44,410.028,0.5880000000000223,OXFORD,OXFORD_451905_BCG_3AXIS_seg0001_c0038,BCG_3AXIS,True,trained_model,0.0033333333333333,0.0557297575124024,0.107103131694936,0.0968843372592101,0.0208377164389217,0.0004342104263889,0.916212732355396,0.0031058058723911,6.802721088435375,8.29967654846087,0.0001209493254873,0.3436027321368199,0.4894082011090185,bcg_y,,,2.1159999999999854
OXFORD_mv000946,451905,451905,412.448,413.88,1.4320000000000164,OXFORD,OXFORD_451905_BCG_3AXIS_seg0001_c0039,BCG_3AXIS,True,trained_model,0.15,0.0613290756644436,0.1678316064947615,0.1578218587998083,0.0311673353086869,0.0009714027902441,2.696820209170074,0.003761255521855,4.189944134078212,4.923068010998999,0.0003811099722801,0.3509570874755361,0.6361626074345477,bcg_x,,,2.419999999999959
OXFORD_mv000947,451905,451905,469.144,469.862,0.7180000000000177,OXFORD,OXFORD_451905_BCG_3AXIS_seg0001_c0040,BCG_3AXIS,True,trained_model,0.0166666666666666,0.0564318886322025,0.149673361145277,0.1429235514756474,0.0338397479322373,0.0011451285401173,1.1464408996550304,0.0031845580545973,2.7777777777777777,7.512448050171282,0.0001460383284016,0.4025636029185319,0.4895133430984872,bcg_z,,,55.26400000000001
OXFORD_mv000948,451905,451905,470.772,471.242,0.4700000000000273,OXFORD,OXFORD_451905_BCG_3AXIS_seg0001_c0041,BCG_3AXIS,True,trained_model,0.0133333333333333,0.1004324043717777,0.1559704541837081,0.134862352157627,0.0340282135500043,0.0011579193174046,2.380453612103523,0.0100866678478962,8.47457627118644,8.6201741549072,0.0003309609167548,0.3025099486198666,0.5984494381126269,bcg_y,,,0.9099999999999682
OXFORD_mv000949,451905,451905,472.098,472.542,0.44399999999996,OXFORD,OXFORD_451905_BCG_3AXIS_seg0001_c0042,BCG_3AXIS,True,trained_model,0.0,0.044559410689125,0.0776731642013595,0.0681986153540405,0.0146168762092025,0.0002136530701151,0.4427756610545508,0.0019855410809621,4.504504504504505,9.606692490637668,1.94337588037089e-05,0.4278417018074653,0.5805838359556147,bcg_x,,,0.8559999999999945
OXFORD_mv000950,451905,451905,476.766,477.142,0.3759999999999763,OXFORD,OXFORD_451905_BCG_3AXIS_seg0001_c0043,BCG_3AXIS,True,trained_model,0.0033333333333333,0.0602259381530684,0.0988196251014225,0.0924167861882311,0.0236662855761628,0.0005600930729724,0.6855339253928554,0.0036271636264172,10.638297872340424,8.44860025393015,9.499006254421109e-05,0.272256999532804,0.5678712851027233,bcg_x,,,4.224000000000046
OXFORD_mv000951,451905,451905,479.71,480.326,0.6160000000000423,OXFORD,OXFORD_451905_BCG_3AXIS_seg0001_c0044,BCG_3AXIS,True,trained_model,0.0166666666666666,0.0894640595714227,0.1926847752082624,0.1838911518569106,0.0469221328423542,0.0022016865504755,2.473179748094717,0.008003817954999,9.74025974025974,8.599284983775012,0.0003423829225445,0.3895425242110298,0.6792964307282202,bcg_y,,,2.5679999999999836
OXFORD_mv000952,451905,451905,480.938,481.296,0.3580000000000041,OXFORD,OXFORD_451905_BCG_3AXIS_seg0001_c0045,BCG_3AXIS,True,trained_model,0.0033333333333333,0.0849318577891764,0.1372524994168654,0.1245903402961919,0.0272120261184105,0.000740494365469,1.298415684153762,0.0072134204675208,11.11111111111111,9.431037689456511,0.0001677618287253,0.3047583091676191,0.6234013082054792,bcg_y,,,0.6119999999999663
OXFORD_mv000953,451905,451905,486.784,487.596,0.8120000000000118,OXFORD,OXFORD_451905_BCG_3AXIS_seg0001_c0046,BCG_3AXIS,True,trained_model,0.0233333333333333,0.0672173557283322,0.1217118604376982,0.1119295131988696,0.0289675687909746,0.0008391200416598,1.8388963748214309,0.0045181729111091,2.463054187192118,7.510609211055074,0.0002668424547639,0.4009642748785956,0.6006313347579046,bcg_y,,,5.4879999999999995
OXFORD_mv000954,451905,451905,488.458,489.518,1.0599999999999454,OXFORD,OXFORD_451905_BCG_3AXIS_seg0001_c0047,BCG_3AXIS,True,trained_model,0.0633333333333333,0.0836091760905684,0.178710227047758,0.1660774550318285,0.0313773074574584,0.0009845354232798,3.711952487394696,0.0069904943265436,1.8867924528301885,7.718025036293558,0.0004504107463855,0.4874363766711438,0.481425883319823,bcg_x,,,0.8620000000000232
OXFORD_mv000955,451905,451905,503.43,503.99,0.5600000000000023,OXFORD,OXFORD_451905_BCG_3AXIS_seg0001_c0048,BCG_3AXIS,True,trained_model,0.0066666666666666,0.0531425744616238,0.0814861530226012,0.0774026143752116,0.0186084014123522,0.0003462726031232,0.7935814349349947,0.0028241332204092,7.142857142857142,7.542972595625672,5.945247506191304e-05,0.388974190126789,0.4831959411322956,bcg_x,,,13.912000000000035
OXFORD_mv000956,451905,451905,512.226,513.468,1.2419999999999618,OXFORD,OXFORD_451905_BCG_3AXIS_seg0001_c0049,BCG_3AXIS,True,trained_model,0.18,0.0590655110201752,0.1161805248221506,0.1117273271501285,0.0238776642023729,0.0005701428477612,2.169992916270305,0.0034887345920744,1.607717041800643,5.028520290949878,0.0004378218289426,0.4163925664095397,0.4711256845375378,bcg_x,,,8.23599999999999
OXFORD_mv000957,451905,451905,520.396,521.214,0.8180000000000973,OXFORD,OXFORD_451905_BCG_3AXIS_seg0001_c0050,BCG_3AXIS,True,trained_model,0.0,0.048257866245474,0.0860856090571766,0.0735546173343636,0.0178235141879221,0.000317677658007,0.9548168783720842,0.002328821654566,7.317073170731707,6.2483755835343375,4.713464158231488e-05,0.3839135033137954,0.3865303198198022,bcg_y,,,6.927999999999997
OXFORD_mv000958,451905,451905,521.934,524.572,2.6380000000000337,OXFORD,OXFORD_451905_BCG_3AXIS_seg0001_c0051,BCG_3AXIS,True,trained_model,0.22,0.0826109985707277,0.2688828020751226,0.2669322141879585,0.0444996587405761,0.0019802196280277,9.008441752005666,0.0068245770848527,0.7575757575757576,4.853604854464732,0.0014543204798575,0.4220022163761427,0.3800420366058216,bcg_y,,,0.7199999999999136
OXFORD_mv000959,451905,451905,528.08,529.16,1.0799999999999272,OXFORD,OXFORD_451905_BCG_3AXIS_seg0001_c0052,BCG_3AXIS,True,trained_model,0.0533333333333333,0.0715859525848615,0.1941567632764458,0.1892392438103749,0.0394816335863674,0.0015587993906481,2.772380796647786,0.005124548607482,1.851851851851852,7.515584417133465,0.0005994594997741,0.4783508704363787,0.3702499355150922,bcg_z,,,3.508000000000038
OXFORD_mv000960,451905,451905,555.454,555.95,0.4960000000000946,OXFORD,OXFORD_451905_BCG_3AXIS_seg0001_c0053,BCG_3AXIS,True,trained_model,0.0033333333333333,0.0581593998591131,0.091220387260501,0.0796035955451288,0.0200134723125298,0.0004005390740043,0.8422464322010808,0.0033825157919722,4.032258064516129,9.63887484256466,8.13746015705096e-05,0.3957651312763924,0.5228108159474133,bcg_x,,,26.293999999999983
OXFORD_mv000961,451905,451905,576.148,576.454,0.3059999999999263,OXFORD,OXFORD_451905_BCG_3AXIS_seg0001_c0054,BCG_3AXIS,True,trained_model,0.0,0.0485236008956402,0.0792890565589437,0.0666202082764402,0.0174218499493235,0.0003035208556567,0.3625991359574241,0.0023545398438793,6.493506493506493,12.420064548825287,1.0304868945025895e-05,0.4185816478287494,0.4015775353279594,bcg_y,,,20.19799999999998
OXFORD_mv000962,451905,451905,602.966,603.786,0.8199999999999363,OXFORD,OXFORD_451905_BCG_3AXIS_seg0001_c0055,BCG_3AXIS,True,trained_model,0.0433333333333333,0.1407847331360254,0.3125735200418545,0.3006619074699165,0.0700477411829534,0.004906686044834,8.146160185598756,0.0198203410841818,12.195121951219512,9.682783964495012,0.0016696414055003,0.3651071490710735,0.8027903817372121,bcg_y,,,26.512000000000057
OXFORD_mv000963,451905,451905,631.156,631.774,0.6180000000000518,OXFORD,OXFORD_451905_BCG_3AXIS_seg0001_c0056,BCG_3AXIS,True,trained_model,0.0033333333333333,0.0495626589537905,0.0862866179884027,0.0703862054042158,0.016866547999862,0.0002844804414316,0.7615017203966241,0.0024564571625697,9.67741935483871,6.872176298970364,6.070221582646943e-05,0.3455310039760908,0.4968490513411971,bcg_x,,,27.370000000000005
OXFORD_mv000964,451905,451905,635.148,635.474,0.3260000000000218,OXFORD,OXFORD_451905_BCG_3AXIS_seg0001_c0057,BCG_3AXIS,True,trained_model,0.0,0.0509818534946788,0.0864945004507608,0.0822948229728782,0.023518959103729,0.0005531414373228,0.4262604992634758,0.0025991493857529,12.195121951219512,9.378184526323125,6.259598083565624e-05,0.3304347171143243,0.6898377168500756,bcg_x,,,3.3740000000000236
OXFORD_mv000965,451905,451905,661.634,662.884,1.25,OXFORD,OXFORD_451905_BCG_3AXIS_seg0001_c0058,BCG_3AXIS,True,trained_model,0.0033333333333333,0.0511092912888353,0.086645613788245,0.0837901219186689,0.0181612161345128,0.0003298297714844,1.6352119446854352,0.002612159656047,9.584664536741217,7.388861290094786,0.0001912804772318,0.4257822786283585,0.5230101774373503,bcg_y,,,26.159999999999968
OXFORD_mv000966,451905,451905,668.878,669.388,0.5099999999999909,OXFORD,OXFORD_451905_BCG_3AXIS_seg0001_c0059,BCG_3AXIS,True,trained_model,0.0,0.0536968183152516,0.0921025464374613,0.088234651984522,0.0226959295148993,0.0005151052165452,0.7381371640783744,0.0028833482971811,11.71875,10.458826024094074,7.458234414205543e-05,0.4067880216338371,0.5277812462942018,bcg_y,,,5.994000000000028
OXFORD_mv000967,451905,451905,673.264,673.79,0.5259999999999536,OXFORD,OXFORD_451905_BCG_3AXIS_seg0001_c0060,BCG_3AXIS,True,trained_model,0.0033333333333333,0.0548432148404594,0.0993886812374205,0.0952565866148104,0.0247349774886905,0.000611819111366,0.7940534485057121,0.0030077782140367,3.787878787878788,8.985192412595032,8.545690986857378e-05,0.3997498482787967,0.5838931625005174,bcg_x,,,3.8759999999999764
OXFORD_mv000968,451905,451905,686.448,686.812,0.3640000000000327,OXFORD,OXFORD_451905_BCG_3AXIS_seg0001_c0061,BCG_3AXIS,True,trained_model,0.01,0.0853274590420461,0.1303235890297968,0.1090571956206692,0.0267979882550526,0.0007181321745179,1.3323818737826874,0.007280775266572,5.494505494505495,10.136523545077502,7.033079680702577e-05,0.3289715481239746,0.5175620056601544,bcg_y,,,12.658000000000015
OXFORD_mv000969,451905,451905,694.208,694.746,0.5380000000000109,OXFORD,OXFORD_451905_BCG_3AXIS_seg0001_c0062,BCG_3AXIS,True,trained_model,0.0,0.0558366428656296,0.0983576859304845,0.0887172087072108,0.0211479200894204,0.0004472345241085,0.8417872853560456,0.0031177306865038,7.4074074074074066,7.946420922424589,6.499053760721095e-05,0.3970876607892785,0.6921809238201517,bcg_y,,,7.395999999999958
OXFORD_mv000970,451905,451905,704.066,705.562,1.495999999999981,OXFORD,OXFORD_451905_BCG_3AXIS_seg0001_c0063,BCG_3AXIS,True,trained_model,0.14,0.1523104387392903,0.6602719770170432,0.6472772505562078,0.0967376850112907,0.0093581797013437,17.37565384196738,0.0231984697489551,1.3368983957219251,7.251064145671851,0.0050932374959477,0.4698174337792913,0.5405577944094089,bcg_x,,,9.32000000000005
OXFORD_mv000971,451905,451905,707.93,708.486,0.55600000000004,OXFORD,OXFORD_451905_BCG_3AXIS_seg0001_c0064,BCG_3AXIS,True,trained_model,0.0333333333333333,0.1092256695183941,0.1930573307603466,0.1624949380633499,0.0387821245260178,0.0015040531827515,3.328538880005865,0.0119302468817414,3.597122302158273,9.491124159219122,0.0002260836135599,0.389908365449541,0.4919063838628207,bcg_y,,,2.367999999999938
OXFORD_mv000972,451905,451905,709.576,712.984,3.4080000000000155,OXFORD,OXFORD_451905_BCG_3AXIS_seg0001_c0065,BCG_3AXIS,True,trained_model,0.1366666666666666,0.1684880310256558,0.3773970385730961,0.3747409847851637,0.0907945183856592,0.0082436445688838,48.4019093011285,0.0283882165989023,0.5868544600938967,5.603569474528864,0.011874780801458,0.4238084714760599,0.5986538842668497,bcg_y,,,1.0900000000000318
OXFORD_mv000973,451905,451905,714.302,717.212,2.909999999999968,OXFORD,OXFORD_451905_BCG_3AXIS_seg0001_c0066,BCG_3AXIS,True,trained_model,0.1566666666666666,0.193097026295297,0.4985322240765931,0.4960394882918404,0.1183544838090171,0.0140077838376988,54.28908803731013,0.0372864615640866,0.6868131868131868,5.661501853135889,0.009618880753049,0.397352080152398,0.6129980590988617,bcg_y,,,1.3179999999999836
OXFORD_mv000974,451905,451905,754.104,755.026,0.9219999999999118,OXFORD,OXFORD_451905_BCG_3AXIS_seg0001_c0067,BCG_3AXIS,True,trained_model,0.0133333333333333,0.0835184241374411,0.1724154573167427,0.1563112611920916,0.0316093925295714,0.0009991536960885,3.2226011527254976,0.0069753271704015,8.658008658008658,15.253792384940752,0.0002411184014446,0.580676195261085,0.5382063772434945,bcg_x,,,36.89200000000005
OXFORD_mv000975,451905,451905,770.162,770.95,0.7880000000000109,OXFORD,OXFORD_451905_BCG_3AXIS_seg0001_c0068,BCG_3AXIS,True,trained_model,0.02,0.0511904823352952,0.0969437946559913,0.0903197508828924,0.0216195872115768,0.0004674065511989,1.0350838652794678,0.0026204654817201,2.538071065989848,6.591851418324347,8.228322924409395e-05,0.3747847528751789,0.4616388032761666,bcg_x,,,15.136000000000081
OXFORD_mv000976,451927,451927,1.178,1.852,0.6740000000000002,OXFORD,OXFORD_451927_BCG_3AXIS_seg0001_c0001,BCG_3AXIS,True,trained_model,0.1333333333333333,0.3026776106111418,1.6568935145872898,1.6496359209880824,0.2699814732386871,0.0728899958921319,30.965442756261268,0.09161373596527,5.9171597633136095,10.56786572664167,0.042567590124321,0.491958047344368,0.5197972016239102,bcg_z,,,
OXFORD_mv000977,451927,451927,3.14,3.898,0.758,OXFORD,OXFORD_451927_BCG_3AXIS_seg0001_c0002,BCG_3AXIS,True,trained_model,0.01,0.024401100104305,0.0477181782164908,0.0426788732698856,0.0094030992866003,8.841827619366346e-05,0.2262572007941198,0.0005954136863003,2.631578947368421,7.714159500079724,2.3276625876742094e-05,0.4495877907591463,0.5134378383789234,bcg_x,,,1.288
OXFORD_mv000978,451927,451927,8.208,8.852,0.6440000000000001,OXFORD,OXFORD_451927_BCG_3AXIS_seg0001_c0003,BCG_3AXIS,True,trained_model,0.0033333333333333,0.0189476341885075,0.0344223924780477,0.0319017220601298,0.0091151036309587,8.308511420311797e-05,0.1159611477533051,0.0003590128413415,9.316770186335404,8.876815884463248,2.3395095516826584e-05,0.381521826826132,0.5184294154404734,bcg_x,,,4.3100000000000005
OXFORD_mv000979,451927,451927,10.868,11.41,0.5419999999999998,OXFORD,OXFORD_451927_BCG_3AXIS_seg0001_c0004,BCG_3AXIS,True,trained_model,0.0,0.029790449577987,0.042225616441514,0.0370376998067294,0.0113488440342601,0.0001287962609139,0.2413920810079363,0.0008874708860585,3.676470588235294,7.957523159921431,2.6083307241336865e-05,0.3870169946033341,0.3533563394331234,bcg_x,,,2.016
OXFORD_mv000980,451927,451927,54.584,55.406,0.8219999999999956,OXFORD,OXFORD_451927_BCG_3AXIS_seg0001_c0005,BCG_3AXIS,True,trained_model,0.03,0.0778753934589134,0.2019848258409035,0.1961069555071645,0.0484507465704271,0.0023474748432317,2.4986056854287964,0.0060645769063805,4.854368932038835,9.430304952945583,0.0005026558945205,0.4920883648042271,0.7383141491933103,bcg_z,,,43.17400000000001
OXFORD_mv000981,451927,451927,73.618,74.12,0.5020000000000095,OXFORD,OXFORD_451927_BCG_3AXIS_seg0001_c0006,BCG_3AXIS,True,trained_model,0.0,0.028717816050172,0.0476756916876366,0.039339723022296,0.009471500671867,8.97093249771785e-05,0.2078276655902633,0.0008247129586915,11.904761904761903,10.975815910313557,1.59211303281277e-05,0.409985850320812,0.6604819716011106,bcg_x,,,18.211999999999996
OXFORD_mv000982,451927,451927,93.372,94.45,1.078000000000003,OXFORD,OXFORD_451927_BCG_3AXIS_seg0001_c0007,BCG_3AXIS,True,trained_model,0.0066666666666666,0.0360429558389644,0.0710318447372557,0.0687934365018311,0.0143620058206711,0.0002062672111929,0.7015111194291506,0.0012990946656095,7.4074074074074066,9.298720152288384,7.631190579889323e-05,0.4800324571036595,0.6563613022907611,bcg_x,,,19.251999999999995
OXFORD_mv000983,451927,451927,100.124,101.808,1.6840000000000117,OXFORD,OXFORD_451927_BCG_3AXIS_seg0001_c0008,BCG_3AXIS,True,trained_model,0.19,0.0492415309209886,0.1716824838654496,0.1695736877990832,0.0315760670180407,0.0009970480083278,2.04404601375418,0.0024247283674426,1.187648456057007,4.599894423260283,0.0006197857468564,0.4227109582018224,0.7650888778277525,bcg_x,,,5.673999999999992
OXFORD_mv000984,451927,451927,117.752,118.762,1.0100000000000051,OXFORD,OXFORD_451927_BCG_3AXIS_seg0001_c0009,BCG_3AXIS,True,trained_model,0.0,0.0246502412638541,0.0669907523434656,0.0628041340051444,0.0110147447634166,0.0001213246022032,0.3074630035493055,0.0006076343943662,11.857707509881422,8.962674763488762,3.759197667584609e-05,0.4581989759637297,0.7201865002826301,bcg_x,,,15.943999999999988
OXFORD_mv000985,451927,451927,120.42,127.96,7.539999999999992,OXFORD,OXFORD_451927_BCG_3AXIS_seg0001_c0010,BCG_3AXIS,True,trained_model,0.1966666666666666,0.0446869076694912,0.1614134138363919,0.1588300922671716,0.0266380959626033,0.0007095881565128,7.53038425303944,0.0019969197170616,0.2652519893899204,4.833691287983955,0.0007798626598069,0.535312432408282,0.595641628129792,bcg_x,,,1.6580000000000013
OXFORD_mv000986,451927,451927,136.176,136.864,0.6880000000000166,OXFORD,OXFORD_451927_BCG_3AXIS_seg0001_c0011,BCG_3AXIS,True,trained_model,0.0133333333333333,0.0221303138818636,0.0472894186118526,0.0452315965278578,0.0103882429297274,0.000107915591167,0.168964023415884,0.0004897507925098,2.9069767441860463,5.900869285982015,2.3926206695212e-05,0.379341184296606,0.6390780995375813,bcg_x,,,8.215999999999994
OXFORD_mv000987,451927,451927,166.678,167.148,0.4699999999999988,OXFORD,OXFORD_451927_BCG_3AXIS_seg0001_c0012,BCG_3AXIS,True,trained_model,0.0066666666666666,0.0125252730246559,0.0343750635557866,0.0336949882779059,0.0078559458403108,6.171588504589722e-05,0.0370242615847533,0.0001568824643421,8.47457627118644,9.082054036643347,3.225911188600704e-06,0.4387138272545443,0.4949666954241737,bcg_x,,,29.813999999999993
OXFORD_mv000988,451927,451927,183.38,183.768,0.3880000000000052,OXFORD,OXFORD_451927_BCG_3AXIS_seg0001_c0013,BCG_3AXIS,True,trained_model,0.0033333333333333,0.0195768102868884,0.0377019040710817,0.0348666660699869,0.0073307630988497,5.374008761145695e-05,0.0747340426967203,0.0003832515010088,5.154639175257731,10.996288623891347,2.2901155160994864e-06,0.4446931851921176,0.4794124431119015,bcg_x,,,16.232
OXFORD_mv000989,451927,451927,215.05,217.22,2.1699999999999875,OXFORD,OXFORD_451927_BCG_3AXIS_seg0001_c0014,BCG_3AXIS,True,trained_model,0.0766666666666666,0.0444414980914779,0.1031217907236953,0.1001348903783676,0.0231385936731155,0.0005353945171695,2.144900773339712,0.0019750467526148,0.9208103130755064,6.795376112410226,0.0003995600745989,0.5095188849905776,0.6272039345946678,bcg_x,,,31.28200000000001
OXFORD_mv000990,451927,451927,220.548,220.964,0.4159999999999968,OXFORD,OXFORD_451927_BCG_3AXIS_seg0001_c0015,BCG_3AXIS,True,trained_model,0.0,0.0307935468662341,0.0484730250007799,0.0455011084493681,0.0095488490488869,9.118051815842932e-05,0.1981826884780181,0.0009482425286029,9.615384615384617,10.036118338399572,1.0509455989810508e-05,0.3904390583288548,0.3822295095897164,bcg_y,,,3.328000000000003
OXFORD_mv000991,451927,451927,225.528,225.832,0.304000000000002,OXFORD,OXFORD_451927_BCG_3AXIS_seg0001_c0016,BCG_3AXIS,True,trained_model,0.0033333333333333,0.0242702624732735,0.03547252181057,0.0325029821815039,0.0087507133070931,7.657498338293724e-05,0.0901239829998035,0.0005890456405215,13.157894736842106,12.10383980850856,7.72423483760806e-06,0.3540628622939146,0.5823164723496337,bcg_x,,,4.563999999999993
OXFORD_mv000992,451927,451927,251.91,254.562,2.6520000000000152,OXFORD,OXFORD_451927_BCG_3AXIS_seg0001_c0017,BCG_3AXIS,True,trained_model,0.0766666666666666,0.0332524961220266,0.1237884976299479,0.1216918491213308,0.0184552896591909,0.0003405977164046,1.4673017173043448,0.0011057284983453,1.5082956259426847,6.901187740223876,0.0005036166197272,0.5210891406579063,0.7187979380935846,bcg_x,,,26.078000000000003
OXFORD_mv000993,451927,451927,263.988,268.178,4.189999999999998,OXFORD,OXFORD_451927_BCG_3AXIS_seg0001_c0018,BCG_3AXIS,True,trained_model,0.2033333333333333,0.04927100194955,0.2460545894758833,0.2449110632378036,0.0348541155831247,0.0012148093730818,5.088315903003932,0.0024276316331125,0.4770992366412213,4.595090322617998,0.0004396980998085,0.4579862244006659,0.8534905520116361,bcg_x,,,9.425999999999988
OXFORD_mv000994,451927,451927,269.366,270.388,1.0219999999999914,OXFORD,OXFORD_451927_BCG_3AXIS_seg0001_c0019,BCG_3AXIS,True,trained_model,0.15,0.0356385427071949,0.0735570386642215,0.0689904504050488,0.0172282482289,0.0002968125370365,0.6502941318617914,0.0012701057262925,3.90625,4.637035296094663,0.0001856614713369,0.2945579848489279,0.757609111066871,bcg_x,,,1.1879999999999882
OXFORD_mv000995,451927,451927,273.792,274.708,0.9160000000000535,OXFORD,OXFORD_451927_BCG_3AXIS_seg0001_c0020,BCG_3AXIS,True,trained_model,0.0066666666666666,0.0345505580192669,0.0651124367032262,0.0561049810124392,0.0126081294490712,0.0001589649282045,0.5479271462842148,0.0011937410594427,4.366812227074235,6.728157481809803,6.312833491052437e-05,0.3952775239838711,0.5263503759609447,bcg_x,,,3.4039999999999964
OXFORD_mv000996,451927,451927,275.696,276.178,0.4819999999999709,OXFORD,OXFORD_451927_BCG_3AXIS_seg0001_c0021,BCG_3AXIS,True,trained_model,0.0,0.0236387592351926,0.0415174679177226,0.0364577553301816,0.009755435015038,9.51685123326314e-05,0.1352274070394159,0.0005587909381794,8.264462809917356,8.85179077021962,9.39052020526566e-06,0.337971825161618,0.7865280710068915,bcg_x,,,0.9879999999999995
OXFORD_mv000997,451927,451927,276.848,278.462,1.613999999999976,OXFORD,OXFORD_451927_BCG_3AXIS_seg0001_c0022,BCG_3AXIS,True,trained_model,0.01,0.0287506123330211,0.0484593065150197,0.0460849202704655,0.0119825263201488,0.000143580937013,0.6678909492951238,0.0008265977095236,3.7128712871287126,5.902416735877504,7.451511290914812e-05,0.446372522227635,0.6430455787951969,bcg_x,,,0.6700000000000159
OXFORD_mv000998,451927,451927,283.128,284.136,1.0080000000000382,OXFORD,OXFORD_451927_BCG_3AXIS_seg0001_c0023,BCG_3AXIS,True,trained_model,0.04,0.0317801331460057,0.0704669302106353,0.068630644861329,0.0131091829215753,0.0001718506768713,0.5100383157028167,0.0010099768627778,1.984126984126984,5.876303093479719,6.1023827767497045e-05,0.424168018535469,0.4241818220068903,bcg_x,,,4.665999999999997
OXFORD_mv000999,451927,451927,298.922,299.518,0.5959999999999468,OXFORD,OXFORD_451927_BCG_3AXIS_seg0001_c0024,BCG_3AXIS,True,trained_model,0.0,0.0267911596791045,0.0443071845918631,0.0404860176940327,0.0095987983145098,9.213692908263804e-05,0.2146121048484314,0.0007177662369512,10.06711409395973,8.981941567403917,2.578096995218932e-05,0.4267349457599997,0.526998055937697,bcg_y,,,14.786000000000001
OXFORD_mv001000,451927,451927,300.2,302.138,1.937999999999988,OXFORD,OXFORD_451927_BCG_3AXIS_seg0001_c0025,BCG_3AXIS,True,trained_model,0.01,0.0328384436469387,0.0637438626604628,0.0622513787014833,0.0114632324183042,0.000131405697476,1.046012479718576,0.0010783633811531,5.154639175257732,6.751626776751409,0.0001246078742784,0.4793562123326296,0.5802862233398511,bcg_x,,,0.6820000000000164
OXFORD_mv001001,451927,451927,305.652,306.182,0.5300000000000296,OXFORD,OXFORD_451927_BCG_3AXIS_seg0001_c0026,BCG_3AXIS,True,trained_model,0.0,0.0202397328227433,0.0462288174691031,0.0437270956940931,0.0113557304704364,0.0001289526145171,0.1089660447397856,0.000409646784736,3.7593984962406015,6.799378932667684,1.3010510755722991e-05,0.3003254014843055,0.6103875119743204,bcg_x,,,3.51400000000001
OXFORD_mv001002,451927,451927,307.054,307.598,0.5440000000000396,OXFORD,OXFORD_451927_BCG_3AXIS_seg0001_c0027,BCG_3AXIS,True,trained_model,0.0,0.0274627815060928,0.0555035807216228,0.0524345703995178,0.0118563987117394,0.0001405741904117,0.2058977924780314,0.0007542043680513,11.029411764705882,9.457639350262657,3.268571044218994e-05,0.4123642081178557,0.617419645489024,bcg_x,,,0.8719999999999573
OXFORD_mv001003,451927,451927,308.28,308.902,0.6220000000000141,OXFORD,OXFORD_451927_BCG_3AXIS_seg0001_c0028,BCG_3AXIS,True,trained_model,0.0,0.0278804635222713,0.0621341971984113,0.0536402893536908,0.0119276870220881,0.0001422697176968,0.2425239168196111,0.0007773202462167,6.410256410256411,7.453787531882331,4.414683435320729e-05,0.3726634705288724,0.5863218036939291,bcg_x,,,0.6819999999999595
OXFORD_mv001004,451927,451927,330.684,330.996,0.311999999999955,OXFORD,OXFORD_451927_BCG_3AXIS_seg0001_c0029,BCG_3AXIS,True,trained_model,0.0,0.0255135968453779,0.0434552409412049,0.0364065594949858,0.0103404528560725,0.0001069249652686,0.1021981489661915,0.0006509436239884,6.410256410256411,10.253671348102264,5.0438232755774e-06,0.4031791856502799,0.5980119605839509,bcg_y,,,21.78200000000004
OXFORD_mv001005,451927,451927,334.406,335.328,0.9219999999999686,OXFORD,OXFORD_451927_BCG_3AXIS_seg0001_c0030,BCG_3AXIS,True,trained_model,0.0066666666666666,0.0224544612891439,0.0495873500053926,0.0466794230635839,0.0091195192590498,8.31656315161815e-05,0.2329417082849761,0.0005042028317856,4.329004329004329,12.342016268991577,2.1896651625390787e-05,0.5243048703327711,0.58586352991768,bcg_y,,,3.410000000000025
OXFORD_mv001006,451927,451927,341.144,341.982,0.8380000000000223,OXFORD,OXFORD_451927_BCG_3AXIS_seg0001_c0031,BCG_3AXIS,True,trained_model,0.0233333333333333,0.0433351961312146,0.0817152302473113,0.073915635337295,0.0174847491401653,0.0003057164524945,0.7887344739669548,0.0018779392237308,2.380952380952381,7.590867998673672,8.070950735751882e-05,0.3971475004546225,0.3853674673809407,bcg_x,,,5.816000000000031
OXFORD_mv001007,451927,451927,384.042,387.08,3.038000000000011,OXFORD,OXFORD_451927_BCG_3AXIS_seg0001_c0032,BCG_3AXIS,True,trained_model,0.02,0.0302891188465272,0.0937685200238738,0.0913963036259929,0.0145517860880789,0.0002117544783532,1.3944946951585588,0.000917430720499,3.2894736842105265,8.303280931351154,0.0002495231213232,0.5600457722710797,0.544734286895764,bcg_x,,,42.059999999999945
OXFORD_mv001008,451927,451927,387.672,389.64,1.967999999999961,OXFORD,OXFORD_451927_BCG_3AXIS_seg0001_c0033,BCG_3AXIS,True,trained_model,0.0766666666666666,0.0487488538124638,0.1560574587919984,0.1527948645841361,0.0297157749591319,0.0008830272814217,2.340803986808535,0.0023764507480289,1.016260162601626,5.951397269398895,0.0009634603436463,0.4746045769631571,0.3590839107490126,bcg_x,,,0.5920000000000414
OXFORD_mv001009,451927,451927,393.66,394.96,1.2999999999999543,OXFORD,OXFORD_451927_BCG_3AXIS_seg0001_c0034,BCG_3AXIS,True,trained_model,0.15,0.0240199747041905,0.0416782897996688,0.0365001500568956,0.0095072625263212,9.038804074439156e-05,0.3756004292982592,0.0005769591847899,3.0769230769230766,5.029599429233159,5.918973829003389e-05,0.4052318179407163,0.5546575133893107,bcg_x,,,4.020000000000039
OXFORD_mv001010,451927,451927,406.194,408.296,2.1019999999999754,OXFORD,OXFORD_451927_BCG_3AXIS_seg0001_c0035,BCG_3AXIS,True,trained_model,0.0133333333333333,0.0247347466509323,0.0701727038999466,0.0689004133447479,0.0122383111478307,0.0001497762597511,0.6436216918638713,0.0006118076918858,3.802281368821293,6.961861828063674,0.0001281355438814,0.4983311794193706,0.5126429688956091,bcg_x,,,11.234000000000037
OXFORD_mv001011,451927,451927,419.43,421.358,1.9279999999999973,OXFORD,OXFORD_451927_BCG_3AXIS_seg0001_c0036,BCG_3AXIS,True,trained_model,0.0766666666666666,0.0487966022219295,0.1320186948928786,0.1246708342826924,0.0273015379185418,0.0007453739727175,2.29776959481104,0.0023811083884052,1.037344398340249,6.636723821426189,0.0004860633812799,0.4963164379283399,0.6976550850480103,bcg_x,,,11.134000000000015
OXFORD_mv001012,451927,451927,450.568,450.9,0.3319999999999936,OXFORD,OXFORD_451927_BCG_3AXIS_seg0001_c0037,BCG_3AXIS,True,trained_model,0.0,0.0351338437658678,0.0524703199314564,0.0379583203010981,0.0107721209970578,0.0001160385907752,0.206142625286657,0.0012343869777644,6.024096385542168,8.12897704391817,1.0393347366903617e-05,0.3119115563615571,0.6160292985613903,bcg_x,,,29.20999999999998
OXFORD_mv001013,451927,451927,481.592,481.96,0.367999999999995,OXFORD,OXFORD_451927_BCG_3AXIS_seg0001_c0038,BCG_3AXIS,True,trained_model,0.0033333333333333,0.0192161923339304,0.0363497678214492,0.0322431154689143,0.0100235723386934,0.000100472002429,0.0683134788457024,0.0003692620478146,5.434782608695652,8.437775182935713,5.626479582049483e-06,0.3350642708221821,0.7559632471273776,bcg_x,,,30.692000000000007
OXFORD_mv001014,451927,451927,494.072,495.026,0.9540000000000076,OXFORD,OXFORD_451927_BCG_3AXIS_seg0001_c0039,BCG_3AXIS,True,trained_model,0.01,0.0248336030441042,0.0612968806155053,0.0587959872250143,0.011024010029934,0.00012152879714,0.2947863475927236,0.0006167078401521,4.184100418410042,6.0070697800128094,9.650706085650427e-05,0.370135725045541,0.7517209431054716,bcg_x,,,12.112000000000023
OXFORD_mv001015,451927,451927,522.374,524.23,1.8559999999999943,OXFORD,OXFORD_451927_BCG_3AXIS_seg0001_c0040,BCG_3AXIS,True,trained_model,0.21,0.0589110124133599,0.2410417202312272,0.2406243327009019,0.0418910480135955,0.0017548599036773,3.224101359333791,0.003470507383567,1.0775862068965516,4.556106091279934,0.0020058949819373,0.4111710852498011,0.8773114993724964,bcg_x,,,27.348000000000013
OXFORD_mv001016,451927,451927,535.664,536.214,0.5500000000000682,OXFORD,OXFORD_451927_BCG_3AXIS_seg0001_c0041,BCG_3AXIS,True,trained_model,0.0,0.0189217474145386,0.04347602676787,0.0370265551943706,0.0094797806099468,8.986624041272392e-05,0.0988169769606095,0.0003580325252195,7.246376811594202,7.931558520153048,1.315337385057134e-05,0.3488225878702473,0.6293324640242846,bcg_x,,,11.433999999999969
OXFORD_mv001017,451927,451927,562.846,563.176,0.3300000000000409,OXFORD,OXFORD_451927_BCG_3AXIS_seg0001_c0042,BCG_3AXIS,True,trained_model,0.0,0.0321959531969148,0.055712799063565,0.051541516520121,0.0156604503541801,0.0002452497052957,0.1720721807748162,0.0010365794022579,6.024096385542168,7.317077394038726,2.07571155752745e-05,0.2461762191797741,0.7356383400819094,bcg_x,,,26.631999999999948
OXFORD_mv001018,451927,451927,565.852,566.248,0.3960000000000718,OXFORD,OXFORD_451927_BCG_3AXIS_seg0001_c0043,BCG_3AXIS,True,trained_model,0.0,0.0221852956541186,0.0449334932237178,0.0426138560648689,0.0106692604810974,0.0001138331192135,0.0979452813088705,0.0004921873432606,10.1010101010101,9.951385853648558,1.953387554152813e-05,0.3585140145161906,0.7525054297351955,bcg_x,,,2.675999999999931
OXFORD_mv001019,451927,451927,566.958,568.506,1.5480000000000018,OXFORD,OXFORD_451927_BCG_3AXIS_seg0001_c0044,BCG_3AXIS,True,trained_model,0.0733333333333333,0.0278683159043063,0.0593611279361563,0.056704241566077,0.0127537815864766,0.0001626589447555,0.6018983492902141,0.0007766430313422,1.2919896640826871,6.094731667500564,0.0001119459164581,0.4656965245119686,0.3896081234140507,bcg_x,,,0.7099999999999227
OXFORD_mv001020,451927,451927,571.676,572.346,0.6699999999999591,OXFORD,OXFORD_451927_BCG_3AXIS_seg0001_c0045,BCG_3AXIS,True,trained_model,0.0066666666666666,0.0179769713883254,0.0363390123237857,0.0340437813747598,0.0097365547479064,9.48004983589799e-05,0.1085856240996822,0.0003231715002966,11.904761904761903,9.332304232161713,1.8550958763557004e-05,0.4078077775264632,0.5506050584920309,bcg_x,,,3.1700000000000728
OXFORD_mv001021,451927,451927,576.366,577.284,0.9180000000000064,OXFORD,OXFORD_451927_BCG_3AXIS_seg0001_c0046,BCG_3AXIS,True,trained_model,0.0,0.0197323488898196,0.0439799533950268,0.0436437597888439,0.0094608257433411,8.950722374586616e-05,0.1791081726464013,0.0003893655927095,13.043478260869565,9.532976283130534,3.749149792154389e-05,0.4300206119855939,0.6077770764053742,bcg_x,,,4.019999999999982
OXFORD_mv001022,451927,451927,582.394,583.558,1.1639999999999873,OXFORD,OXFORD_451927_BCG_3AXIS_seg0001_c0047,BCG_3AXIS,True,trained_model,0.0066666666666666,0.0205272796142231,0.0384432495830564,0.0369991631665562,0.0084946134419004,7.215845752731525e-05,0.2456582484741715,0.0004213692083605,10.309278350515465,9.063553137955326,3.186950135578758e-05,0.4702139590196889,0.7628830037710527,bcg_x,,,5.110000000000014
OXFORD_mv001023,451927,451927,586.62,587.086,0.4660000000000082,OXFORD,OXFORD_451927_BCG_3AXIS_seg0001_c0048,BCG_3AXIS,True,trained_model,0.0033333333333333,0.0209117414340091,0.0376149160721263,0.0354221412978724,0.008855084690721,7.841252487984311e-05,0.1023284175738676,0.0004373009298028,12.82051282051282,11.392162029284494,9.952868474321422e-06,0.4097380762990953,0.731347370956631,bcg_x,,,3.062000000000012
OXFORD_mv001024,451927,451927,595.646,596.204,0.5579999999999927,OXFORD,OXFORD_451927_BCG_3AXIS_seg0001_c0049,BCG_3AXIS,True,trained_model,0.0,0.0224686474185679,0.0501411034704678,0.0487921838238232,0.0109078912692802,0.0001189820919424,0.1413552327095774,0.0005048401168199,3.571428571428571,9.038882458436373,2.5258798295953997e-05,0.4125214677938985,0.6264917970062185,bcg_x,,,8.559999999999945
OXFORD_mv001025,451927,451927,599.664,600.704,1.0399999999999636,OXFORD,OXFORD_451927_BCG_3AXIS_seg0001_c0050,BCG_3AXIS,True,trained_model,0.0066666666666666,0.0521683299937144,0.0962281264799814,0.090206526584343,0.018393495988456,0.0003383206946773,1.4179195549075367,0.002721534654333,3.846153846153846,7.037412249607398,0.0001942412772225,0.4141278388060373,0.6070280648653025,bcg_x,,,3.4600000000000364
OXFORD_mv001026,451927,451927,601.482,602.178,0.6960000000000264,OXFORD,OXFORD_451927_BCG_3AXIS_seg0001_c0051,BCG_3AXIS,True,trained_model,0.01,0.0253399327353999,0.0481807526940178,0.0457632963918687,0.0107306793379856,0.0001151474790546,0.2240971546710725,0.0006421121910345,2.8735632183908044,8.219924947765277,1.3975942339432271e-05,0.3918297959719213,0.7307878757746693,bcg_x,,,0.77800000000002
OXFORD_mv001027,451927,451927,609.192,609.536,0.3439999999999372,OXFORD,OXFORD_451927_BCG_3AXIS_seg0001_c0052,BCG_3AXIS,True,trained_model,0.0033333333333333,0.0198801108677257,0.0347615407502403,0.0295986663258991,0.007801734018283,6.086705369203564e-05,0.0683728538035607,0.000395218808113,11.627906976744184,10.294923906395969,5.853517705254262e-06,0.3624580020985907,0.6400158664480406,bcg_x,,,7.01400000000001
OXFORD_mv001028,451927,451927,611.376,611.744,0.3680000000000518,OXFORD,OXFORD_451927_BCG_3AXIS_seg0001_c0053,BCG_3AXIS,True,trained_model,0.0033333333333333,0.0210675036912341,0.0370048650126815,0.035803740174703,0.0092840939936452,8.61944012828406e-05,0.0821103466793304,0.0004438397117801,10.869565217391305,11.893522861668185,9.342028744270036e-06,0.3559141003594426,0.7929125503823293,bcg_x,,,1.8400000000000318
OXFORD_mv001029,451927,451927,657.584,658.002,0.4180000000000063,OXFORD,OXFORD_451927_BCG_3AXIS_seg0001_c0054,BCG_3AXIS,True,trained_model,0.0,0.0192675221378791,0.0424734134531728,0.0397123997849817,0.0107758655489617,0.0001161192783293,0.0779598559600693,0.0003712374093336,4.761904761904762,8.009118142664777,5.250622983480267e-06,0.3622118667155969,0.7240535070954853,bcg_x,,,45.83999999999992
OXFORD_mv001030,451927,451927,659.032,659.986,0.9539999999999508,OXFORD,OXFORD_451927_BCG_3AXIS_seg0001_c0055,BCG_3AXIS,True,trained_model,0.0066666666666666,0.0216894745201754,0.0482459180266044,0.045255871562242,0.0089171335008438,7.951526987187242e-05,0.2248671197715212,0.0004704333049613,8.368200836820083,9.935373081256335,2.4684932766693104e-05,0.500143147002794,0.5254833687304765,bcg_x,,,1.0300000000000864
OXFORD_mv001031,451927,451927,681.19,682.006,0.8159999999999172,OXFORD,OXFORD_451927_BCG_3AXIS_seg0001_c0056,BCG_3AXIS,True,trained_model,0.0033333333333333,0.0251556081729856,0.0510821014051206,0.0495437002981239,0.0104782839402427,0.0001097944343323,0.2588170906240881,0.0006328046225527,7.352941176470587,10.610058849400303,4.0221575956088845e-05,0.4918935979577158,0.506192752580326,bcg_x,,,21.204000000000065
OXFORD_mv001032,451927,451927,686.916,688.436,1.5199999999999818,OXFORD,OXFORD_451927_BCG_3AXIS_seg0001_c0057,BCG_3AXIS,True,trained_model,0.0866666666666666,0.0258726822237045,0.0464028112763992,0.044222590961144,0.0108906812029816,0.0001186069370649,0.5094101166265345,0.0006693956854487,1.3157894736842106,9.722405929035205,6.748708634595653e-05,0.5327026163709238,0.5244715930964863,bcg_x,,,4.910000000000082
OXFORD_mv001033,451927,451927,689.042,692.374,3.3319999999999936,OXFORD,OXFORD_451927_BCG_3AXIS_seg0001_c0058,BCG_3AXIS,True,trained_model,0.0833333333333333,0.0403252128130763,0.1103273058612407,0.1063786430001228,0.0202376938197041,0.00040956425114,2.710746688295968,0.0016261227884198,0.6002400960384154,7.659553740637604,0.0005301065956202,0.5692329404064688,0.5239948908677629,bcg_x,,,0.6059999999999945
OXFORD_mv001034,451927,451927,693.344,694.464,1.1200000000000043,OXFORD,OXFORD_451927_BCG_3AXIS_seg0001_c0059,BCG_3AXIS,True,trained_model,0.06,0.0282057067283919,0.0668365486036242,0.0639943355589885,0.0133792968136243,0.000179005583227,0.4463102214389602,0.000795561892048,1.7857142857142856,6.369967791380808,6.93855296023379e-05,0.4416174233955819,0.6758442236531156,bcg_x,,,0.9700000000000273
OXFORD_mv001035,451927,451927,695.252,695.682,0.4300000000000636,OXFORD,OXFORD_451927_BCG_3AXIS_seg0001_c0060,BCG_3AXIS,True,trained_model,0.0,0.0358961514619073,0.0544788713041222,0.040275356892943,0.0111376288381027,0.0001240467761353,0.2783232769916578,0.0012885336897761,4.62962962962963,6.148955328460263,1.984665147437837e-05,0.3002996882075964,0.8267628177836741,bcg_x,,,0.7879999999998972
OXFORD_mv001036,451927,451927,700.886,701.882,0.9959999999999808,OXFORD,OXFORD_451927_BCG_3AXIS_seg0001_c0061,BCG_3AXIS,True,trained_model,0.04,0.0269949061456785,0.0583152929413063,0.0565718902493303,0.0124687192141688,0.0001554689588417,0.3636337539491839,0.0007287249578139,2.0080321285140563,9.671994312192169,5.197509861078399e-05,0.4888310056698983,0.701418064335409,bcg_x,,,5.203999999999951
OXFORD_mv001037,451927,451927,708.658,710.698,2.039999999999964,OXFORD,OXFORD_451927_BCG_3AXIS_seg0001_c0062,BCG_3AXIS,True,trained_model,0.0733333333333333,0.0386283420365659,0.1044815388976715,0.1012872715631851,0.0195298530759849,0.0003814151611695,1.5234839334722992,0.0014921488084939,0.9803921568627452,6.533932022975015,0.0002152573565606,0.4700178889216009,0.3445996272889806,bcg_z,,,6.776000000000067
OXFORD_mv001038,451927,451927,725.876,726.232,0.3559999999999945,OXFORD,OXFORD_451927_BCG_3AXIS_seg0001_c0063,BCG_3AXIS,True,trained_model,0.0,0.0251778564983166,0.0632151481214529,0.0571618412719946,0.014894197709945,0.0002218371254229,0.1134724779551191,0.0006339244578498,5.617977528089888,8.549262830136735,1.3003131918471464e-05,0.3484900551729041,0.8242558316270426,bcg_x,,,15.177999999999997
OXFORD_mv001039,451927,451927,732.162,732.486,0.3239999999999554,OXFORD,OXFORD_451927_BCG_3AXIS_seg0001_c0064,BCG_3AXIS,True,trained_model,0.0,0.0262731787414151,0.0433846820597517,0.0391324883172992,0.009099727554066,8.280504155822946e-05,0.1125156271520708,0.0006902799211783,12.34567901234568,11.514440610301792,7.641067739463612e-06,0.3693844776619024,0.5644932811300768,bcg_x,,,5.930000000000064
OXFORD_mv001040,451927,451927,736.808,737.466,0.6580000000000155,OXFORD,OXFORD_451927_BCG_3AXIS_seg0001_c0065,BCG_3AXIS,True,trained_model,0.0033333333333333,0.0242199059203985,0.0422630952739252,0.0356330683897379,0.0101073237830043,0.0001021579940544,0.1935792681216763,0.0005866038427929,3.0303030303030303,6.599697838813804,1.6964366083901327e-05,0.3873242626020045,0.5385962087620579,bcg_x,,,4.322000000000003
OXFORD_mv001041,451927,451927,740.566,741.186,0.6200000000000045,OXFORD,OXFORD_451927_BCG_3AXIS_seg0001_c0066,BCG_3AXIS,True,trained_model,0.0066666666666666,0.0178550842426266,0.0365130757246428,0.031620839411265,0.0083404300278203,6.956277304896735e-05,0.0991480543598123,0.0003188040333112,6.451612903225807,9.665803148969728,1.4917125635753043e-05,0.4217630670218004,0.4758413302790125,bcg_x,,,3.1000000000000227
OXFORD_mv001042,451927,451927,758.892,759.536,0.6439999999998918,OXFORD,OXFORD_451927_BCG_3AXIS_seg0001_c0067,BCG_3AXIS,True,trained_model,0.0033333333333333,0.0184040635741452,0.0355905568131921,0.0344059021611158,0.0082417383086947,6.792625034900738e-05,0.1094031866013016,0.0003387095560411,6.211180124223603,6.5550109513667,1.2783654289825455e-05,0.351725863548419,0.3926678856179683,bcg_z,,,17.706000000000017
OXFORD_mv001043,451927,451927,770.85,771.356,0.5059999999999718,OXFORD,OXFORD_451927_BCG_3AXIS_seg0001_c0068,BCG_3AXIS,True,trained_model,0.0033333333333333,0.0182471478515029,0.0396820050280797,0.0373105537456199,0.0094737217379704,8.975140356849395e-05,0.0845714347975101,0.0003329584047146,3.937007874015748,7.368286439732666,8.700704326179322e-06,0.3473824653025296,0.4784607329268777,bcg_x,,,11.314000000000078
OXFORD_mv001044,451927,451927,772.504,772.822,0.3179999999999836,OXFORD,OXFORD_451927_BCG_3AXIS_seg0001_c0069,BCG_3AXIS,True,trained_model,0.0,0.0322356649719543,0.0545518947841944,0.0476229312813148,0.0121551824303343,0.0001477484599147,0.1662620953894535,0.001039138096184,12.5,11.886737142278433,2.447542582685413e-05,0.3596468866271976,0.5254289350296668,bcg_x,,,1.1480000000000246
OXFORD_mv001045,451927,451927,779.984,781.112,1.127999999999929,OXFORD,OXFORD_451927_BCG_3AXIS_seg0001_c0070,BCG_3AXIS,True,trained_model,0.06,0.0217035969483658,0.0452045165817384,0.0446199864661111,0.0105073151807219,0.000110403672307,0.2661410580808702,0.0004710461204971,1.7730496453900708,7.448331438125889,5.742280697087147e-05,0.4397472333064081,0.5309380150147058,bcg_x,,,7.162000000000035
OXFORD_mv001046,451927,451927,801.608,803.562,1.9540000000000648,OXFORD,OXFORD_451927_BCG_3AXIS_seg0001_c0071,BCG_3AXIS,True,trained_model,0.01,0.0362389051539249,0.0712728813992143,0.0706366166050888,0.0170235168938374,0.0002898001274347,1.2843665653265528,0.0013132582467551,8.1799591002045,6.44857941159446,0.0001990441381905,0.4909673114660302,0.7488854467033782,bcg_x,,,20.49599999999998
OXFORD_mv001047,451927,451927,815.928,816.5,0.5720000000000027,OXFORD,OXFORD_451927_BCG_3AXIS_seg0001_c0072,BCG_3AXIS,True,trained_model,0.03,0.0179404411864635,0.0413873829730903,0.0381519630148119,0.0100396696899169,0.0001007949674826,0.0923736563999432,0.0003218594299649,13.986013986013983,10.696242369509145,9.796573793049364e-06,0.4281144486946787,0.6062630947237411,bcg_x,,,12.365999999999985
OXFORD_mv001048,451927,451927,822.95,823.832,0.8819999999999482,OXFORD,OXFORD_451927_BCG_3AXIS_seg0001_c0073,BCG_3AXIS,True,trained_model,0.0,0.028554208398702,0.0521948840314855,0.0486895554527315,0.012132767065119,0.0001472040366564,0.360381525236215,0.0008153428172765,4.524886877828054,6.168589873057521,5.127461239460964e-05,0.3527084881535101,0.6571613635998086,bcg_x,,,6.4500000000000455
OXFORD_mv001049,451927,451927,829.518,831.64,2.1219999999999573,OXFORD,OXFORD_451927_BCG_3AXIS_seg0001_c0074,BCG_3AXIS,True,trained_model,0.08,0.0276526676185656,0.0730644861618679,0.0716539647995635,0.0135890154177375,0.0001846613400235,0.8120795680610886,0.0007646700264228,0.9416195856873822,5.932373592714923,0.0001674894223612,0.4795709646681299,0.6033272233649983,bcg_x,,,5.6860000000000355
OXFORD_mv001050,451927,451927,867.93,868.536,0.6059999999999945,OXFORD,OXFORD_451927_BCG_3AXIS_seg0001_c0075,BCG_3AXIS,True,trained_model,0.0,0.0234741857582816,0.0417507047419226,0.0362707703717091,0.0091240753342122,8.324875070438007e-05,0.1675153686923513,0.0005510373970143,3.2894736842105265,8.54459443685037,9.781767650771791e-06,0.4269181387361883,0.5801663481801849,bcg_x,,,36.289999999999964
OXFORD_mv001051,451927,451927,881.706,882.93,1.2239999999999327,OXFORD,OXFORD_451927_BCG_3AXIS_seg0001_c0076,BCG_3AXIS,True,trained_model,0.01,0.0267778007074765,0.0638658988847487,0.0593238000288798,0.0119705605583514,0.0001432943200811,0.4395520243770812,0.0007170506107293,4.901960784313726,7.250272212651672,7.605484438247331e-05,0.477987439745002,0.5093942263279052,bcg_x,,,13.170000000000073
OXFORD_mv001052,451927,451927,896.168,898.144,1.975999999999999,OXFORD,OXFORD_451927_BCG_3AXIS_seg0001_c0077,BCG_3AXIS,True,trained_model,0.0433333333333333,0.0233948154509878,0.0487896964552083,0.0462628201172876,0.0102675086425031,0.0001054217337238,0.5412968986959366,0.0005473173899857,2.0242914979757085,6.602831884198756,0.0001010416948113,0.4943801075208053,0.5820046550753519,bcg_x,,,13.238000000000056
OXFORD_mv001053,451927,451927,899.2,899.93,0.7299999999999045,OXFORD,OXFORD_451927_BCG_3AXIS_seg0001_c0078,BCG_3AXIS,True,trained_model,0.0166666666666666,0.0352127655450494,0.0689050613243897,0.0646315491527577,0.0159158432467293,0.0002533140662544,0.453817621783007,0.0012399388573306,2.73224043715847,6.548326906059791,0.0001233295140794,0.3626823742868576,0.3528506156968791,bcg_z,,,1.05600000000004
OXFORD_mv001054,451993,451993,1.142,4.298,3.156,OXFORD,OXFORD_451993_BCG_3AXIS_seg0001_c0001,BCG_3AXIS,True,trained_model,0.1833333333333333,0.1661707393888494,1.8214115145058996,1.8168101836930868,0.1455448948178218,0.0211833164075308,43.60047639924928,0.0276127146290369,0.6337135614702154,7.237042703994003,0.0041908268091701,0.5501127166794109,0.4177292774417554,bcg_z,,,
OXFORD_mv001055,451993,451993,7.18,7.756,0.5760000000000005,OXFORD,OXFORD_451993_BCG_3AXIS_seg0001_c0002,BCG_3AXIS,True,trained_model,0.1033333333333333,0.0708041821942215,0.1170613568352232,0.106991733555375,0.0299534330707898,0.0008972081527262,1.4488241104796369,0.0050132322161925,3.472222222222222,5.417200773017046,0.0002594878568022,0.2899498396621122,0.7387865484933859,bcg_x,,,2.8819999999999997
OXFORD_mv001056,451993,451993,21.292,21.784,0.4919999999999973,OXFORD,OXFORD_451993_BCG_3AXIS_seg0001_c0003,BCG_3AXIS,True,trained_model,0.1433333333333333,0.0422956784208176,0.0778426456022033,0.0657788326936024,0.0176673115162119,0.0003121338962108,0.4418643300300734,0.0017889244130772,4.065040650406504,4.014107414178765,5.099076848178761e-05,0.2562917643858471,0.7693246933673616,bcg_x,,,13.536000000000001
OXFORD_mv001057,451993,451993,40.334,40.972,0.6379999999999981,OXFORD,OXFORD_451993_BCG_3AXIS_seg0001_c0004,BCG_3AXIS,True,trained_model,0.1033333333333333,0.0641634110233332,0.1159940409451435,0.1093679607719356,0.0281031046977627,0.0007897844936534,1.317421860527744,0.0041169433141491,3.125,5.417472171475609,0.0002190334051752,0.3035177541116722,0.779579861115291,bcg_x,,,18.550000000000004
OXFORD_mv001058,451993,451993,42.332,43.202,0.8699999999999974,OXFORD,OXFORD_451993_BCG_3AXIS_seg0001_c0005,BCG_3AXIS,True,trained_model,0.1466666666666666,0.050337490704821,0.1414066098794317,0.1294200910001084,0.0261790149622637,0.0006853408243944,1.1047642551196628,0.0025338629704579,2.293577981651376,5.383067010613548,0.0003250544867132,0.403519277291698,0.7779805836685935,bcg_x,,,1.3599999999999994
OXFORD_mv001059,451993,451993,61.366,62.772,1.4059999999999988,OXFORD,OXFORD_451993_BCG_3AXIS_seg0001_c0006,BCG_3AXIS,True,trained_model,0.15,0.0523323241983066,0.0987459187516165,0.0941208342026953,0.022699522756658,0.00051526833338,1.928025197821654,0.0027386721559966,4.261363636363637,4.446894599284062,0.000336461223173,0.3905051146468864,0.6914799546659336,bcg_x,,,18.164
OXFORD_mv001060,451993,451993,64.78,69.86,5.079999999999998,OXFORD,OXFORD_451993_BCG_3AXIS_seg0001_c0007,BCG_3AXIS,True,trained_model,0.2333333333333333,0.0959434494400574,0.2119344503075238,0.2006982964090563,0.0427141867050598,0.0018245017458747,23.390274691250863,0.0092051454904568,0.7874015748031495,3.6294662581290993,0.0035843758392968,0.4659175750205863,0.6683651272542342,bcg_x,,,2.0080000000000027
OXFORD_mv001061,451993,451993,71.572,73.316,1.7439999999999998,OXFORD,OXFORD_451993_BCG_3AXIS_seg0001_c0008,BCG_3AXIS,True,trained_model,0.0033333333333333,0.0628872724459825,0.1481733171585229,0.1437602062811531,0.0272067630028541,0.0007402079530934,3.4525482881619376,0.0039548090356952,11.46788990825688,7.649536993279201,0.0004507651642695,0.4794555225062497,0.6363023753444853,bcg_x,,,1.7120000000000033
OXFORD_mv001062,451993,451993,73.844,76.47,2.6260000000000048,OXFORD,OXFORD_451993_BCG_3AXIS_seg0001_c0009,BCG_3AXIS,True,trained_model,0.1933333333333333,0.0621941799728155,0.1600881565922904,0.1566761707087985,0.0337636486013872,0.0011399839668779,5.082704453553128,0.0038681160224909,0.76103500761035,4.073350483432773,0.0017507129932326,0.4281971840735749,0.7161405179234689,bcg_x,,,0.5279999999999916
OXFORD_mv001063,451993,451993,77.896,78.996,1.0999999999999943,OXFORD,OXFORD_451993_BCG_3AXIS_seg0001_c0010,BCG_3AXIS,True,trained_model,0.0133333333333333,0.0644096622084189,0.1158627373131067,0.1121737704717545,0.026108617451839,0.0006816599052464,2.2858811267772503,0.0041486045858026,5.454545454545454,6.105637498060285,0.0003834179621234,0.3779207365672477,0.5954978733958532,bcg_x,,,1.426000000000002
OXFORD_mv001064,451993,451993,84.858,85.74,0.8819999999999908,OXFORD,OXFORD_451993_BCG_3AXIS_seg0001_c0011,BCG_3AXIS,True,trained_model,0.0433333333333333,0.1239909549408271,0.3432899499702749,0.3256557729830859,0.079418797343998,0.006307345371567,6.795200552955093,0.0153737569071382,9.049773755656108,6.124581938248478,0.0019700671991767,0.3620550963271187,0.8686155444618776,bcg_x,,,5.862000000000009
OXFORD_mv001065,451993,451993,97.68,102.726,5.045999999999992,OXFORD,OXFORD_451993_BCG_3AXIS_seg0001_c0012,BCG_3AXIS,True,trained_model,0.2366666666666666,0.0936602226624252,0.3105605003896728,0.3056241194835696,0.0484460688944639,0.0023470215913271,22.14112696835791,0.008772237309175,0.3961965134706814,4.152462104583713,0.0030005175690686,0.5021051166863073,0.6659101666118253,bcg_x,,,11.940000000000012
OXFORD_mv001066,451993,451993,103.31,104.968,1.6580000000000013,OXFORD,OXFORD_451993_BCG_3AXIS_seg0001_c0013,BCG_3AXIS,True,trained_model,0.1466666666666666,0.0596363932936832,0.1351561676849355,0.1324789172643549,0.0284636606740838,0.0008101799789693,2.9518945062154622,0.0035564994050788,3.614457831325301,3.799401467171078,0.000849012091665,0.307122938489663,0.6601079689091749,bcg_x,,,0.5840000000000032
OXFORD_mv001067,451993,451993,141.47,142.736,1.2659999999999911,OXFORD,OXFORD_451993_BCG_3AXIS_seg0001_c0014,BCG_3AXIS,True,trained_model,0.1533333333333333,0.0610751904943103,0.1345680712911042,0.1304600772583187,0.0276811672522579,0.0007662470204474,2.364933418742935,0.0037301788939163,4.73186119873817,5.0138514260816445,0.0006311352807001,0.3187349528595589,0.8400586140685152,bcg_x,,,36.501999999999995
OXFORD_mv001068,451993,451993,144.646,145.564,0.9180000000000064,OXFORD,OXFORD_451993_BCG_3AXIS_seg0001_c0015,BCG_3AXIS,True,trained_model,0.0066666666666666,0.0629566525710938,0.1150861589405127,0.105063667195305,0.0252803981714077,0.0006390985317049,1.8232284473604108,0.0039635401029574,8.695652173913043,6.464582714954225,0.0001874139306704,0.4190741692140025,0.6660413976523801,bcg_x,,,1.9099999999999966
OXFORD_mv001069,451993,451993,146.588,147.956,1.367999999999995,OXFORD,OXFORD_451993_BCG_3AXIS_seg0001_c0016,BCG_3AXIS,True,trained_model,0.0066666666666666,0.0672922556906696,0.1551547303853812,0.1491001354430215,0.0321971483501511,0.0010366563618816,3.101849658017849,0.0045282476759384,8.771929824561402,6.01155412566584,0.0006311256956137,0.382832338584771,0.7883772107003442,bcg_x,,,1.024000000000001
OXFORD_mv001070,451993,451993,173.464,173.854,0.3900000000000148,OXFORD,OXFORD_451993_BCG_3AXIS_seg0001_c0017,BCG_3AXIS,True,trained_model,0.0,0.0369729257437765,0.0642234519426046,0.0533380994113477,0.0147343241189622,0.0002171003072426,0.267931458658743,0.0013669972380548,10.20408163265306,7.626342590942115,2.357322066559114e-05,0.3144412780618119,0.5118135531219726,bcg_y,,,25.50800000000001
OXFORD_mv001071,451993,451993,175.768,176.548,0.7800000000000011,OXFORD,OXFORD_451993_BCG_3AXIS_seg0001_c0018,BCG_3AXIS,True,trained_model,0.0066666666666666,0.0478996128961892,0.0815772280597014,0.0662864085728848,0.0171581758445509,0.0002944029983125,0.8970998100014669,0.0022943729156047,5.128205128205128,6.159196795183217,9.665750543107574e-05,0.3504931141434345,0.6070588198497711,bcg_y,,,1.9139999999999873
OXFORD_mv001072,451993,451993,184.432,186.46,2.02800000000002,OXFORD,OXFORD_451993_BCG_3AXIS_seg0001_c0019,BCG_3AXIS,True,trained_model,0.17,0.0703684174430685,0.1622451402717513,0.1578507976782537,0.0309559598687163,0.0009582714513935,5.025989886043583,0.0049517141734419,1.9723865877712032,4.991429613765248,0.0008652482371346,0.4383688530833538,0.6617081663931895,bcg_x,,,7.883999999999986
OXFORD_mv001073,451993,451993,188.152,188.752,0.6000000000000227,OXFORD,OXFORD_451993_BCG_3AXIS_seg0001_c0020,BCG_3AXIS,True,trained_model,0.1466666666666666,0.0598645399149404,0.1043743859637709,0.0918088890661564,0.0253261562310177,0.0006414141894379,1.078712704907476,0.0035837631392274,3.333333333333333,3.6453111482871474,0.000164578586537,0.2527956224290781,0.8720894288442722,bcg_x,,,1.6919999999999789
OXFORD_mv001074,451993,451993,206.71,207.33,0.6200000000000045,OXFORD,OXFORD_451993_BCG_3AXIS_seg0001_c0021,BCG_3AXIS,True,trained_model,0.0033333333333333,0.0572031367021189,0.0872557249210687,0.0753442664387052,0.0183832678264893,0.0003379445359804,1.0176538419025671,0.0032721988485613,6.451612903225807,8.362000722926913,7.73507226718555e-05,0.390895959950545,0.5046152312317801,bcg_x,,,17.958
OXFORD_mv001075,451993,451993,208.058,210.02,1.9620000000000173,OXFORD,OXFORD_451993_BCG_3AXIS_seg0001_c0022,BCG_3AXIS,True,trained_model,0.02,0.046320347675801,0.1013087378298839,0.0972258694468422,0.0186981985638339,0.0003496226295325,2.106954265848557,0.002145574608807,3.054989816700611,8.487903389656116,0.0002588225680616,0.5386132449689155,0.5760496777251043,bcg_x,,,0.7279999999999802
OXFORD_mv001076,451993,451993,252.56,255.004,2.4439999999999884,OXFORD,OXFORD_451993_BCG_3AXIS_seg0001_c0023,BCG_3AXIS,True,trained_model,0.1833333333333333,0.0533218279971709,0.1045983525829817,0.0996259365034152,0.0235939963572077,0.0005566766641039,3.4772548079939423,0.0028432173409598,1.6366612111292962,4.374992461079192,0.0006248205082248,0.4524945875014224,0.7653955504410127,bcg_x,,,42.53999999999999
OXFORD_mv001077,451993,451993,263.14,263.516,0.3760000000000332,OXFORD,OXFORD_451993_BCG_3AXIS_seg0001_c0024,BCG_3AXIS,True,trained_model,0.0,0.0593745020677445,0.0927937153519614,0.0875037075936038,0.0194491838650568,0.0003782707530167,0.6662876527048016,0.0035253314957926,10.638297872340424,11.356554296590955,5.3215279279117896e-05,0.3677238531951146,0.5650043702523303,bcg_x,,,8.135999999999996
OXFORD_mv001078,451993,451993,264.154,265.4,1.245999999999981,OXFORD,OXFORD_451993_BCG_3AXIS_seg0001_c0025,BCG_3AXIS,True,trained_model,0.0033333333333333,0.048641748095985,0.1107210433540782,0.1057100289075526,0.0216751465198576,0.0004698119766572,1.4763962664879555,0.0023660196578332,8.012820512820513,6.951560634699551,0.0002195074891421,0.4044961765302491,0.6554507544401705,bcg_x,,,0.6379999999999768
OXFORD_mv001079,451993,451993,268.842,270.364,1.5219999999999914,OXFORD,OXFORD_451993_BCG_3AXIS_seg0001_c0026,BCG_3AXIS,True,trained_model,0.15,0.0645570257945553,0.171534472082134,0.1705191342990885,0.0316555619969887,0.0010020746053452,3.175718499532425,0.0041676095794388,3.937007874015748,4.825843821688002,0.0009828931645035,0.3437078429824166,0.7766466720459909,bcg_x,,,3.4420000000000073
OXFORD_mv001080,451993,451993,270.916,273.35,2.434000000000026,OXFORD,OXFORD_451993_BCG_3AXIS_seg0001_c0027,BCG_3AXIS,True,trained_model,0.01,0.0548941609647966,0.1245515098918003,0.1173909287041268,0.0231750318535533,0.0005370821014132,3.670283329979328,0.003013368908029,4.926108374384237,6.035207316586276,0.0004018010342281,0.4471002841930447,0.7223805415014519,bcg_x,,,0.5520000000000209
OXFORD_mv001081,451993,451993,280.082,282.592,2.509999999999991,OXFORD,OXFORD_451993_BCG_3AXIS_seg0001_c0028,BCG_3AXIS,True,trained_model,0.1266666666666666,0.117179570604752,0.3005766157066458,0.2956643784217498,0.0546142725811621,0.0029827187695694,17.24620101949526,0.013731051767114,0.7961783439490446,6.879240836714931,0.0024131111484363,0.510320990276544,0.389229173923407,bcg_y,,,6.731999999999971
OXFORD_mv001082,451993,451993,285.866,286.9,1.0339999999999918,OXFORD,OXFORD_451993_BCG_3AXIS_seg0001_c0029,BCG_3AXIS,True,trained_model,0.1566666666666666,0.0654822994387771,0.1169703311390721,0.106466522824865,0.0271724925861666,0.0007383443533452,2.2211485376110494,0.0042879315397896,3.861003861003861,4.771122889467945,0.0004780974501343,0.2677318243457708,0.8000659569341376,bcg_x,,,3.274000000000001
OXFORD_mv001083,451993,451993,294.192,295.516,1.3240000000000125,OXFORD,OXFORD_451993_BCG_3AXIS_seg0001_c0030,BCG_3AXIS,True,trained_model,0.15,0.0487268540421837,0.1023536654568828,0.0944691260871964,0.0221193019088169,0.0004892635169333,1.5741650801144114,0.0023743063048482,4.531722054380664,4.504137031210313,0.000306069395199,0.3234182688007819,0.8337440826865417,bcg_x,,,7.29200000000003
OXFORD_mv001084,451993,451993,305.206,306.072,0.8659999999999854,OXFORD,OXFORD_451993_BCG_3AXIS_seg0001_c0031,BCG_3AXIS,True,trained_model,0.15,0.0507230112102189,0.0949679359560691,0.089692766647729,0.0198747901752293,0.0003950072845093,1.1166055579446867,0.0025728238662319,4.6082949308755765,4.3883943127777565,0.0001907520815563,0.2902415974297917,0.7963926596733227,bcg_x,,,9.689999999999998
OXFORD_mv001085,451993,451993,307.81,308.756,0.9459999999999696,OXFORD,OXFORD_451993_BCG_3AXIS_seg0001_c0032,BCG_3AXIS,True,trained_model,0.0133333333333333,0.0830566131925821,0.1263785989321653,0.1202959950390012,0.0277380814080997,0.0007694011602023,3.2698420716405296,0.0068984009950222,6.329113924050633,6.3898121605325215,0.0003698528193141,0.3746704520239269,0.8251172931692429,bcg_x,,,1.7379999999999995
OXFORD_mv001086,451993,451993,316.212,317.38,1.1680000000000064,OXFORD,OXFORD_451993_BCG_3AXIS_seg0001_c0033,BCG_3AXIS,True,trained_model,0.1466666666666666,0.0523685216737732,0.1062995413291901,0.095862115888664,0.0216906095291444,0.0004704825417458,1.6043403064434276,0.0027424620622964,3.424657534246576,5.117544085197089,0.0002937412032988,0.3684613990706938,0.7692311453563362,bcg_x,,,7.456000000000017
OXFORD_mv001087,451993,451993,318.062,318.58,0.5179999999999723,OXFORD,OXFORD_451993_BCG_3AXIS_seg0001_c0034,BCG_3AXIS,True,trained_model,0.0,0.037272423183333,0.0729713811241832,0.0700360213078889,0.0166615932330531,0.0002776086890637,0.3612007177889401,0.0013892335299574,3.846153846153846,8.0045605034576,2.9471052819701117e-05,0.3494031725222917,0.6364186989671562,bcg_y,,,0.6820000000000164
OXFORD_mv001088,451993,451993,319.468,319.784,0.3159999999999741,OXFORD,OXFORD_451993_BCG_3AXIS_seg0001_c0035,BCG_3AXIS,True,trained_model,0.0033333333333333,0.053706568415328,0.0882972601139988,0.0756175369575911,0.0198059351098042,0.0003922750655737,0.4586188830610993,0.0028843954909503,6.329113924050633,9.355656694301222,4.205775933546559e-05,0.298398844981715,0.7204776418237129,bcg_y,,,0.8880000000000337
OXFORD_mv001089,451993,451993,322.076,322.612,0.5360000000000014,OXFORD,OXFORD_451993_BCG_3AXIS_seg0001_c0036,BCG_3AXIS,True,trained_model,0.0,0.0419487963267971,0.0729416666072679,0.0608552837465989,0.0168493652416544,0.0002839011090466,0.4733597070688533,0.0017597015132671,11.194029850746269,12.759686793775492,3.049293692875e-05,0.4895024283318681,0.441120030463078,bcg_y,,,2.29200000000003
OXFORD_mv001090,451993,451993,325.684,326.362,0.6779999999999973,OXFORD,OXFORD_451993_BCG_3AXIS_seg0001_c0037,BCG_3AXIS,True,trained_model,0.01,0.0489493430315408,0.0979017039717698,0.0942865075860339,0.0234579131291738,0.0005502736883758,0.814652982294614,0.0023960381832194,2.941176470588235,8.035260795394455,8.823088523025856e-05,0.4320201594123409,0.4881952932801114,bcg_x,,,3.0720000000000027
OXFORD_mv001091,451993,451993,347.66,349.132,1.47199999999998,OXFORD,OXFORD_451993_BCG_3AXIS_seg0001_c0038,BCG_3AXIS,True,trained_model,0.1066666666666666,0.0804919875916175,0.3370111231230311,0.3316753872021305,0.0524270620054785,0.0027485968305262,4.774993568972993,0.0064789600664491,1.358695652173913,6.769234112950533,0.0009015391425254,0.4460175767420853,0.7266033440158037,bcg_z,,,21.298000000000002
OXFORD_mv001092,451993,451993,350.924,353.34,2.415999999999997,OXFORD,OXFORD_451993_BCG_3AXIS_seg0001_c0039,BCG_3AXIS,True,trained_model,0.19,0.101815259779876,0.2449261452588641,0.2395491353837366,0.053577808094106,0.0028705815201688,12.53291367296876,0.0103663471240436,3.3112582781456954,4.374806421922425,0.0038009947449671,0.4299355263687309,0.773686687394382,bcg_x,,,1.7919999999999732
OXFORD_mv001093,451993,451993,355.784,356.682,0.8980000000000246,OXFORD,OXFORD_451993_BCG_3AXIS_seg0001_c0040,BCG_3AXIS,True,trained_model,0.04,0.0718487292197241,0.1433277584758526,0.138987333671987,0.0316016658381422,0.0009986652837456,2.323007950720161,0.0051622398904892,2.2222222222222223,5.632331817265712,0.0005007525534777,0.3442547310113786,0.695702961934237,bcg_x,,,2.444000000000017
OXFORD_mv001094,451993,451993,357.304,357.608,0.3040000000000304,OXFORD,OXFORD_451993_BCG_3AXIS_seg0001_c0041,BCG_3AXIS,True,trained_model,0.0,0.0411327664535564,0.0663747984080702,0.0501752311773303,0.0139785383784926,0.0001953995351989,0.2588613848467912,0.0016919044761228,6.578947368421053,8.013627163742653,1.6278256468518934e-05,0.2983065651375202,0.4376303865994495,bcg_x,,,0.6219999999999573
OXFORD_mv001095,451993,451993,358.406,359.376,0.9699999999999704,OXFORD,OXFORD_451993_BCG_3AXIS_seg0001_c0042,BCG_3AXIS,True,trained_model,0.0066666666666666,0.0777341075078531,0.1651035096342701,0.1591294661598232,0.0359598713883936,0.0012931123502698,2.93669945444064,0.0060425914700424,8.23045267489712,8.226364174755151,0.0005708429541261,0.4407496255939488,0.4933085811483627,bcg_x,,,0.7980000000000018
OXFORD_mv001096,451993,451993,360.586,361.712,1.1259999999999764,OXFORD,OXFORD_451993_BCG_3AXIS_seg0001_c0043,BCG_3AXIS,True,trained_model,0.0066666666666666,0.075024844911584,0.1822741359304304,0.1742020174756665,0.0337789726489765,0.0011410189932203,3.1746022276600785,0.0056287273540072,7.092198581560283,7.099262081625201,0.0005492561975013,0.4526739304128127,0.3886410234013521,bcg_x,,,1.2100000000000364
OXFORD_mv001097,451993,451993,364.81,368.616,3.805999999999983,OXFORD,OXFORD_451993_BCG_3AXIS_seg0001_c0044,BCG_3AXIS,True,trained_model,0.09,0.0775056366380486,0.1954261943159924,0.1896619200415223,0.0362283129693201,0.001312490660603,11.437563545114209,0.0060071237106692,1.57563025210084,6.060949017032945,0.0022457545321092,0.5282118544162256,0.4877458872977797,bcg_x,,,3.098000000000013
OXFORD_mv001098,451993,451993,369.216,369.728,0.5120000000000005,OXFORD,OXFORD_451993_BCG_3AXIS_seg0001_c0045,BCG_3AXIS,True,trained_model,0.0,0.0348736422727662,0.0669727776606101,0.0605157869941626,0.018023216561814,0.000324836335234,0.3125559278197989,0.0012161709253688,3.90625,6.455300105451623,4.7182046121670566e-05,0.3610211066156668,0.7527002212104016,bcg_x,,,0.6000000000000227
OXFORD_mv001099,451993,451993,439.894,440.216,0.3220000000000027,OXFORD,OXFORD_451993_BCG_3AXIS_seg0001_c0046,BCG_3AXIS,True,trained_model,0.1866666666666666,0.0455369031469327,0.0677742972440787,0.0645309798916828,0.0147730433395137,0.0002182428095111,0.3359247468105282,0.0020736095482131,12.34567901234568,15.15298178455799,3.3341632919411215e-05,0.4466754253606104,0.4358716754067482,bcg_z,,,70.166
OXFORD_mv001100,451993,451993,488.578,489.482,0.9040000000000532,OXFORD,OXFORD_451993_BCG_3AXIS_seg0001_c0047,BCG_3AXIS,True,trained_model,0.1,0.052282563597758,0.1163682067143194,0.1016001494689289,0.0217465795865577,0.0004729137237144,1.238260304728187,0.0027334664563536,6.63716814159292,5.399790804417084,0.0001088502347014,0.3711906740934831,0.4926275200786647,bcg_y,,,48.361999999999966
OXFORD_mv001101,451993,451993,490.776,492.41,1.6340000000000146,OXFORD,OXFORD_451993_BCG_3AXIS_seg0001_c0048,BCG_3AXIS,True,trained_model,0.0133333333333333,0.0831727124865911,0.1933116986844266,0.1891450894286544,0.0391577639740927,0.0015333304794507,5.6586786837445135,0.0069177001023771,9.779951100244498,9.07023107588535,0.0011312867843268,0.4418613517975053,0.4363597451105381,bcg_y,,,1.2939999999999827
OXFORD_mv001102,451993,451993,493.098,495.786,2.687999999999988,OXFORD,OXFORD_451993_BCG_3AXIS_seg0001_c0049,BCG_3AXIS,True,trained_model,0.04,0.0577322328902533,0.1211704072374878,0.1194844206240437,0.0234074979900557,0.0005479109621544,4.482899410995043,0.0033330107144944,2.2321428571428568,5.657795974903912,0.000660659746806,0.4831347119133169,0.6030896160313736,bcg_x,,,0.6879999999999882
OXFORD_mv001103,451993,451993,497.238,498.558,1.3199999999999932,OXFORD,OXFORD_451993_BCG_3AXIS_seg0001_c0050,BCG_3AXIS,True,trained_model,0.0233333333333333,0.0832955816249235,0.2016966797659194,0.1947173311848501,0.0424959569038524,0.001805906353174,4.586119739952876,0.0069381539182343,9.09090909090909,7.528925152683691,0.0008935261183054,0.4122092621378261,0.5673763279073181,bcg_y,,,1.4519999999999982
OXFORD_mv001104,451993,451993,499.532,500.148,0.6160000000000423,OXFORD,OXFORD_451993_BCG_3AXIS_seg0001_c0051,BCG_3AXIS,True,trained_model,0.0033333333333333,0.0408349193557793,0.063914915502725,0.0560667429247529,0.0159278029231532,0.0002536949059588,0.5152546073870379,0.001667490638793,3.2467532467532467,6.2420261256579215,5.405563816993149e-05,0.3702865258513138,0.4229282526035935,bcg_x,,,0.9739999999999895
OXFORD_mv001105,451993,451993,507.67,508.402,0.7319999999999709,OXFORD,OXFORD_451993_BCG_3AXIS_seg0001_c0052,BCG_3AXIS,True,trained_model,0.0133333333333333,0.0435336271464703,0.0818403731397555,0.0707642141537635,0.0186495079506449,0.0003478041468011,0.6955298461577394,0.0018951766925279,5.46448087431694,5.598252793544941,0.0001311729332949,0.3513228615109649,0.5905998745065553,bcg_x,,,7.521999999999991
OXFORD_mv001106,451993,451993,519.922,520.258,0.3360000000000127,OXFORD,OXFORD_451993_BCG_3AXIS_seg0001_c0053,BCG_3AXIS,True,trained_model,0.0033333333333333,0.0478671415770333,0.0716874166070916,0.0525686142317489,0.0168554069766307,0.0002841047443478,0.3872234880257229,0.0022912632427557,5.952380952380952,6.013029601785699,2.4283094516236825e-05,0.2696116709781476,0.5937207700910967,bcg_y,,,11.520000000000039
OXFORD_mv001107,451993,451993,537.67,538.196,0.5260000000000673,OXFORD,OXFORD_451993_BCG_3AXIS_seg0001_c0054,BCG_3AXIS,True,trained_model,0.0066666666666666,0.0553998681689365,0.1104930003980582,0.1034283047107443,0.0233165028201126,0.0005436593037603,0.8102543837877854,0.0030691453931355,3.787878787878788,7.52560774131285,0.0001013175265553,0.404305480811371,0.3587711026180024,bcg_x,,,17.41199999999992
OXFORD_mv001108,451993,451993,538.99,540.14,1.1499999999999773,OXFORD,OXFORD_451993_BCG_3AXIS_seg0001_c0055,BCG_3AXIS,True,trained_model,0.15,0.069735848411321,0.1437944639954695,0.134344243909933,0.025671787457346,0.0006590406712551,2.801139006900525,0.0048630885536467,3.472222222222222,4.328935210726535,0.0004060155327308,0.3330112567429215,0.69711832095437,bcg_x,,,0.7939999999999827
OXFORD_mv001109,451993,451993,543.248,545.146,1.8979999999999109,OXFORD,OXFORD_451993_BCG_3AXIS_seg0001_c0056,BCG_3AXIS,True,trained_model,0.08,0.0610253615718979,0.1471117471824417,0.1449594046413087,0.0275220198387996,0.0007574615760072,3.53789001723183,0.0037240947549808,1.0526315789473684,7.535674880121522,0.000482470011023,0.5055771614884613,0.4448646545639413,bcg_x,,,3.108000000000061
OXFORD_mv001110,451993,451993,566.316,566.836,0.5199999999999818,OXFORD,OXFORD_451993_BCG_3AXIS_seg0001_c0057,BCG_3AXIS,True,trained_model,0.0066666666666666,0.0531081216767053,0.0819408354042263,0.0793408845426467,0.0202839532931754,0.0004114387611997,0.7361433454752389,0.0028204725880277,7.692307692307692,7.3592706269805905,6.331422508416807e-05,0.3101276363706121,0.5577546440654491,bcg_x,,,21.170000000000073
OXFORD_mv001111,451993,451993,567.774,570.742,2.967999999999961,OXFORD,OXFORD_451993_BCG_3AXIS_seg0001_c0058,BCG_3AXIS,True,trained_model,0.08,0.0578101630539221,0.1349775627620745,0.1250917412245603,0.021793115400834,0.000474939878874,4.962892204196788,0.003342014952321,0.6738544474393531,5.70902957065192,0.000514209721801,0.5035524748406719,0.5239365798593014,bcg_x,,,0.9379999999999882
OXFORD_mv001112,451993,451993,572.274,573.224,0.9500000000000456,OXFORD,OXFORD_451993_BCG_3AXIS_seg0001_c0059,BCG_3AXIS,True,trained_model,0.0466666666666666,0.0686121700173772,0.2232240525199095,0.2194430323350989,0.0394236726880318,0.001554225968213,2.2408318202588973,0.0047076298744934,2.100840336134453,7.74139749641666,0.0003271356793336,0.4242384820545295,0.3734377819494128,bcg_z,,,1.532000000000039
OXFORD_mv001113,451993,451993,573.922,574.248,0.3260000000000218,OXFORD,OXFORD_451993_BCG_3AXIS_seg0001_c0060,BCG_3AXIS,True,trained_model,0.0,0.0629856677380464,0.1310878265009765,0.1101904779136127,0.0247962756796898,0.0006148552875831,0.6506198718268439,0.0039671943404075,12.195121951219512,14.058138724174,3.874106954895035e-05,0.4333040588956164,0.6241563491518747,bcg_x,,,0.6979999999999791
OXFORD_mv001114,451993,451993,578.366,580.426,2.060000000000059,OXFORD,OXFORD_451993_BCG_3AXIS_seg0001_c0061,BCG_3AXIS,True,trained_model,0.0133333333333333,0.0733944945950586,0.1687957153533313,0.1660256051906369,0.0300950005343744,0.0009057090571639,5.5537411438068816,0.005386751836864,7.766990291262136,8.692138541364749,0.000777849515042,0.5466678911090824,0.6087620118412385,bcg_x,,,4.117999999999938
OXFORD_mv001115,451993,451993,596.318,600.996,4.677999999999997,OXFORD,OXFORD_451993_BCG_3AXIS_seg0001_c0062,BCG_3AXIS,True,trained_model,0.2566666666666666,0.1154754298535128,0.4533336220934289,0.4454931595509822,0.0712626224950141,0.0050783613648668,31.202905265657325,0.0133345748998535,0.4273504273504274,4.43769822962416,0.0083546230671436,0.4791922202400576,0.5220031531452655,bcg_y,,,15.891999999999939
OXFORD_mv001116,451993,451993,602.704,603.248,0.5440000000000964,OXFORD,OXFORD_451993_BCG_3AXIS_seg0001_c0063,BCG_3AXIS,True,trained_model,0.0,0.0494151326518584,0.0775240059442761,0.0720748260877979,0.0153098269477254,0.0002343908011693,0.66662650645521,0.0024418553350007,11.029411764705882,10.84543512232753,5.151620102399242e-05,0.3985499204377962,0.5987292367674206,bcg_x,,,1.70799999999997
OXFORD_mv001117,451993,451993,607.102,608.356,1.254000000000019,OXFORD,OXFORD_451993_BCG_3AXIS_seg0001_c0064,BCG_3AXIS,True,trained_model,0.01,0.0389486158190924,0.0865435550080765,0.083460827583712,0.0191340972842757,0.0003661136788841,0.952672655412206,0.0015169946742232,3.1847133757961785,5.725015721055863,0.0001503904098747,0.4265552939327348,0.7350683012543057,bcg_y,,,3.853999999999928
OXFORD_mv001118,451993,451993,610.2,610.544,0.3439999999999372,OXFORD,OXFORD_451993_BCG_3AXIS_seg0001_c0065,BCG_3AXIS,True,trained_model,0.2766666666666666,0.1140873057169098,0.3119013160838112,0.3030210662083259,0.0606777571648362,0.0036817902145548,2.2517530053536525,0.0130159133257436,5.813953488372093,17.680444927995268,0.0002846806957605,0.5296231778385022,0.6969588574645044,bcg_x,,,1.844000000000051
OXFORD_mv001119,451993,451993,630.558,631.802,1.2440000000000282,OXFORD,OXFORD_451993_BCG_3AXIS_seg0001_c0066,BCG_3AXIS,True,trained_model,0.0666666666666666,0.0602181610383239,0.1102842797013213,0.097475693793826,0.0222059372204776,0.0004931036478397,2.259139370435774,0.0036262269188375,1.607717041800643,7.653504866737238,0.000284593290429,0.4783183787094003,0.4718661142161776,bcg_x,,,20.01400000000001
OXFORD_mv001120,451993,451993,632.91,633.794,0.8840000000000146,OXFORD,OXFORD_451993_BCG_3AXIS_seg0001_c0067,BCG_3AXIS,True,trained_model,0.04,0.0455197720741874,0.0831421960047888,0.0784272154370126,0.0182761511812443,0.0003340177019996,0.9179179948108872,0.0020720496496859,2.262443438914027,7.709060502065782,0.0001001159078639,0.4571940202977281,0.4612965959350307,bcg_x,,,1.1079999999999472
OXFORD_mv001121,451993,451993,647.576,649.222,1.6459999999999582,OXFORD,OXFORD_451993_BCG_3AXIS_seg0001_c0068,BCG_3AXIS,True,trained_model,0.01,0.0755907457975749,0.1436149910903709,0.1394831122012539,0.0317371535504406,0.0010072469154842,4.708303740592487,0.0057139608502336,4.854368932038835,5.903349062891734,0.0006868166479044,0.4510577474000912,0.5511688163441417,bcg_y,,,13.782000000000039
OXFORD_mv001122,451993,451993,649.83,650.678,0.8479999999999563,OXFORD,OXFORD_451993_BCG_3AXIS_seg0001_c0069,BCG_3AXIS,True,trained_model,0.0333333333333333,0.0736650403221652,0.1656442180395406,0.1595471556882199,0.0349417911850349,0.0012209287712185,2.3062787204081454,0.0054265381656662,2.358490566037736,5.938056975963266,0.0003378406111381,0.3808115741291026,0.4811316195230068,bcg_y,,,0.6080000000000609
OXFORD_mv001123,451993,451993,660.33,660.776,0.4459999999999127,OXFORD,OXFORD_451993_BCG_3AXIS_seg0001_c0070,BCG_3AXIS,True,trained_model,0.0033333333333333,0.0507899405750587,0.1268324700491383,0.1178654002517814,0.0268160452948672,0.0007191002852563,0.577834446250432,0.002579618063618,4.464285714285714,11.029522601652753,4.6985740513516525e-05,0.454507857528236,0.5004731130972386,bcg_y,,,9.652000000000044
OXFORD_mv001124,451993,451993,693.984,694.448,0.4639999999999418,OXFORD,OXFORD_451993_BCG_3AXIS_seg0001_c0071,BCG_3AXIS,True,trained_model,0.0333333333333333,0.0939332573213329,0.1764175437456479,0.1568083455524082,0.0376271560020211,0.0014158028688004,2.055865441622009,0.0088234568309957,4.310344827586206,5.5503228311655,0.0003004966972102,0.1748203039779172,0.5059274528968357,bcg_y,,,33.208000000000084
OXFORD_mv001125,451993,451993,696.676,697.974,1.2980000000000018,OXFORD,OXFORD_451993_BCG_3AXIS_seg0001_c0072,BCG_3AXIS,True,trained_model,0.1966666666666666,0.1173091136527818,0.2689941461728893,0.261915529713922,0.0629278659379847,0.0039599163115089,8.944928294900842,0.0137614281460012,4.615384615384615,4.975250483771785,0.0037012566644757,0.3013692066568738,0.8312554989706136,bcg_x,,,2.2280000000000655
OXFORD_mv001126,451993,451993,698.512,699.128,0.6160000000000991,OXFORD,OXFORD_451993_BCG_3AXIS_seg0001_c0073,BCG_3AXIS,True,trained_model,0.0033333333333333,0.0776976148335778,0.1574425724913043,0.1513517174973446,0.0340360822510372,0.0011584548949993,1.8654080794055496,0.006036919350827,9.74025974025974,8.852976356333238,0.0002523743517633,0.3691585942692721,0.6020799383862456,bcg_y,,,0.5379999999998972
OXFORD_mv001127,451993,451993,702.848,703.624,0.7760000000000673,OXFORD,OXFORD_451993_BCG_3AXIS_seg0001_c0074,BCG_3AXIS,True,trained_model,0.1566666666666666,0.0545708072037191,0.0910318692560831,0.0818496993706474,0.0226527370456005,0.0005131464956571,1.1584314965586755,0.0029779729988654,2.5773195876288657,4.027986943206087,0.0001912672153759,0.2726708210193657,0.8478616100434572,bcg_x,,,3.7199999999999136
OXFORD_mv001128,451993,451993,784.118,785.458,1.339999999999918,OXFORD,OXFORD_451993_BCG_3AXIS_seg0001_c0075,BCG_3AXIS,True,trained_model,0.0133333333333333,0.0362977052388988,0.0788024166404459,0.0744900164942038,0.0163441715013942,0.0002671319420669,0.884058205164298,0.0013175234056099,8.955223880597014,10.971626710862337,0.0001300571715995,0.539661934328054,0.5462882508876865,bcg_x,,,80.49400000000003
OXFORD_mv001129,451993,451993,788.898,791.238,2.340000000000032,OXFORD,OXFORD_451993_BCG_3AXIS_seg0001_c0076,BCG_3AXIS,True,trained_model,0.08,0.0566898933711852,0.1645160675158836,0.1594207879783124,0.027671257506623,0.0007656984919978,3.7632942362209705,0.0032137440104363,0.8547008547008548,5.569162275990755,0.000341110222841,0.4986432356315906,0.4583838263757718,bcg_y,,,3.4400000000000546
OXFORD_mv001130,451993,451993,824.32,825.002,0.6819999999999027,OXFORD,OXFORD_451993_BCG_3AXIS_seg0001_c0077,BCG_3AXIS,True,trained_model,0.01,0.038916591040003,0.0760055956604965,0.0694729259497957,0.0163568043455333,0.000267545048398,0.517959361895796,0.0015145010581748,8.771929824561402,5.816713657525262,8.111887635150706e-05,0.3804614344736317,0.7378314665491995,bcg_y,,,33.081999999999994
OXFORD_mv001131,451993,451993,833.998,834.536,0.5379999999998972,OXFORD,OXFORD_451993_BCG_3AXIS_seg0001_c0078,BCG_3AXIS,True,trained_model,0.0066666666666666,0.0561172671526097,0.0859009310079011,0.0697087226873267,0.0175548053415257,0.0003081711905788,0.8502698716228904,0.0031491476726773,7.4074074074074066,7.6859110862755715,0.0001109679492093,0.3116205546640386,0.6028337367387563,bcg_y,,,8.996000000000095
OXFORD_mv001132,451993,451993,877.086,877.538,0.4519999999999982,OXFORD,OXFORD_451993_BCG_3AXIS_seg0001_c0079,BCG_3AXIS,True,trained_model,0.0,0.0485567063012805,0.083172742019399,0.0699722766765696,0.0192070917425207,0.0003689123732056,0.5352100959901418,0.0023577537268288,4.424778761061947,7.7166969555930685,4.449133603316618e-05,0.3530660291205056,0.5044558828664721,bcg_x,,,42.55000000000007
OXFORD_mv001133,451993,451993,899.448,900.252,0.8039999999999736,OXFORD,OXFORD_451993_BCG_3AXIS_seg0001_c0080,BCG_3AXIS,True,trained_model,0.1566666666666666,0.0530007624122449,0.0951852860336201,0.088568159781577,0.0196708488351485,0.0003869422938952,1.1320595689605326,0.0028090808162792,2.487562189054726,4.647531924355919,0.0001944686292896,0.2917707432125811,0.8028498603828335,bcg_x,,,21.909999999999968
