dataset,segment_id,candidate_id,start_timestamp,end_timestamp,duration_seconds,sample_count,start_index,end_index,peak_activity_score,threshold_used,filtered,filter_skip_reason,subject_id,record_id,sensor_id
OXFORD,OXFORD_154100_BCG_3AXIS_seg0001,OXFORD_154100_BCG_3AXIS_seg0001_c0001,0.058,0.384,0.326,164,29,193,1.8868524454367772,0.0775368025621467,True,,154100,154100,BCG_3AXIS
OXFORD,OXFORD_154100_BCG_3AXIS_seg0001,OXFORD_154100_BCG_3AXIS_seg0001_c0002,32.134,32.966,0.8320000000000007,417,16067,16484,0.3009080088129343,0.0775368025621467,True,,154100,154100,BCG_3AXIS
OXFORD,OXFORD_154100_BCG_3AXIS_seg0001,OXFORD_154100_BCG_3AXIS_seg0001_c0003,39.61,42.622,3.0120000000000005,1507,19805,21312,0.21313235887626414,0.0775368025621467,True,,154100,154100,BCG_3AXIS
OXFORD,OXFORD_154100_BCG_3AXIS_seg0001,OXFORD_154100_BCG_3AXIS_seg0001_c0004,45.26,46.276,1.0160000000000053,509,22630,23139,0.18745253086336883,0.0775368025621467,True,,154100,154100,BCG_3AXIS
OXFORD,OXFORD_154100_BCG_3AXIS_seg0001,OXFORD_154100_BCG_3AXIS_seg0001_c0005,55.54,56.814,1.274000000000001,638,27770,28408,0.17372097499251374,0.0775368025621467,True,,154100,154100,BCG_3AXIS
OXFORD,OXFORD_154100_BCG_3AXIS_seg0001,OXFORD_154100_BCG_3AXIS_seg0001_c0006,57.62,58.404,0.784000000000006,393,28810,29203,0.15406509441791394,0.0775368025621467,True,,154100,154100,BCG_3AXIS
OXFORD,OXFORD_154100_BCG_3AXIS_seg0001,OXFORD_154100_BCG_3AXIS_seg0001_c0007,63.114,63.424,0.3100000000000023,156,31557,31713,0.0915385517225521,0.0775368025621467,True,,154100,154100,BCG_3AXIS
OXFORD,OXFORD_154100_BCG_3AXIS_seg0001,OXFORD_154100_BCG_3AXIS_seg0001_c0008,67.37,69.65,2.280000000000001,1141,33685,34826,0.3169068681947594,0.0775368025621467,True,,154100,154100,BCG_3AXIS
OXFORD,OXFORD_154100_BCG_3AXIS_seg0001,OXFORD_154100_BCG_3AXIS_seg0001_c0009,70.36,72.764,2.4039999999999964,1203,35180,36383,0.12458725820114579,0.0775368025621467,True,,154100,154100,BCG_3AXIS
OXFORD,OXFORD_154100_BCG_3AXIS_seg0001,OXFORD_154100_BCG_3AXIS_seg0001_c0010,76.402,77.356,0.9539999999999935,478,38201,38679,0.1644785150088429,0.0775368025621467,True,,154100,154100,BCG_3AXIS
OXFORD,OXFORD_154100_BCG_3AXIS_seg0001,OXFORD_154100_BCG_3AXIS_seg0001_c0011,97.78,98.246,0.465999999999994,234,48890,49124,0.11131102341063068,0.0775368025621467,True,,154100,154100,BCG_3AXIS
OXFORD,OXFORD_154100_BCG_3AXIS_seg0001,OXFORD_154100_BCG_3AXIS_seg0001_c0012,119.512,119.816,0.30400000000000205,153,59756,59909,0.09316388723819699,0.0775368025621467,True,,154100,154100,BCG_3AXIS
OXFORD,OXFORD_154100_BCG_3AXIS_seg0001,OXFORD_154100_BCG_3AXIS_seg0001_c0013,124.99,125.37,0.38000000000000966,191,62495,62686,0.13997309541519018,0.0775368025621467,True,,154100,154100,BCG_3AXIS
OXFORD,OXFORD_154100_BCG_3AXIS_seg0001,OXFORD_154100_BCG_3AXIS_seg0001_c0014,130.154,131.076,0.921999999999997,462,65077,65539,0.1108522776612412,0.0775368025621467,True,,154100,154100,BCG_3AXIS
OXFORD,OXFORD_154100_BCG_3AXIS_seg0001,OXFORD_154100_BCG_3AXIS_seg0001_c0015,133.036,133.568,0.5320000000000107,267,66518,66785,0.09198479601003268,0.0775368025621467,True,,154100,154100,BCG_3AXIS
OXFORD,OXFORD_154100_BCG_3AXIS_seg0001,OXFORD_154100_BCG_3AXIS_seg0001_c0016,134.668,135.576,0.907999999999987,455,67334,67789,0.3859184762957959,0.0775368025621467,True,,154100,154100,BCG_3AXIS
OXFORD,OXFORD_154100_BCG_3AXIS_seg0001,OXFORD_154100_BCG_3AXIS_seg0001_c0017,136.406,137.26,0.853999999999985,428,68203,68631,0.09800199906859254,0.0775368025621467,True,,154100,154100,BCG_3AXIS
OXFORD,OXFORD_154100_BCG_3AXIS_seg0001,OXFORD_154100_BCG_3AXIS_seg0001_c0018,137.86,139.272,1.4119999999999777,707,68930,69637,0.13928405867547305,0.0775368025621467,True,,154100,154100,BCG_3AXIS
OXFORD,OXFORD_154100_BCG_3AXIS_seg0001,OXFORD_154100_BCG_3AXIS_seg0001_c0019,143.6,147.19,3.5900000000000034,1796,71800,73596,0.19080888350209863,0.0775368025621467,True,,154100,154100,BCG_3AXIS
OXFORD,OXFORD_154100_BCG_3AXIS_seg0001,OXFORD_154100_BCG_3AXIS_seg0001_c0020,153.268,153.936,0.6680000000000064,335,76634,76969,0.0956626908535763,0.0775368025621467,True,,154100,154100,BCG_3AXIS
OXFORD,OXFORD_154100_BCG_3AXIS_seg0001,OXFORD_154100_BCG_3AXIS_seg0001_c0021,154.444,155.278,0.8340000000000032,418,77222,77640,0.16354235116473112,0.0775368025621467,True,,154100,154100,BCG_3AXIS
OXFORD,OXFORD_154100_BCG_3AXIS_seg0001,OXFORD_154100_BCG_3AXIS_seg0001_c0022,166.922,167.768,0.8460000000000036,424,83461,83885,0.11050673803496595,0.0775368025621467,True,,154100,154100,BCG_3AXIS
OXFORD,OXFORD_154100_BCG_3AXIS_seg0001,OXFORD_154100_BCG_3AXIS_seg0001_c0023,169.232,169.928,0.695999999999998,349,84616,84965,0.12256685747019126,0.0775368025621467,True,,154100,154100,BCG_3AXIS
OXFORD,OXFORD_154100_BCG_3AXIS_seg0001,OXFORD_154100_BCG_3AXIS_seg0001_c0024,195.906,198.378,2.47199999999998,1237,97953,99190,0.28650223900527627,0.0775368025621467,True,,154100,154100,BCG_3AXIS
OXFORD,OXFORD_154100_BCG_3AXIS_seg0001,OXFORD_154100_BCG_3AXIS_seg0001_c0025,205.688,206.214,0.5260000000000105,264,102844,103108,0.12396492390334114,0.0775368025621467,True,,154100,154100,BCG_3AXIS
OXFORD,OXFORD_154100_BCG_3AXIS_seg0001,OXFORD_154100_BCG_3AXIS_seg0001_c0026,217.2,217.966,0.7660000000000196,384,108600,108984,0.14886447490873606,0.0775368025621467,True,,154100,154100,BCG_3AXIS
OXFORD,OXFORD_154100_BCG_3AXIS_seg0001,OXFORD_154100_BCG_3AXIS_seg0001_c0027,234.002,234.746,0.7439999999999998,373,117001,117374,0.10997772517469633,0.0775368025621467,True,,154100,154100,BCG_3AXIS
OXFORD,OXFORD_154100_BCG_3AXIS_seg0001,OXFORD_154100_BCG_3AXIS_seg0001_c0028,235.624,236.194,0.5699999999999932,286,117812,118098,0.09707801039383211,0.0775368025621467,True,,154100,154100,BCG_3AXIS
OXFORD,OXFORD_154100_BCG_3AXIS_seg0001,OXFORD_154100_BCG_3AXIS_seg0001_c0029,239.174,243.244,4.069999999999993,2036,119587,121623,1.0848233001872978,0.0775368025621467,True,,154100,154100,BCG_3AXIS
OXFORD,OXFORD_154100_BCG_3AXIS_seg0001,OXFORD_154100_BCG_3AXIS_seg0001_c0030,243.926,244.61,0.6840000000000259,343,121963,122306,0.11203519647515843,0.0775368025621467,True,,154100,154100,BCG_3AXIS
OXFORD,OXFORD_154100_BCG_3AXIS_seg0001,OXFORD_154100_BCG_3AXIS_seg0001_c0031,248.278,248.91,0.632000000000005,317,124139,124456,0.17275082044234197,0.0775368025621467,True,,154100,154100,BCG_3AXIS
OXFORD,OXFORD_154100_BCG_3AXIS_seg0001,OXFORD_154100_BCG_3AXIS_seg0001_c0032,251.598,254.078,2.4799999999999898,1241,125799,127040,1.0290661826345497,0.0775368025621467,True,,154100,154100,BCG_3AXIS
OXFORD,OXFORD_154100_BCG_3AXIS_seg0001,OXFORD_154100_BCG_3AXIS_seg0001_c0033,254.65,255.516,0.8659999999999854,434,127325,127759,0.14519120729314594,0.0775368025621467,True,,154100,154100,BCG_3AXIS
OXFORD,OXFORD_154100_BCG_3AXIS_seg0001,OXFORD_154100_BCG_3AXIS_seg0001_c0034,256.194,261.856,5.661999999999978,2832,128097,130929,0.44195132096963197,0.0775368025621467,True,,154100,154100,BCG_3AXIS
OXFORD,OXFORD_154100_BCG_3AXIS_seg0001,OXFORD_154100_BCG_3AXIS_seg0001_c0035,264.116,266.604,2.4879999999999995,1245,132058,133303,0.22800619841125624,0.0775368025621467,True,,154100,154100,BCG_3AXIS
OXFORD,OXFORD_154100_BCG_3AXIS_seg0001,OXFORD_154100_BCG_3AXIS_seg0001_c0036,270.5,273.16,2.660000000000025,1331,135250,136581,0.20783784585686813,0.0775368025621467,True,,154100,154100,BCG_3AXIS
OXFORD,OXFORD_154100_BCG_3AXIS_seg0001,OXFORD_154100_BCG_3AXIS_seg0001_c0037,273.912,274.462,0.5500000000000114,276,136956,137232,0.20487912419796198,0.0775368025621467,True,,154100,154100,BCG_3AXIS
OXFORD,OXFORD_154100_BCG_3AXIS_seg0001,OXFORD_154100_BCG_3AXIS_seg0001_c0038,275.768,279.374,3.6060000000000514,1804,137884,139688,0.25720763224979826,0.0775368025621467,True,,154100,154100,BCG_3AXIS
OXFORD,OXFORD_154100_BCG_3AXIS_seg0001,OXFORD_154100_BCG_3AXIS_seg0001_c0039,301.8,302.124,0.3240000000000123,163,150900,151063,0.10168509204406274,0.0775368025621467,True,,154100,154100,BCG_3AXIS
OXFORD,OXFORD_154100_BCG_3AXIS_seg0001,OXFORD_154100_BCG_3AXIS_seg0001_c0040,302.634,303.606,0.97199999999998,487,151317,151804,0.1439458523063711,0.0775368025621467,True,,154100,154100,BCG_3AXIS
OXFORD,OXFORD_154100_BCG_3AXIS_seg0001,OXFORD_154100_BCG_3AXIS_seg0001_c0041,304.652,306.992,2.340000000000032,1171,152326,153497,0.19138409562178732,0.0775368025621467,True,,154100,154100,BCG_3AXIS
OXFORD,OXFORD_450569_BCG_3AXIS_seg0001,OXFORD_450569_BCG_3AXIS_seg0001_c0001,0.0,0.948,0.948,475,0,475,0.2060008284421308,0.03716586676959748,True,,450569,450569,BCG_3AXIS
OXFORD,OXFORD_450569_BCG_3AXIS_seg0001,OXFORD_450569_BCG_3AXIS_seg0001_c0002,18.406,20.208,1.8019999999999996,902,9203,10105,0.08617384076596543,0.03716586676959748,True,,450569,450569,BCG_3AXIS
OXFORD,OXFORD_450569_BCG_3AXIS_seg0001,OXFORD_450569_BCG_3AXIS_seg0001_c0003,23.506,24.714,1.2079999999999984,605,11753,12358,0.08353384652916905,0.03716586676959748,True,,450569,450569,BCG_3AXIS
OXFORD,OXFORD_450569_BCG_3AXIS_seg0001,OXFORD_450569_BCG_3AXIS_seg0001_c0004,25.352,29.398,4.045999999999999,2024,12676,14700,0.09922010082339502,0.03716586676959748,True,,450569,450569,BCG_3AXIS
OXFORD,OXFORD_450569_BCG_3AXIS_seg0001,OXFORD_450569_BCG_3AXIS_seg0001_c0005,30.654,31.484,0.8300000000000018,416,15327,15743,0.05591689180346097,0.03716586676959748,True,,450569,450569,BCG_3AXIS
OXFORD,OXFORD_450569_BCG_3AXIS_seg0001,OXFORD_450569_BCG_3AXIS_seg0001_c0006,35.632,39.624,3.9920000000000044,1997,17816,19813,0.11988367583361022,0.03716586676959748,True,,450569,450569,BCG_3AXIS
OXFORD,OXFORD_450569_BCG_3AXIS_seg0001,OXFORD_450569_BCG_3AXIS_seg0001_c0007,141.862,142.83,0.9680000000000177,485,70931,71416,0.06475277582228774,0.03716586676959748,True,,450569,450569,BCG_3AXIS
OXFORD,OXFORD_450569_BCG_3AXIS_seg0001,OXFORD_450569_BCG_3AXIS_seg0001_c0008,143.47,144.328,0.8580000000000041,430,71735,72165,0.07880930212255137,0.03716586676959748,True,,450569,450569,BCG_3AXIS
OXFORD,OXFORD_450569_BCG_3AXIS_seg0001,OXFORD_450569_BCG_3AXIS_seg0001_c0009,148.214,149.062,0.8480000000000132,425,74107,74532,0.0716944462881959,0.03716586676959748,True,,450569,450569,BCG_3AXIS
OXFORD,OXFORD_450569_BCG_3AXIS_seg0001,OXFORD_450569_BCG_3AXIS_seg0001_c0010,151.472,152.37,0.8979999999999961,450,75736,76186,0.07564948301833133,0.03716586676959748,True,,450569,450569,BCG_3AXIS
OXFORD,OXFORD_450569_BCG_3AXIS_seg0001,OXFORD_450569_BCG_3AXIS_seg0001_c0011,153.11,156.29,3.1799999999999784,1591,76555,78146,0.07209159391306905,0.03716586676959748,True,,450569,450569,BCG_3AXIS
OXFORD,OXFORD_450569_BCG_3AXIS_seg0001,OXFORD_450569_BCG_3AXIS_seg0001_c0012,158.664,159.54,0.8760000000000048,439,79332,79771,0.06724852838259941,0.03716586676959748,True,,450569,450569,BCG_3AXIS
OXFORD,OXFORD_450569_BCG_3AXIS_seg0001,OXFORD_450569_BCG_3AXIS_seg0001_c0013,165.798,166.65,0.8520000000000039,427,82899,83326,0.07243213762422432,0.03716586676959748,True,,450569,450569,BCG_3AXIS
OXFORD,OXFORD_450569_BCG_3AXIS_seg0001,OXFORD_450569_BCG_3AXIS_seg0001_c0014,182.17,182.688,0.5180000000000007,260,91085,91345,0.057514216165285195,0.03716586676959748,True,,450569,450569,BCG_3AXIS
OXFORD,OXFORD_450569_BCG_3AXIS_seg0001,OXFORD_450569_BCG_3AXIS_seg0001_c0015,196.212,198.06,1.8480000000000132,925,98106,99031,0.05796305732906033,0.03716586676959748,True,,450569,450569,BCG_3AXIS
OXFORD,OXFORD_450569_BCG_3AXIS_seg0001,OXFORD_450569_BCG_3AXIS_seg0001_c0016,199.782,200.708,0.9259999999999877,464,99891,100355,0.0660887231140538,0.03716586676959748,True,,450569,450569,BCG_3AXIS
OXFORD,OXFORD_450569_BCG_3AXIS_seg0001,OXFORD_450569_BCG_3AXIS_seg0001_c0017,219.9,221.918,2.0180000000000007,1010,109950,110960,0.1402540043593751,0.03716586676959748,True,,450569,450569,BCG_3AXIS
OXFORD,OXFORD_450569_BCG_3AXIS_seg0001,OXFORD_450569_BCG_3AXIS_seg0001_c0018,226.176,227.86,1.684000000000026,843,113088,113931,0.05695110042526264,0.03716586676959748,True,,450569,450569,BCG_3AXIS
OXFORD,OXFORD_450569_BCG_3AXIS_seg0001,OXFORD_450569_BCG_3AXIS_seg0001_c0019,255.456,255.82,0.3640000000000043,183,127728,127911,0.057180366159484755,0.03716586676959748,True,,450569,450569,BCG_3AXIS
OXFORD,OXFORD_450569_BCG_3AXIS_seg0001,OXFORD_450569_BCG_3AXIS_seg0001_c0020,257.492,257.938,0.44599999999996953,224,128746,128970,0.046936347687306375,0.03716586676959748,True,,450569,450569,BCG_3AXIS
OXFORD,OXFORD_450569_BCG_3AXIS_seg0001,OXFORD_450569_BCG_3AXIS_seg0001_c0021,258.456,259.378,0.9219999999999686,462,129228,129690,0.07396254584189038,0.03716586676959748,True,,450569,450569,BCG_3AXIS
OXFORD,OXFORD_450569_BCG_3AXIS_seg0001,OXFORD_450569_BCG_3AXIS_seg0001_c0022,265.456,266.358,0.9019999999999868,452,132728,133180,0.04892194916928258,0.03716586676959748,True,,450569,450569,BCG_3AXIS
OXFORD,OXFORD_450569_BCG_3AXIS_seg0001,OXFORD_450569_BCG_3AXIS_seg0001_c0023,268.766,269.93,1.1639999999999873,583,134383,134966,0.06474119062918479,0.03716586676959748,True,,450569,450569,BCG_3AXIS
OXFORD,OXFORD_450569_BCG_3AXIS_seg0001,OXFORD_450569_BCG_3AXIS_seg0001_c0024,270.764,271.804,1.0399999999999636,521,135382,135903,0.06916019654623938,0.03716586676959748,True,,450569,450569,BCG_3AXIS
OXFORD,OXFORD_450569_BCG_3AXIS_seg0001,OXFORD_450569_BCG_3AXIS_seg0001_c0025,274.23,276.014,1.7839999999999918,893,137115,138008,0.06243080749886648,0.03716586676959748,True,,450569,450569,BCG_3AXIS
OXFORD,OXFORD_450569_BCG_3AXIS_seg0001,OXFORD_450569_BCG_3AXIS_seg0001_c0026,279.21,281.174,1.9639999999999986,983,139605,140588,0.09144088711679395,0.03716586676959748,True,,450569,450569,BCG_3AXIS
OXFORD,OXFORD_450569_BCG_3AXIS_seg0001,OXFORD_450569_BCG_3AXIS_seg0001_c0027,284.564,285.452,0.8879999999999768,445,142282,142727,0.05589002096815664,0.03716586676959748,True,,450569,450569,BCG_3AXIS
OXFORD,OXFORD_450569_BCG_3AXIS_seg0001,OXFORD_450569_BCG_3AXIS_seg0001_c0028,320.072,320.968,0.896000000000015,449,160036,160485,0.05016457621200462,0.03716586676959748,True,,450569,450569,BCG_3AXIS
OXFORD,OXFORD_450569_BCG_3AXIS_seg0001,OXFORD_450569_BCG_3AXIS_seg0001_c0029,325.282,326.232,0.9500000000000455,476,162641,163117,0.060088058010560684,0.03716586676959748,True,,450569,450569,BCG_3AXIS
OXFORD,OXFORD_450569_BCG_3AXIS_seg0001,OXFORD_450569_BCG_3AXIS_seg0001_c0030,335.66,336.59,0.92999999999995,466,167830,168296,0.061319002722904935,0.03716586676959748,True,,450569,450569,BCG_3AXIS
OXFORD,OXFORD_450569_BCG_3AXIS_seg0001,OXFORD_450569_BCG_3AXIS_seg0001_c0031,337.258,339.062,1.8040000000000305,903,168629,169532,0.08534231668679523,0.03716586676959748,True,,450569,450569,BCG_3AXIS
OXFORD,OXFORD_450569_BCG_3AXIS_seg0001,OXFORD_450569_BCG_3AXIS_seg0001_c0032,345.064,346.026,0.9619999999999891,482,172532,173014,0.06475480895269846,0.03716586676959748,True,,450569,450569,BCG_3AXIS
OXFORD,OXFORD_450569_BCG_3AXIS_seg0001,OXFORD_450569_BCG_3AXIS_seg0001_c0033,346.738,347.12,0.382000000000005,192,173369,173561,0.07180583318261057,0.03716586676959748,True,,450569,450569,BCG_3AXIS
OXFORD,OXFORD_450569_BCG_3AXIS_seg0001,OXFORD_450569_BCG_3AXIS_seg0001_c0034,354.486,357.11,2.6240000000000236,1313,177243,178556,0.4956634322182375,0.03716586676959748,True,,450569,450569,BCG_3AXIS
OXFORD,OXFORD_450569_BCG_3AXIS_seg0001,OXFORD_450569_BCG_3AXIS_seg0001_c0035,358.802,360.914,2.1119999999999663,1057,179401,180458,0.08313403067641217,0.03716586676959748,True,,450569,450569,BCG_3AXIS
OXFORD,OXFORD_450569_BCG_3AXIS_seg0001,OXFORD_450569_BCG_3AXIS_seg0001_c0036,381.908,382.782,0.8739999999999668,438,190954,191392,0.07442050112519547,0.03716586676959748,True,,450569,450569,BCG_3AXIS
OXFORD,OXFORD_450569_BCG_3AXIS_seg0001,OXFORD_450569_BCG_3AXIS_seg0001_c0037,385.072,385.92,0.8480000000000132,425,192536,192961,0.06539385861084378,0.03716586676959748,True,,450569,450569,BCG_3AXIS
OXFORD,OXFORD_450569_BCG_3AXIS_seg0001,OXFORD_450569_BCG_3AXIS_seg0001_c0038,393.114,395.752,2.6380000000000337,1320,196557,197877,0.07511637115587094,0.03716586676959748,True,,450569,450569,BCG_3AXIS
OXFORD,OXFORD_450569_BCG_3AXIS_seg0001,OXFORD_450569_BCG_3AXIS_seg0001_c0039,413.658,413.966,0.3079999999999927,155,206829,206984,0.06904757920598951,0.03716586676959748,True,,450569,450569,BCG_3AXIS
OXFORD,OXFORD_450569_BCG_3AXIS_seg0001,OXFORD_450569_BCG_3AXIS_seg0001_c0040,442.586,443.744,1.1580000000000155,580,221293,221873,0.06970730987974193,0.03716586676959748,True,,450569,450569,BCG_3AXIS
OXFORD,OXFORD_450569_BCG_3AXIS_seg0001,OXFORD_450569_BCG_3AXIS_seg0001_c0041,446.262,447.192,0.9300000000000068,466,223131,223597,0.06353850577483358,0.03716586676959748,True,,450569,450569,BCG_3AXIS
OXFORD,OXFORD_450569_BCG_3AXIS_seg0001,OXFORD_450569_BCG_3AXIS_seg0001_c0042,448.578,448.906,0.3280000000000314,165,224289,224454,0.12187446436632171,0.03716586676959748,True,,450569,450569,BCG_3AXIS
OXFORD,OXFORD_450569_BCG_3AXIS_seg0001,OXFORD_450569_BCG_3AXIS_seg0001_c0043,453.054,455.514,2.4600000000000364,1231,226527,227758,0.10614641556592284,0.03716586676959748,True,,450569,450569,BCG_3AXIS
OXFORD,OXFORD_450569_BCG_3AXIS_seg0001,OXFORD_450569_BCG_3AXIS_seg0001_c0044,456.12,456.546,0.4259999999999877,214,228060,228274,0.04851468161381376,0.03716586676959748,True,,450569,450569,BCG_3AXIS
OXFORD,OXFORD_450569_BCG_3AXIS_seg0001,OXFORD_450569_BCG_3AXIS_seg0001_c0045,458.632,461.118,2.48599999999999,1244,229316,230560,0.0953118401572691,0.03716586676959748,True,,450569,450569,BCG_3AXIS
OXFORD,OXFORD_450569_BCG_3AXIS_seg0001,OXFORD_450569_BCG_3AXIS_seg0001_c0046,464.954,467.344,2.3899999999999864,1196,232477,233673,0.06444923745751692,0.03716586676959748,True,,450569,450569,BCG_3AXIS
OXFORD,OXFORD_450569_BCG_3AXIS_seg0001,OXFORD_450569_BCG_3AXIS_seg0001_c0047,468.848,470.434,1.5860000000000127,794,234424,235218,0.05581363353268338,0.03716586676959748,True,,450569,450569,BCG_3AXIS
OXFORD,OXFORD_450569_BCG_3AXIS_seg0001,OXFORD_450569_BCG_3AXIS_seg0001_c0048,506.82,509.5,2.680000000000007,1341,253410,254751,0.14835541001652663,0.03716586676959748,True,,450569,450569,BCG_3AXIS
OXFORD,OXFORD_450569_BCG_3AXIS_seg0001,OXFORD_450569_BCG_3AXIS_seg0001_c0049,535.292,536.51,1.217999999999961,610,267646,268256,0.06848861323705516,0.03716586676959748,True,,450569,450569,BCG_3AXIS
OXFORD,OXFORD_450569_BCG_3AXIS_seg0001,OXFORD_450569_BCG_3AXIS_seg0001_c0050,608.462,609.432,0.9700000000000273,486,304231,304717,0.09225091277001017,0.03716586676959748,True,,450569,450569,BCG_3AXIS
OXFORD,OXFORD_450569_BCG_3AXIS_seg0001,OXFORD_450569_BCG_3AXIS_seg0001_c0051,610.756,611.09,0.33400000000006,168,305378,305546,0.06203429798260833,0.03716586676959748,True,,450569,450569,BCG_3AXIS
OXFORD,OXFORD_450569_BCG_3AXIS_seg0001,OXFORD_450569_BCG_3AXIS_seg0001_c0052,626.414,628.126,1.711999999999989,857,313207,314064,0.07109456195929115,0.03716586676959748,True,,450569,450569,BCG_3AXIS
OXFORD,OXFORD_450569_BCG_3AXIS_seg0001,OXFORD_450569_BCG_3AXIS_seg0001_c0053,630.624,634.036,3.411999999999921,1707,315312,317019,0.20895532239645465,0.03716586676959748,True,,450569,450569,BCG_3AXIS
OXFORD,OXFORD_450569_BCG_3AXIS_seg0001,OXFORD_450569_BCG_3AXIS_seg0001_c0054,653.788,654.12,0.33199999999999363,167,326894,327061,0.054377403102434684,0.03716586676959748,True,,450569,450569,BCG_3AXIS
OXFORD,OXFORD_450569_BCG_3AXIS_seg0001,OXFORD_450569_BCG_3AXIS_seg0001_c0055,693.718,694.664,0.9460000000000264,474,346859,347333,0.06941235367672412,0.03716586676959748,True,,450569,450569,BCG_3AXIS
OXFORD,OXFORD_450569_BCG_3AXIS_seg0001,OXFORD_450569_BCG_3AXIS_seg0001_c0056,747.722,749.3,1.5779999999999745,790,373861,374651,0.1839292358294852,0.03716586676959748,True,,450569,450569,BCG_3AXIS
OXFORD,OXFORD_450569_BCG_3AXIS_seg0001,OXFORD_450569_BCG_3AXIS_seg0001_c0057,750.594,751.718,1.12399999999991,563,375297,375860,0.06530714181863062,0.03716586676959748,True,,450569,450569,BCG_3AXIS
OXFORD,OXFORD_450569_BCG_3AXIS_seg0001,OXFORD_450569_BCG_3AXIS_seg0001_c0058,800.328,800.658,0.3300000000000409,166,400164,400330,0.07266621752888568,0.03716586676959748,True,,450569,450569,BCG_3AXIS
OXFORD,OXFORD_450569_BCG_3AXIS_seg0001,OXFORD_450569_BCG_3AXIS_seg0001_c0059,802.362,804.152,1.7900000000000773,896,401181,402077,0.1920132718972269,0.03716586676959748,True,,450569,450569,BCG_3AXIS
OXFORD,OXFORD_450569_BCG_3AXIS_seg0001,OXFORD_450569_BCG_3AXIS_seg0001_c0060,804.944,806.028,1.08400000000006,543,402472,403015,0.06878828347228323,0.03716586676959748,True,,450569,450569,BCG_3AXIS
OXFORD,OXFORD_450569_BCG_3AXIS_seg0001,OXFORD_450569_BCG_3AXIS_seg0001_c0061,806.584,807.548,0.9640000000000555,483,403292,403775,0.15665030152269105,0.03716586676959748,True,,450569,450569,BCG_3AXIS
OXFORD,OXFORD_450569_BCG_3AXIS_seg0001,OXFORD_450569_BCG_3AXIS_seg0001_c0062,809.118,810.912,1.7939999999999827,898,404559,405457,0.13626407775887395,0.03716586676959748,True,,450569,450569,BCG_3AXIS
OXFORD,OXFORD_450569_BCG_3AXIS_seg0001,OXFORD_450569_BCG_3AXIS_seg0001_c0063,813.84,814.246,0.40599999999994907,204,406920,407124,0.08105641439200362,0.03716586676959748,True,,450569,450569,BCG_3AXIS
OXFORD,OXFORD_450569_BCG_3AXIS_seg0001,OXFORD_450569_BCG_3AXIS_seg0001_c0064,816.486,818.526,2.0399999999999636,1021,408243,409264,0.08712372416840641,0.03716586676959748,True,,450569,450569,BCG_3AXIS
OXFORD,OXFORD_450569_BCG_3AXIS_seg0001,OXFORD_450569_BCG_3AXIS_seg0001_c0065,819.76,823.862,4.101999999999975,2052,409880,411932,0.09097032260877645,0.03716586676959748,True,,450569,450569,BCG_3AXIS
OXFORD,OXFORD_450569_BCG_3AXIS_seg0001,OXFORD_450569_BCG_3AXIS_seg0001_c0066,824.604,825.578,0.9739999999999327,488,412302,412790,0.06001396033482133,0.03716586676959748,True,,450569,450569,BCG_3AXIS
OXFORD,OXFORD_450569_BCG_3AXIS_seg0001,OXFORD_450569_BCG_3AXIS_seg0001_c0067,826.22,827.056,0.8360000000000127,419,413110,413529,0.07638582937107113,0.03716586676959748,True,,450569,450569,BCG_3AXIS
OXFORD,OXFORD_450569_BCG_3AXIS_seg0001,OXFORD_450569_BCG_3AXIS_seg0001_c0068,827.616,829.388,1.7720000000000482,887,413808,414695,0.09884222708183192,0.03716586676959748,True,,450569,450569,BCG_3AXIS
OXFORD,OXFORD_450569_BCG_3AXIS_seg0001,OXFORD_450569_BCG_3AXIS_seg0001_c0069,830.106,830.996,0.8899999999999864,446,415053,415499,0.06407556560532644,0.03716586676959748,True,,450569,450569,BCG_3AXIS
OXFORD,OXFORD_450569_BCG_3AXIS_seg0001,OXFORD_450569_BCG_3AXIS_seg0001_c0070,831.676,832.634,0.95799999999997,480,415838,416318,0.0826415657042487,0.03716586676959748,True,,450569,450569,BCG_3AXIS
OXFORD,OXFORD_450569_BCG_3AXIS_seg0001,OXFORD_450569_BCG_3AXIS_seg0001_c0071,833.302,835.78,2.477999999999952,1240,416651,417891,0.10227646343855559,0.03716586676959748,True,,450569,450569,BCG_3AXIS
OXFORD,OXFORD_450569_BCG_3AXIS_seg0001,OXFORD_450569_BCG_3AXIS_seg0001_c0072,845.192,846.018,0.8260000000000218,414,422596,423010,0.061629217808527974,0.03716586676959748,True,,450569,450569,BCG_3AXIS
OXFORD,OXFORD_450569_BCG_3AXIS_seg0001,OXFORD_450569_BCG_3AXIS_seg0001_c0073,847.516,848.372,0.8559999999999945,429,423758,424187,0.06539444935085677,0.03716586676959748,True,,450569,450569,BCG_3AXIS
OXFORD,OXFORD_450569_BCG_3AXIS_seg0001,OXFORD_450569_BCG_3AXIS_seg0001_c0074,849.01,849.814,0.8039999999999736,403,424505,424908,0.05380651219915744,0.03716586676959748,True,,450569,450569,BCG_3AXIS
OXFORD,OXFORD_450569_BCG_3AXIS_seg0001,OXFORD_450569_BCG_3AXIS_seg0001_c0075,857.562,859.998,2.4360000000000355,1219,428781,430000,0.07494129433494813,0.03716586676959748,True,,450569,450569,BCG_3AXIS
OXFORD,OXFORD_450569_BCG_3AXIS_seg0001,OXFORD_450569_BCG_3AXIS_seg0001_c0076,865.82,866.936,1.1159999999999854,559,432910,433469,0.13137634741557694,0.03716586676959748,True,,450569,450569,BCG_3AXIS
OXFORD,OXFORD_450569_BCG_3AXIS_seg0001,OXFORD_450569_BCG_3AXIS_seg0001_c0077,897.652,897.952,0.2999999999999545,151,448826,448977,0.059020701263585974,0.03716586676959748,True,,450569,450569,BCG_3AXIS
OXFORD,OXFORD_450663_BCG_3AXIS_seg0001,OXFORD_450663_BCG_3AXIS_seg0001_c0001,0.012,3.634,3.622,1812,6,1818,1.7268651638432195,0.04460907443170429,True,,450663,450663,BCG_3AXIS
OXFORD,OXFORD_450663_BCG_3AXIS_seg0001,OXFORD_450663_BCG_3AXIS_seg0001_c0002,37.652,38.576,0.9239999999999995,463,18826,19289,0.1518692343079398,0.04460907443170429,True,,450663,450663,BCG_3AXIS
OXFORD,OXFORD_450663_BCG_3AXIS_seg0001,OXFORD_450663_BCG_3AXIS_seg0001_c0003,70.46,71.386,0.9260000000000019,464,35230,35694,0.06756619075781092,0.04460907443170429,True,,450663,450663,BCG_3AXIS
OXFORD,OXFORD_450663_BCG_3AXIS_seg0001,OXFORD_450663_BCG_3AXIS_seg0001_c0004,103.54,105.006,1.465999999999994,734,51770,52504,0.12971611024177596,0.04460907443170429,True,,450663,450663,BCG_3AXIS
OXFORD,OXFORD_450663_BCG_3AXIS_seg0001,OXFORD_450663_BCG_3AXIS_seg0001_c0005,105.644,106.022,0.3780000000000001,190,52822,53012,0.08403311304536495,0.04460907443170429,True,,450663,450663,BCG_3AXIS
OXFORD,OXFORD_450663_BCG_3AXIS_seg0001,OXFORD_450663_BCG_3AXIS_seg0001_c0006,121.01,124.216,3.205999999999989,1604,60505,62109,0.35446474983493853,0.04460907443170429,True,,450663,450663,BCG_3AXIS
OXFORD,OXFORD_450663_BCG_3AXIS_seg0001,OXFORD_450663_BCG_3AXIS_seg0001_c0007,138.558,139.748,1.1899999999999977,596,69279,69875,0.059706840155416364,0.04460907443170429,True,,450663,450663,BCG_3AXIS
OXFORD,OXFORD_450663_BCG_3AXIS_seg0001,OXFORD_450663_BCG_3AXIS_seg0001_c0008,146.158,146.502,0.3440000000000225,173,73079,73252,0.12122469711223871,0.04460907443170429,True,,450663,450663,BCG_3AXIS
OXFORD,OXFORD_450663_BCG_3AXIS_seg0001,OXFORD_450663_BCG_3AXIS_seg0001_c0009,148.226,148.75,0.5240000000000009,263,74113,74376,0.05686716693843288,0.04460907443170429,True,,450663,450663,BCG_3AXIS
OXFORD,OXFORD_450663_BCG_3AXIS_seg0001,OXFORD_450663_BCG_3AXIS_seg0001_c0010,157.942,159.332,1.3899999999999864,696,78971,79667,0.09902411157702314,0.04460907443170429,True,,450663,450663,BCG_3AXIS
OXFORD,OXFORD_450663_BCG_3AXIS_seg0001,OXFORD_450663_BCG_3AXIS_seg0001_c0011,164.912,166.146,1.2339999999999804,618,82456,83074,0.09788461768103153,0.04460907443170429,True,,450663,450663,BCG_3AXIS
OXFORD,OXFORD_450663_BCG_3AXIS_seg0001,OXFORD_450663_BCG_3AXIS_seg0001_c0012,168.336,169.4,1.063999999999993,533,84168,84701,0.07103959471186931,0.04460907443170429,True,,450663,450663,BCG_3AXIS
OXFORD,OXFORD_450663_BCG_3AXIS_seg0001,OXFORD_450663_BCG_3AXIS_seg0001_c0013,177.208,177.846,0.6380000000000052,320,88604,88924,0.093908882927486,0.04460907443170429,True,,450663,450663,BCG_3AXIS
OXFORD,OXFORD_450663_BCG_3AXIS_seg0001,OXFORD_450663_BCG_3AXIS_seg0001_c0014,198.112,199.698,1.5860000000000127,794,99056,99850,0.1464686582007735,0.04460907443170429,True,,450663,450663,BCG_3AXIS
OXFORD,OXFORD_450663_BCG_3AXIS_seg0001,OXFORD_450663_BCG_3AXIS_seg0001_c0015,209.332,209.704,0.3720000000000141,187,104666,104853,0.06777014498220933,0.04460907443170429,True,,450663,450663,BCG_3AXIS
OXFORD,OXFORD_450663_BCG_3AXIS_seg0001,OXFORD_450663_BCG_3AXIS_seg0001_c0016,218.2,218.994,0.7940000000000111,398,109100,109498,0.062707094984814,0.04460907443170429,True,,450663,450663,BCG_3AXIS
OXFORD,OXFORD_450663_BCG_3AXIS_seg0001,OXFORD_450663_BCG_3AXIS_seg0001_c0017,236.346,236.698,0.35200000000000387,177,118173,118350,0.05925257291568706,0.04460907443170429,True,,450663,450663,BCG_3AXIS
OXFORD,OXFORD_450663_BCG_3AXIS_seg0001,OXFORD_450663_BCG_3AXIS_seg0001_c0018,274.032,274.944,0.9120000000000346,457,137016,137473,0.055017954387499186,0.04460907443170429,True,,450663,450663,BCG_3AXIS
OXFORD,OXFORD_450663_BCG_3AXIS_seg0001,OXFORD_450663_BCG_3AXIS_seg0001_c0019,282.326,282.704,0.3779999999999859,190,141163,141353,0.05612596985935966,0.04460907443170429,True,,450663,450663,BCG_3AXIS
OXFORD,OXFORD_450663_BCG_3AXIS_seg0001,OXFORD_450663_BCG_3AXIS_seg0001_c0020,283.576,284.92,1.343999999999994,673,141788,142461,0.18833008353355318,0.04460907443170429,True,,450663,450663,BCG_3AXIS
OXFORD,OXFORD_450663_BCG_3AXIS_seg0001,OXFORD_450663_BCG_3AXIS_seg0001_c0021,293.898,295.138,1.2399999999999523,621,146949,147570,0.1149871286219665,0.04460907443170429,True,,450663,450663,BCG_3AXIS
OXFORD,OXFORD_450663_BCG_3AXIS_seg0001,OXFORD_450663_BCG_3AXIS_seg0001_c0022,297.084,301.092,4.007999999999981,2005,148542,150547,0.1553833454936848,0.04460907443170429,True,,450663,450663,BCG_3AXIS
OXFORD,OXFORD_450663_BCG_3AXIS_seg0001,OXFORD_450663_BCG_3AXIS_seg0001_c0023,308.632,309.064,0.43200000000001637,217,154316,154533,0.053595454595590994,0.04460907443170429,True,,450663,450663,BCG_3AXIS
OXFORD,OXFORD_450663_BCG_3AXIS_seg0001,OXFORD_450663_BCG_3AXIS_seg0001_c0024,314.624,315.706,1.0819999999999936,542,157312,157854,0.058180922554900365,0.04460907443170429,True,,450663,450663,BCG_3AXIS
OXFORD,OXFORD_450663_BCG_3AXIS_seg0001,OXFORD_450663_BCG_3AXIS_seg0001_c0025,322.558,323.16,0.6020000000000323,302,161279,161581,0.07017968066243957,0.04460907443170429,True,,450663,450663,BCG_3AXIS
OXFORD,OXFORD_450663_BCG_3AXIS_seg0001,OXFORD_450663_BCG_3AXIS_seg0001_c0026,341.282,341.85,0.5680000000000405,285,170641,170926,0.05176489324940898,0.04460907443170429,True,,450663,450663,BCG_3AXIS
OXFORD,OXFORD_450663_BCG_3AXIS_seg0001,OXFORD_450663_BCG_3AXIS_seg0001_c0027,433.502,436.104,2.6019999999999754,1302,216751,218053,0.15639785453193344,0.04460907443170429,True,,450663,450663,BCG_3AXIS
OXFORD,OXFORD_450663_BCG_3AXIS_seg0001,OXFORD_450663_BCG_3AXIS_seg0001_c0028,469.306,470.37,1.0640000000000214,533,234653,235186,0.0899885237076598,0.04460907443170429,True,,450663,450663,BCG_3AXIS
OXFORD,OXFORD_450663_BCG_3AXIS_seg0001,OXFORD_450663_BCG_3AXIS_seg0001_c0029,491.444,492.218,0.7740000000000009,388,245722,246110,0.09306227207081533,0.04460907443170429,True,,450663,450663,BCG_3AXIS
OXFORD,OXFORD_450663_BCG_3AXIS_seg0001,OXFORD_450663_BCG_3AXIS_seg0001_c0030,518.218,519.564,1.3460000000000036,674,259109,259783,0.09096840942105715,0.04460907443170429,True,,450663,450663,BCG_3AXIS
OXFORD,OXFORD_450663_BCG_3AXIS_seg0001,OXFORD_450663_BCG_3AXIS_seg0001_c0031,542.538,543.024,0.48599999999999,244,271269,271513,0.049579155139388716,0.04460907443170429,True,,450663,450663,BCG_3AXIS
OXFORD,OXFORD_450663_BCG_3AXIS_seg0001,OXFORD_450663_BCG_3AXIS_seg0001_c0032,544.984,545.758,0.7740000000000009,388,272492,272880,0.05158636564223109,0.04460907443170429,True,,450663,450663,BCG_3AXIS
OXFORD,OXFORD_450663_BCG_3AXIS_seg0001,OXFORD_450663_BCG_3AXIS_seg0001_c0033,547.038,548.582,1.5439999999999827,773,273519,274292,0.06277412036475033,0.04460907443170429,True,,450663,450663,BCG_3AXIS
OXFORD,OXFORD_450663_BCG_3AXIS_seg0001,OXFORD_450663_BCG_3AXIS_seg0001_c0034,564.338,564.908,0.57000000000005,286,282169,282455,0.16776361504492315,0.04460907443170429,True,,450663,450663,BCG_3AXIS
OXFORD,OXFORD_450663_BCG_3AXIS_seg0001,OXFORD_450663_BCG_3AXIS_seg0001_c0035,571.348,572.042,0.6940000000000737,348,285674,286022,0.056645465071691575,0.04460907443170429,True,,450663,450663,BCG_3AXIS
OXFORD,OXFORD_450663_BCG_3AXIS_seg0001,OXFORD_450663_BCG_3AXIS_seg0001_c0036,572.628,573.896,1.2679999999999154,635,286314,286949,0.07045751254604832,0.04460907443170429,True,,450663,450663,BCG_3AXIS
OXFORD,OXFORD_450663_BCG_3AXIS_seg0001,OXFORD_450663_BCG_3AXIS_seg0001_c0037,589.128,589.948,0.8199999999999363,411,294564,294975,0.07672212561982328,0.04460907443170429,True,,450663,450663,BCG_3AXIS
OXFORD,OXFORD_450663_BCG_3AXIS_seg0001,OXFORD_450663_BCG_3AXIS_seg0001_c0038,614.822,615.202,0.37999999999999545,191,307411,307602,0.06324112153868104,0.04460907443170429,True,,450663,450663,BCG_3AXIS
OXFORD,OXFORD_450663_BCG_3AXIS_seg0001,OXFORD_450663_BCG_3AXIS_seg0001_c0039,622.306,625.9,3.5939999999999372,1798,311153,312951,0.13006942901911936,0.04460907443170429,True,,450663,450663,BCG_3AXIS
OXFORD,OXFORD_450663_BCG_3AXIS_seg0001,OXFORD_450663_BCG_3AXIS_seg0001_c0040,626.924,628.794,1.8700000000000045,936,313462,314398,0.09360526734417739,0.04460907443170429,True,,450663,450663,BCG_3AXIS
OXFORD,OXFORD_450663_BCG_3AXIS_seg0001,OXFORD_450663_BCG_3AXIS_seg0001_c0041,661.832,662.178,0.34600000000000364,174,330916,331090,0.05432842114451168,0.04460907443170429,True,,450663,450663,BCG_3AXIS
OXFORD,OXFORD_450663_BCG_3AXIS_seg0001,OXFORD_450663_BCG_3AXIS_seg0001_c0042,670.59,671.026,0.4359999999999218,219,335295,335514,0.047097434747989324,0.04460907443170429,True,,450663,450663,BCG_3AXIS
OXFORD,OXFORD_450663_BCG_3AXIS_seg0001,OXFORD_450663_BCG_3AXIS_seg0001_c0043,674.228,674.726,0.4980000000000473,250,337114,337364,0.059571039570292666,0.04460907443170429,True,,450663,450663,BCG_3AXIS
OXFORD,OXFORD_450663_BCG_3AXIS_seg0001,OXFORD_450663_BCG_3AXIS_seg0001_c0044,683.276,683.674,0.39800000000002456,200,341638,341838,0.1991701310588655,0.04460907443170429,True,,450663,450663,BCG_3AXIS
OXFORD,OXFORD_450663_BCG_3AXIS_seg0001,OXFORD_450663_BCG_3AXIS_seg0001_c0045,733.384,739.434,6.0499999999999545,3026,366692,369718,0.17745719215892505,0.04460907443170429,True,,450663,450663,BCG_3AXIS
OXFORD,OXFORD_450663_BCG_3AXIS_seg0001,OXFORD_450663_BCG_3AXIS_seg0001_c0046,765.198,766.97,1.7720000000000482,887,382599,383486,0.09407369943661288,0.04460907443170429,True,,450663,450663,BCG_3AXIS
OXFORD,OXFORD_450663_BCG_3AXIS_seg0001,OXFORD_450663_BCG_3AXIS_seg0001_c0047,768.308,769.17,0.8619999999999663,432,384154,384586,0.08194888404161202,0.04460907443170429,True,,450663,450663,BCG_3AXIS
OXFORD,OXFORD_450663_BCG_3AXIS_seg0001,OXFORD_450663_BCG_3AXIS_seg0001_c0048,777.302,781.132,3.8299999999999272,1916,388651,390567,0.10215466079156287,0.04460907443170429,True,,450663,450663,BCG_3AXIS
OXFORD,OXFORD_450663_BCG_3AXIS_seg0001,OXFORD_450663_BCG_3AXIS_seg0001_c0049,782.582,783.604,1.0220000000000482,512,391291,391803,0.1054169829826773,0.04460907443170429,True,,450663,450663,BCG_3AXIS
OXFORD,OXFORD_450663_BCG_3AXIS_seg0001,OXFORD_450663_BCG_3AXIS_seg0001_c0050,800.32,802.828,2.5079999999999245,1255,400160,401415,0.11044571648328246,0.04460907443170429,True,,450663,450663,BCG_3AXIS
OXFORD,OXFORD_450663_BCG_3AXIS_seg0001,OXFORD_450663_BCG_3AXIS_seg0001_c0051,809.876,810.394,0.5180000000000291,260,404938,405198,0.058971064722577085,0.04460907443170429,True,,450663,450663,BCG_3AXIS
OXFORD,OXFORD_450663_BCG_3AXIS_seg0001,OXFORD_450663_BCG_3AXIS_seg0001_c0052,830.426,833.378,2.951999999999998,1477,415213,416690,0.17934760749688072,0.04460907443170429,True,,450663,450663,BCG_3AXIS
OXFORD,OXFORD_450663_BCG_3AXIS_seg0001,OXFORD_450663_BCG_3AXIS_seg0001_c0053,835.368,837.34,1.97199999999998,987,417684,418671,0.1250738500237829,0.04460907443170429,True,,450663,450663,BCG_3AXIS
OXFORD,OXFORD_450663_BCG_3AXIS_seg0001,OXFORD_450663_BCG_3AXIS_seg0001_c0054,838.694,840.436,1.7420000000000755,872,419347,420219,0.1192710272788939,0.04460907443170429,True,,450663,450663,BCG_3AXIS
OXFORD,OXFORD_450663_BCG_3AXIS_seg0001,OXFORD_450663_BCG_3AXIS_seg0001_c0055,841.35,842.03,0.67999999999995,341,420675,421016,0.0653982842609412,0.04460907443170429,True,,450663,450663,BCG_3AXIS
OXFORD,OXFORD_450663_BCG_3AXIS_seg0001,OXFORD_450663_BCG_3AXIS_seg0001_c0056,856.508,856.906,0.39799999999991087,200,428254,428454,0.06430589313043493,0.04460907443170429,True,,450663,450663,BCG_3AXIS
OXFORD,OXFORD_450663_BCG_3AXIS_seg0001,OXFORD_450663_BCG_3AXIS_seg0001_c0057,861.19,861.552,0.36199999999996635,182,430595,430777,0.05456072458134015,0.04460907443170429,True,,450663,450663,BCG_3AXIS
OXFORD,OXFORD_450663_BCG_3AXIS_seg0001,OXFORD_450663_BCG_3AXIS_seg0001_c0058,863.066,863.772,0.7060000000000173,354,431533,431887,0.08209004673485935,0.04460907443170429,True,,450663,450663,BCG_3AXIS
OXFORD,OXFORD_450663_BCG_3AXIS_seg0001,OXFORD_450663_BCG_3AXIS_seg0001_c0059,872.682,874.69,2.008000000000038,1005,436341,437346,0.14943965716887517,0.04460907443170429,True,,450663,450663,BCG_3AXIS
OXFORD,OXFORD_450663_BCG_3AXIS_seg0001,OXFORD_450663_BCG_3AXIS_seg0001_c0060,875.9,876.28,0.37999999999999545,191,437950,438141,0.047517976715847815,0.04460907443170429,True,,450663,450663,BCG_3AXIS
OXFORD,OXFORD_450663_BCG_3AXIS_seg0001,OXFORD_450663_BCG_3AXIS_seg0001_c0061,878.51,879.504,0.9940000000000282,498,439255,439753,0.07897143075000916,0.04460907443170429,True,,450663,450663,BCG_3AXIS
OXFORD,OXFORD_450663_BCG_3AXIS_seg0001,OXFORD_450663_BCG_3AXIS_seg0001_c0062,880.402,880.732,0.32999999999992724,166,440201,440367,0.06940380645725125,0.04460907443170429,True,,450663,450663,BCG_3AXIS
OXFORD,OXFORD_450663_BCG_3AXIS_seg0001,OXFORD_450663_BCG_3AXIS_seg0001_c0063,883.986,886.166,2.1800000000000637,1091,441993,443084,0.14108892856902708,0.04460907443170429,True,,450663,450663,BCG_3AXIS
OXFORD,OXFORD_450663_BCG_3AXIS_seg0001,OXFORD_450663_BCG_3AXIS_seg0001_c0064,887.81,890.11,2.300000000000068,1151,443905,445056,0.20621322145870938,0.04460907443170429,True,,450663,450663,BCG_3AXIS
OXFORD,OXFORD_451043_BCG_3AXIS_seg0001,OXFORD_451043_BCG_3AXIS_seg0001_c0001,0.002,4.384,4.382000000000001,2192,1,2193,16.64708020067057,0.03751920281380164,True,,451043,451043,BCG_3AXIS
OXFORD,OXFORD_451043_BCG_3AXIS_seg0001,OXFORD_451043_BCG_3AXIS_seg0001_c0002,5.342,5.754,0.4119999999999999,207,2671,2878,0.05966654936978119,0.03751920281380164,True,,451043,451043,BCG_3AXIS
OXFORD,OXFORD_451043_BCG_3AXIS_seg0001,OXFORD_451043_BCG_3AXIS_seg0001_c0003,9.182,10.556,1.3739999999999988,688,4591,5279,0.1040004375721386,0.03751920281380164,True,,451043,451043,BCG_3AXIS
OXFORD,OXFORD_451043_BCG_3AXIS_seg0001,OXFORD_451043_BCG_3AXIS_seg0001_c0004,12.802,15.1,2.298,1150,6401,7551,0.13519523220276342,0.03751920281380164,True,,451043,451043,BCG_3AXIS
OXFORD,OXFORD_451043_BCG_3AXIS_seg0001,OXFORD_451043_BCG_3AXIS_seg0001_c0005,42.428,42.828,0.4000000000000057,201,21214,21415,0.04389690672815084,0.03751920281380164,True,,451043,451043,BCG_3AXIS
OXFORD,OXFORD_451043_BCG_3AXIS_seg0001,OXFORD_451043_BCG_3AXIS_seg0001_c0006,49.756,51.864,2.107999999999997,1055,24878,25933,0.061297851329228374,0.03751920281380164,True,,451043,451043,BCG_3AXIS
OXFORD,OXFORD_451043_BCG_3AXIS_seg0001,OXFORD_451043_BCG_3AXIS_seg0001_c0007,59.518,60.93,1.411999999999999,707,29759,30466,0.06850998764507951,0.03751920281380164,True,,451043,451043,BCG_3AXIS
OXFORD,OXFORD_451043_BCG_3AXIS_seg0001,OXFORD_451043_BCG_3AXIS_seg0001_c0008,87.106,87.724,0.6180000000000092,310,43553,43863,0.051797149854323404,0.03751920281380164,True,,451043,451043,BCG_3AXIS
OXFORD,OXFORD_451043_BCG_3AXIS_seg0001,OXFORD_451043_BCG_3AXIS_seg0001_c0009,96.382,97.904,1.5219999999999914,762,48191,48953,0.07380795806301953,0.03751920281380164,True,,451043,451043,BCG_3AXIS
OXFORD,OXFORD_451043_BCG_3AXIS_seg0001,OXFORD_451043_BCG_3AXIS_seg0001_c0010,100.676,101.664,0.9879999999999995,495,50338,50833,0.10289002387703779,0.03751920281380164,True,,451043,451043,BCG_3AXIS
OXFORD,OXFORD_451043_BCG_3AXIS_seg0001,OXFORD_451043_BCG_3AXIS_seg0001_c0011,114.164,115.448,1.2839999999999918,643,57082,57725,0.11308043908580448,0.03751920281380164,True,,451043,451043,BCG_3AXIS
OXFORD,OXFORD_451043_BCG_3AXIS_seg0001,OXFORD_451043_BCG_3AXIS_seg0001_c0012,121.638,122.88,1.2419999999999902,622,60819,61441,0.078162325232181,0.03751920281380164,True,,451043,451043,BCG_3AXIS
OXFORD,OXFORD_451043_BCG_3AXIS_seg0001,OXFORD_451043_BCG_3AXIS_seg0001_c0013,125.974,126.606,0.6319999999999908,317,62987,63304,0.04428631487916907,0.03751920281380164,True,,451043,451043,BCG_3AXIS
OXFORD,OXFORD_451043_BCG_3AXIS_seg0001,OXFORD_451043_BCG_3AXIS_seg0001_c0014,132.0,137.22,5.219999999999999,2611,66000,68611,0.12124192876959804,0.03751920281380164,True,,451043,451043,BCG_3AXIS
OXFORD,OXFORD_451043_BCG_3AXIS_seg0001,OXFORD_451043_BCG_3AXIS_seg0001_c0015,138.004,139.284,1.2800000000000011,641,69002,69643,0.0543362893123251,0.03751920281380164,True,,451043,451043,BCG_3AXIS
OXFORD,OXFORD_451043_BCG_3AXIS_seg0001,OXFORD_451043_BCG_3AXIS_seg0001_c0016,142.546,143.128,0.5819999999999936,292,71273,71565,0.05870850113043801,0.03751920281380164,True,,451043,451043,BCG_3AXIS
OXFORD,OXFORD_451043_BCG_3AXIS_seg0001,OXFORD_451043_BCG_3AXIS_seg0001_c0017,166.702,167.518,0.8160000000000025,409,83351,83760,0.04371928843642996,0.03751920281380164,True,,451043,451043,BCG_3AXIS
OXFORD,OXFORD_451043_BCG_3AXIS_seg0001,OXFORD_451043_BCG_3AXIS_seg0001_c0018,168.61,169.338,0.7279999999999802,365,84305,84670,0.04119437120042615,0.03751920281380164,True,,451043,451043,BCG_3AXIS
OXFORD,OXFORD_451043_BCG_3AXIS_seg0001,OXFORD_451043_BCG_3AXIS_seg0001_c0019,175.226,175.68,0.45400000000000773,228,87613,87841,0.0510737402190058,0.03751920281380164,True,,451043,451043,BCG_3AXIS
OXFORD,OXFORD_451043_BCG_3AXIS_seg0001,OXFORD_451043_BCG_3AXIS_seg0001_c0020,181.56,183.914,2.353999999999985,1178,90780,91958,0.05314444907017318,0.03751920281380164,True,,451043,451043,BCG_3AXIS
OXFORD,OXFORD_451043_BCG_3AXIS_seg0001,OXFORD_451043_BCG_3AXIS_seg0001_c0021,194.458,194.974,0.5159999999999911,259,97229,97488,0.047137552754850605,0.03751920281380164,True,,451043,451043,BCG_3AXIS
OXFORD,OXFORD_451043_BCG_3AXIS_seg0001,OXFORD_451043_BCG_3AXIS_seg0001_c0022,281.732,283.326,1.593999999999994,798,140866,141664,0.12437356793131472,0.03751920281380164,True,,451043,451043,BCG_3AXIS
OXFORD,OXFORD_451043_BCG_3AXIS_seg0001,OXFORD_451043_BCG_3AXIS_seg0001_c0023,301.91,303.066,1.155999999999949,579,150955,151534,0.10348750534298434,0.03751920281380164,True,,451043,451043,BCG_3AXIS
OXFORD,OXFORD_451043_BCG_3AXIS_seg0001,OXFORD_451043_BCG_3AXIS_seg0001_c0024,303.924,305.346,1.4220000000000255,712,151962,152674,0.1021018488938944,0.03751920281380164,True,,451043,451043,BCG_3AXIS
OXFORD,OXFORD_451043_BCG_3AXIS_seg0001,OXFORD_451043_BCG_3AXIS_seg0001_c0025,311.442,311.772,0.3299999999999841,166,155721,155887,0.04072172643711964,0.03751920281380164,True,,451043,451043,BCG_3AXIS
OXFORD,OXFORD_451043_BCG_3AXIS_seg0001,OXFORD_451043_BCG_3AXIS_seg0001_c0026,354.68,356.558,1.877999999999986,940,177340,178280,0.057745194726454535,0.03751920281380164,True,,451043,451043,BCG_3AXIS
OXFORD,OXFORD_451043_BCG_3AXIS_seg0001,OXFORD_451043_BCG_3AXIS_seg0001_c0027,358.908,359.286,0.3779999999999859,190,179454,179644,0.16103330485512518,0.03751920281380164,True,,451043,451043,BCG_3AXIS
OXFORD,OXFORD_451043_BCG_3AXIS_seg0001,OXFORD_451043_BCG_3AXIS_seg0001_c0028,374.022,375.034,1.0120000000000005,507,187011,187518,0.07273045209950114,0.03751920281380164,True,,451043,451043,BCG_3AXIS
OXFORD,OXFORD_451043_BCG_3AXIS_seg0001,OXFORD_451043_BCG_3AXIS_seg0001_c0029,380.358,380.968,0.6100000000000136,306,190179,190485,0.05414907700093869,0.03751920281380164,True,,451043,451043,BCG_3AXIS
OXFORD,OXFORD_451043_BCG_3AXIS_seg0001,OXFORD_451043_BCG_3AXIS_seg0001_c0030,384.538,385.012,0.47399999999998954,238,192269,192507,0.04019921389221653,0.03751920281380164,True,,451043,451043,BCG_3AXIS
OXFORD,OXFORD_451043_BCG_3AXIS_seg0001,OXFORD_451043_BCG_3AXIS_seg0001_c0031,437.396,439.816,2.419999999999959,1211,218698,219909,0.07056539812506966,0.03751920281380164,True,,451043,451043,BCG_3AXIS
OXFORD,OXFORD_451043_BCG_3AXIS_seg0001,OXFORD_451043_BCG_3AXIS_seg0001_c0032,457.176,458.74,1.5640000000000214,783,228588,229371,0.06255687257953321,0.03751920281380164,True,,451043,451043,BCG_3AXIS
OXFORD,OXFORD_451043_BCG_3AXIS_seg0001,OXFORD_451043_BCG_3AXIS_seg0001_c0033,459.58,464.786,5.206000000000017,2604,229790,232394,0.11811060676296815,0.03751920281380164,True,,451043,451043,BCG_3AXIS
OXFORD,OXFORD_451043_BCG_3AXIS_seg0001,OXFORD_451043_BCG_3AXIS_seg0001_c0034,466.55,467.658,1.108000000000004,555,233275,233830,0.08360078314840666,0.03751920281380164,True,,451043,451043,BCG_3AXIS
OXFORD,OXFORD_451043_BCG_3AXIS_seg0001,OXFORD_451043_BCG_3AXIS_seg0001_c0035,468.926,471.088,2.1620000000000346,1082,234463,235545,0.05639599945940982,0.03751920281380164,True,,451043,451043,BCG_3AXIS
OXFORD,OXFORD_451043_BCG_3AXIS_seg0001,OXFORD_451043_BCG_3AXIS_seg0001_c0036,473.328,474.112,0.7840000000000487,393,236664,237057,0.049376918322239643,0.03751920281380164,True,,451043,451043,BCG_3AXIS
OXFORD,OXFORD_451043_BCG_3AXIS_seg0001,OXFORD_451043_BCG_3AXIS_seg0001_c0037,475.04,476.112,1.0720000000000027,537,237520,238057,0.051018846901937975,0.03751920281380164,True,,451043,451043,BCG_3AXIS
OXFORD,OXFORD_451043_BCG_3AXIS_seg0001,OXFORD_451043_BCG_3AXIS_seg0001_c0038,477.736,478.134,0.39800000000002456,200,238868,239068,0.09156224771086674,0.03751920281380164,True,,451043,451043,BCG_3AXIS
OXFORD,OXFORD_451043_BCG_3AXIS_seg0001,OXFORD_451043_BCG_3AXIS_seg0001_c0039,480.022,480.756,0.7339999999999804,368,240011,240379,0.07932916779920439,0.03751920281380164,True,,451043,451043,BCG_3AXIS
OXFORD,OXFORD_451043_BCG_3AXIS_seg0001,OXFORD_451043_BCG_3AXIS_seg0001_c0040,482.262,482.564,0.3020000000000209,152,241131,241283,0.04164039412059888,0.03751920281380164,True,,451043,451043,BCG_3AXIS
OXFORD,OXFORD_451043_BCG_3AXIS_seg0001,OXFORD_451043_BCG_3AXIS_seg0001_c0041,490.472,493.012,2.5400000000000205,1271,245236,246507,0.07525657423317236,0.03751920281380164,True,,451043,451043,BCG_3AXIS
OXFORD,OXFORD_451043_BCG_3AXIS_seg0001,OXFORD_451043_BCG_3AXIS_seg0001_c0042,493.516,494.666,1.1499999999999773,576,246758,247334,0.06546583891917644,0.03751920281380164,True,,451043,451043,BCG_3AXIS
OXFORD,OXFORD_451043_BCG_3AXIS_seg0001,OXFORD_451043_BCG_3AXIS_seg0001_c0043,498.028,500.44,2.4119999999999777,1207,249014,250221,0.08305990085992848,0.03751920281380164,True,,451043,451043,BCG_3AXIS
OXFORD,OXFORD_451043_BCG_3AXIS_seg0001,OXFORD_451043_BCG_3AXIS_seg0001_c0044,501.294,504.058,2.76400000000001,1383,250647,252030,0.06253942907185916,0.03751920281380164,True,,451043,451043,BCG_3AXIS
OXFORD,OXFORD_451043_BCG_3AXIS_seg0001,OXFORD_451043_BCG_3AXIS_seg0001_c0045,520.456,521.21,0.7540000000000191,378,260228,260606,0.06139818436774945,0.03751920281380164,True,,451043,451043,BCG_3AXIS
OXFORD,OXFORD_451043_BCG_3AXIS_seg0001,OXFORD_451043_BCG_3AXIS_seg0001_c0046,532.618,536.1,3.481999999999971,1742,266309,268051,0.12053963742984095,0.03751920281380164,True,,451043,451043,BCG_3AXIS
OXFORD,OXFORD_451043_BCG_3AXIS_seg0001,OXFORD_451043_BCG_3AXIS_seg0001_c0047,536.884,541.03,4.145999999999958,2074,268442,270516,0.10901362241259947,0.03751920281380164,True,,451043,451043,BCG_3AXIS
OXFORD,OXFORD_451043_BCG_3AXIS_seg0001,OXFORD_451043_BCG_3AXIS_seg0001_c0048,548.292,549.044,0.7519999999999527,377,274146,274523,0.06793189521269437,0.03751920281380164,True,,451043,451043,BCG_3AXIS
OXFORD,OXFORD_451043_BCG_3AXIS_seg0001,OXFORD_451043_BCG_3AXIS_seg0001_c0049,550.7,551.76,1.0599999999999454,531,275350,275881,0.04742056278768889,0.03751920281380164,True,,451043,451043,BCG_3AXIS
OXFORD,OXFORD_451043_BCG_3AXIS_seg0001,OXFORD_451043_BCG_3AXIS_seg0001_c0050,558.11,558.784,0.6739999999999782,338,279055,279393,0.0728068369027246,0.03751920281380164,True,,451043,451043,BCG_3AXIS
OXFORD,OXFORD_451043_BCG_3AXIS_seg0001,OXFORD_451043_BCG_3AXIS_seg0001_c0051,569.562,570.618,1.05600000000004,529,284781,285310,0.0850900886541123,0.03751920281380164,True,,451043,451043,BCG_3AXIS
OXFORD,OXFORD_451043_BCG_3AXIS_seg0001,OXFORD_451043_BCG_3AXIS_seg0001_c0052,577.434,578.07,0.636000000000081,319,288717,289036,0.041275864092363536,0.03751920281380164,True,,451043,451043,BCG_3AXIS
OXFORD,OXFORD_451043_BCG_3AXIS_seg0001,OXFORD_451043_BCG_3AXIS_seg0001_c0053,601.82,603.154,1.3339999999999463,668,300910,301578,0.08867309760318766,0.03751920281380164,True,,451043,451043,BCG_3AXIS
OXFORD,OXFORD_451043_BCG_3AXIS_seg0001,OXFORD_451043_BCG_3AXIS_seg0001_c0054,604.288,604.598,0.30999999999994543,156,302144,302300,0.0628927099596545,0.03751920281380164,True,,451043,451043,BCG_3AXIS
OXFORD,OXFORD_451043_BCG_3AXIS_seg0001,OXFORD_451043_BCG_3AXIS_seg0001_c0055,605.908,606.742,0.8339999999999463,418,302954,303372,0.052736459928311885,0.03751920281380164,True,,451043,451043,BCG_3AXIS
OXFORD,OXFORD_451043_BCG_3AXIS_seg0001,OXFORD_451043_BCG_3AXIS_seg0001_c0056,607.254,607.906,0.65199999999993,327,303627,303954,0.048562917862153686,0.03751920281380164,True,,451043,451043,BCG_3AXIS
OXFORD,OXFORD_451043_BCG_3AXIS_seg0001,OXFORD_451043_BCG_3AXIS_seg0001_c0057,615.638,619.852,4.213999999999942,2108,307819,309927,0.08995245363449063,0.03751920281380164,True,,451043,451043,BCG_3AXIS
OXFORD,OXFORD_451043_BCG_3AXIS_seg0001,OXFORD_451043_BCG_3AXIS_seg0001_c0058,691.784,693.86,2.076000000000022,1039,345892,346931,0.06587571351553223,0.03751920281380164,True,,451043,451043,BCG_3AXIS
OXFORD,OXFORD_451043_BCG_3AXIS_seg0001,OXFORD_451043_BCG_3AXIS_seg0001_c0059,696.3,698.31,2.009999999999991,1006,348150,349156,0.07123469184653332,0.03751920281380164,True,,451043,451043,BCG_3AXIS
OXFORD,OXFORD_451043_BCG_3AXIS_seg0001,OXFORD_451043_BCG_3AXIS_seg0001_c0060,714.15,715.08,0.9300000000000637,466,357075,357541,0.044846783478995636,0.03751920281380164,True,,451043,451043,BCG_3AXIS
OXFORD,OXFORD_451043_BCG_3AXIS_seg0001,OXFORD_451043_BCG_3AXIS_seg0001_c0061,721.544,722.26,0.7160000000000082,359,360772,361131,0.04243762969560462,0.03751920281380164,True,,451043,451043,BCG_3AXIS
OXFORD,OXFORD_451043_BCG_3AXIS_seg0001,OXFORD_451043_BCG_3AXIS_seg0001_c0062,725.652,726.714,1.0620000000000118,532,362826,363358,0.05008505092273107,0.03751920281380164,True,,451043,451043,BCG_3AXIS
OXFORD,OXFORD_451043_BCG_3AXIS_seg0001,OXFORD_451043_BCG_3AXIS_seg0001_c0063,742.066,742.594,0.52800000000002,265,371033,371298,0.043489555580304574,0.03751920281380164,True,,451043,451043,BCG_3AXIS
OXFORD,OXFORD_451043_BCG_3AXIS_seg0001,OXFORD_451043_BCG_3AXIS_seg0001_c0064,743.824,744.662,0.8380000000000791,420,371912,372332,0.04164577647058579,0.03751920281380164,True,,451043,451043,BCG_3AXIS
OXFORD,OXFORD_451043_BCG_3AXIS_seg0001,OXFORD_451043_BCG_3AXIS_seg0001_c0065,759.536,759.874,0.3380000000000791,170,379768,379938,0.04901775449047702,0.03751920281380164,True,,451043,451043,BCG_3AXIS
OXFORD,OXFORD_451043_BCG_3AXIS_seg0001,OXFORD_451043_BCG_3AXIS_seg0001_c0066,772.998,776.56,3.561999999999898,1782,386499,388281,0.09873923185461336,0.03751920281380164,True,,451043,451043,BCG_3AXIS
OXFORD,OXFORD_451043_BCG_3AXIS_seg0001,OXFORD_451043_BCG_3AXIS_seg0001_c0067,782.592,783.466,0.8740000000000236,438,391296,391734,0.05105288655302686,0.03751920281380164,True,,451043,451043,BCG_3AXIS
OXFORD,OXFORD_451043_BCG_3AXIS_seg0001,OXFORD_451043_BCG_3AXIS_seg0001_c0068,797.496,798.882,1.3859999999999673,694,398748,399442,0.06829481801647415,0.03751920281380164,True,,451043,451043,BCG_3AXIS
OXFORD,OXFORD_451043_BCG_3AXIS_seg0001,OXFORD_451043_BCG_3AXIS_seg0001_c0069,800.396,802.776,2.3799999999999955,1191,400198,401389,0.07449681575006875,0.03751920281380164,True,,451043,451043,BCG_3AXIS
OXFORD,OXFORD_451043_BCG_3AXIS_seg0001,OXFORD_451043_BCG_3AXIS_seg0001_c0070,803.652,806.558,2.905999999999949,1454,401826,403280,0.07135365468066159,0.03751920281380164,True,,451043,451043,BCG_3AXIS
OXFORD,OXFORD_451043_BCG_3AXIS_seg0001,OXFORD_451043_BCG_3AXIS_seg0001_c0071,813.774,814.098,0.32399999999995543,163,406887,407050,0.05050375149092686,0.03751920281380164,True,,451043,451043,BCG_3AXIS
OXFORD,OXFORD_451043_BCG_3AXIS_seg0001,OXFORD_451043_BCG_3AXIS_seg0001_c0072,819.592,819.978,0.38599999999996726,194,409796,409990,0.05127602256143915,0.03751920281380164,True,,451043,451043,BCG_3AXIS
OXFORD,OXFORD_451043_BCG_3AXIS_seg0001,OXFORD_451043_BCG_3AXIS_seg0001_c0073,822.052,822.448,0.39599999999995816,199,411026,411225,0.04589349830226367,0.03751920281380164,True,,451043,451043,BCG_3AXIS
OXFORD,OXFORD_451043_BCG_3AXIS_seg0001,OXFORD_451043_BCG_3AXIS_seg0001_c0074,838.232,840.254,2.022000000000048,1012,419116,420128,0.053508568310055946,0.03751920281380164,True,,451043,451043,BCG_3AXIS
OXFORD,OXFORD_451043_BCG_3AXIS_seg0001,OXFORD_451043_BCG_3AXIS_seg0001_c0075,843.302,844.402,1.1000000000000227,551,421651,422202,0.050604127595006154,0.03751920281380164,True,,451043,451043,BCG_3AXIS
OXFORD,OXFORD_451043_BCG_3AXIS_seg0001,OXFORD_451043_BCG_3AXIS_seg0001_c0076,849.102,849.692,0.5900000000000318,296,424551,424847,0.07568278358471288,0.03751920281380164,True,,451043,451043,BCG_3AXIS
OXFORD,OXFORD_451043_BCG_3AXIS_seg0001,OXFORD_451043_BCG_3AXIS_seg0001_c0077,859.934,860.238,0.3040000000000873,153,429967,430120,0.04639758555266798,0.03751920281380164,True,,451043,451043,BCG_3AXIS
OXFORD,OXFORD_451043_BCG_3AXIS_seg0001,OXFORD_451043_BCG_3AXIS_seg0001_c0078,882.198,882.578,0.37999999999999545,191,441099,441290,0.040950478528915,0.03751920281380164,True,,451043,451043,BCG_3AXIS
OXFORD,OXFORD_451043_BCG_3AXIS_seg0001,OXFORD_451043_BCG_3AXIS_seg0001_c0079,887.88,889.888,2.008000000000038,1005,443940,444945,0.16165051946627984,0.03751920281380164,True,,451043,451043,BCG_3AXIS
OXFORD,OXFORD_451049_BCG_3AXIS_seg0001,OXFORD_451049_BCG_3AXIS_seg0001_c0001,0.016,1.628,1.6119999999999999,807,8,815,1.6619766242473395,0.03418446769135238,True,,451049,451049,BCG_3AXIS
OXFORD,OXFORD_451049_BCG_3AXIS_seg0001,OXFORD_451049_BCG_3AXIS_seg0001_c0002,37.738,38.6,0.8620000000000019,432,18869,19301,0.04814166634444952,0.03418446769135238,True,,451049,451049,BCG_3AXIS
OXFORD,OXFORD_451049_BCG_3AXIS_seg0001,OXFORD_451049_BCG_3AXIS_seg0001_c0003,44.548,45.84,1.2920000000000016,647,22274,22921,0.05006089849750911,0.03418446769135238,True,,451049,451049,BCG_3AXIS
OXFORD,OXFORD_451049_BCG_3AXIS_seg0001,OXFORD_451049_BCG_3AXIS_seg0001_c0004,71.726,72.478,0.7519999999999953,377,35863,36240,0.06362541098081799,0.03418446769135238,True,,451049,451049,BCG_3AXIS
OXFORD,OXFORD_451049_BCG_3AXIS_seg0001,OXFORD_451049_BCG_3AXIS_seg0001_c0005,82.122,83.106,0.9839999999999947,493,41061,41554,0.0568584009676942,0.03418446769135238,True,,451049,451049,BCG_3AXIS
OXFORD,OXFORD_451049_BCG_3AXIS_seg0001,OXFORD_451049_BCG_3AXIS_seg0001_c0006,83.87,87.798,3.9279999999999973,1965,41935,43900,0.08299281093898318,0.03418446769135238,True,,451049,451049,BCG_3AXIS
OXFORD,OXFORD_451049_BCG_3AXIS_seg0001,OXFORD_451049_BCG_3AXIS_seg0001_c0007,88.446,92.114,3.6680000000000064,1835,44223,46058,0.09981830384482239,0.03418446769135238,True,,451049,451049,BCG_3AXIS
OXFORD,OXFORD_451049_BCG_3AXIS_seg0001,OXFORD_451049_BCG_3AXIS_seg0001_c0008,92.79,93.34,0.5499999999999972,276,46395,46671,0.06136795534344712,0.03418446769135238,True,,451049,451049,BCG_3AXIS
OXFORD,OXFORD_451049_BCG_3AXIS_seg0001,OXFORD_451049_BCG_3AXIS_seg0001_c0009,94.008,96.306,2.298000000000002,1150,47004,48154,0.4077092697682581,0.03418446769135238,True,,451049,451049,BCG_3AXIS
OXFORD,OXFORD_451049_BCG_3AXIS_seg0001,OXFORD_451049_BCG_3AXIS_seg0001_c0010,100.354,101.07,0.715999999999994,359,50177,50536,0.050063133020052594,0.03418446769135238,True,,451049,451049,BCG_3AXIS
OXFORD,OXFORD_451049_BCG_3AXIS_seg0001,OXFORD_451049_BCG_3AXIS_seg0001_c0011,120.924,121.596,0.671999999999997,337,60462,60799,0.04243819337079672,0.03418446769135238,True,,451049,451049,BCG_3AXIS
OXFORD,OXFORD_451049_BCG_3AXIS_seg0001,OXFORD_451049_BCG_3AXIS_seg0001_c0012,137.572,137.988,0.4159999999999968,209,68786,68995,0.04717377376038933,0.03418446769135238,True,,451049,451049,BCG_3AXIS
OXFORD,OXFORD_451049_BCG_3AXIS_seg0001,OXFORD_451049_BCG_3AXIS_seg0001_c0013,153.804,154.274,0.46999999999999886,236,76902,77138,0.04738604767290525,0.03418446769135238,True,,451049,451049,BCG_3AXIS
OXFORD,OXFORD_451049_BCG_3AXIS_seg0001,OXFORD_451049_BCG_3AXIS_seg0001_c0014,155.754,156.412,0.6580000000000155,330,77877,78207,0.04222896428781545,0.03418446769135238,True,,451049,451049,BCG_3AXIS
OXFORD,OXFORD_451049_BCG_3AXIS_seg0001,OXFORD_451049_BCG_3AXIS_seg0001_c0015,158.694,159.182,0.48799999999999955,245,79347,79592,0.03663393083881223,0.03418446769135238,True,,451049,451049,BCG_3AXIS
OXFORD,OXFORD_451049_BCG_3AXIS_seg0001,OXFORD_451049_BCG_3AXIS_seg0001_c0016,170.514,171.1,0.5859999999999843,294,85257,85551,0.040009433602657844,0.03418446769135238,True,,451049,451049,BCG_3AXIS
OXFORD,OXFORD_451049_BCG_3AXIS_seg0001,OXFORD_451049_BCG_3AXIS_seg0001_c0017,178.02,178.548,0.5279999999999916,265,89010,89275,0.0400146570657126,0.03418446769135238,True,,451049,451049,BCG_3AXIS
OXFORD,OXFORD_451049_BCG_3AXIS_seg0001,OXFORD_451049_BCG_3AXIS_seg0001_c0018,182.188,183.048,0.8600000000000136,431,91094,91525,0.04512350020664619,0.03418446769135238,True,,451049,451049,BCG_3AXIS
OXFORD,OXFORD_451049_BCG_3AXIS_seg0001,OXFORD_451049_BCG_3AXIS_seg0001_c0019,188.432,188.934,0.5020000000000095,252,94216,94468,0.04150552217056008,0.03418446769135238,True,,451049,451049,BCG_3AXIS
OXFORD,OXFORD_451049_BCG_3AXIS_seg0001,OXFORD_451049_BCG_3AXIS_seg0001_c0020,200.062,201.138,1.0759999999999934,539,100031,100570,0.047847008943501544,0.03418446769135238,True,,451049,451049,BCG_3AXIS
OXFORD,OXFORD_451049_BCG_3AXIS_seg0001,OXFORD_451049_BCG_3AXIS_seg0001_c0021,211.076,211.592,0.5160000000000196,259,105538,105797,0.03751020316077225,0.03418446769135238,True,,451049,451049,BCG_3AXIS
OXFORD,OXFORD_451049_BCG_3AXIS_seg0001,OXFORD_451049_BCG_3AXIS_seg0001_c0022,294.296,295.838,1.54200000000003,772,147148,147920,0.06610505316869661,0.03418446769135238,True,,451049,451049,BCG_3AXIS
OXFORD,OXFORD_451049_BCG_3AXIS_seg0001,OXFORD_451049_BCG_3AXIS_seg0001_c0023,296.46,296.766,0.30600000000004,154,148230,148384,0.040365310094904336,0.03418446769135238,True,,451049,451049,BCG_3AXIS
OXFORD,OXFORD_451049_BCG_3AXIS_seg0001,OXFORD_451049_BCG_3AXIS_seg0001_c0024,313.128,314.002,0.8740000000000236,438,156564,157002,0.05136743155769652,0.03418446769135238,True,,451049,451049,BCG_3AXIS
OXFORD,OXFORD_451049_BCG_3AXIS_seg0001,OXFORD_451049_BCG_3AXIS_seg0001_c0025,317.476,318.704,1.2280000000000086,615,158738,159353,0.08498307559935192,0.03418446769135238,True,,451049,451049,BCG_3AXIS
OXFORD,OXFORD_451049_BCG_3AXIS_seg0001,OXFORD_451049_BCG_3AXIS_seg0001_c0026,322.646,323.14,0.49399999999997135,248,161323,161571,0.05366227472524023,0.03418446769135238,True,,451049,451049,BCG_3AXIS
OXFORD,OXFORD_451049_BCG_3AXIS_seg0001,OXFORD_451049_BCG_3AXIS_seg0001_c0027,334.704,335.036,0.33199999999999363,167,167352,167519,0.062097331242283636,0.03418446769135238,True,,451049,451049,BCG_3AXIS
OXFORD,OXFORD_451049_BCG_3AXIS_seg0001,OXFORD_451049_BCG_3AXIS_seg0001_c0028,342.96,343.476,0.5160000000000196,259,171480,171739,0.03674034831819009,0.03418446769135238,True,,451049,451049,BCG_3AXIS
OXFORD,OXFORD_451049_BCG_3AXIS_seg0001,OXFORD_451049_BCG_3AXIS_seg0001_c0029,376.752,377.224,0.47199999999998,237,188376,188613,0.37556747987736777,0.03418446769135238,True,,451049,451049,BCG_3AXIS
OXFORD,OXFORD_451049_BCG_3AXIS_seg0001,OXFORD_451049_BCG_3AXIS_seg0001_c0030,378.312,378.708,0.396000000000015,199,189156,189355,0.11056085717596033,0.03418446769135238,True,,451049,451049,BCG_3AXIS
OXFORD,OXFORD_451049_BCG_3AXIS_seg0001,OXFORD_451049_BCG_3AXIS_seg0001_c0031,395.218,396.106,0.8879999999999768,445,197609,198054,0.1252164905322825,0.03418446769135238,True,,451049,451049,BCG_3AXIS
OXFORD,OXFORD_451049_BCG_3AXIS_seg0001,OXFORD_451049_BCG_3AXIS_seg0001_c0032,425.248,425.958,0.7100000000000364,356,212624,212980,0.10753617983335481,0.03418446769135238,True,,451049,451049,BCG_3AXIS
OXFORD,OXFORD_451049_BCG_3AXIS_seg0001,OXFORD_451049_BCG_3AXIS_seg0001_c0033,453.178,453.694,0.5160000000000196,259,226589,226848,0.04792915895605564,0.03418446769135238,True,,451049,451049,BCG_3AXIS
OXFORD,OXFORD_451049_BCG_3AXIS_seg0001,OXFORD_451049_BCG_3AXIS_seg0001_c0034,472.63,473.16,0.5300000000000296,266,236315,236581,0.05085813537699255,0.03418446769135238,True,,451049,451049,BCG_3AXIS
OXFORD,OXFORD_451049_BCG_3AXIS_seg0001,OXFORD_451049_BCG_3AXIS_seg0001_c0035,478.594,481.23,2.636000000000024,1319,239297,240616,0.10158039036984745,0.03418446769135238,True,,451049,451049,BCG_3AXIS
OXFORD,OXFORD_451049_BCG_3AXIS_seg0001,OXFORD_451049_BCG_3AXIS_seg0001_c0036,504.93,505.278,0.3480000000000132,175,252465,252640,0.041960531895322575,0.03418446769135238,True,,451049,451049,BCG_3AXIS
OXFORD,OXFORD_451049_BCG_3AXIS_seg0001,OXFORD_451049_BCG_3AXIS_seg0001_c0037,533.064,533.686,0.6220000000000709,312,266532,266844,0.04682098416520777,0.03418446769135238,True,,451049,451049,BCG_3AXIS
OXFORD,OXFORD_451049_BCG_3AXIS_seg0001,OXFORD_451049_BCG_3AXIS_seg0001_c0038,538.372,538.724,0.35200000000008913,177,269186,269363,0.050459959068592124,0.03418446769135238,True,,451049,451049,BCG_3AXIS
OXFORD,OXFORD_451049_BCG_3AXIS_seg0001,OXFORD_451049_BCG_3AXIS_seg0001_c0039,622.22,625.108,2.88799999999992,1445,311110,312555,0.09665290268108416,0.03418446769135238,True,,451049,451049,BCG_3AXIS
OXFORD,OXFORD_451049_BCG_3AXIS_seg0001,OXFORD_451049_BCG_3AXIS_seg0001_c0040,625.852,626.38,0.52800000000002,265,312926,313191,0.050805671875966636,0.03418446769135238,True,,451049,451049,BCG_3AXIS
OXFORD,OXFORD_451049_BCG_3AXIS_seg0001,OXFORD_451049_BCG_3AXIS_seg0001_c0041,632.722,633.44,0.7180000000000746,360,316361,316721,0.03849816487335964,0.03418446769135238,True,,451049,451049,BCG_3AXIS
OXFORD,OXFORD_451049_BCG_3AXIS_seg0001,OXFORD_451049_BCG_3AXIS_seg0001_c0042,696.842,697.612,0.7699999999999818,386,348421,348807,0.04096155076456747,0.03418446769135238,True,,451049,451049,BCG_3AXIS
OXFORD,OXFORD_451049_BCG_3AXIS_seg0001,OXFORD_451049_BCG_3AXIS_seg0001_c0043,722.04,723.252,1.211999999999989,607,361020,361627,0.03966598632421152,0.03418446769135238,True,,451049,451049,BCG_3AXIS
OXFORD,OXFORD_451049_BCG_3AXIS_seg0001,OXFORD_451049_BCG_3AXIS_seg0001_c0044,757.69,758.424,0.7339999999999236,368,378845,379213,0.043708340740001676,0.03418446769135238,True,,451049,451049,BCG_3AXIS
OXFORD,OXFORD_451049_BCG_3AXIS_seg0001,OXFORD_451049_BCG_3AXIS_seg0001_c0045,760.316,760.7,0.38400000000001455,193,380158,380351,0.037907009252739134,0.03418446769135238,True,,451049,451049,BCG_3AXIS
OXFORD,OXFORD_451049_BCG_3AXIS_seg0001,OXFORD_451049_BCG_3AXIS_seg0001_c0046,762.762,763.302,0.5400000000000773,271,381381,381652,0.04141186400900286,0.03418446769135238,True,,451049,451049,BCG_3AXIS
OXFORD,OXFORD_451049_BCG_3AXIS_seg0001,OXFORD_451049_BCG_3AXIS_seg0001_c0047,794.704,795.542,0.8380000000000791,420,397352,397772,0.0414928441805838,0.03418446769135238,True,,451049,451049,BCG_3AXIS
OXFORD,OXFORD_451049_BCG_3AXIS_seg0001,OXFORD_451049_BCG_3AXIS_seg0001_c0048,799.414,799.986,0.5720000000000027,287,399707,399994,0.06078390708626195,0.03418446769135238,True,,451049,451049,BCG_3AXIS
OXFORD,OXFORD_451049_BCG_3AXIS_seg0001,OXFORD_451049_BCG_3AXIS_seg0001_c0049,844.734,845.896,1.1619999999999209,582,422367,422949,0.05765757816807004,0.03418446769135238,True,,451049,451049,BCG_3AXIS
OXFORD,OXFORD_451049_BCG_3AXIS_seg0001,OXFORD_451049_BCG_3AXIS_seg0001_c0050,848.29,848.826,0.5360000000000582,269,424145,424414,0.04971172222792964,0.03418446769135238,True,,451049,451049,BCG_3AXIS
OXFORD,OXFORD_451049_BCG_3AXIS_seg0001,OXFORD_451049_BCG_3AXIS_seg0001_c0051,850.242,851.288,1.0460000000000491,524,425121,425645,0.06251508534010276,0.03418446769135238,True,,451049,451049,BCG_3AXIS
OXFORD,OXFORD_451280_BCG_3AXIS_seg0001,OXFORD_451280_BCG_3AXIS_seg0001_c0001,4.086,4.566,0.47999999999999954,241,2043,2284,0.08393742924176689,0.05016831375820911,True,,451280,451280,BCG_3AXIS
OXFORD,OXFORD_451280_BCG_3AXIS_seg0001,OXFORD_451280_BCG_3AXIS_seg0001_c0002,5.998,6.52,0.5219999999999994,262,2999,3261,0.10908181340062693,0.05016831375820911,True,,451280,451280,BCG_3AXIS
OXFORD,OXFORD_451280_BCG_3AXIS_seg0001,OXFORD_451280_BCG_3AXIS_seg0001_c0003,7.472,7.782,0.3099999999999996,156,3736,3892,0.0813505195916779,0.05016831375820911,True,,451280,451280,BCG_3AXIS
OXFORD,OXFORD_451280_BCG_3AXIS_seg0001,OXFORD_451280_BCG_3AXIS_seg0001_c0004,10.252,11.956,1.7039999999999988,853,5126,5979,0.12267955224769461,0.05016831375820911,True,,451280,451280,BCG_3AXIS
OXFORD,OXFORD_451280_BCG_3AXIS_seg0001,OXFORD_451280_BCG_3AXIS_seg0001_c0005,12.84,13.146,0.30600000000000094,154,6420,6574,0.08410679869635108,0.05016831375820911,True,,451280,451280,BCG_3AXIS
OXFORD,OXFORD_451280_BCG_3AXIS_seg0001,OXFORD_451280_BCG_3AXIS_seg0001_c0006,15.704,18.414,2.710000000000001,1356,7852,9208,0.20317881738127244,0.05016831375820911,True,,451280,451280,BCG_3AXIS
OXFORD,OXFORD_451280_BCG_3AXIS_seg0001,OXFORD_451280_BCG_3AXIS_seg0001_c0007,24.106,24.446,0.33999999999999986,171,12053,12224,0.053176803288967116,0.05016831375820911,True,,451280,451280,BCG_3AXIS
OXFORD,OXFORD_451280_BCG_3AXIS_seg0001,OXFORD_451280_BCG_3AXIS_seg0001_c0008,29.02,29.342,0.3219999999999992,162,14510,14672,0.09339670362537561,0.05016831375820911,True,,451280,451280,BCG_3AXIS
OXFORD,OXFORD_451280_BCG_3AXIS_seg0001,OXFORD_451280_BCG_3AXIS_seg0001_c0009,34.132,34.484,0.35200000000000387,177,17066,17243,0.0618875044709944,0.05016831375820911,True,,451280,451280,BCG_3AXIS
OXFORD,OXFORD_451280_BCG_3AXIS_seg0001,OXFORD_451280_BCG_3AXIS_seg0001_c0010,39.092,39.742,0.6499999999999986,326,19546,19872,0.06851895459132275,0.05016831375820911,True,,451280,451280,BCG_3AXIS
OXFORD,OXFORD_451280_BCG_3AXIS_seg0001,OXFORD_451280_BCG_3AXIS_seg0001_c0011,40.462,40.79,0.32799999999999585,165,20231,20396,0.1446610668324389,0.05016831375820911,True,,451280,451280,BCG_3AXIS
OXFORD,OXFORD_451280_BCG_3AXIS_seg0001,OXFORD_451280_BCG_3AXIS_seg0001_c0012,41.9,42.264,0.3640000000000043,183,20950,21133,0.10723760225236101,0.05016831375820911,True,,451280,451280,BCG_3AXIS
OXFORD,OXFORD_451280_BCG_3AXIS_seg0001,OXFORD_451280_BCG_3AXIS_seg0001_c0013,43.106,44.034,0.9279999999999973,465,21553,22018,0.07077591045727386,0.05016831375820911,True,,451280,451280,BCG_3AXIS
OXFORD,OXFORD_451280_BCG_3AXIS_seg0001,OXFORD_451280_BCG_3AXIS_seg0001_c0014,44.868,45.226,0.357999999999997,180,22434,22614,0.08253484031874582,0.05016831375820911,True,,451280,451280,BCG_3AXIS
OXFORD,OXFORD_451280_BCG_3AXIS_seg0001,OXFORD_451280_BCG_3AXIS_seg0001_c0015,47.016,48.342,1.3260000000000005,664,23508,24172,0.11829370019022387,0.05016831375820911,True,,451280,451280,BCG_3AXIS
OXFORD,OXFORD_451280_BCG_3AXIS_seg0001,OXFORD_451280_BCG_3AXIS_seg0001_c0016,61.32,62.64,1.3200000000000003,661,30660,31321,0.1218820468432888,0.05016831375820911,True,,451280,451280,BCG_3AXIS
OXFORD,OXFORD_451280_BCG_3AXIS_seg0001,OXFORD_451280_BCG_3AXIS_seg0001_c0017,94.552,95.266,0.7139999999999986,358,47276,47634,0.0803725338810932,0.05016831375820911,True,,451280,451280,BCG_3AXIS
OXFORD,OXFORD_451280_BCG_3AXIS_seg0001,OXFORD_451280_BCG_3AXIS_seg0001_c0018,96.356,97.856,1.5,751,48178,48929,0.3160126570628688,0.05016831375820911,True,,451280,451280,BCG_3AXIS
OXFORD,OXFORD_451280_BCG_3AXIS_seg0001,OXFORD_451280_BCG_3AXIS_seg0001_c0019,99.076,99.63,0.554000000000002,278,49538,49816,0.063942086899779,0.05016831375820911,True,,451280,451280,BCG_3AXIS
OXFORD,OXFORD_451280_BCG_3AXIS_seg0001,OXFORD_451280_BCG_3AXIS_seg0001_c0020,101.55,102.31,0.7600000000000051,381,50775,51156,0.10074139670858342,0.05016831375820911,True,,451280,451280,BCG_3AXIS
OXFORD,OXFORD_451280_BCG_3AXIS_seg0001,OXFORD_451280_BCG_3AXIS_seg0001_c0021,105.74,106.274,0.534000000000006,268,52870,53138,0.0962396236562769,0.05016831375820911,True,,451280,451280,BCG_3AXIS
OXFORD,OXFORD_451280_BCG_3AXIS_seg0001,OXFORD_451280_BCG_3AXIS_seg0001_c0022,111.252,111.708,0.45600000000000307,229,55626,55855,0.05621821498501367,0.05016831375820911,True,,451280,451280,BCG_3AXIS
OXFORD,OXFORD_451280_BCG_3AXIS_seg0001,OXFORD_451280_BCG_3AXIS_seg0001_c0023,121.382,122.256,0.8739999999999952,438,60691,61129,0.07095657165443348,0.05016831375820911,True,,451280,451280,BCG_3AXIS
OXFORD,OXFORD_451280_BCG_3AXIS_seg0001,OXFORD_451280_BCG_3AXIS_seg0001_c0024,125.686,126.728,1.0419999999999874,522,62843,63365,0.162685186260819,0.05016831375820911,True,,451280,451280,BCG_3AXIS
OXFORD,OXFORD_451280_BCG_3AXIS_seg0001,OXFORD_451280_BCG_3AXIS_seg0001_c0025,129.98,130.408,0.42799999999999727,215,64990,65205,0.07451082314209326,0.05016831375820911,True,,451280,451280,BCG_3AXIS
OXFORD,OXFORD_451280_BCG_3AXIS_seg0001,OXFORD_451280_BCG_3AXIS_seg0001_c0026,134.384,134.808,0.4240000000000066,213,67192,67405,0.11871393261322606,0.05016831375820911,True,,451280,451280,BCG_3AXIS
OXFORD,OXFORD_451280_BCG_3AXIS_seg0001,OXFORD_451280_BCG_3AXIS_seg0001_c0027,137.24,137.616,0.3760000000000048,189,68620,68809,0.07688579255243115,0.05016831375820911,True,,451280,451280,BCG_3AXIS
OXFORD,OXFORD_451280_BCG_3AXIS_seg0001,OXFORD_451280_BCG_3AXIS_seg0001_c0028,140.496,141.368,0.8719999999999857,437,70248,70685,0.3780683170015621,0.05016831375820911,True,,451280,451280,BCG_3AXIS
OXFORD,OXFORD_451280_BCG_3AXIS_seg0001,OXFORD_451280_BCG_3AXIS_seg0001_c0029,145.166,146.072,0.9060000000000059,454,72583,73037,0.09961910267414062,0.05016831375820911,True,,451280,451280,BCG_3AXIS
OXFORD,OXFORD_451280_BCG_3AXIS_seg0001,OXFORD_451280_BCG_3AXIS_seg0001_c0030,153.972,154.288,0.3160000000000025,159,76986,77145,0.0765567602023676,0.05016831375820911,True,,451280,451280,BCG_3AXIS
OXFORD,OXFORD_451280_BCG_3AXIS_seg0001,OXFORD_451280_BCG_3AXIS_seg0001_c0031,163.622,164.398,0.775999999999982,389,81811,82200,0.25889896758851716,0.05016831375820911,True,,451280,451280,BCG_3AXIS
OXFORD,OXFORD_451280_BCG_3AXIS_seg0001,OXFORD_451280_BCG_3AXIS_seg0001_c0032,182.446,192.962,10.515999999999991,5259,91223,96482,0.2971507465519165,0.05016831375820911,True,,451280,451280,BCG_3AXIS
OXFORD,OXFORD_451280_BCG_3AXIS_seg0001,OXFORD_451280_BCG_3AXIS_seg0001_c0033,193.536,198.188,4.651999999999987,2327,96768,99095,0.3872020512828489,0.05016831375820911,True,,451280,451280,BCG_3AXIS
OXFORD,OXFORD_451280_BCG_3AXIS_seg0001,OXFORD_451280_BCG_3AXIS_seg0001_c0034,225.9,226.324,0.4240000000000066,213,112950,113163,0.14815041003314086,0.05016831375820911,True,,451280,451280,BCG_3AXIS
OXFORD,OXFORD_451280_BCG_3AXIS_seg0001,OXFORD_451280_BCG_3AXIS_seg0001_c0035,228.756,229.166,0.4099999999999966,206,114378,114584,0.08825779864814448,0.05016831375820911,True,,451280,451280,BCG_3AXIS
OXFORD,OXFORD_451280_BCG_3AXIS_seg0001,OXFORD_451280_BCG_3AXIS_seg0001_c0036,238.198,238.5,0.3019999999999925,152,119099,119251,0.05861586883666534,0.05016831375820911,True,,451280,451280,BCG_3AXIS
OXFORD,OXFORD_451280_BCG_3AXIS_seg0001,OXFORD_451280_BCG_3AXIS_seg0001_c0037,243.412,243.842,0.4300000000000068,216,121706,121922,0.06271724274904025,0.05016831375820911,True,,451280,451280,BCG_3AXIS
OXFORD,OXFORD_451280_BCG_3AXIS_seg0001,OXFORD_451280_BCG_3AXIS_seg0001_c0038,247.824,248.17,0.3459999999999752,174,123912,124086,0.07043815578503004,0.05016831375820911,True,,451280,451280,BCG_3AXIS
OXFORD,OXFORD_451280_BCG_3AXIS_seg0001,OXFORD_451280_BCG_3AXIS_seg0001_c0039,253.032,253.394,0.36199999999999477,182,126516,126698,0.06598413247716668,0.05016831375820911,True,,451280,451280,BCG_3AXIS
OXFORD,OXFORD_451280_BCG_3AXIS_seg0001,OXFORD_451280_BCG_3AXIS_seg0001_c0040,259.574,259.896,0.32200000000000273,162,129787,129949,0.07291673203181681,0.05016831375820911,True,,451280,451280,BCG_3AXIS
OXFORD,OXFORD_451280_BCG_3AXIS_seg0001,OXFORD_451280_BCG_3AXIS_seg0001_c0041,260.776,261.164,0.3879999999999768,195,130388,130583,0.07639464036961961,0.05016831375820911,True,,451280,451280,BCG_3AXIS
OXFORD,OXFORD_451280_BCG_3AXIS_seg0001,OXFORD_451280_BCG_3AXIS_seg0001_c0042,264.864,265.192,0.3280000000000314,165,132432,132597,0.09675289686066918,0.05016831375820911,True,,451280,451280,BCG_3AXIS
OXFORD,OXFORD_451280_BCG_3AXIS_seg0001,OXFORD_451280_BCG_3AXIS_seg0001_c0043,272.95,273.382,0.43200000000001637,217,136475,136692,0.05922513720316831,0.05016831375820911,True,,451280,451280,BCG_3AXIS
OXFORD,OXFORD_451280_BCG_3AXIS_seg0001,OXFORD_451280_BCG_3AXIS_seg0001_c0044,274.502,274.926,0.42399999999997817,213,137251,137464,0.07625075415820341,0.05016831375820911,True,,451280,451280,BCG_3AXIS
OXFORD,OXFORD_451280_BCG_3AXIS_seg0001,OXFORD_451280_BCG_3AXIS_seg0001_c0045,276.246,276.546,0.30000000000001137,151,138123,138274,0.08548690812794152,0.05016831375820911,True,,451280,451280,BCG_3AXIS
OXFORD,OXFORD_451280_BCG_3AXIS_seg0001,OXFORD_451280_BCG_3AXIS_seg0001_c0046,288.672,290.492,1.8199999999999932,911,144336,145247,0.22400903070098602,0.05016831375820911,True,,451280,451280,BCG_3AXIS
OXFORD,OXFORD_451280_BCG_3AXIS_seg0001,OXFORD_451280_BCG_3AXIS_seg0001_c0047,296.404,296.922,0.5180000000000291,260,148202,148462,0.10705585309531968,0.05016831375820911,True,,451280,451280,BCG_3AXIS
OXFORD,OXFORD_451280_BCG_3AXIS_seg0001,OXFORD_451280_BCG_3AXIS_seg0001_c0048,300.626,301.154,0.52800000000002,265,150313,150578,0.06642162997581431,0.05016831375820911,True,,451280,451280,BCG_3AXIS
OXFORD,OXFORD_451280_BCG_3AXIS_seg0001,OXFORD_451280_BCG_3AXIS_seg0001_c0049,342.142,342.444,0.3020000000000209,152,171071,171223,0.07078895427269899,0.05016831375820911,True,,451280,451280,BCG_3AXIS
OXFORD,OXFORD_451280_BCG_3AXIS_seg0001,OXFORD_451280_BCG_3AXIS_seg0001_c0050,343.676,344.014,0.3380000000000223,170,171838,172008,0.07311917133209887,0.05016831375820911,True,,451280,451280,BCG_3AXIS
OXFORD,OXFORD_451280_BCG_3AXIS_seg0001,OXFORD_451280_BCG_3AXIS_seg0001_c0051,344.636,345.552,0.9159999999999968,459,172318,172777,0.0877803743693626,0.05016831375820911,True,,451280,451280,BCG_3AXIS
OXFORD,OXFORD_451280_BCG_3AXIS_seg0001,OXFORD_451280_BCG_3AXIS_seg0001_c0052,392.958,393.508,0.5499999999999545,276,196479,196755,0.05182841185268365,0.05016831375820911,True,,451280,451280,BCG_3AXIS
OXFORD,OXFORD_451280_BCG_3AXIS_seg0001,OXFORD_451280_BCG_3AXIS_seg0001_c0053,398.526,400.474,1.947999999999979,975,199263,200238,0.08360930823633504,0.05016831375820911,True,,451280,451280,BCG_3AXIS
OXFORD,OXFORD_451280_BCG_3AXIS_seg0001,OXFORD_451280_BCG_3AXIS_seg0001_c0054,409.758,416.918,7.160000000000025,3581,204879,208460,0.12823742116388606,0.05016831375820911,True,,451280,451280,BCG_3AXIS
OXFORD,OXFORD_451280_BCG_3AXIS_seg0001,OXFORD_451280_BCG_3AXIS_seg0001_c0055,420.058,422.97,2.9120000000000346,1457,210029,211486,0.11217668651197661,0.05016831375820911,True,,451280,451280,BCG_3AXIS
OXFORD,OXFORD_451280_BCG_3AXIS_seg0001,OXFORD_451280_BCG_3AXIS_seg0001_c0056,423.484,423.868,0.38400000000001455,193,211742,211935,0.05273177803000492,0.05016831375820911,True,,451280,451280,BCG_3AXIS
OXFORD,OXFORD_451280_BCG_3AXIS_seg0001,OXFORD_451280_BCG_3AXIS_seg0001_c0057,433.514,433.938,0.42399999999997817,213,216757,216970,0.1459604378892859,0.05016831375820911,True,,451280,451280,BCG_3AXIS
OXFORD,OXFORD_451280_BCG_3AXIS_seg0001,OXFORD_451280_BCG_3AXIS_seg0001_c0058,434.844,435.288,0.4440000000000168,223,217422,217645,0.07246334547041042,0.05016831375820911,True,,451280,451280,BCG_3AXIS
OXFORD,OXFORD_451280_BCG_3AXIS_seg0001,OXFORD_451280_BCG_3AXIS_seg0001_c0059,436.886,438.15,1.2639999999999532,633,218443,219076,0.10972463993390873,0.05016831375820911,True,,451280,451280,BCG_3AXIS
OXFORD,OXFORD_451280_BCG_3AXIS_seg0001,OXFORD_451280_BCG_3AXIS_seg0001_c0060,448.526,448.922,0.396000000000015,199,224263,224462,0.12742143638829423,0.05016831375820911,True,,451280,451280,BCG_3AXIS
OXFORD,OXFORD_451280_BCG_3AXIS_seg0001,OXFORD_451280_BCG_3AXIS_seg0001_c0061,498.682,499.106,0.42399999999997817,213,249341,249554,0.06199169693562363,0.05016831375820911,True,,451280,451280,BCG_3AXIS
OXFORD,OXFORD_451280_BCG_3AXIS_seg0001,OXFORD_451280_BCG_3AXIS_seg0001_c0062,504.688,504.996,0.3079999999999927,155,252344,252499,0.05522739383748953,0.05016831375820911,True,,451280,451280,BCG_3AXIS
OXFORD,OXFORD_451280_BCG_3AXIS_seg0001,OXFORD_451280_BCG_3AXIS_seg0001_c0063,509.562,510.17,0.6080000000000041,305,254781,255086,0.060810549601574844,0.05016831375820911,True,,451280,451280,BCG_3AXIS
OXFORD,OXFORD_451280_BCG_3AXIS_seg0001,OXFORD_451280_BCG_3AXIS_seg0001_c0064,517.666,517.992,0.32599999999990814,164,258833,258997,0.056841097911738296,0.05016831375820911,True,,451280,451280,BCG_3AXIS
OXFORD,OXFORD_451280_BCG_3AXIS_seg0001,OXFORD_451280_BCG_3AXIS_seg0001_c0065,518.856,519.546,0.6900000000000546,346,259428,259774,0.07050208653080071,0.05016831375820911,True,,451280,451280,BCG_3AXIS
OXFORD,OXFORD_451280_BCG_3AXIS_seg0001,OXFORD_451280_BCG_3AXIS_seg0001_c0066,520.166,520.548,0.38199999999994816,192,260083,260275,0.09065945464445772,0.05016831375820911,True,,451280,451280,BCG_3AXIS
OXFORD,OXFORD_451280_BCG_3AXIS_seg0001,OXFORD_451280_BCG_3AXIS_seg0001_c0067,521.894,522.44,0.5460000000000491,274,260947,261221,0.06613968790157577,0.05016831375820911,True,,451280,451280,BCG_3AXIS
OXFORD,OXFORD_451280_BCG_3AXIS_seg0001,OXFORD_451280_BCG_3AXIS_seg0001_c0068,538.934,539.3,0.36599999999998545,184,269467,269651,0.06980643105911682,0.05016831375820911,True,,451280,451280,BCG_3AXIS
OXFORD,OXFORD_451280_BCG_3AXIS_seg0001,OXFORD_451280_BCG_3AXIS_seg0001_c0069,553.152,553.654,0.5019999999999527,252,276576,276828,0.06674176687472909,0.05016831375820911,True,,451280,451280,BCG_3AXIS
OXFORD,OXFORD_451280_BCG_3AXIS_seg0001,OXFORD_451280_BCG_3AXIS_seg0001_c0070,554.34,556.892,2.552000000000021,1277,277170,278447,0.13026341329223642,0.05016831375820911,True,,451280,451280,BCG_3AXIS
OXFORD,OXFORD_451280_BCG_3AXIS_seg0001,OXFORD_451280_BCG_3AXIS_seg0001_c0071,557.398,557.804,0.40599999999994907,204,278699,278903,0.15750568086567462,0.05016831375820911,True,,451280,451280,BCG_3AXIS
OXFORD,OXFORD_451280_BCG_3AXIS_seg0001,OXFORD_451280_BCG_3AXIS_seg0001_c0072,566.126,567.068,0.9420000000000073,472,283063,283535,0.10063061196618985,0.05016831375820911,True,,451280,451280,BCG_3AXIS
OXFORD,OXFORD_451280_BCG_3AXIS_seg0001,OXFORD_451280_BCG_3AXIS_seg0001_c0073,568.816,569.884,1.0679999999999836,535,284408,284943,0.07867295629277866,0.05016831375820911,True,,451280,451280,BCG_3AXIS
OXFORD,OXFORD_451280_BCG_3AXIS_seg0001,OXFORD_451280_BCG_3AXIS_seg0001_c0074,605.928,607.856,1.9279999999999973,965,302964,303929,0.13496564952936238,0.05016831375820911,True,,451280,451280,BCG_3AXIS
OXFORD,OXFORD_451280_BCG_3AXIS_seg0001,OXFORD_451280_BCG_3AXIS_seg0001_c0075,608.694,609.104,0.41000000000008185,206,304347,304553,0.06341769098929423,0.05016831375820911,True,,451280,451280,BCG_3AXIS
OXFORD,OXFORD_451280_BCG_3AXIS_seg0001,OXFORD_451280_BCG_3AXIS_seg0001_c0076,617.178,617.65,0.47199999999998,237,308589,308826,0.06369149483719926,0.05016831375820911,True,,451280,451280,BCG_3AXIS
OXFORD,OXFORD_451280_BCG_3AXIS_seg0001,OXFORD_451280_BCG_3AXIS_seg0001_c0077,628.542,630.33,1.788000000000011,895,314271,315166,0.32063203392051665,0.05016831375820911,True,,451280,451280,BCG_3AXIS
OXFORD,OXFORD_451280_BCG_3AXIS_seg0001,OXFORD_451280_BCG_3AXIS_seg0001_c0078,644.906,646.728,1.8220000000000027,912,322453,323365,0.18310855093800488,0.05016831375820911,True,,451280,451280,BCG_3AXIS
OXFORD,OXFORD_451280_BCG_3AXIS_seg0001,OXFORD_451280_BCG_3AXIS_seg0001_c0079,681.976,682.4,0.42399999999997817,213,340988,341201,0.08435100159276879,0.05016831375820911,True,,451280,451280,BCG_3AXIS
OXFORD,OXFORD_451280_BCG_3AXIS_seg0001,OXFORD_451280_BCG_3AXIS_seg0001_c0080,688.008,688.586,0.5779999999999745,290,344004,344294,0.08510603106189918,0.05016831375820911,True,,451280,451280,BCG_3AXIS
OXFORD,OXFORD_451280_BCG_3AXIS_seg0001,OXFORD_451280_BCG_3AXIS_seg0001_c0081,693.432,693.842,0.40999999999996817,206,346716,346922,0.06304154081589235,0.05016831375820911,True,,451280,451280,BCG_3AXIS
OXFORD,OXFORD_451280_BCG_3AXIS_seg0001,OXFORD_451280_BCG_3AXIS_seg0001_c0082,696.778,697.994,1.2160000000000082,609,348389,348998,0.11873198701761456,0.05016831375820911,True,,451280,451280,BCG_3AXIS
OXFORD,OXFORD_451280_BCG_3AXIS_seg0001,OXFORD_451280_BCG_3AXIS_seg0001_c0083,698.754,699.064,0.30999999999994543,156,349377,349533,0.09010917531245127,0.05016831375820911,True,,451280,451280,BCG_3AXIS
OXFORD,OXFORD_451280_BCG_3AXIS_seg0001,OXFORD_451280_BCG_3AXIS_seg0001_c0084,703.364,703.714,0.35000000000002274,176,351682,351858,0.06887393560343946,0.05016831375820911,True,,451280,451280,BCG_3AXIS
OXFORD,OXFORD_451280_BCG_3AXIS_seg0001,OXFORD_451280_BCG_3AXIS_seg0001_c0085,708.294,708.71,0.41600000000005366,209,354147,354356,0.08369529702052209,0.05016831375820911,True,,451280,451280,BCG_3AXIS
OXFORD,OXFORD_451280_BCG_3AXIS_seg0001,OXFORD_451280_BCG_3AXIS_seg0001_c0086,716.414,716.794,0.37999999999999545,191,358207,358398,0.10589915380678412,0.05016831375820911,True,,451280,451280,BCG_3AXIS
OXFORD,OXFORD_451280_BCG_3AXIS_seg0001,OXFORD_451280_BCG_3AXIS_seg0001_c0087,718.728,719.644,0.9160000000000537,459,359364,359823,0.10662817234650952,0.05016831375820911,True,,451280,451280,BCG_3AXIS
OXFORD,OXFORD_451280_BCG_3AXIS_seg0001,OXFORD_451280_BCG_3AXIS_seg0001_c0088,781.036,781.466,0.43000000000006366,216,390518,390734,0.06333596395021118,0.05016831375820911,True,,451280,451280,BCG_3AXIS
OXFORD,OXFORD_451280_BCG_3AXIS_seg0001,OXFORD_451280_BCG_3AXIS_seg0001_c0089,787.018,787.504,0.48599999999999,244,393509,393753,0.09593159492367383,0.05016831375820911,True,,451280,451280,BCG_3AXIS
OXFORD,OXFORD_451280_BCG_3AXIS_seg0001,OXFORD_451280_BCG_3AXIS_seg0001_c0090,798.0,798.348,0.34799999999995634,175,399000,399175,0.07341822707834579,0.05016831375820911,True,,451280,451280,BCG_3AXIS
OXFORD,OXFORD_451280_BCG_3AXIS_seg0001,OXFORD_451280_BCG_3AXIS_seg0001_c0091,812.71,813.154,0.44399999999996,223,406355,406578,0.10877416230792192,0.05016831375820911,True,,451280,451280,BCG_3AXIS
OXFORD,OXFORD_451280_BCG_3AXIS_seg0001,OXFORD_451280_BCG_3AXIS_seg0001_c0092,823.714,824.238,0.5240000000000009,263,411857,412120,0.07354603138735451,0.05016831375820911,True,,451280,451280,BCG_3AXIS
OXFORD,OXFORD_451280_BCG_3AXIS_seg0001,OXFORD_451280_BCG_3AXIS_seg0001_c0093,827.786,828.376,0.5900000000000318,296,413893,414189,0.1403928750324587,0.05016831375820911,True,,451280,451280,BCG_3AXIS
OXFORD,OXFORD_451280_BCG_3AXIS_seg0001,OXFORD_451280_BCG_3AXIS_seg0001_c0094,833.648,835.96,2.312000000000012,1157,416824,417981,0.17042107521418653,0.05016831375820911,True,,451280,451280,BCG_3AXIS
OXFORD,OXFORD_451280_BCG_3AXIS_seg0001,OXFORD_451280_BCG_3AXIS_seg0001_c0095,837.076,837.588,0.5119999999999436,257,418538,418795,0.10023981481569938,0.05016831375820911,True,,451280,451280,BCG_3AXIS
OXFORD,OXFORD_451280_BCG_3AXIS_seg0001,OXFORD_451280_BCG_3AXIS_seg0001_c0096,841.388,844.646,3.2579999999999245,1630,420694,422324,0.15264258513518889,0.05016831375820911,True,,451280,451280,BCG_3AXIS
OXFORD,OXFORD_451280_BCG_3AXIS_seg0001,OXFORD_451280_BCG_3AXIS_seg0001_c0097,847.398,847.832,0.4339999999999691,218,423699,423917,0.11513450334789005,0.05016831375820911,True,,451280,451280,BCG_3AXIS
OXFORD,OXFORD_451280_BCG_3AXIS_seg0001,OXFORD_451280_BCG_3AXIS_seg0001_c0098,850.234,851.404,1.169999999999959,586,425117,425703,0.16736233009620527,0.05016831375820911,True,,451280,451280,BCG_3AXIS
OXFORD,OXFORD_451280_BCG_3AXIS_seg0001,OXFORD_451280_BCG_3AXIS_seg0001_c0099,854.96,855.492,0.5319999999999254,267,427480,427747,0.08382437031358421,0.05016831375820911,True,,451280,451280,BCG_3AXIS
OXFORD,OXFORD_451280_BCG_3AXIS_seg0001,OXFORD_451280_BCG_3AXIS_seg0001_c0100,859.418,860.316,0.8980000000000246,450,429709,430159,0.07074699379612237,0.05016831375820911,True,,451280,451280,BCG_3AXIS
OXFORD,OXFORD_451280_BCG_3AXIS_seg0001,OXFORD_451280_BCG_3AXIS_seg0001_c0101,875.426,875.89,0.4639999999999418,233,437713,437946,0.08138503999624494,0.05016831375820911,True,,451280,451280,BCG_3AXIS
OXFORD,OXFORD_451280_BCG_3AXIS_seg0001,OXFORD_451280_BCG_3AXIS_seg0001_c0102,879.32,879.722,0.40199999999992997,202,439660,439862,0.08782922529030325,0.05016831375820911,True,,451280,451280,BCG_3AXIS
OXFORD,OXFORD_451280_BCG_3AXIS_seg0001,OXFORD_451280_BCG_3AXIS_seg0001_c0103,884.13,884.428,0.2980000000000018,150,442065,442215,0.0837272921572127,0.05016831375820911,True,,451280,451280,BCG_3AXIS
OXFORD,OXFORD_451280_BCG_3AXIS_seg0001,OXFORD_451280_BCG_3AXIS_seg0001_c0104,892.728,893.194,0.4660000000000082,234,446364,446598,0.05550310964178083,0.05016831375820911,True,,451280,451280,BCG_3AXIS
OXFORD,OXFORD_451280_BCG_3AXIS_seg0001,OXFORD_451280_BCG_3AXIS_seg0001_c0105,895.502,895.894,0.39200000000005275,197,447751,447948,0.057395987135031835,0.05016831375820911,True,,451280,451280,BCG_3AXIS
OXFORD,OXFORD_451280_BCG_3AXIS_seg0001,OXFORD_451280_BCG_3AXIS_seg0001_c0106,898.084,899.138,1.0540000000000873,528,449042,449570,0.0813154405226142,0.05016831375820911,True,,451280,451280,BCG_3AXIS
OXFORD,OXFORD_451377_BCG_3AXIS_seg0001,OXFORD_451377_BCG_3AXIS_seg0001_c0001,1.492,2.006,0.5139999999999998,258,746,1004,1.0481120208038763,0.05302329310239566,True,,451377,451377,BCG_3AXIS
OXFORD,OXFORD_451377_BCG_3AXIS_seg0001,OXFORD_451377_BCG_3AXIS_seg0001_c0002,3.302,3.884,0.5819999999999999,292,1651,1943,0.08044835939175606,0.05302329310239566,True,,451377,451377,BCG_3AXIS
OXFORD,OXFORD_451377_BCG_3AXIS_seg0001,OXFORD_451377_BCG_3AXIS_seg0001_c0003,5.712,7.494,1.782,892,2856,3748,0.09783621868691254,0.05302329310239566,True,,451377,451377,BCG_3AXIS
OXFORD,OXFORD_451377_BCG_3AXIS_seg0001,OXFORD_451377_BCG_3AXIS_seg0001_c0004,9.262,10.646,1.3840000000000003,693,4631,5324,0.05455509440271353,0.05302329310239566,True,,451377,451377,BCG_3AXIS
OXFORD,OXFORD_451377_BCG_3AXIS_seg0001,OXFORD_451377_BCG_3AXIS_seg0001_c0005,15.918,17.008,1.0899999999999999,546,7959,8505,0.06129441821622888,0.05302329310239566,True,,451377,451377,BCG_3AXIS
OXFORD,OXFORD_451377_BCG_3AXIS_seg0001,OXFORD_451377_BCG_3AXIS_seg0001_c0006,18.76,20.054,1.293999999999997,648,9380,10028,0.11372759857590925,0.05302329310239566,True,,451377,451377,BCG_3AXIS
OXFORD,OXFORD_451377_BCG_3AXIS_seg0001,OXFORD_451377_BCG_3AXIS_seg0001_c0007,32.968,33.42,0.4519999999999982,227,16484,16711,0.08341857544880298,0.05302329310239566,True,,451377,451377,BCG_3AXIS
OXFORD,OXFORD_451377_BCG_3AXIS_seg0001,OXFORD_451377_BCG_3AXIS_seg0001_c0008,34.896,35.432,0.5360000000000014,269,17448,17717,0.061646689634013534,0.05302329310239566,True,,451377,451377,BCG_3AXIS
OXFORD,OXFORD_451377_BCG_3AXIS_seg0001,OXFORD_451377_BCG_3AXIS_seg0001_c0009,40.726,41.372,0.6460000000000008,324,20363,20687,0.06217346176262274,0.05302329310239566,True,,451377,451377,BCG_3AXIS
OXFORD,OXFORD_451377_BCG_3AXIS_seg0001,OXFORD_451377_BCG_3AXIS_seg0001_c0010,117.308,118.552,1.2439999999999998,623,58654,59277,0.4793121968920533,0.05302329310239566,True,,451377,451377,BCG_3AXIS
OXFORD,OXFORD_451377_BCG_3AXIS_seg0001,OXFORD_451377_BCG_3AXIS_seg0001_c0011,121.924,123.394,1.4699999999999989,736,60962,61698,0.364305264125513,0.05302329310239566,True,,451377,451377,BCG_3AXIS
OXFORD,OXFORD_451377_BCG_3AXIS_seg0001,OXFORD_451377_BCG_3AXIS_seg0001_c0012,126.574,128.962,2.387999999999991,1195,63287,64482,0.11035483932288977,0.05302329310239566,True,,451377,451377,BCG_3AXIS
OXFORD,OXFORD_451377_BCG_3AXIS_seg0001,OXFORD_451377_BCG_3AXIS_seg0001_c0013,146.136,148.682,2.5459999999999923,1274,73068,74342,0.149776143838872,0.05302329310239566,True,,451377,451377,BCG_3AXIS
OXFORD,OXFORD_451377_BCG_3AXIS_seg0001,OXFORD_451377_BCG_3AXIS_seg0001_c0014,151.942,153.4,1.4579999999999984,730,75971,76701,0.08255200853853037,0.05302329310239566,True,,451377,451377,BCG_3AXIS
OXFORD,OXFORD_451377_BCG_3AXIS_seg0001,OXFORD_451377_BCG_3AXIS_seg0001_c0015,163.748,166.894,3.146000000000015,1574,81874,83448,0.18723475604866574,0.05302329310239566,True,,451377,451377,BCG_3AXIS
OXFORD,OXFORD_451377_BCG_3AXIS_seg0001,OXFORD_451377_BCG_3AXIS_seg0001_c0016,168.152,169.168,1.0160000000000196,509,84076,84585,0.06411209776727912,0.05302329310239566,True,,451377,451377,BCG_3AXIS
OXFORD,OXFORD_451377_BCG_3AXIS_seg0001,OXFORD_451377_BCG_3AXIS_seg0001_c0017,169.702,170.908,1.2059999999999889,604,84851,85455,0.11787538748338018,0.05302329310239566,True,,451377,451377,BCG_3AXIS
OXFORD,OXFORD_451377_BCG_3AXIS_seg0001,OXFORD_451377_BCG_3AXIS_seg0001_c0018,174.096,174.766,0.6699999999999875,336,87048,87384,0.06817366435211925,0.05302329310239566,True,,451377,451377,BCG_3AXIS
OXFORD,OXFORD_451377_BCG_3AXIS_seg0001,OXFORD_451377_BCG_3AXIS_seg0001_c0019,219.246,219.588,0.34199999999998454,172,109623,109795,0.06580424934437239,0.05302329310239566,True,,451377,451377,BCG_3AXIS
OXFORD,OXFORD_451377_BCG_3AXIS_seg0001,OXFORD_451377_BCG_3AXIS_seg0001_c0020,228.096,230.554,2.4579999999999984,1230,114048,115278,0.16640826920218713,0.05302329310239566,True,,451377,451377,BCG_3AXIS
OXFORD,OXFORD_451377_BCG_3AXIS_seg0001,OXFORD_451377_BCG_3AXIS_seg0001_c0021,232.282,233.17,0.8879999999999768,445,116141,116586,0.08451734404637586,0.05302329310239566,True,,451377,451377,BCG_3AXIS
OXFORD,OXFORD_451377_BCG_3AXIS_seg0001,OXFORD_451377_BCG_3AXIS_seg0001_c0022,233.74,235.97,2.2299999999999898,1116,116870,117986,0.2115577535024092,0.05302329310239566,True,,451377,451377,BCG_3AXIS
OXFORD,OXFORD_451377_BCG_3AXIS_seg0001,OXFORD_451377_BCG_3AXIS_seg0001_c0023,239.046,239.77,0.724000000000018,363,119523,119886,0.0947416429859193,0.05302329310239566,True,,451377,451377,BCG_3AXIS
OXFORD,OXFORD_451377_BCG_3AXIS_seg0001,OXFORD_451377_BCG_3AXIS_seg0001_c0024,242.98,243.286,0.3060000000000116,154,121490,121644,0.05912238910625089,0.05302329310239566,True,,451377,451377,BCG_3AXIS
OXFORD,OXFORD_451377_BCG_3AXIS_seg0001,OXFORD_451377_BCG_3AXIS_seg0001_c0025,248.278,248.956,0.6779999999999973,340,124139,124479,0.07514292253680531,0.05302329310239566,True,,451377,451377,BCG_3AXIS
OXFORD,OXFORD_451377_BCG_3AXIS_seg0001,OXFORD_451377_BCG_3AXIS_seg0001_c0026,255.522,256.978,1.4560000000000173,729,127761,128490,0.12060417247468763,0.05302329310239566,True,,451377,451377,BCG_3AXIS
OXFORD,OXFORD_451377_BCG_3AXIS_seg0001,OXFORD_451377_BCG_3AXIS_seg0001_c0027,315.782,316.2,0.41800000000000637,210,157891,158101,0.061375684810739975,0.05302329310239566,True,,451377,451377,BCG_3AXIS
OXFORD,OXFORD_451377_BCG_3AXIS_seg0001,OXFORD_451377_BCG_3AXIS_seg0001_c0028,318.282,318.68,0.39800000000002456,200,159141,159341,0.07747210638662799,0.05302329310239566,True,,451377,451377,BCG_3AXIS
OXFORD,OXFORD_451377_BCG_3AXIS_seg0001,OXFORD_451377_BCG_3AXIS_seg0001_c0029,333.566,334.416,0.8500000000000227,426,166783,167209,0.1223458579333146,0.05302329310239566,True,,451377,451377,BCG_3AXIS
OXFORD,OXFORD_451377_BCG_3AXIS_seg0001,OXFORD_451377_BCG_3AXIS_seg0001_c0030,337.62,338.298,0.6779999999999973,340,168810,169150,0.06999787965712177,0.05302329310239566,True,,451377,451377,BCG_3AXIS
OXFORD,OXFORD_451377_BCG_3AXIS_seg0001,OXFORD_451377_BCG_3AXIS_seg0001_c0031,426.418,426.882,0.46399999999999864,233,213209,213442,0.07686345034393952,0.05302329310239566,True,,451377,451377,BCG_3AXIS
OXFORD,OXFORD_451377_BCG_3AXIS_seg0001,OXFORD_451377_BCG_3AXIS_seg0001_c0032,433.216,433.726,0.5099999999999909,256,216608,216864,0.0655679401490078,0.05302329310239566,True,,451377,451377,BCG_3AXIS
OXFORD,OXFORD_451377_BCG_3AXIS_seg0001,OXFORD_451377_BCG_3AXIS_seg0001_c0033,456.944,458.494,1.5500000000000114,776,228472,229248,0.1241287349045322,0.05302329310239566,True,,451377,451377,BCG_3AXIS
OXFORD,OXFORD_451377_BCG_3AXIS_seg0001,OXFORD_451377_BCG_3AXIS_seg0001_c0034,462.642,463.146,0.5040000000000191,253,231321,231574,0.06214286013278023,0.05302329310239566,True,,451377,451377,BCG_3AXIS
OXFORD,OXFORD_451377_BCG_3AXIS_seg0001,OXFORD_451377_BCG_3AXIS_seg0001_c0035,468.248,468.982,0.7340000000000373,368,234124,234492,0.08716521503569827,0.05302329310239566,True,,451377,451377,BCG_3AXIS
OXFORD,OXFORD_451377_BCG_3AXIS_seg0001,OXFORD_451377_BCG_3AXIS_seg0001_c0036,472.072,472.828,0.7559999999999718,379,236036,236415,0.06315732186397442,0.05302329310239566,True,,451377,451377,BCG_3AXIS
OXFORD,OXFORD_451377_BCG_3AXIS_seg0001,OXFORD_451377_BCG_3AXIS_seg0001_c0037,484.57,485.126,0.5559999999999832,279,242285,242564,0.05954393670253739,0.05302329310239566,True,,451377,451377,BCG_3AXIS
OXFORD,OXFORD_451377_BCG_3AXIS_seg0001,OXFORD_451377_BCG_3AXIS_seg0001_c0038,491.092,491.42,0.3280000000000314,165,245546,245711,0.06087203371930718,0.05302329310239566,True,,451377,451377,BCG_3AXIS
OXFORD,OXFORD_451377_BCG_3AXIS_seg0001,OXFORD_451377_BCG_3AXIS_seg0001_c0039,495.8,497.056,1.2559999999999718,629,247900,248529,0.13444470029536823,0.05302329310239566,True,,451377,451377,BCG_3AXIS
OXFORD,OXFORD_451377_BCG_3AXIS_seg0001,OXFORD_451377_BCG_3AXIS_seg0001_c0040,497.9,498.422,0.5220000000000482,262,248950,249212,0.0828131010969645,0.05302329310239566,True,,451377,451377,BCG_3AXIS
OXFORD,OXFORD_451377_BCG_3AXIS_seg0001,OXFORD_451377_BCG_3AXIS_seg0001_c0041,539.56,540.272,0.7120000000001028,357,269780,270137,0.07089421115778514,0.05302329310239566,True,,451377,451377,BCG_3AXIS
OXFORD,OXFORD_451377_BCG_3AXIS_seg0001,OXFORD_451377_BCG_3AXIS_seg0001_c0042,586.788,587.184,0.39599999999995816,199,293394,293593,0.0884701567815873,0.05302329310239566,True,,451377,451377,BCG_3AXIS
OXFORD,OXFORD_451377_BCG_3AXIS_seg0001,OXFORD_451377_BCG_3AXIS_seg0001_c0043,639.99,640.83,0.8400000000000318,421,319995,320416,0.09239797466461716,0.05302329310239566,True,,451377,451377,BCG_3AXIS
OXFORD,OXFORD_451377_BCG_3AXIS_seg0001,OXFORD_451377_BCG_3AXIS_seg0001_c0044,684.652,684.954,0.30199999999990723,152,342326,342478,0.056323810079001446,0.05302329310239566,True,,451377,451377,BCG_3AXIS
OXFORD,OXFORD_451377_BCG_3AXIS_seg0001,OXFORD_451377_BCG_3AXIS_seg0001_c0045,690.726,692.066,1.3400000000000318,671,345363,346034,0.14052828063649656,0.05302329310239566,True,,451377,451377,BCG_3AXIS
OXFORD,OXFORD_451377_BCG_3AXIS_seg0001,OXFORD_451377_BCG_3AXIS_seg0001_c0046,692.606,693.782,1.1760000000000446,589,346303,346892,0.08088580718541813,0.05302329310239566,True,,451377,451377,BCG_3AXIS
OXFORD,OXFORD_451377_BCG_3AXIS_seg0001,OXFORD_451377_BCG_3AXIS_seg0001_c0047,695.048,695.676,0.6280000000000427,315,347524,347839,0.10529428398013836,0.05302329310239566,True,,451377,451377,BCG_3AXIS
OXFORD,OXFORD_451377_BCG_3AXIS_seg0001,OXFORD_451377_BCG_3AXIS_seg0001_c0048,704.848,708.982,4.1340000000000146,2068,352424,354492,0.36510011625572797,0.05302329310239566,True,,451377,451377,BCG_3AXIS
OXFORD,OXFORD_451377_BCG_3AXIS_seg0001,OXFORD_451377_BCG_3AXIS_seg0001_c0049,736.1,736.432,0.33199999999999363,167,368050,368217,0.07435152394046206,0.05302329310239566,True,,451377,451377,BCG_3AXIS
OXFORD,OXFORD_451377_BCG_3AXIS_seg0001,OXFORD_451377_BCG_3AXIS_seg0001_c0050,738.854,739.388,0.5339999999999918,268,369427,369695,0.0627964679563628,0.05302329310239566,True,,451377,451377,BCG_3AXIS
OXFORD,OXFORD_451377_BCG_3AXIS_seg0001,OXFORD_451377_BCG_3AXIS_seg0001_c0051,772.866,773.324,0.45799999999997,230,386433,386663,0.06418526129193426,0.05302329310239566,True,,451377,451377,BCG_3AXIS
OXFORD,OXFORD_451377_BCG_3AXIS_seg0001,OXFORD_451377_BCG_3AXIS_seg0001_c0052,851.03,851.568,0.5380000000000109,270,425515,425785,0.06032346973431102,0.05302329310239566,True,,451377,451377,BCG_3AXIS
OXFORD,OXFORD_451421_BCG_3AXIS_seg0001,OXFORD_451421_BCG_3AXIS_seg0001_c0001,2.082,2.532,0.4500000000000002,226,1041,1267,1.3615192291932787,0.04702450097892311,True,,451421,451421,BCG_3AXIS
OXFORD,OXFORD_451421_BCG_3AXIS_seg0001,OXFORD_451421_BCG_3AXIS_seg0001_c0002,16.774,19.888,3.1140000000000008,1558,8387,9945,0.4755604349843303,0.04702450097892311,True,,451421,451421,BCG_3AXIS
OXFORD,OXFORD_451421_BCG_3AXIS_seg0001,OXFORD_451421_BCG_3AXIS_seg0001_c0003,21.946,22.346,0.3999999999999986,201,10973,11174,0.06037028032343366,0.04702450097892311,True,,451421,451421,BCG_3AXIS
OXFORD,OXFORD_451421_BCG_3AXIS_seg0001,OXFORD_451421_BCG_3AXIS_seg0001_c0004,24.372,25.166,0.7940000000000005,398,12186,12584,0.06318421620359756,0.04702450097892311,True,,451421,451421,BCG_3AXIS
OXFORD,OXFORD_451421_BCG_3AXIS_seg0001,OXFORD_451421_BCG_3AXIS_seg0001_c0005,76.846,78.85,2.0039999999999907,1003,38423,39426,0.09752174576821601,0.04702450097892311,True,,451421,451421,BCG_3AXIS
OXFORD,OXFORD_451421_BCG_3AXIS_seg0001,OXFORD_451421_BCG_3AXIS_seg0001_c0006,97.83,100.102,2.2720000000000056,1137,48915,50052,0.1188009739511577,0.04702450097892311,True,,451421,451421,BCG_3AXIS
OXFORD,OXFORD_451421_BCG_3AXIS_seg0001,OXFORD_451421_BCG_3AXIS_seg0001_c0007,107.836,109.446,1.6099999999999994,806,53918,54724,0.2056968644154249,0.04702450097892311,True,,451421,451421,BCG_3AXIS
OXFORD,OXFORD_451421_BCG_3AXIS_seg0001,OXFORD_451421_BCG_3AXIS_seg0001_c0008,148.29,150.814,2.524000000000001,1263,74145,75408,0.13192886029332204,0.04702450097892311,True,,451421,451421,BCG_3AXIS
OXFORD,OXFORD_451421_BCG_3AXIS_seg0001,OXFORD_451421_BCG_3AXIS_seg0001_c0009,154.838,155.502,0.6640000000000157,333,77419,77752,0.05865754636296066,0.04702450097892311,True,,451421,451421,BCG_3AXIS
OXFORD,OXFORD_451421_BCG_3AXIS_seg0001,OXFORD_451421_BCG_3AXIS_seg0001_c0010,167.55,168.232,0.681999999999988,342,83775,84117,0.26888255613413986,0.04702450097892311,True,,451421,451421,BCG_3AXIS
OXFORD,OXFORD_451421_BCG_3AXIS_seg0001,OXFORD_451421_BCG_3AXIS_seg0001_c0011,171.44,171.76,0.3199999999999932,161,85720,85881,0.04919828684637581,0.04702450097892311,True,,451421,451421,BCG_3AXIS
OXFORD,OXFORD_451421_BCG_3AXIS_seg0001,OXFORD_451421_BCG_3AXIS_seg0001_c0012,235.834,236.808,0.9739999999999895,488,117917,118405,0.21959174592940897,0.04702450097892311,True,,451421,451421,BCG_3AXIS
OXFORD,OXFORD_451421_BCG_3AXIS_seg0001,OXFORD_451421_BCG_3AXIS_seg0001_c0013,259.522,260.016,0.4940000000000282,248,129761,130009,0.04858281680691192,0.04702450097892311,True,,451421,451421,BCG_3AXIS
OXFORD,OXFORD_451421_BCG_3AXIS_seg0001,OXFORD_451421_BCG_3AXIS_seg0001_c0014,359.286,364.012,4.725999999999999,2364,179643,182007,0.30883429076815616,0.04702450097892311,True,,451421,451421,BCG_3AXIS
OXFORD,OXFORD_451421_BCG_3AXIS_seg0001,OXFORD_451421_BCG_3AXIS_seg0001_c0015,366.37,367.26,0.8899999999999864,446,183185,183631,0.06995681542934044,0.04702450097892311,True,,451421,451421,BCG_3AXIS
OXFORD,OXFORD_451421_BCG_3AXIS_seg0001,OXFORD_451421_BCG_3AXIS_seg0001_c0016,377.054,377.582,0.52800000000002,265,188527,188792,0.058673987160958965,0.04702450097892311,True,,451421,451421,BCG_3AXIS
OXFORD,OXFORD_451421_BCG_3AXIS_seg0001,OXFORD_451421_BCG_3AXIS_seg0001_c0017,389.004,389.794,0.7899999999999636,396,194502,194898,0.2640933758888907,0.04702450097892311,True,,451421,451421,BCG_3AXIS
OXFORD,OXFORD_451421_BCG_3AXIS_seg0001,OXFORD_451421_BCG_3AXIS_seg0001_c0018,399.458,400.492,1.0339999999999918,518,199729,200247,0.21474540010257656,0.04702450097892311,True,,451421,451421,BCG_3AXIS
OXFORD,OXFORD_451421_BCG_3AXIS_seg0001,OXFORD_451421_BCG_3AXIS_seg0001_c0019,427.438,428.142,0.7040000000000077,353,213719,214072,0.33698776373816425,0.04702450097892311,True,,451421,451421,BCG_3AXIS
OXFORD,OXFORD_451421_BCG_3AXIS_seg0001,OXFORD_451421_BCG_3AXIS_seg0001_c0020,435.732,436.43,0.6979999999999791,350,217866,218216,0.049426368426470656,0.04702450097892311,True,,451421,451421,BCG_3AXIS
OXFORD,OXFORD_451421_BCG_3AXIS_seg0001,OXFORD_451421_BCG_3AXIS_seg0001_c0021,437.986,438.864,0.8779999999999859,440,218993,219433,0.059359160697090234,0.04702450097892311,True,,451421,451421,BCG_3AXIS
OXFORD,OXFORD_451421_BCG_3AXIS_seg0001,OXFORD_451421_BCG_3AXIS_seg0001_c0022,440.674,442.922,2.2480000000000473,1125,220337,221462,0.06723754675195187,0.04702450097892311,True,,451421,451421,BCG_3AXIS
OXFORD,OXFORD_451421_BCG_3AXIS_seg0001,OXFORD_451421_BCG_3AXIS_seg0001_c0023,444.378,446.092,1.7139999999999986,858,222189,223047,0.1620956901892596,0.04702450097892311,True,,451421,451421,BCG_3AXIS
OXFORD,OXFORD_451421_BCG_3AXIS_seg0001,OXFORD_451421_BCG_3AXIS_seg0001_c0024,446.91,447.46,0.5499999999999545,276,223455,223731,0.09446875437417261,0.04702450097892311,True,,451421,451421,BCG_3AXIS
OXFORD,OXFORD_451421_BCG_3AXIS_seg0001,OXFORD_451421_BCG_3AXIS_seg0001_c0025,447.982,449.286,1.3039999999999736,653,223991,224644,0.06979921962131809,0.04702450097892311,True,,451421,451421,BCG_3AXIS
OXFORD,OXFORD_451421_BCG_3AXIS_seg0001,OXFORD_451421_BCG_3AXIS_seg0001_c0026,476.872,477.312,0.4399999999999977,221,238436,238657,0.11244150008983592,0.04702450097892311,True,,451421,451421,BCG_3AXIS
OXFORD,OXFORD_451421_BCG_3AXIS_seg0001,OXFORD_451421_BCG_3AXIS_seg0001_c0027,483.17,483.736,0.5659999999999741,284,241585,241869,0.09720986771665098,0.04702450097892311,True,,451421,451421,BCG_3AXIS
OXFORD,OXFORD_451421_BCG_3AXIS_seg0001,OXFORD_451421_BCG_3AXIS_seg0001_c0028,494.71,495.252,0.54200000000003,272,247355,247627,0.09556722829542612,0.04702450097892311,True,,451421,451421,BCG_3AXIS
OXFORD,OXFORD_451421_BCG_3AXIS_seg0001,OXFORD_451421_BCG_3AXIS_seg0001_c0029,533.818,534.282,0.4640000000000555,233,266909,267142,0.09433630122887558,0.04702450097892311,True,,451421,451421,BCG_3AXIS
OXFORD,OXFORD_451421_BCG_3AXIS_seg0001,OXFORD_451421_BCG_3AXIS_seg0001_c0030,542.598,542.962,0.36400000000003274,183,271299,271482,0.05179800708878023,0.04702450097892311,True,,451421,451421,BCG_3AXIS
OXFORD,OXFORD_451421_BCG_3AXIS_seg0001,OXFORD_451421_BCG_3AXIS_seg0001_c0031,545.256,545.676,0.42000000000007276,211,272628,272839,0.04938782025240861,0.04702450097892311,True,,451421,451421,BCG_3AXIS
OXFORD,OXFORD_451421_BCG_3AXIS_seg0001,OXFORD_451421_BCG_3AXIS_seg0001_c0032,560.994,561.618,0.6240000000000236,313,280497,280810,0.09938504396191382,0.04702450097892311,True,,451421,451421,BCG_3AXIS
OXFORD,OXFORD_451421_BCG_3AXIS_seg0001,OXFORD_451421_BCG_3AXIS_seg0001_c0033,564.074,564.602,0.52800000000002,265,282037,282302,0.21221719985648455,0.04702450097892311,True,,451421,451421,BCG_3AXIS
OXFORD,OXFORD_451421_BCG_3AXIS_seg0001,OXFORD_451421_BCG_3AXIS_seg0001_c0034,567.824,568.668,0.8440000000000509,423,283912,284335,0.06955631308124317,0.04702450097892311,True,,451421,451421,BCG_3AXIS
OXFORD,OXFORD_451421_BCG_3AXIS_seg0001,OXFORD_451421_BCG_3AXIS_seg0001_c0035,581.15,581.556,0.40600000000006276,204,290575,290779,0.06055955552062525,0.04702450097892311,True,,451421,451421,BCG_3AXIS
OXFORD,OXFORD_451421_BCG_3AXIS_seg0001,OXFORD_451421_BCG_3AXIS_seg0001_c0036,593.14,593.74,0.6000000000000227,301,296570,296871,0.05830009437651518,0.04702450097892311,True,,451421,451421,BCG_3AXIS
OXFORD,OXFORD_451421_BCG_3AXIS_seg0001,OXFORD_451421_BCG_3AXIS_seg0001_c0037,599.998,602.236,2.2379999999999427,1120,299999,301119,0.30904447006215563,0.04702450097892311,True,,451421,451421,BCG_3AXIS
OXFORD,OXFORD_451421_BCG_3AXIS_seg0001,OXFORD_451421_BCG_3AXIS_seg0001_c0038,603.388,603.91,0.5219999999999345,262,301694,301956,0.07721867999425687,0.04702450097892311,True,,451421,451421,BCG_3AXIS
OXFORD,OXFORD_451421_BCG_3AXIS_seg0001,OXFORD_451421_BCG_3AXIS_seg0001_c0039,609.17,609.676,0.5060000000000855,254,304585,304839,0.0657183253936142,0.04702450097892311,True,,451421,451421,BCG_3AXIS
OXFORD,OXFORD_451421_BCG_3AXIS_seg0001,OXFORD_451421_BCG_3AXIS_seg0001_c0040,612.362,612.928,0.5660000000000309,284,306181,306465,0.09934045568277153,0.04702450097892311,True,,451421,451421,BCG_3AXIS
OXFORD,OXFORD_451421_BCG_3AXIS_seg0001,OXFORD_451421_BCG_3AXIS_seg0001_c0041,651.188,651.854,0.6660000000000537,334,325594,325928,0.06892293444339312,0.04702450097892311,True,,451421,451421,BCG_3AXIS
OXFORD,OXFORD_451421_BCG_3AXIS_seg0001,OXFORD_451421_BCG_3AXIS_seg0001_c0042,668.15,668.502,0.35199999999997544,177,334075,334252,0.05747197764784145,0.04702450097892311,True,,451421,451421,BCG_3AXIS
OXFORD,OXFORD_451421_BCG_3AXIS_seg0001,OXFORD_451421_BCG_3AXIS_seg0001_c0043,698.152,698.678,0.5259999999999536,264,349076,349340,0.06441461298557724,0.04702450097892311,True,,451421,451421,BCG_3AXIS
OXFORD,OXFORD_451421_BCG_3AXIS_seg0001,OXFORD_451421_BCG_3AXIS_seg0001_c0044,704.472,705.952,1.4800000000000182,741,352236,352977,0.5012407962508683,0.04702450097892311,True,,451421,451421,BCG_3AXIS
OXFORD,OXFORD_451421_BCG_3AXIS_seg0001,OXFORD_451421_BCG_3AXIS_seg0001_c0045,723.734,724.868,1.1340000000000146,568,361867,362435,0.07630158784290393,0.04702450097892311,True,,451421,451421,BCG_3AXIS
OXFORD,OXFORD_451421_BCG_3AXIS_seg0001,OXFORD_451421_BCG_3AXIS_seg0001_c0046,780.908,781.42,0.5119999999999436,257,390454,390711,0.06665288397849736,0.04702450097892311,True,,451421,451421,BCG_3AXIS
OXFORD,OXFORD_451421_BCG_3AXIS_seg0001,OXFORD_451421_BCG_3AXIS_seg0001_c0047,808.664,809.188,0.5240000000000009,263,404332,404595,0.05278757360439391,0.04702450097892311,True,,451421,451421,BCG_3AXIS
OXFORD,OXFORD_451421_BCG_3AXIS_seg0001,OXFORD_451421_BCG_3AXIS_seg0001_c0048,829.884,831.216,1.3319999999999936,667,414942,415609,0.26724457731754586,0.04702450097892311,True,,451421,451421,BCG_3AXIS
OXFORD,OXFORD_451421_BCG_3AXIS_seg0001,OXFORD_451421_BCG_3AXIS_seg0001_c0049,831.76,834.79,3.0299999999999727,1516,415880,417396,0.5994397713376827,0.04702450097892311,True,,451421,451421,BCG_3AXIS
OXFORD,OXFORD_451421_BCG_3AXIS_seg0001,OXFORD_451421_BCG_3AXIS_seg0001_c0050,837.056,838.264,1.20799999999997,605,418528,419133,0.165749781213448,0.04702450097892311,True,,451421,451421,BCG_3AXIS
OXFORD,OXFORD_451421_BCG_3AXIS_seg0001,OXFORD_451421_BCG_3AXIS_seg0001_c0051,840.552,843.968,3.41599999999994,1709,420276,421985,0.2573383596074298,0.04702450097892311,True,,451421,451421,BCG_3AXIS
OXFORD,OXFORD_451421_BCG_3AXIS_seg0001,OXFORD_451421_BCG_3AXIS_seg0001_c0052,844.898,845.566,0.6680000000000064,335,422449,422784,0.06058724237628902,0.04702450097892311,True,,451421,451421,BCG_3AXIS
OXFORD,OXFORD_451421_BCG_3AXIS_seg0001,OXFORD_451421_BCG_3AXIS_seg0001_c0053,857.006,857.54,0.5339999999999918,268,428503,428771,0.45642563458098545,0.04702450097892311,True,,451421,451421,BCG_3AXIS
OXFORD,OXFORD_451421_BCG_3AXIS_seg0001,OXFORD_451421_BCG_3AXIS_seg0001_c0054,862.874,864.888,2.01400000000001,1008,431437,432445,0.6696215852756536,0.04702450097892311,True,,451421,451421,BCG_3AXIS
OXFORD,OXFORD_451421_BCG_3AXIS_seg0001,OXFORD_451421_BCG_3AXIS_seg0001_c0055,865.852,867.432,1.580000000000041,791,432926,433717,0.5194207767700374,0.04702450097892311,True,,451421,451421,BCG_3AXIS
OXFORD,OXFORD_451421_BCG_3AXIS_seg0001,OXFORD_451421_BCG_3AXIS_seg0001_c0056,868.224,869.902,1.6779999999999973,840,434112,434952,0.31119951885301933,0.04702450097892311,True,,451421,451421,BCG_3AXIS
OXFORD,OXFORD_451421_BCG_3AXIS_seg0001,OXFORD_451421_BCG_3AXIS_seg0001_c0057,893.96,894.746,0.7859999999999445,394,446980,447374,0.1342148669364229,0.04702450097892311,True,,451421,451421,BCG_3AXIS
OXFORD,OXFORD_451609_BCG_3AXIS_seg0001,OXFORD_451609_BCG_3AXIS_seg0001_c0001,1.146,2.548,1.4020000000000001,702,573,1275,2.5205288615671133,0.04077816487907408,True,,451609,451609,BCG_3AXIS
OXFORD,OXFORD_451609_BCG_3AXIS_seg0001,OXFORD_451609_BCG_3AXIS_seg0001_c0002,63.248,63.69,0.44200000000000017,222,31624,31846,0.04451538539719779,0.04077816487907408,True,,451609,451609,BCG_3AXIS
OXFORD,OXFORD_451609_BCG_3AXIS_seg0001,OXFORD_451609_BCG_3AXIS_seg0001_c0003,133.232,135.23,1.9979999999999905,1000,66616,67616,0.10767999202302067,0.04077816487907408,True,,451609,451609,BCG_3AXIS
OXFORD,OXFORD_451609_BCG_3AXIS_seg0001,OXFORD_451609_BCG_3AXIS_seg0001_c0004,155.204,156.0,0.7959999999999923,399,77602,78001,0.1022674807741004,0.04077816487907408,True,,451609,451609,BCG_3AXIS
OXFORD,OXFORD_451609_BCG_3AXIS_seg0001,OXFORD_451609_BCG_3AXIS_seg0001_c0005,160.7,164.478,3.77800000000002,1890,80350,82240,0.3857558474592841,0.04077816487907408,True,,451609,451609,BCG_3AXIS
OXFORD,OXFORD_451609_BCG_3AXIS_seg0001,OXFORD_451609_BCG_3AXIS_seg0001_c0006,218.902,219.238,0.33600000000001273,169,109451,109620,0.057533287145556174,0.04077816487907408,True,,451609,451609,BCG_3AXIS
OXFORD,OXFORD_451609_BCG_3AXIS_seg0001,OXFORD_451609_BCG_3AXIS_seg0001_c0007,219.804,221.208,1.4039999999999964,703,109902,110605,0.12018096033666263,0.04077816487907408,True,,451609,451609,BCG_3AXIS
OXFORD,OXFORD_451609_BCG_3AXIS_seg0001,OXFORD_451609_BCG_3AXIS_seg0001_c0008,234.264,235.372,1.108000000000004,555,117132,117687,0.06050780358098946,0.04077816487907408,True,,451609,451609,BCG_3AXIS
OXFORD,OXFORD_451609_BCG_3AXIS_seg0001,OXFORD_451609_BCG_3AXIS_seg0001_c0009,245.46,245.914,0.4539999999999793,228,122730,122958,0.06326521542431017,0.04077816487907408,True,,451609,451609,BCG_3AXIS
OXFORD,OXFORD_451609_BCG_3AXIS_seg0001,OXFORD_451609_BCG_3AXIS_seg0001_c0010,255.41,258.666,3.2560000000000002,1629,127705,129334,0.14980423890777597,0.04077816487907408,True,,451609,451609,BCG_3AXIS
OXFORD,OXFORD_451609_BCG_3AXIS_seg0001,OXFORD_451609_BCG_3AXIS_seg0001_c0011,343.778,345.194,1.4159999999999968,709,171889,172598,0.30869199035098577,0.04077816487907408,True,,451609,451609,BCG_3AXIS
OXFORD,OXFORD_451609_BCG_3AXIS_seg0001,OXFORD_451609_BCG_3AXIS_seg0001_c0012,415.058,415.978,0.9200000000000159,461,207529,207990,0.08031227528559504,0.04077816487907408,True,,451609,451609,BCG_3AXIS
OXFORD,OXFORD_451609_BCG_3AXIS_seg0001,OXFORD_451609_BCG_3AXIS_seg0001_c0013,416.706,417.298,0.5919999999999845,297,208353,208650,0.05697865469516407,0.04077816487907408,True,,451609,451609,BCG_3AXIS
OXFORD,OXFORD_451609_BCG_3AXIS_seg0001,OXFORD_451609_BCG_3AXIS_seg0001_c0014,424.204,424.824,0.6200000000000045,311,212102,212413,0.051172950603476736,0.04077816487907408,True,,451609,451609,BCG_3AXIS
OXFORD,OXFORD_451609_BCG_3AXIS_seg0001,OXFORD_451609_BCG_3AXIS_seg0001_c0015,426.158,426.878,0.7199999999999704,361,213079,213440,0.052247252590445756,0.04077816487907408,True,,451609,451609,BCG_3AXIS
OXFORD,OXFORD_451609_BCG_3AXIS_seg0001,OXFORD_451609_BCG_3AXIS_seg0001_c0016,473.662,474.996,1.3340000000000032,668,236831,237499,0.09808242891851394,0.04077816487907408,True,,451609,451609,BCG_3AXIS
OXFORD,OXFORD_451609_BCG_3AXIS_seg0001,OXFORD_451609_BCG_3AXIS_seg0001_c0017,508.008,508.608,0.6000000000000227,301,254004,254305,0.05891767336460001,0.04077816487907408,True,,451609,451609,BCG_3AXIS
OXFORD,OXFORD_451609_BCG_3AXIS_seg0001,OXFORD_451609_BCG_3AXIS_seg0001_c0018,509.124,509.902,0.7779999999999632,390,254562,254952,0.06012504571686091,0.04077816487907408,True,,451609,451609,BCG_3AXIS
OXFORD,OXFORD_451609_BCG_3AXIS_seg0001,OXFORD_451609_BCG_3AXIS_seg0001_c0019,517.844,519.106,1.2619999999999436,632,258922,259554,0.05224304936573685,0.04077816487907408,True,,451609,451609,BCG_3AXIS
OXFORD,OXFORD_451609_BCG_3AXIS_seg0001,OXFORD_451609_BCG_3AXIS_seg0001_c0020,522.982,523.776,0.7939999999999827,398,261491,261889,0.0660390344237095,0.04077816487907408,True,,451609,451609,BCG_3AXIS
OXFORD,OXFORD_451609_BCG_3AXIS_seg0001,OXFORD_451609_BCG_3AXIS_seg0001_c0021,527.76,528.548,0.7880000000000109,395,263880,264275,0.059769365893872,0.04077816487907408,True,,451609,451609,BCG_3AXIS
OXFORD,OXFORD_451609_BCG_3AXIS_seg0001,OXFORD_451609_BCG_3AXIS_seg0001_c0022,539.276,539.944,0.6680000000000064,335,269638,269973,0.05090141237809387,0.04077816487907408,True,,451609,451609,BCG_3AXIS
OXFORD,OXFORD_451609_BCG_3AXIS_seg0001,OXFORD_451609_BCG_3AXIS_seg0001_c0023,586.11,586.666,0.55600000000004,279,293055,293334,0.052511457504812196,0.04077816487907408,True,,451609,451609,BCG_3AXIS
OXFORD,OXFORD_451609_BCG_3AXIS_seg0001,OXFORD_451609_BCG_3AXIS_seg0001_c0024,587.2,588.16,0.9599999999999227,481,293600,294081,0.13146757380852744,0.04077816487907408,True,,451609,451609,BCG_3AXIS
OXFORD,OXFORD_451609_BCG_3AXIS_seg0001,OXFORD_451609_BCG_3AXIS_seg0001_c0025,589.328,590.216,0.8880000000000337,445,294664,295109,0.1099248444820026,0.04077816487907408,True,,451609,451609,BCG_3AXIS
OXFORD,OXFORD_451609_BCG_3AXIS_seg0001,OXFORD_451609_BCG_3AXIS_seg0001_c0026,622.564,623.222,0.6580000000000155,330,311282,311612,0.04824778854706501,0.04077816487907408,True,,451609,451609,BCG_3AXIS
OXFORD,OXFORD_451609_BCG_3AXIS_seg0001,OXFORD_451609_BCG_3AXIS_seg0001_c0027,629.872,635.014,5.142000000000053,2572,314936,317508,0.14005445474967357,0.04077816487907408,True,,451609,451609,BCG_3AXIS
OXFORD,OXFORD_451609_BCG_3AXIS_seg0001,OXFORD_451609_BCG_3AXIS_seg0001_c0028,640.31,641.754,1.4440000000000737,723,320155,320878,0.14292462602565548,0.04077816487907408,True,,451609,451609,BCG_3AXIS
OXFORD,OXFORD_451609_BCG_3AXIS_seg0001,OXFORD_451609_BCG_3AXIS_seg0001_c0029,645.094,646.172,1.0779999999999745,540,322547,323087,0.07072665649440828,0.04077816487907408,True,,451609,451609,BCG_3AXIS
OXFORD,OXFORD_451609_BCG_3AXIS_seg0001,OXFORD_451609_BCG_3AXIS_seg0001_c0030,686.0,687.134,1.1340000000000146,568,343000,343568,0.1002978461775193,0.04077816487907408,True,,451609,451609,BCG_3AXIS
OXFORD,OXFORD_451609_BCG_3AXIS_seg0001,OXFORD_451609_BCG_3AXIS_seg0001_c0031,690.092,690.464,0.37200000000007094,187,345046,345233,0.043806671837418786,0.04077816487907408,True,,451609,451609,BCG_3AXIS
OXFORD,OXFORD_451609_BCG_3AXIS_seg0001,OXFORD_451609_BCG_3AXIS_seg0001_c0032,702.148,702.588,0.4399999999999409,221,351074,351295,0.07396649741554845,0.04077816487907408,True,,451609,451609,BCG_3AXIS
OXFORD,OXFORD_451609_BCG_3AXIS_seg0001,OXFORD_451609_BCG_3AXIS_seg0001_c0033,703.426,704.784,1.3579999999999472,680,351713,352393,0.07202723217816716,0.04077816487907408,True,,451609,451609,BCG_3AXIS
OXFORD,OXFORD_451609_BCG_3AXIS_seg0001,OXFORD_451609_BCG_3AXIS_seg0001_c0034,705.416,706.026,0.6099999999999,306,352708,353014,0.05294470575512082,0.04077816487907408,True,,451609,451609,BCG_3AXIS
OXFORD,OXFORD_451609_BCG_3AXIS_seg0001,OXFORD_451609_BCG_3AXIS_seg0001_c0035,713.092,713.796,0.7040000000000646,353,356546,356899,0.051406403644170845,0.04077816487907408,True,,451609,451609,BCG_3AXIS
OXFORD,OXFORD_451609_BCG_3AXIS_seg0001,OXFORD_451609_BCG_3AXIS_seg0001_c0036,718.376,720.572,2.1960000000000264,1099,359188,360287,0.11413546770218595,0.04077816487907408,True,,451609,451609,BCG_3AXIS
OXFORD,OXFORD_451609_BCG_3AXIS_seg0001,OXFORD_451609_BCG_3AXIS_seg0001_c0037,722.52,723.28,0.7599999999999909,381,361260,361641,0.08969864797262914,0.04077816487907408,True,,451609,451609,BCG_3AXIS
OXFORD,OXFORD_451609_BCG_3AXIS_seg0001,OXFORD_451609_BCG_3AXIS_seg0001_c0038,751.726,752.308,0.5819999999999936,292,375863,376155,0.046241865191574485,0.04077816487907408,True,,451609,451609,BCG_3AXIS
OXFORD,OXFORD_451609_BCG_3AXIS_seg0001,OXFORD_451609_BCG_3AXIS_seg0001_c0039,780.056,780.836,0.7799999999999727,391,390028,390419,0.04808594031432534,0.04077816487907408,True,,451609,451609,BCG_3AXIS
OXFORD,OXFORD_451609_BCG_3AXIS_seg0001,OXFORD_451609_BCG_3AXIS_seg0001_c0040,871.314,872.044,0.7300000000000182,366,435657,436023,0.10515851907474737,0.04077816487907408,True,,451609,451609,BCG_3AXIS
OXFORD,OXFORD_451609_BCG_3AXIS_seg0001,OXFORD_451609_BCG_3AXIS_seg0001_c0041,872.664,873.884,1.2200000000000273,611,436332,436943,0.16523419115240412,0.04077816487907408,True,,451609,451609,BCG_3AXIS
OXFORD,OXFORD_451625_BCG_3AXIS_seg0001,OXFORD_451625_BCG_3AXIS_seg0001_c0001,0.774,2.822,2.048,1025,387,1412,1.5838257294814142,0.03690912756130025,True,,451625,451625,BCG_3AXIS
OXFORD,OXFORD_451625_BCG_3AXIS_seg0001,OXFORD_451625_BCG_3AXIS_seg0001_c0002,4.182,7.114,2.9319999999999995,1467,2091,3558,0.09592019922099339,0.03690912756130025,True,,451625,451625,BCG_3AXIS
OXFORD,OXFORD_451625_BCG_3AXIS_seg0001,OXFORD_451625_BCG_3AXIS_seg0001_c0003,45.206,45.668,0.4619999999999962,232,22603,22835,0.0418067078605746,0.03690912756130025,True,,451625,451625,BCG_3AXIS
OXFORD,OXFORD_451625_BCG_3AXIS_seg0001,OXFORD_451625_BCG_3AXIS_seg0001_c0004,51.994,52.366,0.3719999999999999,187,25997,26184,0.03746170274281363,0.03690912756130025,True,,451625,451625,BCG_3AXIS
OXFORD,OXFORD_451625_BCG_3AXIS_seg0001,OXFORD_451625_BCG_3AXIS_seg0001_c0005,59.588,60.398,0.8100000000000023,406,29794,30200,0.045303115712685936,0.03690912756130025,True,,451625,451625,BCG_3AXIS
OXFORD,OXFORD_451625_BCG_3AXIS_seg0001,OXFORD_451625_BCG_3AXIS_seg0001_c0006,69.544,69.886,0.34199999999999875,172,34772,34944,0.040112231596055585,0.03690912756130025,True,,451625,451625,BCG_3AXIS
OXFORD,OXFORD_451625_BCG_3AXIS_seg0001,OXFORD_451625_BCG_3AXIS_seg0001_c0007,74.848,75.236,0.38800000000000523,195,37424,37619,0.07839185034865075,0.03690912756130025,True,,451625,451625,BCG_3AXIS
OXFORD,OXFORD_451625_BCG_3AXIS_seg0001,OXFORD_451625_BCG_3AXIS_seg0001_c0008,75.894,76.41,0.5159999999999911,259,37947,38206,0.04494860300569701,0.03690912756130025,True,,451625,451625,BCG_3AXIS
OXFORD,OXFORD_451625_BCG_3AXIS_seg0001,OXFORD_451625_BCG_3AXIS_seg0001_c0009,97.532,97.872,0.3400000000000034,171,48766,48937,0.03797277032447965,0.03690912756130025,True,,451625,451625,BCG_3AXIS
OXFORD,OXFORD_451625_BCG_3AXIS_seg0001,OXFORD_451625_BCG_3AXIS_seg0001_c0010,121.588,121.892,0.30400000000000205,153,60794,60947,0.038827700682706176,0.03690912756130025,True,,451625,451625,BCG_3AXIS
OXFORD,OXFORD_451625_BCG_3AXIS_seg0001,OXFORD_451625_BCG_3AXIS_seg0001_c0011,192.03,192.402,0.3719999999999857,187,96015,96202,0.0430188719480111,0.03690912756130025,True,,451625,451625,BCG_3AXIS
OXFORD,OXFORD_451625_BCG_3AXIS_seg0001,OXFORD_451625_BCG_3AXIS_seg0001_c0012,225.048,225.348,0.30000000000001137,151,112524,112675,0.037860858467704504,0.03690912756130025,True,,451625,451625,BCG_3AXIS
OXFORD,OXFORD_451625_BCG_3AXIS_seg0001,OXFORD_451625_BCG_3AXIS_seg0001_c0013,235.852,236.226,0.3739999999999952,188,117926,118114,0.06427459447002248,0.03690912756130025,True,,451625,451625,BCG_3AXIS
OXFORD,OXFORD_451625_BCG_3AXIS_seg0001,OXFORD_451625_BCG_3AXIS_seg0001_c0014,264.398,265.024,0.6259999999999764,314,132199,132513,0.04466227375299269,0.03690912756130025,True,,451625,451625,BCG_3AXIS
OXFORD,OXFORD_451625_BCG_3AXIS_seg0001,OXFORD_451625_BCG_3AXIS_seg0001_c0015,273.132,273.696,0.5640000000000214,283,136566,136849,0.04484945616539167,0.03690912756130025,True,,451625,451625,BCG_3AXIS
OXFORD,OXFORD_451625_BCG_3AXIS_seg0001,OXFORD_451625_BCG_3AXIS_seg0001_c0016,276.562,277.358,0.7959999999999923,399,138281,138680,0.04575286548244231,0.03690912756130025,True,,451625,451625,BCG_3AXIS
OXFORD,OXFORD_451625_BCG_3AXIS_seg0001,OXFORD_451625_BCG_3AXIS_seg0001_c0017,293.244,293.916,0.6719999999999686,337,146622,146959,0.07742636029426983,0.03690912756130025,True,,451625,451625,BCG_3AXIS
OXFORD,OXFORD_451625_BCG_3AXIS_seg0001,OXFORD_451625_BCG_3AXIS_seg0001_c0018,298.07,298.626,0.5559999999999832,279,149035,149314,0.047404622377749624,0.03690912756130025,True,,451625,451625,BCG_3AXIS
OXFORD,OXFORD_451625_BCG_3AXIS_seg0001,OXFORD_451625_BCG_3AXIS_seg0001_c0019,308.254,309.916,1.6619999999999777,832,154127,154959,0.1742898584296192,0.03690912756130025,True,,451625,451625,BCG_3AXIS
OXFORD,OXFORD_451625_BCG_3AXIS_seg0001,OXFORD_451625_BCG_3AXIS_seg0001_c0020,314.192,314.752,0.5600000000000023,281,157096,157377,0.07794446493981126,0.03690912756130025,True,,451625,451625,BCG_3AXIS
OXFORD,OXFORD_451625_BCG_3AXIS_seg0001,OXFORD_451625_BCG_3AXIS_seg0001_c0021,320.566,320.994,0.4280000000000541,215,160283,160498,0.05009752966891838,0.03690912756130025,True,,451625,451625,BCG_3AXIS
OXFORD,OXFORD_451625_BCG_3AXIS_seg0001,OXFORD_451625_BCG_3AXIS_seg0001_c0022,344.622,344.996,0.3739999999999668,188,172311,172499,0.042688245797367526,0.03690912756130025,True,,451625,451625,BCG_3AXIS
OXFORD,OXFORD_451625_BCG_3AXIS_seg0001,OXFORD_451625_BCG_3AXIS_seg0001_c0023,352.76,353.51,0.75,376,176380,176756,0.04692988791998064,0.03690912756130025,True,,451625,451625,BCG_3AXIS
OXFORD,OXFORD_451625_BCG_3AXIS_seg0001,OXFORD_451625_BCG_3AXIS_seg0001_c0024,362.752,363.514,0.7620000000000005,382,181376,181758,0.039785354957667635,0.03690912756130025,True,,451625,451625,BCG_3AXIS
OXFORD,OXFORD_451625_BCG_3AXIS_seg0001,OXFORD_451625_BCG_3AXIS_seg0001_c0025,377.836,378.37,0.5339999999999918,268,188918,189186,0.039554527208489815,0.03690912756130025,True,,451625,451625,BCG_3AXIS
OXFORD,OXFORD_451625_BCG_3AXIS_seg0001,OXFORD_451625_BCG_3AXIS_seg0001_c0026,389.916,390.322,0.4060000000000059,204,194958,195162,0.04007659604235281,0.03690912756130025,True,,451625,451625,BCG_3AXIS
OXFORD,OXFORD_451625_BCG_3AXIS_seg0001,OXFORD_451625_BCG_3AXIS_seg0001_c0027,408.268,412.532,4.26400000000001,2133,204134,206267,0.2426097520145156,0.03690912756130025,True,,451625,451625,BCG_3AXIS
OXFORD,OXFORD_451625_BCG_3AXIS_seg0001,OXFORD_451625_BCG_3AXIS_seg0001_c0028,414.038,414.578,0.5399999999999636,271,207019,207290,0.0514647376536291,0.03690912756130025,True,,451625,451625,BCG_3AXIS
OXFORD,OXFORD_451625_BCG_3AXIS_seg0001,OXFORD_451625_BCG_3AXIS_seg0001_c0029,415.336,416.114,0.7779999999999632,390,207668,208058,0.14628400119315926,0.03690912756130025,True,,451625,451625,BCG_3AXIS
OXFORD,OXFORD_451625_BCG_3AXIS_seg0001,OXFORD_451625_BCG_3AXIS_seg0001_c0030,420.278,420.694,0.4159999999999968,209,210139,210348,0.04063520324990121,0.03690912756130025,True,,451625,451625,BCG_3AXIS
OXFORD,OXFORD_451625_BCG_3AXIS_seg0001,OXFORD_451625_BCG_3AXIS_seg0001_c0031,430.372,430.782,0.40999999999996817,206,215186,215392,0.045783155245746276,0.03690912756130025,True,,451625,451625,BCG_3AXIS
OXFORD,OXFORD_451625_BCG_3AXIS_seg0001,OXFORD_451625_BCG_3AXIS_seg0001_c0032,471.858,472.658,0.8000000000000114,401,235929,236330,0.04655972517172236,0.03690912756130025,True,,451625,451625,BCG_3AXIS
OXFORD,OXFORD_451625_BCG_3AXIS_seg0001,OXFORD_451625_BCG_3AXIS_seg0001_c0033,473.712,474.18,0.46800000000001774,235,236856,237091,0.04824046114687108,0.03690912756130025,True,,451625,451625,BCG_3AXIS
OXFORD,OXFORD_451625_BCG_3AXIS_seg0001,OXFORD_451625_BCG_3AXIS_seg0001_c0034,475.42,475.718,0.2980000000000018,150,237710,237860,0.043493635745362594,0.03690912756130025,True,,451625,451625,BCG_3AXIS
OXFORD,OXFORD_451625_BCG_3AXIS_seg0001,OXFORD_451625_BCG_3AXIS_seg0001_c0035,476.452,477.248,0.7959999999999923,399,238226,238625,0.048158899195647115,0.03690912756130025,True,,451625,451625,BCG_3AXIS
OXFORD,OXFORD_451625_BCG_3AXIS_seg0001,OXFORD_451625_BCG_3AXIS_seg0001_c0036,484.54,485.018,0.4779999999999518,240,242270,242510,0.044307579739533705,0.03690912756130025,True,,451625,451625,BCG_3AXIS
OXFORD,OXFORD_451625_BCG_3AXIS_seg0001,OXFORD_451625_BCG_3AXIS_seg0001_c0037,495.052,495.478,0.4259999999999877,214,247526,247740,0.06588993568044044,0.03690912756130025,True,,451625,451625,BCG_3AXIS
OXFORD,OXFORD_451625_BCG_3AXIS_seg0001,OXFORD_451625_BCG_3AXIS_seg0001_c0038,496.202,496.964,0.7620000000000005,382,248101,248483,0.050847514348989285,0.03690912756130025,True,,451625,451625,BCG_3AXIS
OXFORD,OXFORD_451625_BCG_3AXIS_seg0001,OXFORD_451625_BCG_3AXIS_seg0001_c0039,498.362,498.676,0.31399999999996453,158,249181,249339,0.0497159193216173,0.03690912756130025,True,,451625,451625,BCG_3AXIS
OXFORD,OXFORD_451625_BCG_3AXIS_seg0001,OXFORD_451625_BCG_3AXIS_seg0001_c0040,500.398,500.824,0.4259999999999877,214,250199,250413,0.04031029630671702,0.03690912756130025,True,,451625,451625,BCG_3AXIS
OXFORD,OXFORD_451625_BCG_3AXIS_seg0001,OXFORD_451625_BCG_3AXIS_seg0001_c0041,506.818,507.842,1.024000000000001,513,253409,253922,0.06196347235253139,0.03690912756130025,True,,451625,451625,BCG_3AXIS
OXFORD,OXFORD_451625_BCG_3AXIS_seg0001,OXFORD_451625_BCG_3AXIS_seg0001_c0042,537.548,537.962,0.41399999999998727,208,268774,268982,0.04527799060556189,0.03690912756130025,True,,451625,451625,BCG_3AXIS
OXFORD,OXFORD_451625_BCG_3AXIS_seg0001,OXFORD_451625_BCG_3AXIS_seg0001_c0043,548.926,549.606,0.67999999999995,341,274463,274804,0.043008503985778254,0.03690912756130025,True,,451625,451625,BCG_3AXIS
OXFORD,OXFORD_451625_BCG_3AXIS_seg0001,OXFORD_451625_BCG_3AXIS_seg0001_c0044,551.794,552.232,0.4379999999999882,220,275897,276117,0.045327623828566956,0.03690912756130025,True,,451625,451625,BCG_3AXIS
OXFORD,OXFORD_451625_BCG_3AXIS_seg0001,OXFORD_451625_BCG_3AXIS_seg0001_c0045,596.378,596.698,0.31999999999993634,161,298189,298350,0.040357146655809265,0.03690912756130025,True,,451625,451625,BCG_3AXIS
OXFORD,OXFORD_451625_BCG_3AXIS_seg0001,OXFORD_451625_BCG_3AXIS_seg0001_c0046,602.802,603.914,1.1119999999999663,557,301401,301958,0.055973084577800945,0.03690912756130025,True,,451625,451625,BCG_3AXIS
OXFORD,OXFORD_451625_BCG_3AXIS_seg0001,OXFORD_451625_BCG_3AXIS_seg0001_c0047,628.73,629.386,0.6559999999999491,329,314365,314694,0.19651887996296777,0.03690912756130025,True,,451625,451625,BCG_3AXIS
OXFORD,OXFORD_451625_BCG_3AXIS_seg0001,OXFORD_451625_BCG_3AXIS_seg0001_c0048,652.984,653.408,0.42399999999997817,213,326492,326705,0.12292627785485481,0.03690912756130025,True,,451625,451625,BCG_3AXIS
OXFORD,OXFORD_451625_BCG_3AXIS_seg0001,OXFORD_451625_BCG_3AXIS_seg0001_c0049,657.708,658.676,0.9680000000000746,485,328854,329339,0.10047465541687382,0.03690912756130025,True,,451625,451625,BCG_3AXIS
OXFORD,OXFORD_451625_BCG_3AXIS_seg0001,OXFORD_451625_BCG_3AXIS_seg0001_c0050,662.31,663.036,0.7259999999999991,364,331155,331519,0.043325955465699215,0.03690912756130025,True,,451625,451625,BCG_3AXIS
OXFORD,OXFORD_451625_BCG_3AXIS_seg0001,OXFORD_451625_BCG_3AXIS_seg0001_c0051,667.108,667.596,0.4880000000000564,245,333554,333799,0.04745465338462932,0.03690912756130025,True,,451625,451625,BCG_3AXIS
OXFORD,OXFORD_451625_BCG_3AXIS_seg0001,OXFORD_451625_BCG_3AXIS_seg0001_c0052,674.786,675.208,0.42200000000002547,212,337393,337605,0.03942969415254779,0.03690912756130025,True,,451625,451625,BCG_3AXIS
OXFORD,OXFORD_451625_BCG_3AXIS_seg0001,OXFORD_451625_BCG_3AXIS_seg0001_c0053,700.788,701.2,0.41200000000003456,207,350394,350601,0.03970220632170965,0.03690912756130025,True,,451625,451625,BCG_3AXIS
OXFORD,OXFORD_451625_BCG_3AXIS_seg0001,OXFORD_451625_BCG_3AXIS_seg0001_c0054,717.09,717.576,0.48599999999999,244,358545,358789,0.04212964044251627,0.03690912756130025,True,,451625,451625,BCG_3AXIS
OXFORD,OXFORD_451625_BCG_3AXIS_seg0001,OXFORD_451625_BCG_3AXIS_seg0001_c0055,744.44,744.83,0.38999999999998636,196,372220,372416,0.05887044492682753,0.03690912756130025,True,,451625,451625,BCG_3AXIS
OXFORD,OXFORD_451625_BCG_3AXIS_seg0001,OXFORD_451625_BCG_3AXIS_seg0001_c0056,777.734,778.034,0.2999999999999545,151,388867,389018,0.04537852772471661,0.03690912756130025,True,,451625,451625,BCG_3AXIS
OXFORD,OXFORD_451625_BCG_3AXIS_seg0001,OXFORD_451625_BCG_3AXIS_seg0001_c0057,818.26,818.782,0.5220000000000482,262,409130,409392,0.04022993002689435,0.03690912756130025,True,,451625,451625,BCG_3AXIS
OXFORD,OXFORD_451625_BCG_3AXIS_seg0001,OXFORD_451625_BCG_3AXIS_seg0001_c0058,827.3,829.6,2.300000000000068,1151,413650,414801,0.12979296578235736,0.03690912756130025,True,,451625,451625,BCG_3AXIS
OXFORD,OXFORD_451625_BCG_3AXIS_seg0001,OXFORD_451625_BCG_3AXIS_seg0001_c0059,830.616,831.008,0.39200000000005275,197,415308,415505,0.04078041271824544,0.03690912756130025,True,,451625,451625,BCG_3AXIS
OXFORD,OXFORD_451625_BCG_3AXIS_seg0001,OXFORD_451625_BCG_3AXIS_seg0001_c0060,881.4,882.426,1.0260000000000673,514,440700,441214,0.09414807432242948,0.03690912756130025,True,,451625,451625,BCG_3AXIS
OXFORD,OXFORD_451625_BCG_3AXIS_seg0001,OXFORD_451625_BCG_3AXIS_seg0001_c0061,883.16,883.702,0.54200000000003,272,441580,441852,0.06565282216447785,0.03690912756130025,True,,451625,451625,BCG_3AXIS
OXFORD,OXFORD_451625_BCG_3AXIS_seg0001,OXFORD_451625_BCG_3AXIS_seg0001_c0062,884.49,888.416,3.9260000000000446,1964,442245,444209,0.10502560470163554,0.03690912756130025,True,,451625,451625,BCG_3AXIS
OXFORD,OXFORD_451625_BCG_3AXIS_seg0001,OXFORD_451625_BCG_3AXIS_seg0001_c0063,888.938,889.662,0.7240000000000464,363,444469,444832,0.06541946154310446,0.03690912756130025,True,,451625,451625,BCG_3AXIS
OXFORD,OXFORD_451625_BCG_3AXIS_seg0001,OXFORD_451625_BCG_3AXIS_seg0001_c0064,890.216,890.892,0.6760000000000446,339,445108,445447,0.11035471750112871,0.03690912756130025,True,,451625,451625,BCG_3AXIS
OXFORD,OXFORD_451625_BCG_3AXIS_seg0001,OXFORD_451625_BCG_3AXIS_seg0001_c0065,902.75,903.23,0.4800000000000182,241,451375,451616,0.06950907973515728,0.03690912756130025,True,,451625,451625,BCG_3AXIS
OXFORD,OXFORD_451743_BCG_3AXIS_seg0001,OXFORD_451743_BCG_3AXIS_seg0001_c0001,3.868,4.186,0.31800000000000006,160,1934,2094,0.08189931097955461,0.05048085102234945,True,,451743,451743,BCG_3AXIS
OXFORD,OXFORD_451743_BCG_3AXIS_seg0001,OXFORD_451743_BCG_3AXIS_seg0001_c0002,29.326,32.334,3.0080000000000027,1505,14663,16168,0.11533747534563943,0.05048085102234945,True,,451743,451743,BCG_3AXIS
OXFORD,OXFORD_451743_BCG_3AXIS_seg0001,OXFORD_451743_BCG_3AXIS_seg0001_c0003,34.772,35.55,0.7779999999999987,390,17386,17776,0.05812888181532082,0.05048085102234945,True,,451743,451743,BCG_3AXIS
OXFORD,OXFORD_451743_BCG_3AXIS_seg0001,OXFORD_451743_BCG_3AXIS_seg0001_c0004,39.914,42.508,2.594000000000001,1298,19957,21255,0.196828835103596,0.05048085102234945,True,,451743,451743,BCG_3AXIS
OXFORD,OXFORD_451743_BCG_3AXIS_seg0001,OXFORD_451743_BCG_3AXIS_seg0001_c0005,61.336,62.614,1.2779999999999987,640,30668,31308,0.07169673696714544,0.05048085102234945,True,,451743,451743,BCG_3AXIS
OXFORD,OXFORD_451743_BCG_3AXIS_seg0001,OXFORD_451743_BCG_3AXIS_seg0001_c0006,79.16,80.514,1.3539999999999992,678,39580,40258,0.10729569282004744,0.05048085102234945,True,,451743,451743,BCG_3AXIS
OXFORD,OXFORD_451743_BCG_3AXIS_seg0001,OXFORD_451743_BCG_3AXIS_seg0001_c0007,95.196,97.062,1.8659999999999997,934,47598,48532,0.08050769534018352,0.05048085102234945,True,,451743,451743,BCG_3AXIS
OXFORD,OXFORD_451743_BCG_3AXIS_seg0001,OXFORD_451743_BCG_3AXIS_seg0001_c0008,107.36,108.862,1.5019999999999953,752,53680,54432,0.10174359843129123,0.05048085102234945,True,,451743,451743,BCG_3AXIS
OXFORD,OXFORD_451743_BCG_3AXIS_seg0001,OXFORD_451743_BCG_3AXIS_seg0001_c0009,110.104,110.536,0.43200000000000216,217,55052,55269,0.11164782556504799,0.05048085102234945,True,,451743,451743,BCG_3AXIS
OXFORD,OXFORD_451743_BCG_3AXIS_seg0001,OXFORD_451743_BCG_3AXIS_seg0001_c0010,158.47,159.538,1.068000000000012,535,79235,79770,0.08991421821662571,0.05048085102234945,True,,451743,451743,BCG_3AXIS
OXFORD,OXFORD_451743_BCG_3AXIS_seg0001,OXFORD_451743_BCG_3AXIS_seg0001_c0011,175.592,176.854,1.2620000000000005,632,87796,88428,0.0832885490481676,0.05048085102234945,True,,451743,451743,BCG_3AXIS
OXFORD,OXFORD_451743_BCG_3AXIS_seg0001,OXFORD_451743_BCG_3AXIS_seg0001_c0012,192.124,192.566,0.4420000000000073,222,96062,96284,0.07981610828794175,0.05048085102234945,True,,451743,451743,BCG_3AXIS
OXFORD,OXFORD_451743_BCG_3AXIS_seg0001,OXFORD_451743_BCG_3AXIS_seg0001_c0013,193.41,194.22,0.8100000000000023,406,96705,97111,0.12522175353809864,0.05048085102234945,True,,451743,451743,BCG_3AXIS
OXFORD,OXFORD_451743_BCG_3AXIS_seg0001,OXFORD_451743_BCG_3AXIS_seg0001_c0014,198.53,200.14,1.6099999999999852,806,99265,100071,0.2065079794750226,0.05048085102234945,True,,451743,451743,BCG_3AXIS
OXFORD,OXFORD_451743_BCG_3AXIS_seg0001,OXFORD_451743_BCG_3AXIS_seg0001_c0015,200.892,201.796,0.9039999999999964,453,100446,100899,0.08105235597206079,0.05048085102234945,True,,451743,451743,BCG_3AXIS
OXFORD,OXFORD_451743_BCG_3AXIS_seg0001,OXFORD_451743_BCG_3AXIS_seg0001_c0016,203.958,204.796,0.8379999999999939,420,101979,102399,0.06706857332072594,0.05048085102234945,True,,451743,451743,BCG_3AXIS
OXFORD,OXFORD_451743_BCG_3AXIS_seg0001,OXFORD_451743_BCG_3AXIS_seg0001_c0017,207.848,208.924,1.0759999999999934,539,103924,104463,0.10958275811740585,0.05048085102234945,True,,451743,451743,BCG_3AXIS
OXFORD,OXFORD_451743_BCG_3AXIS_seg0001,OXFORD_451743_BCG_3AXIS_seg0001_c0018,210.6,211.4,0.8000000000000114,401,105300,105701,0.0654430877768908,0.05048085102234945,True,,451743,451743,BCG_3AXIS
OXFORD,OXFORD_451743_BCG_3AXIS_seg0001,OXFORD_451743_BCG_3AXIS_seg0001_c0019,227.12,227.704,0.5840000000000032,293,113560,113853,0.07071620711241046,0.05048085102234945,True,,451743,451743,BCG_3AXIS
OXFORD,OXFORD_451743_BCG_3AXIS_seg0001,OXFORD_451743_BCG_3AXIS_seg0001_c0020,228.466,229.316,0.8499999999999943,426,114233,114659,0.0824677556038731,0.05048085102234945,True,,451743,451743,BCG_3AXIS
OXFORD,OXFORD_451743_BCG_3AXIS_seg0001,OXFORD_451743_BCG_3AXIS_seg0001_c0021,231.588,231.91,0.32200000000000273,162,115794,115956,0.10007397474759569,0.05048085102234945,True,,451743,451743,BCG_3AXIS
OXFORD,OXFORD_451743_BCG_3AXIS_seg0001,OXFORD_451743_BCG_3AXIS_seg0001_c0022,232.456,233.244,0.7880000000000109,395,116228,116623,0.12256232179170552,0.05048085102234945,True,,451743,451743,BCG_3AXIS
OXFORD,OXFORD_451743_BCG_3AXIS_seg0001,OXFORD_451743_BCG_3AXIS_seg0001_c0023,234.13,236.9,2.7700000000000102,1386,117065,118451,0.38064907309883933,0.05048085102234945,True,,451743,451743,BCG_3AXIS
OXFORD,OXFORD_451743_BCG_3AXIS_seg0001,OXFORD_451743_BCG_3AXIS_seg0001_c0024,238.326,240.71,2.3840000000000146,1193,119163,120356,0.06828643583484482,0.05048085102234945,True,,451743,451743,BCG_3AXIS
OXFORD,OXFORD_451743_BCG_3AXIS_seg0001,OXFORD_451743_BCG_3AXIS_seg0001_c0025,241.4,242.98,1.579999999999984,791,120700,121491,0.08502171848921644,0.05048085102234945,True,,451743,451743,BCG_3AXIS
OXFORD,OXFORD_451743_BCG_3AXIS_seg0001,OXFORD_451743_BCG_3AXIS_seg0001_c0026,244.478,248.182,3.7039999999999793,1853,122239,124092,0.16374858605348191,0.05048085102234945,True,,451743,451743,BCG_3AXIS
OXFORD,OXFORD_451743_BCG_3AXIS_seg0001,OXFORD_451743_BCG_3AXIS_seg0001_c0027,249.35,252.47,3.1200000000000045,1561,124675,126236,0.1748426122583884,0.05048085102234945,True,,451743,451743,BCG_3AXIS
OXFORD,OXFORD_451743_BCG_3AXIS_seg0001,OXFORD_451743_BCG_3AXIS_seg0001_c0028,253.048,253.702,0.6539999999999964,328,126524,126852,0.06205336219256544,0.05048085102234945,True,,451743,451743,BCG_3AXIS
OXFORD,OXFORD_451743_BCG_3AXIS_seg0001,OXFORD_451743_BCG_3AXIS_seg0001_c0029,254.316,257.028,2.7120000000000175,1357,127158,128515,0.1146054842550212,0.05048085102234945,True,,451743,451743,BCG_3AXIS
OXFORD,OXFORD_451743_BCG_3AXIS_seg0001,OXFORD_451743_BCG_3AXIS_seg0001_c0030,265.284,266.194,0.910000000000025,456,132642,133098,0.07406511564891805,0.05048085102234945,True,,451743,451743,BCG_3AXIS
OXFORD,OXFORD_451743_BCG_3AXIS_seg0001,OXFORD_451743_BCG_3AXIS_seg0001_c0031,267.466,268.294,0.8279999999999745,415,133733,134148,0.0981178375513569,0.05048085102234945,True,,451743,451743,BCG_3AXIS
OXFORD,OXFORD_451743_BCG_3AXIS_seg0001,OXFORD_451743_BCG_3AXIS_seg0001_c0032,270.41,273.036,2.6259999999999764,1314,135205,136519,0.19524498773173812,0.05048085102234945,True,,451743,451743,BCG_3AXIS
OXFORD,OXFORD_451743_BCG_3AXIS_seg0001,OXFORD_451743_BCG_3AXIS_seg0001_c0033,274.22,276.014,1.7939999999999827,898,137110,138008,0.5253133077043438,0.05048085102234945,True,,451743,451743,BCG_3AXIS
OXFORD,OXFORD_451743_BCG_3AXIS_seg0001,OXFORD_451743_BCG_3AXIS_seg0001_c0034,276.652,277.224,0.5720000000000027,287,138326,138613,0.058546292605076794,0.05048085102234945,True,,451743,451743,BCG_3AXIS
OXFORD,OXFORD_451743_BCG_3AXIS_seg0001,OXFORD_451743_BCG_3AXIS_seg0001_c0035,279.332,279.66,0.3280000000000314,165,139666,139831,0.06138957242996572,0.05048085102234945,True,,451743,451743,BCG_3AXIS
OXFORD,OXFORD_451743_BCG_3AXIS_seg0001,OXFORD_451743_BCG_3AXIS_seg0001_c0036,298.762,301.772,3.009999999999991,1506,149381,150887,0.16261690012086846,0.05048085102234945,True,,451743,451743,BCG_3AXIS
OXFORD,OXFORD_451743_BCG_3AXIS_seg0001,OXFORD_451743_BCG_3AXIS_seg0001_c0037,318.698,319.506,0.8079999999999927,405,159349,159754,0.13253058899383943,0.05048085102234945,True,,451743,451743,BCG_3AXIS
OXFORD,OXFORD_451743_BCG_3AXIS_seg0001,OXFORD_451743_BCG_3AXIS_seg0001_c0038,322.186,322.92,0.7340000000000373,368,161093,161461,0.07774906552903348,0.05048085102234945,True,,451743,451743,BCG_3AXIS
OXFORD,OXFORD_451743_BCG_3AXIS_seg0001,OXFORD_451743_BCG_3AXIS_seg0001_c0039,332.32,333.054,0.7339999999999804,368,166160,166528,0.08844336453568283,0.05048085102234945,True,,451743,451743,BCG_3AXIS
OXFORD,OXFORD_451743_BCG_3AXIS_seg0001,OXFORD_451743_BCG_3AXIS_seg0001_c0040,333.594,334.92,1.3260000000000218,664,166797,167461,0.08624676263302279,0.05048085102234945,True,,451743,451743,BCG_3AXIS
OXFORD,OXFORD_451743_BCG_3AXIS_seg0001,OXFORD_451743_BCG_3AXIS_seg0001_c0041,338.184,338.948,0.7639999999999532,383,169092,169475,0.07531152307726165,0.05048085102234945,True,,451743,451743,BCG_3AXIS
OXFORD,OXFORD_451743_BCG_3AXIS_seg0001,OXFORD_451743_BCG_3AXIS_seg0001_c0042,340.3,342.506,2.2059999999999604,1104,170150,171254,0.08907202224361647,0.05048085102234945,True,,451743,451743,BCG_3AXIS
OXFORD,OXFORD_451743_BCG_3AXIS_seg0001,OXFORD_451743_BCG_3AXIS_seg0001_c0043,345.308,346.028,0.7200000000000273,361,172654,173015,0.1109751856858982,0.05048085102234945,True,,451743,451743,BCG_3AXIS
OXFORD,OXFORD_451743_BCG_3AXIS_seg0001,OXFORD_451743_BCG_3AXIS_seg0001_c0044,346.63,347.352,0.72199999999998,362,173315,173677,0.07729378730425497,0.05048085102234945,True,,451743,451743,BCG_3AXIS
OXFORD,OXFORD_451743_BCG_3AXIS_seg0001,OXFORD_451743_BCG_3AXIS_seg0001_c0045,349.976,350.706,0.7300000000000182,366,174988,175354,0.07789319294576429,0.05048085102234945,True,,451743,451743,BCG_3AXIS
OXFORD,OXFORD_451743_BCG_3AXIS_seg0001,OXFORD_451743_BCG_3AXIS_seg0001_c0046,351.988,353.446,1.4580000000000268,730,175994,176724,0.0662274416985109,0.05048085102234945,True,,451743,451743,BCG_3AXIS
OXFORD,OXFORD_451743_BCG_3AXIS_seg0001,OXFORD_451743_BCG_3AXIS_seg0001_c0047,356.202,356.902,0.6999999999999886,351,178101,178452,0.06848535726102935,0.05048085102234945,True,,451743,451743,BCG_3AXIS
OXFORD,OXFORD_451743_BCG_3AXIS_seg0001,OXFORD_451743_BCG_3AXIS_seg0001_c0048,361.828,362.496,0.6680000000000064,335,180914,181249,0.07378144411936671,0.05048085102234945,True,,451743,451743,BCG_3AXIS
OXFORD,OXFORD_451743_BCG_3AXIS_seg0001,OXFORD_451743_BCG_3AXIS_seg0001_c0049,363.092,364.71,1.617999999999995,810,181546,182356,0.07733074885606843,0.05048085102234945,True,,451743,451743,BCG_3AXIS
OXFORD,OXFORD_451743_BCG_3AXIS_seg0001,OXFORD_451743_BCG_3AXIS_seg0001_c0050,365.372,366.114,0.7419999999999618,372,182686,183058,0.0840830317798117,0.05048085102234945,True,,451743,451743,BCG_3AXIS
OXFORD,OXFORD_451743_BCG_3AXIS_seg0001,OXFORD_451743_BCG_3AXIS_seg0001_c0051,366.774,368.76,1.98599999999999,994,183387,184381,0.07612750103106256,0.05048085102234945,True,,451743,451743,BCG_3AXIS
OXFORD,OXFORD_451743_BCG_3AXIS_seg0001,OXFORD_451743_BCG_3AXIS_seg0001_c0052,369.402,370.182,0.7800000000000296,391,184701,185092,0.0681204624415789,0.05048085102234945,True,,451743,451743,BCG_3AXIS
OXFORD,OXFORD_451743_BCG_3AXIS_seg0001,OXFORD_451743_BCG_3AXIS_seg0001_c0053,370.722,371.69,0.9680000000000177,485,185361,185846,0.09357719546776182,0.05048085102234945,True,,451743,451743,BCG_3AXIS
OXFORD,OXFORD_451743_BCG_3AXIS_seg0001,OXFORD_451743_BCG_3AXIS_seg0001_c0054,372.206,373.666,1.4599999999999795,731,186103,186834,0.07541455238120409,0.05048085102234945,True,,451743,451743,BCG_3AXIS
OXFORD,OXFORD_451743_BCG_3AXIS_seg0001,OXFORD_451743_BCG_3AXIS_seg0001_c0055,374.176,375.054,0.8779999999999859,440,187088,187528,0.07895487536193746,0.05048085102234945,True,,451743,451743,BCG_3AXIS
OXFORD,OXFORD_451743_BCG_3AXIS_seg0001,OXFORD_451743_BCG_3AXIS_seg0001_c0056,377.056,378.406,1.3500000000000227,676,188528,189204,0.09204019971611882,0.05048085102234945,True,,451743,451743,BCG_3AXIS
OXFORD,OXFORD_451743_BCG_3AXIS_seg0001,OXFORD_451743_BCG_3AXIS_seg0001_c0057,379.748,380.504,0.7560000000000286,379,189874,190253,0.07843947625684543,0.05048085102234945,True,,451743,451743,BCG_3AXIS
OXFORD,OXFORD_451743_BCG_3AXIS_seg0001,OXFORD_451743_BCG_3AXIS_seg0001_c0058,386.39,387.21,0.8199999999999932,411,193195,193606,0.08601549630472954,0.05048085102234945,True,,451743,451743,BCG_3AXIS
OXFORD,OXFORD_451743_BCG_3AXIS_seg0001,OXFORD_451743_BCG_3AXIS_seg0001_c0059,402.02,402.376,0.35599999999999454,179,201010,201189,0.05912683944614893,0.05048085102234945,True,,451743,451743,BCG_3AXIS
OXFORD,OXFORD_451743_BCG_3AXIS_seg0001,OXFORD_451743_BCG_3AXIS_seg0001_c0060,416.37,416.892,0.5219999999999914,262,208185,208447,0.08339561219581074,0.05048085102234945,True,,451743,451743,BCG_3AXIS
OXFORD,OXFORD_451743_BCG_3AXIS_seg0001,OXFORD_451743_BCG_3AXIS_seg0001_c0061,499.036,499.6,0.5640000000000214,283,249518,249801,0.06824124532861665,0.05048085102234945,True,,451743,451743,BCG_3AXIS
OXFORD,OXFORD_451743_BCG_3AXIS_seg0001,OXFORD_451743_BCG_3AXIS_seg0001_c0062,536.51,537.36,0.8500000000000227,426,268255,268681,0.20657193924361691,0.05048085102234945,True,,451743,451743,BCG_3AXIS
OXFORD,OXFORD_451743_BCG_3AXIS_seg0001,OXFORD_451743_BCG_3AXIS_seg0001_c0063,551.338,551.702,0.36400000000003274,183,275669,275852,0.10737504089275772,0.05048085102234945,True,,451743,451743,BCG_3AXIS
OXFORD,OXFORD_451743_BCG_3AXIS_seg0001,OXFORD_451743_BCG_3AXIS_seg0001_c0064,552.302,552.876,0.5739999999999554,288,276151,276439,0.12019046146641124,0.05048085102234945,True,,451743,451743,BCG_3AXIS
OXFORD,OXFORD_451743_BCG_3AXIS_seg0001,OXFORD_451743_BCG_3AXIS_seg0001_c0065,589.27,591.344,2.074000000000069,1038,294635,295673,0.08420843733234251,0.05048085102234945,True,,451743,451743,BCG_3AXIS
OXFORD,OXFORD_451743_BCG_3AXIS_seg0001,OXFORD_451743_BCG_3AXIS_seg0001_c0066,672.536,674.058,1.5220000000000482,762,336268,337030,0.14048899822398536,0.05048085102234945,True,,451743,451743,BCG_3AXIS
OXFORD,OXFORD_451743_BCG_3AXIS_seg0001,OXFORD_451743_BCG_3AXIS_seg0001_c0067,676.042,676.554,0.5119999999999436,257,338021,338278,0.35023143182515637,0.05048085102234945,True,,451743,451743,BCG_3AXIS
OXFORD,OXFORD_451743_BCG_3AXIS_seg0001,OXFORD_451743_BCG_3AXIS_seg0001_c0068,677.168,677.512,0.34399999999993724,173,338584,338757,0.056674600307358096,0.05048085102234945,True,,451743,451743,BCG_3AXIS
OXFORD,OXFORD_451743_BCG_3AXIS_seg0001,OXFORD_451743_BCG_3AXIS_seg0001_c0069,678.198,679.362,1.1639999999999873,583,339099,339682,0.10454112290535096,0.05048085102234945,True,,451743,451743,BCG_3AXIS
OXFORD,OXFORD_451743_BCG_3AXIS_seg0001,OXFORD_451743_BCG_3AXIS_seg0001_c0070,681.296,682.082,0.7859999999999445,394,340648,341042,0.22248359649853897,0.05048085102234945,True,,451743,451743,BCG_3AXIS
OXFORD,OXFORD_451743_BCG_3AXIS_seg0001,OXFORD_451743_BCG_3AXIS_seg0001_c0071,696.428,697.446,1.018000000000029,510,348214,348724,0.08615835069843784,0.05048085102234945,True,,451743,451743,BCG_3AXIS
OXFORD,OXFORD_451743_BCG_3AXIS_seg0001,OXFORD_451743_BCG_3AXIS_seg0001_c0072,714.716,715.372,0.6559999999999491,329,357358,357687,0.07604184494245152,0.05048085102234945,True,,451743,451743,BCG_3AXIS
OXFORD,OXFORD_451743_BCG_3AXIS_seg0001,OXFORD_451743_BCG_3AXIS_seg0001_c0073,717.14,717.782,0.6420000000000528,322,358570,358892,0.059684628152331276,0.05048085102234945,True,,451743,451743,BCG_3AXIS
OXFORD,OXFORD_451743_BCG_3AXIS_seg0001,OXFORD_451743_BCG_3AXIS_seg0001_c0074,718.346,718.87,0.5240000000000009,263,359173,359436,0.056983194712143845,0.05048085102234945,True,,451743,451743,BCG_3AXIS
OXFORD,OXFORD_451743_BCG_3AXIS_seg0001,OXFORD_451743_BCG_3AXIS_seg0001_c0075,728.236,729.956,1.7200000000000273,861,364118,364979,0.06926835911888884,0.05048085102234945,True,,451743,451743,BCG_3AXIS
OXFORD,OXFORD_451743_BCG_3AXIS_seg0001,OXFORD_451743_BCG_3AXIS_seg0001_c0076,730.68,731.454,0.7740000000000009,388,365340,365728,0.07423499674669046,0.05048085102234945,True,,451743,451743,BCG_3AXIS
OXFORD,OXFORD_451743_BCG_3AXIS_seg0001,OXFORD_451743_BCG_3AXIS_seg0001_c0077,734.782,735.794,1.0119999999999436,507,367391,367898,0.09395563054397718,0.05048085102234945,True,,451743,451743,BCG_3AXIS
OXFORD,OXFORD_451743_BCG_3AXIS_seg0001,OXFORD_451743_BCG_3AXIS_seg0001_c0078,736.31,738.04,1.7300000000000182,866,368155,369021,0.11369564484659263,0.05048085102234945,True,,451743,451743,BCG_3AXIS
OXFORD,OXFORD_451743_BCG_3AXIS_seg0001,OXFORD_451743_BCG_3AXIS_seg0001_c0079,739.292,739.648,0.35599999999999454,179,369646,369825,0.07296663727186543,0.05048085102234945,True,,451743,451743,BCG_3AXIS
OXFORD,OXFORD_451743_BCG_3AXIS_seg0001,OXFORD_451743_BCG_3AXIS_seg0001_c0080,740.978,744.52,3.54200000000003,1772,370489,372261,0.08831718125610943,0.05048085102234945,True,,451743,451743,BCG_3AXIS
OXFORD,OXFORD_451743_BCG_3AXIS_seg0001,OXFORD_451743_BCG_3AXIS_seg0001_c0081,746.262,746.63,0.36800000000005184,185,373131,373316,0.053855613356633254,0.05048085102234945,True,,451743,451743,BCG_3AXIS
OXFORD,OXFORD_451743_BCG_3AXIS_seg0001,OXFORD_451743_BCG_3AXIS_seg0001_c0082,748.644,749.08,0.43600000000003547,219,374322,374541,0.06079926691848641,0.05048085102234945,True,,451743,451743,BCG_3AXIS
OXFORD,OXFORD_451743_BCG_3AXIS_seg0001,OXFORD_451743_BCG_3AXIS_seg0001_c0083,769.536,772.098,2.562000000000012,1282,384768,386050,0.11015310774339938,0.05048085102234945,True,,451743,451743,BCG_3AXIS
OXFORD,OXFORD_451743_BCG_3AXIS_seg0001,OXFORD_451743_BCG_3AXIS_seg0001_c0084,784.876,785.7,0.8240000000000691,413,392438,392851,0.11062388826587248,0.05048085102234945,True,,451743,451743,BCG_3AXIS
OXFORD,OXFORD_451743_BCG_3AXIS_seg0001,OXFORD_451743_BCG_3AXIS_seg0001_c0085,832.864,833.436,0.5720000000000027,287,416432,416719,0.07261093109888395,0.05048085102234945,True,,451743,451743,BCG_3AXIS
OXFORD,OXFORD_451743_BCG_3AXIS_seg0001,OXFORD_451743_BCG_3AXIS_seg0001_c0086,868.2,868.914,0.7139999999999418,358,434100,434458,0.0651134737897126,0.05048085102234945,True,,451743,451743,BCG_3AXIS
OXFORD,OXFORD_451743_BCG_3AXIS_seg0001,OXFORD_451743_BCG_3AXIS_seg0001_c0087,887.652,888.762,1.1099999999999,556,443826,444382,0.07006272598809918,0.05048085102234945,True,,451743,451743,BCG_3AXIS
OXFORD,OXFORD_451743_BCG_3AXIS_seg0001,OXFORD_451743_BCG_3AXIS_seg0001_c0088,892.028,892.692,0.6639999999999873,333,446014,446347,0.05786348232390973,0.05048085102234945,True,,451743,451743,BCG_3AXIS
OXFORD,OXFORD_451743_BCG_3AXIS_seg0001,OXFORD_451743_BCG_3AXIS_seg0001_c0089,897.448,898.35,0.9020000000000437,452,448724,449176,0.07385494905441053,0.05048085102234945,True,,451743,451743,BCG_3AXIS
OXFORD,OXFORD_451875_BCG_3AXIS_seg0001,OXFORD_451875_BCG_3AXIS_seg0001_c0001,1.412,2.926,1.5140000000000002,758,706,1464,2.1285214935757337,0.048119940214140504,True,,451875,451875,BCG_3AXIS
OXFORD,OXFORD_451875_BCG_3AXIS_seg0001,OXFORD_451875_BCG_3AXIS_seg0001_c0002,8.378,8.87,0.4919999999999991,247,4189,4436,0.08503797799633324,0.048119940214140504,True,,451875,451875,BCG_3AXIS
OXFORD,OXFORD_451875_BCG_3AXIS_seg0001,OXFORD_451875_BCG_3AXIS_seg0001_c0003,9.624,10.538,0.9139999999999997,458,4812,5270,0.14079950708799108,0.048119940214140504,True,,451875,451875,BCG_3AXIS
OXFORD,OXFORD_451875_BCG_3AXIS_seg0001,OXFORD_451875_BCG_3AXIS_seg0001_c0004,36.998,38.474,1.475999999999999,739,18499,19238,0.15559472855840648,0.048119940214140504,True,,451875,451875,BCG_3AXIS
OXFORD,OXFORD_451875_BCG_3AXIS_seg0001,OXFORD_451875_BCG_3AXIS_seg0001_c0005,88.916,90.212,1.2960000000000065,649,44458,45107,0.09963941627560534,0.048119940214140504,True,,451875,451875,BCG_3AXIS
OXFORD,OXFORD_451875_BCG_3AXIS_seg0001,OXFORD_451875_BCG_3AXIS_seg0001_c0006,91.118,92.28,1.1620000000000061,582,45559,46141,0.07612325976702211,0.048119940214140504,True,,451875,451875,BCG_3AXIS
OXFORD,OXFORD_451875_BCG_3AXIS_seg0001,OXFORD_451875_BCG_3AXIS_seg0001_c0007,108.59,109.072,0.4819999999999993,242,54295,54537,0.05983003392289261,0.048119940214140504,True,,451875,451875,BCG_3AXIS
OXFORD,OXFORD_451875_BCG_3AXIS_seg0001,OXFORD_451875_BCG_3AXIS_seg0001_c0008,147.58,147.956,0.37599999999997635,189,73790,73979,0.04921054551819064,0.048119940214140504,True,,451875,451875,BCG_3AXIS
OXFORD,OXFORD_451875_BCG_3AXIS_seg0001,OXFORD_451875_BCG_3AXIS_seg0001_c0009,150.144,151.076,0.931999999999988,467,75072,75539,0.053046507271535245,0.048119940214140504,True,,451875,451875,BCG_3AXIS
OXFORD,OXFORD_451875_BCG_3AXIS_seg0001,OXFORD_451875_BCG_3AXIS_seg0001_c0010,156.298,160.248,3.9499999999999886,1976,78149,80125,0.0903505006367924,0.048119940214140504,True,,451875,451875,BCG_3AXIS
OXFORD,OXFORD_451875_BCG_3AXIS_seg0001,OXFORD_451875_BCG_3AXIS_seg0001_c0011,161.026,161.506,0.47999999999998977,241,80513,80754,0.05643585133853455,0.048119940214140504,True,,451875,451875,BCG_3AXIS
OXFORD,OXFORD_451875_BCG_3AXIS_seg0001,OXFORD_451875_BCG_3AXIS_seg0001_c0012,162.378,165.054,2.676000000000016,1339,81189,82528,0.15181664613260007,0.048119940214140504,True,,451875,451875,BCG_3AXIS
OXFORD,OXFORD_451875_BCG_3AXIS_seg0001,OXFORD_451875_BCG_3AXIS_seg0001_c0013,165.582,166.354,0.7720000000000198,387,82791,83178,0.08301646366301306,0.048119940214140504,True,,451875,451875,BCG_3AXIS
OXFORD,OXFORD_451875_BCG_3AXIS_seg0001,OXFORD_451875_BCG_3AXIS_seg0001_c0014,168.09,171.114,3.024000000000001,1513,84045,85558,0.06451048334141887,0.048119940214140504,True,,451875,451875,BCG_3AXIS
OXFORD,OXFORD_451875_BCG_3AXIS_seg0001,OXFORD_451875_BCG_3AXIS_seg0001_c0015,171.89,173.762,1.872000000000014,937,85945,86882,0.06508091493047055,0.048119940214140504,True,,451875,451875,BCG_3AXIS
OXFORD,OXFORD_451875_BCG_3AXIS_seg0001,OXFORD_451875_BCG_3AXIS_seg0001_c0016,179.33,182.842,3.5120000000000005,1757,89665,91422,0.0780702062068254,0.048119940214140504,True,,451875,451875,BCG_3AXIS
OXFORD,OXFORD_451875_BCG_3AXIS_seg0001,OXFORD_451875_BCG_3AXIS_seg0001_c0017,183.672,185.01,1.3379999999999939,670,91836,92506,0.058852384392734665,0.048119940214140504,True,,451875,451875,BCG_3AXIS
OXFORD,OXFORD_451875_BCG_3AXIS_seg0001,OXFORD_451875_BCG_3AXIS_seg0001_c0018,185.884,186.758,0.8740000000000236,438,92942,93380,0.05452466151344887,0.048119940214140504,True,,451875,451875,BCG_3AXIS
OXFORD,OXFORD_451875_BCG_3AXIS_seg0001,OXFORD_451875_BCG_3AXIS_seg0001_c0019,187.298,190.208,2.9099999999999966,1456,93649,95105,0.05915151747609692,0.048119940214140504,True,,451875,451875,BCG_3AXIS
OXFORD,OXFORD_451875_BCG_3AXIS_seg0001,OXFORD_451875_BCG_3AXIS_seg0001_c0020,191.896,195.39,3.4939999999999998,1748,95948,97696,0.07462480881220025,0.048119940214140504,True,,451875,451875,BCG_3AXIS
OXFORD,OXFORD_451875_BCG_3AXIS_seg0001,OXFORD_451875_BCG_3AXIS_seg0001_c0021,200.138,204.462,4.323999999999984,2163,100069,102232,0.06703613232168924,0.048119940214140504,True,,451875,451875,BCG_3AXIS
OXFORD,OXFORD_451875_BCG_3AXIS_seg0001,OXFORD_451875_BCG_3AXIS_seg0001_c0022,206.18,208.336,2.156000000000006,1079,103090,104169,0.062032470387972216,0.048119940214140504,True,,451875,451875,BCG_3AXIS
OXFORD,OXFORD_451875_BCG_3AXIS_seg0001,OXFORD_451875_BCG_3AXIS_seg0001_c0023,210.616,217.802,7.185999999999979,3594,105308,108902,0.07216974992826063,0.048119940214140504,True,,451875,451875,BCG_3AXIS
OXFORD,OXFORD_451875_BCG_3AXIS_seg0001,OXFORD_451875_BCG_3AXIS_seg0001_c0024,218.664,221.658,2.9939999999999998,1498,109332,110830,0.06270277489682878,0.048119940214140504,True,,451875,451875,BCG_3AXIS
OXFORD,OXFORD_451875_BCG_3AXIS_seg0001,OXFORD_451875_BCG_3AXIS_seg0001_c0025,224.304,224.75,0.44599999999999795,224,112152,112376,0.06314613327262901,0.048119940214140504,True,,451875,451875,BCG_3AXIS
OXFORD,OXFORD_451875_BCG_3AXIS_seg0001,OXFORD_451875_BCG_3AXIS_seg0001_c0026,225.608,226.048,0.4399999999999977,221,112804,113025,0.0702609072355148,0.048119940214140504,True,,451875,451875,BCG_3AXIS
OXFORD,OXFORD_451875_BCG_3AXIS_seg0001,OXFORD_451875_BCG_3AXIS_seg0001_c0027,226.798,228.618,1.8199999999999932,911,113399,114310,0.06945779498013889,0.048119940214140504,True,,451875,451875,BCG_3AXIS
OXFORD,OXFORD_451875_BCG_3AXIS_seg0001,OXFORD_451875_BCG_3AXIS_seg0001_c0028,229.4,231.168,1.7680000000000007,885,114700,115585,0.07832878741011085,0.048119940214140504,True,,451875,451875,BCG_3AXIS
OXFORD,OXFORD_451875_BCG_3AXIS_seg0001,OXFORD_451875_BCG_3AXIS_seg0001_c0029,232.006,243.212,11.205999999999989,5604,116003,121607,0.21216841123475352,0.048119940214140504,True,,451875,451875,BCG_3AXIS
OXFORD,OXFORD_451875_BCG_3AXIS_seg0001,OXFORD_451875_BCG_3AXIS_seg0001_c0030,243.796,246.624,2.828000000000003,1415,121898,123313,0.06673551983029748,0.048119940214140504,True,,451875,451875,BCG_3AXIS
OXFORD,OXFORD_451875_BCG_3AXIS_seg0001,OXFORD_451875_BCG_3AXIS_seg0001_c0031,247.368,250.06,2.6920000000000073,1347,123684,125031,0.0823851634469783,0.048119940214140504,True,,451875,451875,BCG_3AXIS
OXFORD,OXFORD_451875_BCG_3AXIS_seg0001,OXFORD_451875_BCG_3AXIS_seg0001_c0032,250.918,261.012,10.093999999999994,5048,125459,130507,0.12991134974251273,0.048119940214140504,True,,451875,451875,BCG_3AXIS
OXFORD,OXFORD_451875_BCG_3AXIS_seg0001,OXFORD_451875_BCG_3AXIS_seg0001_c0033,261.674,263.628,1.9540000000000077,978,130837,131815,0.09404541139119887,0.048119940214140504,True,,451875,451875,BCG_3AXIS
OXFORD,OXFORD_451875_BCG_3AXIS_seg0001,OXFORD_451875_BCG_3AXIS_seg0001_c0034,264.554,267.996,3.4420000000000073,1722,132277,133999,0.0695821993409163,0.048119940214140504,True,,451875,451875,BCG_3AXIS
OXFORD,OXFORD_451875_BCG_3AXIS_seg0001,OXFORD_451875_BCG_3AXIS_seg0001_c0035,268.574,269.014,0.4399999999999977,221,134287,134508,0.057156759741790145,0.048119940214140504,True,,451875,451875,BCG_3AXIS
OXFORD,OXFORD_451875_BCG_3AXIS_seg0001,OXFORD_451875_BCG_3AXIS_seg0001_c0036,269.866,297.376,27.50999999999999,13756,134933,148689,0.08822414242260222,0.048119940214140504,True,,451875,451875,BCG_3AXIS
OXFORD,OXFORD_451875_BCG_3AXIS_seg0001,OXFORD_451875_BCG_3AXIS_seg0001_c0037,298.674,311.608,12.934000000000026,6468,149337,155805,0.09661637386325948,0.048119940214140504,True,,451875,451875,BCG_3AXIS
OXFORD,OXFORD_451875_BCG_3AXIS_seg0001,OXFORD_451875_BCG_3AXIS_seg0001_c0038,313.326,315.072,1.745999999999981,874,156663,157537,0.06394937618247344,0.048119940214140504,True,,451875,451875,BCG_3AXIS
OXFORD,OXFORD_451875_BCG_3AXIS_seg0001,OXFORD_451875_BCG_3AXIS_seg0001_c0039,317.616,319.432,1.816000000000031,909,158808,159717,0.09076328422401855,0.048119940214140504,True,,451875,451875,BCG_3AXIS
OXFORD,OXFORD_451875_BCG_3AXIS_seg0001,OXFORD_451875_BCG_3AXIS_seg0001_c0040,320.21,321.56,1.3500000000000227,676,160105,160781,0.07877241033260546,0.048119940214140504,True,,451875,451875,BCG_3AXIS
OXFORD,OXFORD_451875_BCG_3AXIS_seg0001,OXFORD_451875_BCG_3AXIS_seg0001_c0041,322.406,322.712,0.3059999999999832,154,161203,161357,0.054066852251317514,0.048119940214140504,True,,451875,451875,BCG_3AXIS
OXFORD,OXFORD_451875_BCG_3AXIS_seg0001,OXFORD_451875_BCG_3AXIS_seg0001_c0042,323.262,324.124,0.8620000000000232,432,161631,162063,0.054369270068296276,0.048119940214140504,True,,451875,451875,BCG_3AXIS
OXFORD,OXFORD_451875_BCG_3AXIS_seg0001,OXFORD_451875_BCG_3AXIS_seg0001_c0043,325.36,327.542,2.1819999999999595,1092,162680,163772,0.06327450231081037,0.048119940214140504,True,,451875,451875,BCG_3AXIS
OXFORD,OXFORD_451875_BCG_3AXIS_seg0001,OXFORD_451875_BCG_3AXIS_seg0001_c0044,328.394,333.156,4.7620000000000005,2382,164197,166579,0.07880426387321184,0.048119940214140504,True,,451875,451875,BCG_3AXIS
OXFORD,OXFORD_451875_BCG_3AXIS_seg0001,OXFORD_451875_BCG_3AXIS_seg0001_c0045,334.16,342.242,8.081999999999994,4042,167080,171122,0.09138339512167468,0.048119940214140504,True,,451875,451875,BCG_3AXIS
OXFORD,OXFORD_451875_BCG_3AXIS_seg0001,OXFORD_451875_BCG_3AXIS_seg0001_c0046,343.674,345.22,1.5460000000000491,774,171837,172611,0.0749930851943565,0.048119940214140504,True,,451875,451875,BCG_3AXIS
OXFORD,OXFORD_451875_BCG_3AXIS_seg0001,OXFORD_451875_BCG_3AXIS_seg0001_c0047,346.112,347.032,0.9199999999999591,461,173056,173517,0.07115138801071216,0.048119940214140504,True,,451875,451875,BCG_3AXIS
OXFORD,OXFORD_451875_BCG_3AXIS_seg0001,OXFORD_451875_BCG_3AXIS_seg0001_c0048,347.774,350.292,2.5179999999999723,1260,173887,175147,0.07514967672541827,0.048119940214140504,True,,451875,451875,BCG_3AXIS
OXFORD,OXFORD_451875_BCG_3AXIS_seg0001,OXFORD_451875_BCG_3AXIS_seg0001_c0049,351.144,353.52,2.3759999999999764,1189,175572,176761,0.06150149161201187,0.048119940214140504,True,,451875,451875,BCG_3AXIS
OXFORD,OXFORD_451875_BCG_3AXIS_seg0001,OXFORD_451875_BCG_3AXIS_seg0001_c0050,356.146,357.474,1.3279999999999745,665,178073,178738,0.05879080133135463,0.048119940214140504,True,,451875,451875,BCG_3AXIS
OXFORD,OXFORD_451875_BCG_3AXIS_seg0001,OXFORD_451875_BCG_3AXIS_seg0001_c0051,357.986,358.344,0.3580000000000041,180,178993,179173,0.05661160196165275,0.048119940214140504,True,,451875,451875,BCG_3AXIS
OXFORD,OXFORD_451875_BCG_3AXIS_seg0001,OXFORD_451875_BCG_3AXIS_seg0001_c0052,361.336,363.136,1.8000000000000114,901,180668,181569,0.09398902359795623,0.048119940214140504,True,,451875,451875,BCG_3AXIS
OXFORD,OXFORD_451875_BCG_3AXIS_seg0001,OXFORD_451875_BCG_3AXIS_seg0001_c0053,365.68,367.484,1.8039999999999736,903,182840,183743,0.07065088404026007,0.048119940214140504,True,,451875,451875,BCG_3AXIS
OXFORD,OXFORD_451875_BCG_3AXIS_seg0001,OXFORD_451875_BCG_3AXIS_seg0001_c0054,368.092,370.582,2.490000000000009,1246,184046,185292,0.07825105588063054,0.048119940214140504,True,,451875,451875,BCG_3AXIS
OXFORD,OXFORD_451875_BCG_3AXIS_seg0001,OXFORD_451875_BCG_3AXIS_seg0001_c0055,371.428,372.282,0.853999999999985,428,185714,186142,0.07892999019782934,0.048119940214140504,True,,451875,451875,BCG_3AXIS
OXFORD,OXFORD_451875_BCG_3AXIS_seg0001,OXFORD_451875_BCG_3AXIS_seg0001_c0056,373.108,378.96,5.851999999999975,2927,186554,189481,0.08896531895825152,0.048119940214140504,True,,451875,451875,BCG_3AXIS
OXFORD,OXFORD_451875_BCG_3AXIS_seg0001,OXFORD_451875_BCG_3AXIS_seg0001_c0057,379.762,382.402,2.6399999999999864,1321,189881,191202,0.0926362332112374,0.048119940214140504,True,,451875,451875,BCG_3AXIS
OXFORD,OXFORD_451875_BCG_3AXIS_seg0001,OXFORD_451875_BCG_3AXIS_seg0001_c0058,383.21,383.7,0.4900000000000091,246,191605,191851,0.07222410704249993,0.048119940214140504,True,,451875,451875,BCG_3AXIS
OXFORD,OXFORD_451875_BCG_3AXIS_seg0001,OXFORD_451875_BCG_3AXIS_seg0001_c0059,385.63,386.546,0.9159999999999968,459,192815,193274,0.05410586236515563,0.048119940214140504,True,,451875,451875,BCG_3AXIS
OXFORD,OXFORD_451875_BCG_3AXIS_seg0001,OXFORD_451875_BCG_3AXIS_seg0001_c0060,387.23,389.7,2.4699999999999704,1236,193615,194851,0.07052129274136153,0.048119940214140504,True,,451875,451875,BCG_3AXIS
OXFORD,OXFORD_451875_BCG_3AXIS_seg0001,OXFORD_451875_BCG_3AXIS_seg0001_c0061,390.434,392.078,1.6439999999999486,823,195217,196040,0.07609901376516115,0.048119940214140504,True,,451875,451875,BCG_3AXIS
OXFORD,OXFORD_451875_BCG_3AXIS_seg0001,OXFORD_451875_BCG_3AXIS_seg0001_c0062,392.896,396.942,4.045999999999992,2024,196448,198472,0.08083294257052298,0.048119940214140504,True,,451875,451875,BCG_3AXIS
OXFORD,OXFORD_451875_BCG_3AXIS_seg0001,OXFORD_451875_BCG_3AXIS_seg0001_c0063,397.8,401.764,3.9639999999999986,1983,198900,200883,0.07436599963902538,0.048119940214140504,True,,451875,451875,BCG_3AXIS
OXFORD,OXFORD_451875_BCG_3AXIS_seg0001,OXFORD_451875_BCG_3AXIS_seg0001_c0064,402.652,407.93,5.27800000000002,2640,201326,203966,0.09574752855175248,0.048119940214140504,True,,451875,451875,BCG_3AXIS
OXFORD,OXFORD_451875_BCG_3AXIS_seg0001,OXFORD_451875_BCG_3AXIS_seg0001_c0065,411.488,413.794,2.305999999999983,1154,205744,206898,0.09038305012721155,0.048119940214140504,True,,451875,451875,BCG_3AXIS
OXFORD,OXFORD_451875_BCG_3AXIS_seg0001,OXFORD_451875_BCG_3AXIS_seg0001_c0066,421.288,423.032,1.7439999999999714,873,210644,211517,0.09955135233602688,0.048119940214140504,True,,451875,451875,BCG_3AXIS
OXFORD,OXFORD_451875_BCG_3AXIS_seg0001,OXFORD_451875_BCG_3AXIS_seg0001_c0067,431.766,432.718,0.9519999999999982,477,215883,216360,0.07368485021483398,0.048119940214140504,True,,451875,451875,BCG_3AXIS
OXFORD,OXFORD_451875_BCG_3AXIS_seg0001,OXFORD_451875_BCG_3AXIS_seg0001_c0068,451.132,451.638,0.5059999999999718,254,225566,225820,0.07370638513102475,0.048119940214140504,True,,451875,451875,BCG_3AXIS
OXFORD,OXFORD_451875_BCG_3AXIS_seg0001,OXFORD_451875_BCG_3AXIS_seg0001_c0069,477.928,478.376,0.4479999999999791,225,238964,239189,0.05473858165040553,0.048119940214140504,True,,451875,451875,BCG_3AXIS
OXFORD,OXFORD_451875_BCG_3AXIS_seg0001,OXFORD_451875_BCG_3AXIS_seg0001_c0070,481.818,482.382,0.5640000000000214,283,240909,241192,0.053933754398632454,0.048119940214140504,True,,451875,451875,BCG_3AXIS
OXFORD,OXFORD_451875_BCG_3AXIS_seg0001,OXFORD_451875_BCG_3AXIS_seg0001_c0071,484.014,484.872,0.8580000000000041,430,242007,242437,0.05760837345196759,0.048119940214140504,True,,451875,451875,BCG_3AXIS
OXFORD,OXFORD_451875_BCG_3AXIS_seg0001,OXFORD_451875_BCG_3AXIS_seg0001_c0072,486.52,487.488,0.9680000000000177,485,243260,243745,0.06528512764002936,0.048119940214140504,True,,451875,451875,BCG_3AXIS
OXFORD,OXFORD_451875_BCG_3AXIS_seg0001,OXFORD_451875_BCG_3AXIS_seg0001_c0073,488.3,488.79,0.4900000000000091,246,244150,244396,0.052591744197570685,0.048119940214140504,True,,451875,451875,BCG_3AXIS
OXFORD,OXFORD_451875_BCG_3AXIS_seg0001,OXFORD_451875_BCG_3AXIS_seg0001_c0074,491.824,492.274,0.44999999999998863,226,245912,246138,0.06223094048307581,0.048119940214140504,True,,451875,451875,BCG_3AXIS
OXFORD,OXFORD_451875_BCG_3AXIS_seg0001,OXFORD_451875_BCG_3AXIS_seg0001_c0075,493.176,494.104,0.9279999999999973,465,246588,247053,0.07238567644536843,0.048119940214140504,True,,451875,451875,BCG_3AXIS
OXFORD,OXFORD_451875_BCG_3AXIS_seg0001,OXFORD_451875_BCG_3AXIS_seg0001_c0076,495.65,496.68,1.0300000000000296,516,247825,248341,0.07225150300714801,0.048119940214140504,True,,451875,451875,BCG_3AXIS
OXFORD,OXFORD_451875_BCG_3AXIS_seg0001,OXFORD_451875_BCG_3AXIS_seg0001_c0077,498.13,499.036,0.9060000000000059,454,249065,249519,0.06295397886044377,0.048119940214140504,True,,451875,451875,BCG_3AXIS
OXFORD,OXFORD_451875_BCG_3AXIS_seg0001,OXFORD_451875_BCG_3AXIS_seg0001_c0078,502.352,503.648,1.2960000000000491,649,251176,251825,0.08273400185828138,0.048119940214140504,True,,451875,451875,BCG_3AXIS
OXFORD,OXFORD_451875_BCG_3AXIS_seg0001,OXFORD_451875_BCG_3AXIS_seg0001_c0079,508.064,508.478,0.41399999999998727,208,254032,254240,0.09747779369725482,0.048119940214140504,True,,451875,451875,BCG_3AXIS
OXFORD,OXFORD_451875_BCG_3AXIS_seg0001,OXFORD_451875_BCG_3AXIS_seg0001_c0080,510.18,511.986,1.8059999999999832,904,255090,255994,0.07953909990864777,0.048119940214140504,True,,451875,451875,BCG_3AXIS
OXFORD,OXFORD_451875_BCG_3AXIS_seg0001,OXFORD_451875_BCG_3AXIS_seg0001_c0081,513.294,515.18,1.8859999999999673,944,256647,257591,0.06175890129676347,0.048119940214140504,True,,451875,451875,BCG_3AXIS
OXFORD,OXFORD_451875_BCG_3AXIS_seg0001,OXFORD_451875_BCG_3AXIS_seg0001_c0082,515.992,516.38,0.38800000000003365,195,257996,258191,0.07158774132371604,0.048119940214140504,True,,451875,451875,BCG_3AXIS
OXFORD,OXFORD_451875_BCG_3AXIS_seg0001,OXFORD_451875_BCG_3AXIS_seg0001_c0083,517.216,517.716,0.5,251,258608,258859,0.08482107688458693,0.048119940214140504,True,,451875,451875,BCG_3AXIS
OXFORD,OXFORD_451875_BCG_3AXIS_seg0001,OXFORD_451875_BCG_3AXIS_seg0001_c0084,518.56,520.73,2.1700000000000728,1086,259280,260366,0.07200801434769154,0.048119940214140504,True,,451875,451875,BCG_3AXIS
OXFORD,OXFORD_451875_BCG_3AXIS_seg0001,OXFORD_451875_BCG_3AXIS_seg0001_c0085,522.922,524.24,1.3179999999999836,660,261461,262121,0.0888747361081356,0.048119940214140504,True,,451875,451875,BCG_3AXIS
OXFORD,OXFORD_451875_BCG_3AXIS_seg0001,OXFORD_451875_BCG_3AXIS_seg0001_c0086,528.14,528.938,0.7980000000000018,400,264070,264470,0.08014218871640358,0.048119940214140504,True,,451875,451875,BCG_3AXIS
OXFORD,OXFORD_451875_BCG_3AXIS_seg0001,OXFORD_451875_BCG_3AXIS_seg0001_c0087,534.24,534.688,0.4479999999999791,225,267120,267345,0.06136265166355219,0.048119940214140504,True,,451875,451875,BCG_3AXIS
OXFORD,OXFORD_451875_BCG_3AXIS_seg0001,OXFORD_451875_BCG_3AXIS_seg0001_c0088,536.848,537.746,0.8980000000000246,450,268424,268874,0.08702839450342335,0.048119940214140504,True,,451875,451875,BCG_3AXIS
OXFORD,OXFORD_451875_BCG_3AXIS_seg0001,OXFORD_451875_BCG_3AXIS_seg0001_c0089,538.588,539.446,0.8580000000000609,430,269294,269724,0.07506168812501339,0.048119940214140504,True,,451875,451875,BCG_3AXIS
OXFORD,OXFORD_451875_BCG_3AXIS_seg0001,OXFORD_451875_BCG_3AXIS_seg0001_c0090,542.092,543.492,1.3999999999999773,701,271046,271747,0.1177989182355432,0.048119940214140504,True,,451875,451875,BCG_3AXIS
OXFORD,OXFORD_451875_BCG_3AXIS_seg0001,OXFORD_451875_BCG_3AXIS_seg0001_c0091,545.112,546.162,1.0500000000000682,526,272556,273082,0.055575579545530926,0.048119940214140504,True,,451875,451875,BCG_3AXIS
OXFORD,OXFORD_451875_BCG_3AXIS_seg0001,OXFORD_451875_BCG_3AXIS_seg0001_c0092,547.5,547.958,0.45799999999997,230,273750,273980,0.061654937164477557,0.048119940214140504,True,,451875,451875,BCG_3AXIS
OXFORD,OXFORD_451875_BCG_3AXIS_seg0001,OXFORD_451875_BCG_3AXIS_seg0001_c0093,548.5,548.846,0.34600000000000364,174,274250,274424,0.053580195259152696,0.048119940214140504,True,,451875,451875,BCG_3AXIS
OXFORD,OXFORD_451875_BCG_3AXIS_seg0001,OXFORD_451875_BCG_3AXIS_seg0001_c0094,549.73,550.178,0.4479999999999791,225,274865,275090,0.08045267068727925,0.048119940214140504,True,,451875,451875,BCG_3AXIS
OXFORD,OXFORD_451875_BCG_3AXIS_seg0001,OXFORD_451875_BCG_3AXIS_seg0001_c0095,551.85,552.85,1.0,501,275925,276426,0.0616304190583726,0.048119940214140504,True,,451875,451875,BCG_3AXIS
OXFORD,OXFORD_451875_BCG_3AXIS_seg0001,OXFORD_451875_BCG_3AXIS_seg0001_c0096,553.744,554.206,0.4619999999999891,232,276872,277104,0.05798655011033825,0.048119940214140504,True,,451875,451875,BCG_3AXIS
OXFORD,OXFORD_451875_BCG_3AXIS_seg0001,OXFORD_451875_BCG_3AXIS_seg0001_c0097,557.948,559.12,1.1720000000000255,587,278974,279561,0.06227064324996422,0.048119940214140504,True,,451875,451875,BCG_3AXIS
OXFORD,OXFORD_451875_BCG_3AXIS_seg0001,OXFORD_451875_BCG_3AXIS_seg0001_c0098,559.644,559.97,0.32600000000002183,164,279822,279986,0.06482355073737084,0.048119940214140504,True,,451875,451875,BCG_3AXIS
OXFORD,OXFORD_451875_BCG_3AXIS_seg0001,OXFORD_451875_BCG_3AXIS_seg0001_c0099,563.882,564.898,1.0160000000000764,509,281941,282450,0.06686989782198006,0.048119940214140504,True,,451875,451875,BCG_3AXIS
OXFORD,OXFORD_451875_BCG_3AXIS_seg0001,OXFORD_451875_BCG_3AXIS_seg0001_c0100,567.252,568.424,1.1720000000000255,587,283626,284213,0.06643228155700297,0.048119940214140504,True,,451875,451875,BCG_3AXIS
OXFORD,OXFORD_451875_BCG_3AXIS_seg0001,OXFORD_451875_BCG_3AXIS_seg0001_c0101,568.994,569.866,0.8719999999999573,437,284497,284934,0.05678305397343559,0.048119940214140504,True,,451875,451875,BCG_3AXIS
OXFORD,OXFORD_451875_BCG_3AXIS_seg0001,OXFORD_451875_BCG_3AXIS_seg0001_c0102,572.81,573.288,0.4780000000000655,240,286405,286645,0.07615309015460589,0.048119940214140504,True,,451875,451875,BCG_3AXIS
OXFORD,OXFORD_451875_BCG_3AXIS_seg0001,OXFORD_451875_BCG_3AXIS_seg0001_c0103,576.656,577.488,0.8320000000001073,417,288328,288745,0.05453539093101989,0.048119940214140504,True,,451875,451875,BCG_3AXIS
OXFORD,OXFORD_451875_BCG_3AXIS_seg0001,OXFORD_451875_BCG_3AXIS_seg0001_c0104,578.478,578.934,0.4560000000000173,229,289239,289468,0.059782306785695086,0.048119940214140504,True,,451875,451875,BCG_3AXIS
OXFORD,OXFORD_451875_BCG_3AXIS_seg0001,OXFORD_451875_BCG_3AXIS_seg0001_c0105,581.146,582.07,0.9240000000000919,463,290573,291036,0.05904281814109673,0.048119940214140504,True,,451875,451875,BCG_3AXIS
OXFORD,OXFORD_451875_BCG_3AXIS_seg0001,OXFORD_451875_BCG_3AXIS_seg0001_c0106,586.532,587.106,0.5739999999999554,288,293266,293554,0.06236096567730588,0.048119940214140504,True,,451875,451875,BCG_3AXIS
OXFORD,OXFORD_451875_BCG_3AXIS_seg0001,OXFORD_451875_BCG_3AXIS_seg0001_c0107,594.582,595.032,0.4500000000000455,226,297291,297517,0.06282350613172377,0.048119940214140504,True,,451875,451875,BCG_3AXIS
OXFORD,OXFORD_451875_BCG_3AXIS_seg0001,OXFORD_451875_BCG_3AXIS_seg0001_c0108,598.078,598.504,0.42600000000004457,214,299039,299253,0.0764165914021778,0.048119940214140504,True,,451875,451875,BCG_3AXIS
OXFORD,OXFORD_451875_BCG_3AXIS_seg0001,OXFORD_451875_BCG_3AXIS_seg0001_c0109,602.354,603.332,0.9779999999999518,490,301177,301667,0.09343229435625718,0.048119940214140504,True,,451875,451875,BCG_3AXIS
OXFORD,OXFORD_451875_BCG_3AXIS_seg0001,OXFORD_451875_BCG_3AXIS_seg0001_c0110,613.786,618.008,4.222000000000094,2112,306893,309005,0.15093590463853387,0.048119940214140504,True,,451875,451875,BCG_3AXIS
OXFORD,OXFORD_451875_BCG_3AXIS_seg0001,OXFORD_451875_BCG_3AXIS_seg0001_c0111,621.212,622.188,0.9759999999999991,489,310606,311095,0.096547890218693,0.048119940214140504,True,,451875,451875,BCG_3AXIS
OXFORD,OXFORD_451875_BCG_3AXIS_seg0001,OXFORD_451875_BCG_3AXIS_seg0001_c0112,622.954,623.83,0.87600000000009,439,311477,311916,0.0825441129681461,0.048119940214140504,True,,451875,451875,BCG_3AXIS
OXFORD,OXFORD_451875_BCG_3AXIS_seg0001,OXFORD_451875_BCG_3AXIS_seg0001_c0113,637.494,637.806,0.3120000000000118,157,318747,318904,0.06803728137934914,0.048119940214140504,True,,451875,451875,BCG_3AXIS
OXFORD,OXFORD_451875_BCG_3AXIS_seg0001,OXFORD_451875_BCG_3AXIS_seg0001_c0114,643.2,644.168,0.9679999999999609,485,321600,322085,0.07969439178149139,0.048119940214140504,True,,451875,451875,BCG_3AXIS
OXFORD,OXFORD_451875_BCG_3AXIS_seg0001,OXFORD_451875_BCG_3AXIS_seg0001_c0115,646.71,647.082,0.37199999999995725,187,323355,323542,0.06257110268513293,0.048119940214140504,True,,451875,451875,BCG_3AXIS
OXFORD,OXFORD_451875_BCG_3AXIS_seg0001,OXFORD_451875_BCG_3AXIS_seg0001_c0116,650.054,650.47,0.41600000000005366,209,325027,325236,0.05247646489649226,0.048119940214140504,True,,451875,451875,BCG_3AXIS
OXFORD,OXFORD_451875_BCG_3AXIS_seg0001,OXFORD_451875_BCG_3AXIS_seg0001_c0117,657.564,658.944,1.3799999999999955,691,328782,329473,0.0696335342830429,0.048119940214140504,True,,451875,451875,BCG_3AXIS
OXFORD,OXFORD_451875_BCG_3AXIS_seg0001,OXFORD_451875_BCG_3AXIS_seg0001_c0118,663.554,664.092,0.5380000000000109,270,331777,332047,0.05930877255033149,0.048119940214140504,True,,451875,451875,BCG_3AXIS
OXFORD,OXFORD_451875_BCG_3AXIS_seg0001,OXFORD_451875_BCG_3AXIS_seg0001_c0119,668.572,669.512,0.9399999999999409,471,334286,334757,0.07123746974608132,0.048119940214140504,True,,451875,451875,BCG_3AXIS
OXFORD,OXFORD_451875_BCG_3AXIS_seg0001,OXFORD_451875_BCG_3AXIS_seg0001_c0120,673.046,673.512,0.4659999999998945,234,336523,336757,0.05213728399846868,0.048119940214140504,True,,451875,451875,BCG_3AXIS
OXFORD,OXFORD_451875_BCG_3AXIS_seg0001,OXFORD_451875_BCG_3AXIS_seg0001_c0121,679.02,679.622,0.6019999999999754,302,339510,339812,0.066234173318139,0.048119940214140504,True,,451875,451875,BCG_3AXIS
OXFORD,OXFORD_451875_BCG_3AXIS_seg0001,OXFORD_451875_BCG_3AXIS_seg0001_c0122,682.074,682.458,0.38400000000001455,193,341037,341230,0.07247059935251782,0.048119940214140504,True,,451875,451875,BCG_3AXIS
OXFORD,OXFORD_451875_BCG_3AXIS_seg0001,OXFORD_451875_BCG_3AXIS_seg0001_c0123,683.054,683.896,0.8419999999999845,422,341527,341949,0.06609584877355705,0.048119940214140504,True,,451875,451875,BCG_3AXIS
OXFORD,OXFORD_451875_BCG_3AXIS_seg0001,OXFORD_451875_BCG_3AXIS_seg0001_c0124,688.474,688.774,0.2999999999999545,151,344237,344388,0.05404025278750414,0.048119940214140504,True,,451875,451875,BCG_3AXIS
OXFORD,OXFORD_451875_BCG_3AXIS_seg0001,OXFORD_451875_BCG_3AXIS_seg0001_c0125,700.554,702.934,2.3799999999999955,1191,350277,351468,0.07255550454477777,0.048119940214140504,True,,451875,451875,BCG_3AXIS
OXFORD,OXFORD_451875_BCG_3AXIS_seg0001,OXFORD_451875_BCG_3AXIS_seg0001_c0126,703.48,703.78,0.2999999999999545,151,351740,351891,0.061651093762947404,0.048119940214140504,True,,451875,451875,BCG_3AXIS
OXFORD,OXFORD_451875_BCG_3AXIS_seg0001,OXFORD_451875_BCG_3AXIS_seg0001_c0127,707.318,707.698,0.37999999999999545,191,353659,353850,0.06609234228917157,0.048119940214140504,True,,451875,451875,BCG_3AXIS
OXFORD,OXFORD_451875_BCG_3AXIS_seg0001,OXFORD_451875_BCG_3AXIS_seg0001_c0128,708.29,708.746,0.4560000000000173,229,354145,354374,0.059006296672673694,0.048119940214140504,True,,451875,451875,BCG_3AXIS
OXFORD,OXFORD_451875_BCG_3AXIS_seg0001,OXFORD_451875_BCG_3AXIS_seg0001_c0129,714.218,714.6,0.38200000000006185,192,357109,357301,0.05329237458618422,0.048119940214140504,True,,451875,451875,BCG_3AXIS
OXFORD,OXFORD_451875_BCG_3AXIS_seg0001,OXFORD_451875_BCG_3AXIS_seg0001_c0130,718.69,719.066,0.37599999999997635,189,359345,359534,0.05589039566993209,0.048119940214140504,True,,451875,451875,BCG_3AXIS
OXFORD,OXFORD_451875_BCG_3AXIS_seg0001,OXFORD_451875_BCG_3AXIS_seg0001_c0131,720.988,721.834,0.84599999999989,424,360494,360918,0.10317482640779622,0.048119940214140504,True,,451875,451875,BCG_3AXIS
OXFORD,OXFORD_451875_BCG_3AXIS_seg0001,OXFORD_451875_BCG_3AXIS_seg0001_c0132,722.552,723.494,0.9420000000000073,472,361276,361748,0.10475320349270899,0.048119940214140504,True,,451875,451875,BCG_3AXIS
OXFORD,OXFORD_451875_BCG_3AXIS_seg0001,OXFORD_451875_BCG_3AXIS_seg0001_c0133,724.972,726.46,1.4880000000000564,745,362486,363231,0.09622507845400274,0.048119940214140504,True,,451875,451875,BCG_3AXIS
OXFORD,OXFORD_451875_BCG_3AXIS_seg0001,OXFORD_451875_BCG_3AXIS_seg0001_c0134,727.25,727.706,0.4560000000000173,229,363625,363854,0.09563690699340319,0.048119940214140504,True,,451875,451875,BCG_3AXIS
OXFORD,OXFORD_451875_BCG_3AXIS_seg0001,OXFORD_451875_BCG_3AXIS_seg0001_c0135,729.148,731.654,2.505999999999972,1254,364574,365828,0.163533229848385,0.048119940214140504,True,,451875,451875,BCG_3AXIS
OXFORD,OXFORD_451875_BCG_3AXIS_seg0001,OXFORD_451875_BCG_3AXIS_seg0001_c0136,735.004,736.02,1.0159999999999627,509,367502,368011,0.09595466111593294,0.048119940214140504,True,,451875,451875,BCG_3AXIS
OXFORD,OXFORD_451875_BCG_3AXIS_seg0001,OXFORD_451875_BCG_3AXIS_seg0001_c0137,738.608,739.052,0.44400000000007367,223,369304,369527,0.08503538864009563,0.048119940214140504,True,,451875,451875,BCG_3AXIS
OXFORD,OXFORD_451875_BCG_3AXIS_seg0001,OXFORD_451875_BCG_3AXIS_seg0001_c0138,739.594,740.404,0.8099999999999454,406,369797,370203,0.11162144676480848,0.048119940214140504,True,,451875,451875,BCG_3AXIS
OXFORD,OXFORD_451875_BCG_3AXIS_seg0001,OXFORD_451875_BCG_3AXIS_seg0001_c0139,760.658,762.484,1.8260000000000218,914,380329,381243,0.07308516522910494,0.048119940214140504,True,,451875,451875,BCG_3AXIS
OXFORD,OXFORD_451875_BCG_3AXIS_seg0001,OXFORD_451875_BCG_3AXIS_seg0001_c0140,763.034,766.032,2.9980000000000473,1500,381517,383017,0.11576436603308582,0.048119940214140504,True,,451875,451875,BCG_3AXIS
OXFORD,OXFORD_451875_BCG_3AXIS_seg0001,OXFORD_451875_BCG_3AXIS_seg0001_c0141,777.154,778.224,1.07000000000005,536,388577,389113,0.1152792854861575,0.048119940214140504,True,,451875,451875,BCG_3AXIS
OXFORD,OXFORD_451875_BCG_3AXIS_seg0001,OXFORD_451875_BCG_3AXIS_seg0001_c0142,784.742,785.114,0.37200000000007094,187,392371,392558,0.09228577509692386,0.048119940214140504,True,,451875,451875,BCG_3AXIS
OXFORD,OXFORD_451875_BCG_3AXIS_seg0001,OXFORD_451875_BCG_3AXIS_seg0001_c0143,785.74,786.62,0.8799999999999955,441,392870,393311,0.06249928232390538,0.048119940214140504,True,,451875,451875,BCG_3AXIS
OXFORD,OXFORD_451875_BCG_3AXIS_seg0001,OXFORD_451875_BCG_3AXIS_seg0001_c0144,788.248,788.622,0.37399999999990996,188,394124,394312,0.06006950921950811,0.048119940214140504,True,,451875,451875,BCG_3AXIS
OXFORD,OXFORD_451875_BCG_3AXIS_seg0001,OXFORD_451875_BCG_3AXIS_seg0001_c0145,789.71,790.448,0.7379999999999427,370,394855,395225,0.0763702671459102,0.048119940214140504,True,,451875,451875,BCG_3AXIS
OXFORD,OXFORD_451875_BCG_3AXIS_seg0001,OXFORD_451875_BCG_3AXIS_seg0001_c0146,813.358,813.88,0.5220000000000482,262,406679,406941,0.053226194987061375,0.048119940214140504,True,,451875,451875,BCG_3AXIS
OXFORD,OXFORD_451875_BCG_3AXIS_seg0001,OXFORD_451875_BCG_3AXIS_seg0001_c0147,836.304,837.232,0.9279999999999973,465,418152,418617,0.06267511502093058,0.048119940214140504,True,,451875,451875,BCG_3AXIS
OXFORD,OXFORD_451875_BCG_3AXIS_seg0001,OXFORD_451875_BCG_3AXIS_seg0001_c0148,842.828,843.192,0.36400000000003274,183,421414,421597,0.057455455612495855,0.048119940214140504,True,,451875,451875,BCG_3AXIS
OXFORD,OXFORD_451875_BCG_3AXIS_seg0001,OXFORD_451875_BCG_3AXIS_seg0001_c0149,854.582,855.012,0.42999999999995,216,427291,427507,0.06207294832704626,0.048119940214140504,True,,451875,451875,BCG_3AXIS
OXFORD,OXFORD_451875_BCG_3AXIS_seg0001,OXFORD_451875_BCG_3AXIS_seg0001_c0150,857.728,858.234,0.5060000000000855,254,428864,429118,0.05524102495418434,0.048119940214140504,True,,451875,451875,BCG_3AXIS
OXFORD,OXFORD_451875_BCG_3AXIS_seg0001,OXFORD_451875_BCG_3AXIS_seg0001_c0151,858.876,859.952,1.0760000000000218,539,429438,429977,0.05996110212357992,0.048119940214140504,True,,451875,451875,BCG_3AXIS
OXFORD,OXFORD_451875_BCG_3AXIS_seg0001,OXFORD_451875_BCG_3AXIS_seg0001_c0152,860.466,860.972,0.5059999999999718,254,430233,430487,0.07135558731698087,0.048119940214140504,True,,451875,451875,BCG_3AXIS
OXFORD,OXFORD_451875_BCG_3AXIS_seg0001,OXFORD_451875_BCG_3AXIS_seg0001_c0153,862.79,863.71,0.9200000000000728,461,431395,431856,0.055056489637805184,0.048119940214140504,True,,451875,451875,BCG_3AXIS
OXFORD,OXFORD_451875_BCG_3AXIS_seg0001,OXFORD_451875_BCG_3AXIS_seg0001_c0154,866.87,867.31,0.4399999999999409,221,433435,433656,0.07352205271169437,0.048119940214140504,True,,451875,451875,BCG_3AXIS
OXFORD,OXFORD_451875_BCG_3AXIS_seg0001,OXFORD_451875_BCG_3AXIS_seg0001_c0155,870.918,871.85,0.9320000000000164,467,435459,435926,0.08428428165441108,0.048119940214140504,True,,451875,451875,BCG_3AXIS
OXFORD,OXFORD_451875_BCG_3AXIS_seg0001,OXFORD_451875_BCG_3AXIS_seg0001_c0156,876.364,877.778,1.4139999999999873,708,438182,438890,0.06735392862575976,0.048119940214140504,True,,451875,451875,BCG_3AXIS
OXFORD,OXFORD_451875_BCG_3AXIS_seg0001,OXFORD_451875_BCG_3AXIS_seg0001_c0157,879.144,879.576,0.43200000000001637,217,439572,439789,0.05937934330179679,0.048119940214140504,True,,451875,451875,BCG_3AXIS
OXFORD,OXFORD_451875_BCG_3AXIS_seg0001,OXFORD_451875_BCG_3AXIS_seg0001_c0158,880.484,881.422,0.9379999999999882,470,440242,440712,0.06537142170840098,0.048119940214140504,True,,451875,451875,BCG_3AXIS
OXFORD,OXFORD_451875_BCG_3AXIS_seg0001,OXFORD_451875_BCG_3AXIS_seg0001_c0159,883.688,886.488,2.800000000000068,1401,441844,443245,0.1151160711665602,0.048119940214140504,True,,451875,451875,BCG_3AXIS
OXFORD,OXFORD_451875_BCG_3AXIS_seg0001,OXFORD_451875_BCG_3AXIS_seg0001_c0160,888.502,890.114,1.61200000000008,807,444251,445058,0.06782302154080479,0.048119940214140504,True,,451875,451875,BCG_3AXIS
OXFORD,OXFORD_451875_BCG_3AXIS_seg0001,OXFORD_451875_BCG_3AXIS_seg0001_c0161,890.98,891.48,0.5,251,445490,445741,0.05263857263921567,0.048119940214140504,True,,451875,451875,BCG_3AXIS
OXFORD,OXFORD_451875_BCG_3AXIS_seg0001,OXFORD_451875_BCG_3AXIS_seg0001_c0162,893.28,894.268,0.9880000000000564,495,446640,447135,0.08936652007682475,0.048119940214140504,True,,451875,451875,BCG_3AXIS
OXFORD,OXFORD_451875_BCG_3AXIS_seg0001,OXFORD_451875_BCG_3AXIS_seg0001_c0163,895.128,897.022,1.8940000000000055,948,447564,448512,0.08770369038601024,0.048119940214140504,True,,451875,451875,BCG_3AXIS
OXFORD,OXFORD_451875_BCG_3AXIS_seg0001,OXFORD_451875_BCG_3AXIS_seg0001_c0164,898.726,901.59,2.8640000000000327,1433,449363,450796,0.06578295526914683,0.048119940214140504,True,,451875,451875,BCG_3AXIS
OXFORD,OXFORD_451875_BCG_3AXIS_seg0001,OXFORD_451875_BCG_3AXIS_seg0001_c0165,902.514,903.406,0.8919999999999391,447,451257,451704,0.07358057177586888,0.048119940214140504,True,,451875,451875,BCG_3AXIS
OXFORD,OXFORD_451898_BCG_3AXIS_seg0001,OXFORD_451898_BCG_3AXIS_seg0001_c0001,2.83,3.244,0.41400000000000015,208,1415,1623,2.2966469573761623,0.06059348761706174,True,,451898,451898,BCG_3AXIS
OXFORD,OXFORD_451898_BCG_3AXIS_seg0001,OXFORD_451898_BCG_3AXIS_seg0001_c0002,61.562,64.492,2.930000000000007,1466,30781,32247,0.09407345340645593,0.06059348761706174,True,,451898,451898,BCG_3AXIS
OXFORD,OXFORD_451898_BCG_3AXIS_seg0001,OXFORD_451898_BCG_3AXIS_seg0001_c0003,65.958,66.952,0.9939999999999998,498,32979,33477,0.07817667790433895,0.06059348761706174,True,,451898,451898,BCG_3AXIS
OXFORD,OXFORD_451898_BCG_3AXIS_seg0001,OXFORD_451898_BCG_3AXIS_seg0001_c0004,161.554,162.004,0.44999999999998863,226,80777,81003,0.0985547251157769,0.06059348761706174,True,,451898,451898,BCG_3AXIS
OXFORD,OXFORD_451898_BCG_3AXIS_seg0001,OXFORD_451898_BCG_3AXIS_seg0001_c0005,223.584,224.12,0.5360000000000014,269,111792,112061,0.0681583378237252,0.06059348761706174,True,,451898,451898,BCG_3AXIS
OXFORD,OXFORD_451898_BCG_3AXIS_seg0001,OXFORD_451898_BCG_3AXIS_seg0001_c0006,225.688,226.236,0.5480000000000018,275,112844,113119,0.07485622952372281,0.06059348761706174,True,,451898,451898,BCG_3AXIS
OXFORD,OXFORD_451898_BCG_3AXIS_seg0001,OXFORD_451898_BCG_3AXIS_seg0001_c0007,248.31,248.844,0.5339999999999918,268,124155,124423,0.07279781172561443,0.06059348761706174,True,,451898,451898,BCG_3AXIS
OXFORD,OXFORD_451898_BCG_3AXIS_seg0001,OXFORD_451898_BCG_3AXIS_seg0001_c0008,275.748,276.186,0.4379999999999882,220,137874,138094,0.10098858290385557,0.06059348761706174,True,,451898,451898,BCG_3AXIS
OXFORD,OXFORD_451898_BCG_3AXIS_seg0001,OXFORD_451898_BCG_3AXIS_seg0001_c0009,280.618,284.292,3.673999999999978,1838,140309,142147,0.225554945186012,0.06059348761706174,True,,451898,451898,BCG_3AXIS
OXFORD,OXFORD_451898_BCG_3AXIS_seg0001,OXFORD_451898_BCG_3AXIS_seg0001_c0010,285.098,287.604,2.505999999999972,1254,142549,143803,0.10731485562044342,0.06059348761706174,True,,451898,451898,BCG_3AXIS
OXFORD,OXFORD_451898_BCG_3AXIS_seg0001,OXFORD_451898_BCG_3AXIS_seg0001_c0011,360.16,360.626,0.46599999999995134,234,180080,180314,0.06913314024903736,0.06059348761706174,True,,451898,451898,BCG_3AXIS
OXFORD,OXFORD_451898_BCG_3AXIS_seg0001,OXFORD_451898_BCG_3AXIS_seg0001_c0012,369.552,370.192,0.6399999999999864,321,184776,185097,0.11242789444478299,0.06059348761706174,True,,451898,451898,BCG_3AXIS
OXFORD,OXFORD_451898_BCG_3AXIS_seg0001,OXFORD_451898_BCG_3AXIS_seg0001_c0013,370.778,371.1,0.32200000000000273,162,185389,185551,0.08849973299901168,0.06059348761706174,True,,451898,451898,BCG_3AXIS
OXFORD,OXFORD_451898_BCG_3AXIS_seg0001,OXFORD_451898_BCG_3AXIS_seg0001_c0014,408.044,408.642,0.5980000000000132,300,204022,204322,0.09821149110588577,0.06059348761706174,True,,451898,451898,BCG_3AXIS
OXFORD,OXFORD_451898_BCG_3AXIS_seg0001,OXFORD_451898_BCG_3AXIS_seg0001_c0015,417.198,423.852,6.653999999999996,3328,208599,211927,0.6191658631945394,0.06059348761706174,True,,451898,451898,BCG_3AXIS
OXFORD,OXFORD_451898_BCG_3AXIS_seg0001,OXFORD_451898_BCG_3AXIS_seg0001_c0016,462.718,463.338,0.6200000000000045,311,231359,231670,0.12092793711476535,0.06059348761706174,True,,451898,451898,BCG_3AXIS
OXFORD,OXFORD_451898_BCG_3AXIS_seg0001,OXFORD_451898_BCG_3AXIS_seg0001_c0017,505.918,509.696,3.77800000000002,1890,252959,254849,0.5865823358853038,0.06059348761706174,True,,451898,451898,BCG_3AXIS
OXFORD,OXFORD_451898_BCG_3AXIS_seg0001,OXFORD_451898_BCG_3AXIS_seg0001_c0018,527.76,528.188,0.42799999999999727,215,263880,264095,0.06346794555091459,0.06059348761706174,True,,451898,451898,BCG_3AXIS
OXFORD,OXFORD_451898_BCG_3AXIS_seg0001,OXFORD_451898_BCG_3AXIS_seg0001_c0019,529.666,530.564,0.8979999999999109,450,264833,265283,0.08979342480762623,0.06059348761706174,True,,451898,451898,BCG_3AXIS
OXFORD,OXFORD_451898_BCG_3AXIS_seg0001,OXFORD_451898_BCG_3AXIS_seg0001_c0020,532.584,532.886,0.3020000000000209,152,266292,266444,0.08363360106413274,0.06059348761706174,True,,451898,451898,BCG_3AXIS
OXFORD,OXFORD_451898_BCG_3AXIS_seg0001,OXFORD_451898_BCG_3AXIS_seg0001_c0021,559.888,562.712,2.8239999999999554,1413,279944,281357,0.3193948891268883,0.06059348761706174,True,,451898,451898,BCG_3AXIS
OXFORD,OXFORD_451898_BCG_3AXIS_seg0001,OXFORD_451898_BCG_3AXIS_seg0001_c0022,608.29,608.932,0.6420000000000528,322,304145,304467,0.06627526030024633,0.06059348761706174,True,,451898,451898,BCG_3AXIS
OXFORD,OXFORD_451898_BCG_3AXIS_seg0001,OXFORD_451898_BCG_3AXIS_seg0001_c0023,609.71,610.4,0.6899999999999409,346,304855,305201,0.06941786302561335,0.06059348761706174,True,,451898,451898,BCG_3AXIS
OXFORD,OXFORD_451898_BCG_3AXIS_seg0001,OXFORD_451898_BCG_3AXIS_seg0001_c0024,612.862,621.092,8.230000000000018,4116,306431,310547,0.45403955613910846,0.06059348761706174,True,,451898,451898,BCG_3AXIS
OXFORD,OXFORD_451898_BCG_3AXIS_seg0001,OXFORD_451898_BCG_3AXIS_seg0001_c0025,638.73,639.134,0.40399999999999636,203,319365,319568,0.07924281298895954,0.06059348761706174,True,,451898,451898,BCG_3AXIS
OXFORD,OXFORD_451898_BCG_3AXIS_seg0001,OXFORD_451898_BCG_3AXIS_seg0001_c0026,715.0,716.698,1.697999999999979,850,357500,358350,0.16277054142447314,0.06059348761706174,True,,451898,451898,BCG_3AXIS
OXFORD,OXFORD_451898_BCG_3AXIS_seg0001,OXFORD_451898_BCG_3AXIS_seg0001_c0027,720.93,721.668,0.7380000000000564,370,360465,360835,0.07477805634384836,0.06059348761706174,True,,451898,451898,BCG_3AXIS
OXFORD,OXFORD_451898_BCG_3AXIS_seg0001,OXFORD_451898_BCG_3AXIS_seg0001_c0028,786.228,786.772,0.5440000000000964,273,393114,393387,0.07207164083024349,0.06059348761706174,True,,451898,451898,BCG_3AXIS
OXFORD,OXFORD_451898_BCG_3AXIS_seg0001,OXFORD_451898_BCG_3AXIS_seg0001_c0029,798.498,800.464,1.9660000000000082,984,399249,400233,0.07781364864691323,0.06059348761706174,True,,451898,451898,BCG_3AXIS
OXFORD,OXFORD_451898_BCG_3AXIS_seg0001,OXFORD_451898_BCG_3AXIS_seg0001_c0030,801.116,809.212,8.096000000000004,4049,400558,404607,1.2237487799191356,0.06059348761706174,True,,451898,451898,BCG_3AXIS
OXFORD,OXFORD_451898_BCG_3AXIS_seg0001,OXFORD_451898_BCG_3AXIS_seg0001_c0031,857.872,858.214,0.3420000000000982,172,428936,429108,0.08653572961151706,0.06059348761706174,True,,451898,451898,BCG_3AXIS
OXFORD,OXFORD_451898_BCG_3AXIS_seg0001,OXFORD_451898_BCG_3AXIS_seg0001_c0032,888.102,889.768,1.6660000000000537,834,444051,444885,0.24299030862441623,0.06059348761706174,True,,451898,451898,BCG_3AXIS
OXFORD,OXFORD_451898_BCG_3AXIS_seg0001,OXFORD_451898_BCG_3AXIS_seg0001_c0033,890.274,895.46,5.1860000000000355,2594,445137,447731,0.23688225172103383,0.06059348761706174,True,,451898,451898,BCG_3AXIS
OXFORD,OXFORD_451905_BCG_3AXIS_seg0001,OXFORD_451905_BCG_3AXIS_seg0001_c0001,0.002,4.422,4.42,2211,1,2212,24.89775081259113,0.0692603020944882,True,,451905,451905,BCG_3AXIS
OXFORD,OXFORD_451905_BCG_3AXIS_seg0001,OXFORD_451905_BCG_3AXIS_seg0001_c0002,24.642,25.158,0.5160000000000018,259,12321,12580,0.12066977394164036,0.0692603020944882,True,,451905,451905,BCG_3AXIS
OXFORD,OXFORD_451905_BCG_3AXIS_seg0001,OXFORD_451905_BCG_3AXIS_seg0001_c0003,27.544,27.996,0.4519999999999982,227,13772,13999,0.0911742057918316,0.0692603020944882,True,,451905,451905,BCG_3AXIS
OXFORD,OXFORD_451905_BCG_3AXIS_seg0001,OXFORD_451905_BCG_3AXIS_seg0001_c0004,28.554,30.578,2.024000000000001,1013,14277,15290,0.15759931351377918,0.0692603020944882,True,,451905,451905,BCG_3AXIS
OXFORD,OXFORD_451905_BCG_3AXIS_seg0001,OXFORD_451905_BCG_3AXIS_seg0001_c0005,31.208,32.794,1.5859999999999985,794,15604,16398,0.1565774396364515,0.0692603020944882,True,,451905,451905,BCG_3AXIS
OXFORD,OXFORD_451905_BCG_3AXIS_seg0001,OXFORD_451905_BCG_3AXIS_seg0001_c0006,35.706,36.596,0.8899999999999935,446,17853,18299,0.09423892482214406,0.0692603020944882,True,,451905,451905,BCG_3AXIS
OXFORD,OXFORD_451905_BCG_3AXIS_seg0001,OXFORD_451905_BCG_3AXIS_seg0001_c0007,39.264,39.6,0.3359999999999985,169,19632,19801,0.10369902700046846,0.0692603020944882,True,,451905,451905,BCG_3AXIS
OXFORD,OXFORD_451905_BCG_3AXIS_seg0001,OXFORD_451905_BCG_3AXIS_seg0001_c0008,68.024,68.51,0.4860000000000042,244,34012,34256,0.07833615857652389,0.0692603020944882,True,,451905,451905,BCG_3AXIS
OXFORD,OXFORD_451905_BCG_3AXIS_seg0001,OXFORD_451905_BCG_3AXIS_seg0001_c0009,90.948,91.468,0.5200000000000102,261,45474,45735,0.12911282793667153,0.0692603020944882,True,,451905,451905,BCG_3AXIS
OXFORD,OXFORD_451905_BCG_3AXIS_seg0001,OXFORD_451905_BCG_3AXIS_seg0001_c0010,114.604,115.492,0.8880000000000052,445,57302,57747,0.0911439941703648,0.0692603020944882,True,,451905,451905,BCG_3AXIS
OXFORD,OXFORD_451905_BCG_3AXIS_seg0001,OXFORD_451905_BCG_3AXIS_seg0001_c0011,123.26,123.644,0.38400000000000034,193,61630,61823,0.08058929840851681,0.0692603020944882,True,,451905,451905,BCG_3AXIS
OXFORD,OXFORD_451905_BCG_3AXIS_seg0001,OXFORD_451905_BCG_3AXIS_seg0001_c0012,143.354,144.124,0.7699999999999818,386,71677,72063,0.12747966268240787,0.0692603020944882,True,,451905,451905,BCG_3AXIS
OXFORD,OXFORD_451905_BCG_3AXIS_seg0001,OXFORD_451905_BCG_3AXIS_seg0001_c0013,144.686,146.252,1.5660000000000025,784,72343,73127,0.3171855875382201,0.0692603020944882,True,,451905,451905,BCG_3AXIS
OXFORD,OXFORD_451905_BCG_3AXIS_seg0001,OXFORD_451905_BCG_3AXIS_seg0001_c0014,155.198,157.538,2.3400000000000034,1171,77599,78770,0.32377643606998263,0.0692603020944882,True,,451905,451905,BCG_3AXIS
OXFORD,OXFORD_451905_BCG_3AXIS_seg0001,OXFORD_451905_BCG_3AXIS_seg0001_c0015,167.914,168.616,0.7020000000000266,352,83957,84309,0.09858477197137984,0.0692603020944882,True,,451905,451905,BCG_3AXIS
OXFORD,OXFORD_451905_BCG_3AXIS_seg0001,OXFORD_451905_BCG_3AXIS_seg0001_c0016,170.636,171.002,0.36600000000001387,184,85318,85502,0.2568342507567908,0.0692603020944882,True,,451905,451905,BCG_3AXIS
OXFORD,OXFORD_451905_BCG_3AXIS_seg0001,OXFORD_451905_BCG_3AXIS_seg0001_c0017,175.804,176.148,0.3439999999999941,173,87902,88075,0.10033571150343201,0.0692603020944882,True,,451905,451905,BCG_3AXIS
OXFORD,OXFORD_451905_BCG_3AXIS_seg0001,OXFORD_451905_BCG_3AXIS_seg0001_c0018,196.096,196.648,0.5519999999999925,277,98048,98325,0.12054980380770755,0.0692603020944882,True,,451905,451905,BCG_3AXIS
OXFORD,OXFORD_451905_BCG_3AXIS_seg0001,OXFORD_451905_BCG_3AXIS_seg0001_c0019,203.718,204.824,1.106000000000023,554,101859,102413,0.10233964663412337,0.0692603020944882,True,,451905,451905,BCG_3AXIS
OXFORD,OXFORD_451905_BCG_3AXIS_seg0001,OXFORD_451905_BCG_3AXIS_seg0001_c0020,213.76,214.108,0.3480000000000132,175,106880,107055,0.11084181478315668,0.0692603020944882,True,,451905,451905,BCG_3AXIS
OXFORD,OXFORD_451905_BCG_3AXIS_seg0001,OXFORD_451905_BCG_3AXIS_seg0001_c0021,229.602,230.12,0.5180000000000007,260,114801,115061,0.18376057266386198,0.0692603020944882,True,,451905,451905,BCG_3AXIS
OXFORD,OXFORD_451905_BCG_3AXIS_seg0001,OXFORD_451905_BCG_3AXIS_seg0001_c0022,249.256,249.606,0.3499999999999943,176,124628,124804,0.10690053890956379,0.0692603020944882,True,,451905,451905,BCG_3AXIS
OXFORD,OXFORD_451905_BCG_3AXIS_seg0001,OXFORD_451905_BCG_3AXIS_seg0001_c0023,285.374,285.918,0.5439999999999827,273,142687,142960,0.09829179363992653,0.0692603020944882,True,,451905,451905,BCG_3AXIS
OXFORD,OXFORD_451905_BCG_3AXIS_seg0001,OXFORD_451905_BCG_3AXIS_seg0001_c0024,302.09,304.832,2.7420000000000186,1372,151045,152417,0.6074134507458805,0.0692603020944882,True,,451905,451905,BCG_3AXIS
OXFORD,OXFORD_451905_BCG_3AXIS_seg0001,OXFORD_451905_BCG_3AXIS_seg0001_c0025,305.528,306.588,1.0600000000000023,531,152764,153295,0.14305071638489333,0.0692603020944882,True,,451905,451905,BCG_3AXIS
OXFORD,OXFORD_451905_BCG_3AXIS_seg0001,OXFORD_451905_BCG_3AXIS_seg0001_c0026,333.778,334.336,0.5579999999999927,280,166889,167169,0.1300963499071017,0.0692603020944882,True,,451905,451905,BCG_3AXIS
OXFORD,OXFORD_451905_BCG_3AXIS_seg0001,OXFORD_451905_BCG_3AXIS_seg0001_c0027,351.588,352.002,0.41399999999998727,208,175794,176002,0.15144981623061457,0.0692603020944882,True,,451905,451905,BCG_3AXIS
OXFORD,OXFORD_451905_BCG_3AXIS_seg0001,OXFORD_451905_BCG_3AXIS_seg0001_c0028,365.492,366.206,0.7139999999999986,358,182746,183104,0.08416560387174914,0.0692603020944882,True,,451905,451905,BCG_3AXIS
OXFORD,OXFORD_451905_BCG_3AXIS_seg0001,OXFORD_451905_BCG_3AXIS_seg0001_c0029,374.364,376.59,2.225999999999999,1114,187182,188296,0.453859013613273,0.0692603020944882,True,,451905,451905,BCG_3AXIS
OXFORD,OXFORD_451905_BCG_3AXIS_seg0001,OXFORD_451905_BCG_3AXIS_seg0001_c0030,378.332,379.266,0.9340000000000259,468,189166,189634,0.09082077463888236,0.0692603020944882,True,,451905,451905,BCG_3AXIS
OXFORD,OXFORD_451905_BCG_3AXIS_seg0001,OXFORD_451905_BCG_3AXIS_seg0001_c0031,382.186,383.834,1.6480000000000246,825,191093,191918,0.1777946783747487,0.0692603020944882,True,,451905,451905,BCG_3AXIS
OXFORD,OXFORD_451905_BCG_3AXIS_seg0001,OXFORD_451905_BCG_3AXIS_seg0001_c0032,386.286,387.334,1.0480000000000018,525,193143,193668,0.12706136653897748,0.0692603020944882,True,,451905,451905,BCG_3AXIS
OXFORD,OXFORD_451905_BCG_3AXIS_seg0001,OXFORD_451905_BCG_3AXIS_seg0001_c0033,392.318,393.16,0.8420000000000414,422,196159,196581,0.07546412760499907,0.0692603020944882,True,,451905,451905,BCG_3AXIS
OXFORD,OXFORD_451905_BCG_3AXIS_seg0001,OXFORD_451905_BCG_3AXIS_seg0001_c0034,398.34,398.654,0.3140000000000214,158,199170,199328,0.08878697240546711,0.0692603020944882,True,,451905,451905,BCG_3AXIS
OXFORD,OXFORD_451905_BCG_3AXIS_seg0001,OXFORD_451905_BCG_3AXIS_seg0001_c0035,404.074,404.396,0.32200000000000273,162,202037,202199,0.07860986603009572,0.0692603020944882,True,,451905,451905,BCG_3AXIS
OXFORD,OXFORD_451905_BCG_3AXIS_seg0001,OXFORD_451905_BCG_3AXIS_seg0001_c0036,409.442,410.024,0.5819999999999936,292,204721,205013,0.11042658547812692,0.0692603020944882,True,,451905,451905,BCG_3AXIS
OXFORD,OXFORD_451905_BCG_3AXIS_seg0001,OXFORD_451905_BCG_3AXIS_seg0001_c0037,412.528,413.052,0.5240000000000009,263,206264,206527,0.171592045592955,0.0692603020944882,True,,451905,451905,BCG_3AXIS
OXFORD,OXFORD_451905_BCG_3AXIS_seg0001,OXFORD_451905_BCG_3AXIS_seg0001_c0038,458.49,458.808,0.31799999999998363,160,229245,229405,0.0839720548908353,0.0692603020944882,True,,451905,451905,BCG_3AXIS
OXFORD,OXFORD_451905_BCG_3AXIS_seg0001,OXFORD_451905_BCG_3AXIS_seg0001_c0039,464.942,465.606,0.6639999999999873,333,232471,232804,0.11636720022656324,0.0692603020944882,True,,451905,451905,BCG_3AXIS
OXFORD,OXFORD_451905_BCG_3AXIS_seg0001,OXFORD_451905_BCG_3AXIS_seg0001_c0040,467.462,467.788,0.32600000000002183,164,233731,233895,0.07577451142191308,0.0692603020944882,True,,451905,451905,BCG_3AXIS
OXFORD,OXFORD_451905_BCG_3AXIS_seg0001,OXFORD_451905_BCG_3AXIS_seg0001_c0041,469.144,471.234,2.089999999999975,1046,234572,235618,0.1618739799931593,0.0692603020944882,True,,451905,451905,BCG_3AXIS
OXFORD,OXFORD_451905_BCG_3AXIS_seg0001,OXFORD_451905_BCG_3AXIS_seg0001_c0042,479.714,480.328,0.6139999999999759,308,239857,240165,0.19305283620756475,0.0692603020944882,True,,451905,451905,BCG_3AXIS
OXFORD,OXFORD_451905_BCG_3AXIS_seg0001,OXFORD_451905_BCG_3AXIS_seg0001_c0043,480.936,481.726,0.7900000000000205,396,240468,240864,0.1302774161219792,0.0692603020944882,True,,451905,451905,BCG_3AXIS
OXFORD,OXFORD_451905_BCG_3AXIS_seg0001,OXFORD_451905_BCG_3AXIS_seg0001_c0044,486.79,487.592,0.8019999999999641,402,243395,243797,0.1301341408524691,0.0692603020944882,True,,451905,451905,BCG_3AXIS
OXFORD,OXFORD_451905_BCG_3AXIS_seg0001,OXFORD_451905_BCG_3AXIS_seg0001_c0045,488.458,489.518,1.0599999999999454,531,244229,244760,0.18413579908813069,0.0692603020944882,True,,451905,451905,BCG_3AXIS
OXFORD,OXFORD_451905_BCG_3AXIS_seg0001,OXFORD_451905_BCG_3AXIS_seg0001_c0046,501.828,502.168,0.34000000000003183,171,250914,251085,0.08160222599284205,0.0692603020944882,True,,451905,451905,BCG_3AXIS
OXFORD,OXFORD_451905_BCG_3AXIS_seg0001,OXFORD_451905_BCG_3AXIS_seg0001_c0047,503.17,503.992,0.8220000000000027,412,251585,251997,0.08050417668717215,0.0692603020944882,True,,451905,451905,BCG_3AXIS
OXFORD,OXFORD_451905_BCG_3AXIS_seg0001,OXFORD_451905_BCG_3AXIS_seg0001_c0048,512.23,513.482,1.2519999999999527,627,256115,256742,0.11011127370989836,0.0692603020944882,True,,451905,451905,BCG_3AXIS
OXFORD,OXFORD_451905_BCG_3AXIS_seg0001,OXFORD_451905_BCG_3AXIS_seg0001_c0049,520.392,521.226,0.8339999999999463,418,260196,260614,0.09319522176533346,0.0692603020944882,True,,451905,451905,BCG_3AXIS
OXFORD,OXFORD_451905_BCG_3AXIS_seg0001,OXFORD_451905_BCG_3AXIS_seg0001_c0050,521.92,525.132,3.211999999999989,1607,260960,262567,0.28035921740027403,0.0692603020944882,True,,451905,451905,BCG_3AXIS
OXFORD,OXFORD_451905_BCG_3AXIS_seg0001,OXFORD_451905_BCG_3AXIS_seg0001_c0051,527.838,529.0,1.1620000000000346,582,263919,264501,0.1995059369247566,0.0692603020944882,True,,451905,451905,BCG_3AXIS
OXFORD,OXFORD_451905_BCG_3AXIS_seg0001,OXFORD_451905_BCG_3AXIS_seg0001_c0052,531.792,532.722,0.92999999999995,466,265896,266362,0.09863590141486447,0.0692603020944882,True,,451905,451905,BCG_3AXIS
OXFORD,OXFORD_451905_BCG_3AXIS_seg0001,OXFORD_451905_BCG_3AXIS_seg0001_c0053,555.446,555.94,0.4940000000000282,248,277723,277971,0.09652362253088638,0.0692603020944882,True,,451905,451905,BCG_3AXIS
OXFORD,OXFORD_451905_BCG_3AXIS_seg0001,OXFORD_451905_BCG_3AXIS_seg0001_c0054,557.978,558.292,0.3140000000000782,158,278989,279147,0.07744900154472813,0.0692603020944882,True,,451905,451905,BCG_3AXIS
OXFORD,OXFORD_451905_BCG_3AXIS_seg0001,OXFORD_451905_BCG_3AXIS_seg0001_c0055,576.142,576.448,0.30599999999992633,154,288071,288225,0.0900419907323224,0.0692603020944882,True,,451905,451905,BCG_3AXIS
OXFORD,OXFORD_451905_BCG_3AXIS_seg0001,OXFORD_451905_BCG_3AXIS_seg0001_c0056,602.97,603.78,0.8099999999999454,406,301485,301891,0.3185912868253683,0.0692603020944882,True,,451905,451905,BCG_3AXIS
OXFORD,OXFORD_451905_BCG_3AXIS_seg0001,OXFORD_451905_BCG_3AXIS_seg0001_c0057,631.246,631.78,0.5339999999999918,268,315623,315891,0.09042627656173692,0.0692603020944882,True,,451905,451905,BCG_3AXIS
OXFORD,OXFORD_451905_BCG_3AXIS_seg0001,OXFORD_451905_BCG_3AXIS_seg0001_c0058,634.786,635.468,0.6820000000000164,342,317393,317735,0.08723482220780611,0.0692603020944882,True,,451905,451905,BCG_3AXIS
OXFORD,OXFORD_451905_BCG_3AXIS_seg0001,OXFORD_451905_BCG_3AXIS_seg0001_c0059,661.636,662.71,1.0740000000000691,538,330818,331356,0.0884562925414868,0.0692603020944882,True,,451905,451905,BCG_3AXIS
OXFORD,OXFORD_451905_BCG_3AXIS_seg0001,OXFORD_451905_BCG_3AXIS_seg0001_c0060,668.89,669.388,0.4980000000000473,250,334445,334695,0.092376594190505,0.0692603020944882,True,,451905,451905,BCG_3AXIS
OXFORD,OXFORD_451905_BCG_3AXIS_seg0001,OXFORD_451905_BCG_3AXIS_seg0001_c0061,673.262,673.75,0.4880000000000564,245,336631,336876,0.1088534961854322,0.0692603020944882,True,,451905,451905,BCG_3AXIS
OXFORD,OXFORD_451905_BCG_3AXIS_seg0001,OXFORD_451905_BCG_3AXIS_seg0001_c0062,686.446,686.812,0.36599999999998545,184,343223,343407,0.12102602923750566,0.0692603020944882,True,,451905,451905,BCG_3AXIS
OXFORD,OXFORD_451905_BCG_3AXIS_seg0001,OXFORD_451905_BCG_3AXIS_seg0001_c0063,694.432,694.736,0.3039999999999736,153,347216,347369,0.1149872298152286,0.0692603020944882,True,,451905,451905,BCG_3AXIS
OXFORD,OXFORD_451905_BCG_3AXIS_seg0001,OXFORD_451905_BCG_3AXIS_seg0001_c0064,704.084,705.554,1.4700000000000273,736,352042,352778,0.6514984024795754,0.0692603020944882,True,,451905,451905,BCG_3AXIS
OXFORD,OXFORD_451905_BCG_3AXIS_seg0001,OXFORD_451905_BCG_3AXIS_seg0001_c0065,707.71,708.69,0.9800000000000182,491,353855,354346,0.19420770578563804,0.0692603020944882,True,,451905,451905,BCG_3AXIS
OXFORD,OXFORD_451905_BCG_3AXIS_seg0001,OXFORD_451905_BCG_3AXIS_seg0001_c0066,709.574,712.98,3.4060000000000628,1704,354787,356491,0.3858202463380102,0.0692603020944882,True,,451905,451905,BCG_3AXIS
OXFORD,OXFORD_451905_BCG_3AXIS_seg0001,OXFORD_451905_BCG_3AXIS_seg0001_c0067,714.304,717.212,2.9080000000000155,1455,357152,358607,0.4968027887154925,0.0692603020944882,True,,451905,451905,BCG_3AXIS
OXFORD,OXFORD_451905_BCG_3AXIS_seg0001,OXFORD_451905_BCG_3AXIS_seg0001_c0068,754.108,754.964,0.8560000000001082,429,377054,377483,0.17598858872696446,0.0692603020944882,True,,451905,451905,BCG_3AXIS
OXFORD,OXFORD_451905_BCG_3AXIS_seg0001,OXFORD_451905_BCG_3AXIS_seg0001_c0069,770.228,770.948,0.7200000000000273,361,385114,385475,0.09641825064146403,0.0692603020944882,True,,451905,451905,BCG_3AXIS
OXFORD,OXFORD_451927_BCG_3AXIS_seg0001,OXFORD_451927_BCG_3AXIS_seg0001_c0001,1.054,2.102,1.0479999999999998,525,527,1052,1.7014827468939129,0.03355280517998984,True,,451927,451927,BCG_3AXIS
OXFORD,OXFORD_451927_BCG_3AXIS_seg0001,OXFORD_451927_BCG_3AXIS_seg0001_c0002,3.132,3.818,0.6859999999999999,344,1566,1910,0.049348888871447866,0.03355280517998984,True,,451927,451927,BCG_3AXIS
OXFORD,OXFORD_451927_BCG_3AXIS_seg0001,OXFORD_451927_BCG_3AXIS_seg0001_c0003,10.864,11.488,0.6239999999999988,313,5432,5745,0.05032812409304535,0.03355280517998984,True,,451927,451927,BCG_3AXIS
OXFORD,OXFORD_451927_BCG_3AXIS_seg0001,OXFORD_451927_BCG_3AXIS_seg0001_c0004,54.586,55.412,0.8260000000000005,414,27293,27707,0.20426685752996188,0.03355280517998984,True,,451927,451927,BCG_3AXIS
OXFORD,OXFORD_451927_BCG_3AXIS_seg0001,OXFORD_451927_BCG_3AXIS_seg0001_c0005,73.614,74.554,0.9399999999999977,471,36807,37278,0.05638284167509056,0.03355280517998984,True,,451927,451927,BCG_3AXIS
OXFORD,OXFORD_451927_BCG_3AXIS_seg0001,OXFORD_451927_BCG_3AXIS_seg0001_c0006,93.366,94.446,1.0799999999999983,541,46683,47224,0.08428233685292906,0.03355280517998984,True,,451927,451927,BCG_3AXIS
OXFORD,OXFORD_451927_BCG_3AXIS_seg0001,OXFORD_451927_BCG_3AXIS_seg0001_c0007,100.124,101.718,1.5940000000000083,798,50062,50860,0.1685461101706646,0.03355280517998984,True,,451927,451927,BCG_3AXIS
OXFORD,OXFORD_451927_BCG_3AXIS_seg0001,OXFORD_451927_BCG_3AXIS_seg0001_c0008,120.402,124.078,3.676000000000002,1839,60201,62040,0.17540699388003922,0.03355280517998984,True,,451927,451927,BCG_3AXIS
OXFORD,OXFORD_451927_BCG_3AXIS_seg0001,OXFORD_451927_BCG_3AXIS_seg0001_c0009,124.606,128.022,3.415999999999997,1709,62303,64012,0.15411049913603642,0.03355280517998984,True,,451927,451927,BCG_3AXIS
OXFORD,OXFORD_451927_BCG_3AXIS_seg0001,OXFORD_451927_BCG_3AXIS_seg0001_c0010,135.524,135.936,0.41200000000000614,207,67762,67969,0.0349206156347117,0.03355280517998984,True,,451927,451927,BCG_3AXIS
OXFORD,OXFORD_451927_BCG_3AXIS_seg0001,OXFORD_451927_BCG_3AXIS_seg0001_c0011,166.678,167.146,0.4679999999999893,235,83339,83574,0.03590090139645009,0.03355280517998984,True,,451927,451927,BCG_3AXIS
OXFORD,OXFORD_451927_BCG_3AXIS_seg0001,OXFORD_451927_BCG_3AXIS_seg0001_c0012,215.056,217.22,2.1639999999999873,1083,107528,108611,0.10709971383779779,0.03355280517998984,True,,451927,451927,BCG_3AXIS
OXFORD,OXFORD_451927_BCG_3AXIS_seg0001,OXFORD_451927_BCG_3AXIS_seg0001_c0013,220.548,220.962,0.41399999999998727,208,110274,110482,0.04640041458645049,0.03355280517998984,True,,451927,451927,BCG_3AXIS
OXFORD,OXFORD_451927_BCG_3AXIS_seg0001,OXFORD_451927_BCG_3AXIS_seg0001_c0014,225.518,225.83,0.3120000000000118,157,112759,112916,0.03713469699315849,0.03355280517998984,True,,451927,451927,BCG_3AXIS
OXFORD,OXFORD_451927_BCG_3AXIS_seg0001,OXFORD_451927_BCG_3AXIS_seg0001_c0015,252.392,254.554,2.162000000000006,1082,126196,127278,0.12056852065184102,0.03355280517998984,True,,451927,451927,BCG_3AXIS
OXFORD,OXFORD_451927_BCG_3AXIS_seg0001,OXFORD_451927_BCG_3AXIS_seg0001_c0016,263.992,266.162,2.169999999999959,1086,131996,133082,0.24471861516799306,0.03355280517998984,True,,451927,451927,BCG_3AXIS
OXFORD,OXFORD_451927_BCG_3AXIS_seg0001,OXFORD_451927_BCG_3AXIS_seg0001_c0017,266.668,268.106,1.4379999999999882,720,133334,134054,0.07139023332508222,0.03355280517998984,True,,451927,451927,BCG_3AXIS
OXFORD,OXFORD_451927_BCG_3AXIS_seg0001,OXFORD_451927_BCG_3AXIS_seg0001_c0018,269.362,270.38,1.0179999999999723,510,134681,135191,0.0758509168205045,0.03355280517998984,True,,451927,451927,BCG_3AXIS
OXFORD,OXFORD_451927_BCG_3AXIS_seg0001,OXFORD_451927_BCG_3AXIS_seg0001_c0019,273.792,274.706,0.9140000000000441,458,136896,137354,0.0633220060653751,0.03355280517998984,True,,451927,451927,BCG_3AXIS
OXFORD,OXFORD_451927_BCG_3AXIS_seg0001,OXFORD_451927_BCG_3AXIS_seg0001_c0020,275.694,278.458,2.76400000000001,1383,137847,139230,0.05470331067508479,0.03355280517998984,True,,451927,451927,BCG_3AXIS
OXFORD,OXFORD_451927_BCG_3AXIS_seg0001,OXFORD_451927_BCG_3AXIS_seg0001_c0021,283.128,284.134,1.0060000000000286,504,141564,142068,0.07082101935692253,0.03355280517998984,True,,451927,451927,BCG_3AXIS
OXFORD,OXFORD_451927_BCG_3AXIS_seg0001,OXFORD_451927_BCG_3AXIS_seg0001_c0022,298.924,299.518,0.5939999999999941,298,149462,149760,0.04542788808217429,0.03355280517998984,True,,451927,451927,BCG_3AXIS
OXFORD,OXFORD_451927_BCG_3AXIS_seg0001,OXFORD_451927_BCG_3AXIS_seg0001_c0023,300.48,302.144,1.6639999999999873,833,150240,151073,0.06930606901266773,0.03355280517998984,True,,451927,451927,BCG_3AXIS
OXFORD,OXFORD_451927_BCG_3AXIS_seg0001,OXFORD_451927_BCG_3AXIS_seg0001_c0024,304.144,304.714,0.5699999999999932,286,152072,152358,0.042477225689676414,0.03355280517998984,True,,451927,451927,BCG_3AXIS
OXFORD,OXFORD_451927_BCG_3AXIS_seg0001,OXFORD_451927_BCG_3AXIS_seg0001_c0025,305.652,306.182,0.5300000000000296,266,152826,153092,0.046933404935214716,0.03355280517998984,True,,451927,451927,BCG_3AXIS
OXFORD,OXFORD_451927_BCG_3AXIS_seg0001,OXFORD_451927_BCG_3AXIS_seg0001_c0026,307.058,307.598,0.5400000000000205,271,153529,153800,0.054329941320872294,0.03355280517998984,True,,451927,451927,BCG_3AXIS
OXFORD,OXFORD_451927_BCG_3AXIS_seg0001,OXFORD_451927_BCG_3AXIS_seg0001_c0027,308.278,308.904,0.6259999999999764,314,154139,154453,0.05878564458832394,0.03355280517998984,True,,451927,451927,BCG_3AXIS
OXFORD,OXFORD_451927_BCG_3AXIS_seg0001,OXFORD_451927_BCG_3AXIS_seg0001_c0028,330.684,330.994,0.3100000000000023,156,165342,165498,0.04392667974726747,0.03355280517998984,True,,451927,451927,BCG_3AXIS
OXFORD,OXFORD_451927_BCG_3AXIS_seg0001,OXFORD_451927_BCG_3AXIS_seg0001_c0029,334.408,335.324,0.9159999999999968,459,167204,167663,0.049074980961908383,0.03355280517998984,True,,451927,451927,BCG_3AXIS
OXFORD,OXFORD_451927_BCG_3AXIS_seg0001,OXFORD_451927_BCG_3AXIS_seg0001_c0030,341.138,341.928,0.7900000000000205,396,170569,170965,0.0841852187839531,0.03355280517998984,True,,451927,451927,BCG_3AXIS
OXFORD,OXFORD_451927_BCG_3AXIS_seg0001,OXFORD_451927_BCG_3AXIS_seg0001_c0031,384.074,389.864,5.789999999999964,2896,192037,194933,0.15656896701677114,0.03355280517998984,True,,451927,451927,BCG_3AXIS
OXFORD,OXFORD_451927_BCG_3AXIS_seg0001,OXFORD_451927_BCG_3AXIS_seg0001_c0032,392.366,393.042,0.6759999999999877,339,196183,196522,0.05207926632797533,0.03355280517998984,True,,451927,451927,BCG_3AXIS
OXFORD,OXFORD_451927_BCG_3AXIS_seg0001,OXFORD_451927_BCG_3AXIS_seg0001_c0033,393.654,394.966,1.3120000000000118,657,196827,197484,0.04874300861614123,0.03355280517998984,True,,451927,451927,BCG_3AXIS
OXFORD,OXFORD_451927_BCG_3AXIS_seg0001,OXFORD_451927_BCG_3AXIS_seg0001_c0034,406.194,408.296,2.1019999999999754,1052,203097,204149,0.07308289037709154,0.03355280517998984,True,,451927,451927,BCG_3AXIS
OXFORD,OXFORD_451927_BCG_3AXIS_seg0001,OXFORD_451927_BCG_3AXIS_seg0001_c0035,419.414,421.362,1.948000000000036,975,209707,210682,0.12746868074053458,0.03355280517998984,True,,451927,451927,BCG_3AXIS
OXFORD,OXFORD_451927_BCG_3AXIS_seg0001,OXFORD_451927_BCG_3AXIS_seg0001_c0036,450.562,451.366,0.8039999999999736,403,225281,225684,0.05485145655000424,0.03355280517998984,True,,451927,451927,BCG_3AXIS
OXFORD,OXFORD_451927_BCG_3AXIS_seg0001,OXFORD_451927_BCG_3AXIS_seg0001_c0037,481.596,481.96,0.3639999999999759,183,240798,240981,0.0375003178774485,0.03355280517998984,True,,451927,451927,BCG_3AXIS
OXFORD,OXFORD_451927_BCG_3AXIS_seg0001,OXFORD_451927_BCG_3AXIS_seg0001_c0038,494.07,494.72,0.6500000000000341,326,247035,247361,0.06551094340063128,0.03355280517998984,True,,451927,451927,BCG_3AXIS
OXFORD,OXFORD_451927_BCG_3AXIS_seg0001,OXFORD_451927_BCG_3AXIS_seg0001_c0039,522.21,524.228,2.0179999999999154,1010,261105,262115,0.23557662507947677,0.03355280517998984,True,,451927,451927,BCG_3AXIS
OXFORD,OXFORD_451927_BCG_3AXIS_seg0001,OXFORD_451927_BCG_3AXIS_seg0001_c0040,535.658,536.212,0.5539999999999736,278,267829,268107,0.04197087115978189,0.03355280517998984,True,,451927,451927,BCG_3AXIS
OXFORD,OXFORD_451927_BCG_3AXIS_seg0001,OXFORD_451927_BCG_3AXIS_seg0001_c0041,562.848,563.176,0.3280000000000882,165,281424,281589,0.05568128524170141,0.03355280517998984,True,,451927,451927,BCG_3AXIS
OXFORD,OXFORD_451927_BCG_3AXIS_seg0001,OXFORD_451927_BCG_3AXIS_seg0001_c0042,566.956,568.5,1.5439999999999827,773,283478,284251,0.06402171871571398,0.03355280517998984,True,,451927,451927,BCG_3AXIS
OXFORD,OXFORD_451927_BCG_3AXIS_seg0001,OXFORD_451927_BCG_3AXIS_seg0001_c0043,571.676,572.348,0.6719999999999118,337,285838,286175,0.03773529907455801,0.03355280517998984,True,,451927,451927,BCG_3AXIS
OXFORD,OXFORD_451927_BCG_3AXIS_seg0001,OXFORD_451927_BCG_3AXIS_seg0001_c0044,576.364,576.756,0.39199999999993906,197,288182,288379,0.043450085508475116,0.03355280517998984,True,,451927,451927,BCG_3AXIS
OXFORD,OXFORD_451927_BCG_3AXIS_seg0001,OXFORD_451927_BCG_3AXIS_seg0001_c0045,582.398,583.56,1.1619999999999209,582,291199,291781,0.0389798522846022,0.03355280517998984,True,,451927,451927,BCG_3AXIS
OXFORD,OXFORD_451927_BCG_3AXIS_seg0001,OXFORD_451927_BCG_3AXIS_seg0001_c0046,595.644,596.198,0.5539999999999736,278,297822,298100,0.04698571571223405,0.03355280517998984,True,,451927,451927,BCG_3AXIS
OXFORD,OXFORD_451927_BCG_3AXIS_seg0001,OXFORD_451927_BCG_3AXIS_seg0001_c0047,599.66,600.704,1.0439999999999827,523,299830,300353,0.09373274108826352,0.03355280517998984,True,,451927,451927,BCG_3AXIS
OXFORD,OXFORD_451927_BCG_3AXIS_seg0001,OXFORD_451927_BCG_3AXIS_seg0001_c0048,601.484,602.476,0.9919999999999618,497,300742,301239,0.044698335032690904,0.03355280517998984,True,,451927,451927,BCG_3AXIS
OXFORD,OXFORD_451927_BCG_3AXIS_seg0001,OXFORD_451927_BCG_3AXIS_seg0001_c0049,611.372,611.742,0.37000000000000455,186,305686,305872,0.04081070935962141,0.03355280517998984,True,,451927,451927,BCG_3AXIS
OXFORD,OXFORD_451927_BCG_3AXIS_seg0001,OXFORD_451927_BCG_3AXIS_seg0001_c0050,657.59,658.002,0.4119999999999209,207,328795,329002,0.04479021918172836,0.03355280517998984,True,,451927,451927,BCG_3AXIS
OXFORD,OXFORD_451927_BCG_3AXIS_seg0001,OXFORD_451927_BCG_3AXIS_seg0001_c0051,659.022,659.988,0.9660000000000082,484,329511,329995,0.05008982405130848,0.03355280517998984,True,,451927,451927,BCG_3AXIS
OXFORD,OXFORD_451927_BCG_3AXIS_seg0001,OXFORD_451927_BCG_3AXIS_seg0001_c0052,668.224,668.612,0.38799999999991996,195,334112,334307,0.03570785578610072,0.03355280517998984,True,,451927,451927,BCG_3AXIS
OXFORD,OXFORD_451927_BCG_3AXIS_seg0001,OXFORD_451927_BCG_3AXIS_seg0001_c0053,681.09,681.998,0.9080000000000155,455,340545,341000,0.05312606452976781,0.03355280517998984,True,,451927,451927,BCG_3AXIS
OXFORD,OXFORD_451927_BCG_3AXIS_seg0001,OXFORD_451927_BCG_3AXIS_seg0001_c0054,686.964,692.376,5.411999999999921,2707,343482,346189,0.1090960125456409,0.03355280517998984,True,,451927,451927,BCG_3AXIS
OXFORD,OXFORD_451927_BCG_3AXIS_seg0001,OXFORD_451927_BCG_3AXIS_seg0001_c0055,693.346,694.454,1.1079999999999472,555,346673,347228,0.07296807363338444,0.03355280517998984,True,,451927,451927,BCG_3AXIS
OXFORD,OXFORD_451927_BCG_3AXIS_seg0001,OXFORD_451927_BCG_3AXIS_seg0001_c0056,695.254,695.686,0.43200000000001637,217,347627,347844,0.059274240078031296,0.03355280517998984,True,,451927,451927,BCG_3AXIS
OXFORD,OXFORD_451927_BCG_3AXIS_seg0001,OXFORD_451927_BCG_3AXIS_seg0001_c0057,700.886,701.882,0.9959999999999809,499,350443,350942,0.060103336253736456,0.03355280517998984,True,,451927,451927,BCG_3AXIS
OXFORD,OXFORD_451927_BCG_3AXIS_seg0001,OXFORD_451927_BCG_3AXIS_seg0001_c0058,708.656,710.706,2.050000000000068,1026,354328,355354,0.10612895817292033,0.03355280517998984,True,,451927,451927,BCG_3AXIS
OXFORD,OXFORD_451927_BCG_3AXIS_seg0001,OXFORD_451927_BCG_3AXIS_seg0001_c0059,714.406,714.724,0.3180000000000973,160,357203,357363,0.038395914369930555,0.03355280517998984,True,,451927,451927,BCG_3AXIS
OXFORD,OXFORD_451927_BCG_3AXIS_seg0001,OXFORD_451927_BCG_3AXIS_seg0001_c0060,732.166,732.484,0.31799999999998363,160,366083,366243,0.04026931090217938,0.03355280517998984,True,,451927,451927,BCG_3AXIS
OXFORD,OXFORD_451927_BCG_3AXIS_seg0001,OXFORD_451927_BCG_3AXIS_seg0001_c0061,734.904,735.266,0.36199999999996635,182,367452,367634,0.04164436485041132,0.03355280517998984,True,,451927,451927,BCG_3AXIS
OXFORD,OXFORD_451927_BCG_3AXIS_seg0001,OXFORD_451927_BCG_3AXIS_seg0001_c0062,736.81,737.47,0.6600000000000819,331,368405,368736,0.04465558079343841,0.03355280517998984,True,,451927,451927,BCG_3AXIS
OXFORD,OXFORD_451927_BCG_3AXIS_seg0001,OXFORD_451927_BCG_3AXIS_seg0001_c0063,762.756,763.276,0.5199999999999818,261,381378,381639,0.03764077665178126,0.03355280517998984,True,,451927,451927,BCG_3AXIS
OXFORD,OXFORD_451927_BCG_3AXIS_seg0001,OXFORD_451927_BCG_3AXIS_seg0001_c0064,770.85,771.352,0.5019999999999527,252,385425,385677,0.04037169062438783,0.03355280517998984,True,,451927,451927,BCG_3AXIS
OXFORD,OXFORD_451927_BCG_3AXIS_seg0001,OXFORD_451927_BCG_3AXIS_seg0001_c0065,772.506,772.822,0.3160000000000309,159,386253,386412,0.05484275976285871,0.03355280517998984,True,,451927,451927,BCG_3AXIS
OXFORD,OXFORD_451927_BCG_3AXIS_seg0001,OXFORD_451927_BCG_3AXIS_seg0001_c0066,780.566,781.112,0.5459999999999354,274,390283,390557,0.0491456983168929,0.03355280517998984,True,,451927,451927,BCG_3AXIS
OXFORD,OXFORD_451927_BCG_3AXIS_seg0001,OXFORD_451927_BCG_3AXIS_seg0001_c0067,801.604,803.364,1.759999999999991,881,400802,401683,0.07169490958921987,0.03355280517998984,True,,451927,451927,BCG_3AXIS
OXFORD,OXFORD_451927_BCG_3AXIS_seg0001,OXFORD_451927_BCG_3AXIS_seg0001_c0068,822.952,823.84,0.8880000000000337,445,411476,411921,0.056136324859306544,0.03355280517998984,True,,451927,451927,BCG_3AXIS
OXFORD,OXFORD_451927_BCG_3AXIS_seg0001,OXFORD_451927_BCG_3AXIS_seg0001_c0069,826.208,826.896,0.6879999999999882,345,413104,413449,0.04425999711729084,0.03355280517998984,True,,451927,451927,BCG_3AXIS
OXFORD,OXFORD_451927_BCG_3AXIS_seg0001,OXFORD_451927_BCG_3AXIS_seg0001_c0070,829.512,831.634,2.122000000000071,1062,414756,415818,0.07345042380691967,0.03355280517998984,True,,451927,451927,BCG_3AXIS
OXFORD,OXFORD_451927_BCG_3AXIS_seg0001,OXFORD_451927_BCG_3AXIS_seg0001_c0071,867.258,868.054,0.7959999999999354,399,433629,434028,0.04345051443422787,0.03355280517998984,True,,451927,451927,BCG_3AXIS
OXFORD,OXFORD_451927_BCG_3AXIS_seg0001,OXFORD_451927_BCG_3AXIS_seg0001_c0072,881.872,882.926,1.0540000000000873,528,440936,441464,0.06339502784924217,0.03355280517998984,True,,451927,451927,BCG_3AXIS
OXFORD,OXFORD_451927_BCG_3AXIS_seg0001,OXFORD_451927_BCG_3AXIS_seg0001_c0073,896.17,898.142,1.9720000000000937,987,448085,449072,0.053031181120177164,0.03355280517998984,True,,451927,451927,BCG_3AXIS
OXFORD,OXFORD_451927_BCG_3AXIS_seg0001,OXFORD_451927_BCG_3AXIS_seg0001_c0074,899.41,899.92,0.5099999999999909,256,449705,449961,0.07281284584050608,0.03355280517998984,True,,451927,451927,BCG_3AXIS
OXFORD,OXFORD_451993_BCG_3AXIS_seg0001,OXFORD_451993_BCG_3AXIS_seg0001_c0001,1.04,4.304,3.2640000000000002,1633,520,2153,1.8813484689048876,0.06211423886907469,True,,451993,451993,BCG_3AXIS
OXFORD,OXFORD_451993_BCG_3AXIS_seg0001,OXFORD_451993_BCG_3AXIS_seg0001_c0002,7.184,7.758,0.5739999999999998,288,3592,3880,0.11949859071775161,0.06211423886907469,True,,451993,451993,BCG_3AXIS
OXFORD,OXFORD_451993_BCG_3AXIS_seg0001,OXFORD_451993_BCG_3AXIS_seg0001_c0003,21.29,21.782,0.4920000000000009,247,10645,10892,0.07695014662494795,0.06211423886907469,True,,451993,451993,BCG_3AXIS
OXFORD,OXFORD_451993_BCG_3AXIS_seg0001,OXFORD_451993_BCG_3AXIS_seg0001_c0004,40.328,40.894,0.5659999999999954,284,20164,20448,0.12112115493125376,0.06211423886907469,True,,451993,451993,BCG_3AXIS
OXFORD,OXFORD_451993_BCG_3AXIS_seg0001,OXFORD_451993_BCG_3AXIS_seg0001_c0005,42.764,43.918,1.1539999999999964,578,21382,21960,0.1592692988320945,0.06211423886907469,True,,451993,451993,BCG_3AXIS
OXFORD,OXFORD_451993_BCG_3AXIS_seg0001,OXFORD_451993_BCG_3AXIS_seg0001_c0006,61.364,62.772,1.4080000000000013,705,30682,31387,0.1017363887984489,0.06211423886907469,True,,451993,451993,BCG_3AXIS
OXFORD,OXFORD_451993_BCG_3AXIS_seg0001,OXFORD_451993_BCG_3AXIS_seg0001_c0007,64.782,69.88,5.097999999999999,2550,32391,34941,0.2132174636175369,0.06211423886907469,True,,451993,451993,BCG_3AXIS
OXFORD,OXFORD_451993_BCG_3AXIS_seg0001,OXFORD_451993_BCG_3AXIS_seg0001_c0008,71.288,72.98,1.6920000000000073,847,35644,36491,0.1625887558243438,0.06211423886907469,True,,451993,451993,BCG_3AXIS
OXFORD,OXFORD_451993_BCG_3AXIS_seg0001,OXFORD_451993_BCG_3AXIS_seg0001_c0009,73.844,76.04,2.196000000000012,1099,36922,38021,0.1536920167788655,0.06211423886907469,True,,451993,451993,BCG_3AXIS
OXFORD,OXFORD_451993_BCG_3AXIS_seg0001,OXFORD_451993_BCG_3AXIS_seg0001_c0010,77.902,78.996,1.093999999999994,548,38951,39499,0.11884973879027122,0.06211423886907469,True,,451993,451993,BCG_3AXIS
OXFORD,OXFORD_451993_BCG_3AXIS_seg0001,OXFORD_451993_BCG_3AXIS_seg0001_c0011,84.86,85.738,0.8780000000000001,440,42430,42870,0.3417168436387526,0.06211423886907469,True,,451993,451993,BCG_3AXIS
OXFORD,OXFORD_451993_BCG_3AXIS_seg0001,OXFORD_451993_BCG_3AXIS_seg0001_c0012,97.442,102.584,5.14200000000001,2572,48721,51293,0.2966150373588621,0.06211423886907469,True,,451993,451993,BCG_3AXIS
OXFORD,OXFORD_451993_BCG_3AXIS_seg0001,OXFORD_451993_BCG_3AXIS_seg0001_c0013,103.308,104.496,1.1879999999999882,595,51654,52249,0.13865450863150136,0.06211423886907469,True,,451993,451993,BCG_3AXIS
OXFORD,OXFORD_451993_BCG_3AXIS_seg0001,OXFORD_451993_BCG_3AXIS_seg0001_c0014,141.472,142.736,1.2639999999999816,633,70736,71369,0.13650400365145252,0.06211423886907469,True,,451993,451993,BCG_3AXIS
OXFORD,OXFORD_451993_BCG_3AXIS_seg0001,OXFORD_451993_BCG_3AXIS_seg0001_c0015,144.646,145.428,0.7820000000000107,392,72323,72715,0.11673517408385561,0.06211423886907469,True,,451993,451993,BCG_3AXIS
OXFORD,OXFORD_451993_BCG_3AXIS_seg0001,OXFORD_451993_BCG_3AXIS_seg0001_c0016,146.482,147.944,1.461999999999989,732,73241,73973,0.16534519481175067,0.06211423886907469,True,,451993,451993,BCG_3AXIS
OXFORD,OXFORD_451993_BCG_3AXIS_seg0001,OXFORD_451993_BCG_3AXIS_seg0001_c0017,175.206,176.578,1.372000000000014,687,87603,88290,0.09176211869949781,0.06211423886907469,True,,451993,451993,BCG_3AXIS
OXFORD,OXFORD_451993_BCG_3AXIS_seg0001,OXFORD_451993_BCG_3AXIS_seg0001_c0018,184.004,186.456,2.451999999999998,1227,92002,93229,0.17012627264291147,0.06211423886907469,True,,451993,451993,BCG_3AXIS
OXFORD,OXFORD_451993_BCG_3AXIS_seg0001,OXFORD_451993_BCG_3AXIS_seg0001_c0019,188.152,188.966,0.8140000000000214,408,94076,94484,0.10525392820993934,0.06211423886907469,True,,451993,451993,BCG_3AXIS
OXFORD,OXFORD_451993_BCG_3AXIS_seg0001,OXFORD_451993_BCG_3AXIS_seg0001_c0020,206.392,207.33,0.9380000000000166,470,103196,103666,0.09035168600641592,0.06211423886907469,True,,451993,451993,BCG_3AXIS
OXFORD,OXFORD_451993_BCG_3AXIS_seg0001,OXFORD_451993_BCG_3AXIS_seg0001_c0021,208.06,210.024,1.9639999999999986,983,104030,105013,0.09781639199674211,0.06211423886907469,True,,451993,451993,BCG_3AXIS
OXFORD,OXFORD_451993_BCG_3AXIS_seg0001,OXFORD_451993_BCG_3AXIS_seg0001_c0022,252.552,255.004,2.451999999999998,1227,126276,127503,0.10952369908306138,0.06211423886907469,True,,451993,451993,BCG_3AXIS
OXFORD,OXFORD_451993_BCG_3AXIS_seg0001,OXFORD_451993_BCG_3AXIS_seg0001_c0023,264.15,265.408,1.2580000000000382,630,132075,132705,0.1134561837348365,0.06211423886907469,True,,451993,451993,BCG_3AXIS
OXFORD,OXFORD_451993_BCG_3AXIS_seg0001,OXFORD_451993_BCG_3AXIS_seg0001_c0024,268.902,269.962,1.0600000000000023,531,134451,134982,0.17203200468946303,0.06211423886907469,True,,451993,451993,BCG_3AXIS
OXFORD,OXFORD_451993_BCG_3AXIS_seg0001,OXFORD_451993_BCG_3AXIS_seg0001_c0025,270.918,273.346,2.4279999999999973,1215,135459,136674,0.12629317220939534,0.06211423886907469,True,,451993,451993,BCG_3AXIS
OXFORD,OXFORD_451993_BCG_3AXIS_seg0001,OXFORD_451993_BCG_3AXIS_seg0001_c0026,280.082,282.594,2.5120000000000005,1257,140041,141298,0.3038298827682101,0.06211423886907469,True,,451993,451993,BCG_3AXIS
OXFORD,OXFORD_451993_BCG_3AXIS_seg0001,OXFORD_451993_BCG_3AXIS_seg0001_c0027,285.862,286.898,1.0360000000000014,519,142931,143450,0.11630997532202263,0.06211423886907469,True,,451993,451993,BCG_3AXIS
OXFORD,OXFORD_451993_BCG_3AXIS_seg0001,OXFORD_451993_BCG_3AXIS_seg0001_c0028,294.188,295.516,1.3280000000000314,665,147094,147759,0.10088251654032662,0.06211423886907469,True,,451993,451993,BCG_3AXIS
OXFORD,OXFORD_451993_BCG_3AXIS_seg0001,OXFORD_451993_BCG_3AXIS_seg0001_c0029,305.204,306.072,0.867999999999995,435,152602,153037,0.09700699164803131,0.06211423886907469,True,,451993,451993,BCG_3AXIS
OXFORD,OXFORD_451993_BCG_3AXIS_seg0001,OXFORD_451993_BCG_3AXIS_seg0001_c0030,307.806,308.75,0.9440000000000168,473,153903,154376,0.12848895870397087,0.06211423886907469,True,,451993,451993,BCG_3AXIS
OXFORD,OXFORD_451993_BCG_3AXIS_seg0001,OXFORD_451993_BCG_3AXIS_seg0001_c0031,316.214,317.382,1.1680000000000064,585,158107,158692,0.10058967508568238,0.06211423886907469,True,,451993,451993,BCG_3AXIS
OXFORD,OXFORD_451993_BCG_3AXIS_seg0001,OXFORD_451993_BCG_3AXIS_seg0001_c0032,318.06,318.58,0.5199999999999818,261,159030,159291,0.07402743491226282,0.06211423886907469,True,,451993,451993,BCG_3AXIS
OXFORD,OXFORD_451993_BCG_3AXIS_seg0001,OXFORD_451993_BCG_3AXIS_seg0001_c0033,319.466,319.782,0.3159999999999741,159,159733,159892,0.08760602051406595,0.06211423886907469,True,,451993,451993,BCG_3AXIS
OXFORD,OXFORD_451993_BCG_3AXIS_seg0001,OXFORD_451993_BCG_3AXIS_seg0001_c0034,322.084,322.612,0.52800000000002,265,161042,161307,0.07563377318864697,0.06211423886907469,True,,451993,451993,BCG_3AXIS
OXFORD,OXFORD_451993_BCG_3AXIS_seg0001,OXFORD_451993_BCG_3AXIS_seg0001_c0035,325.684,326.562,0.8779999999999859,440,162842,163282,0.09994884379839157,0.06211423886907469,True,,451993,451993,BCG_3AXIS
OXFORD,OXFORD_451993_BCG_3AXIS_seg0001,OXFORD_451993_BCG_3AXIS_seg0001_c0036,347.664,349.13,1.4660000000000082,734,173832,174566,0.33363149111321927,0.06211423886907469,True,,451993,451993,BCG_3AXIS
OXFORD,OXFORD_451993_BCG_3AXIS_seg0001,OXFORD_451993_BCG_3AXIS_seg0001_c0037,350.918,353.132,2.2139999999999986,1108,175459,176567,0.24882350355968644,0.06211423886907469,True,,451993,451993,BCG_3AXIS
OXFORD,OXFORD_451993_BCG_3AXIS_seg0001,OXFORD_451993_BCG_3AXIS_seg0001_c0038,355.782,356.684,0.9020000000000437,452,177891,178343,0.14435564982987273,0.06211423886907469,True,,451993,451993,BCG_3AXIS
OXFORD,OXFORD_451993_BCG_3AXIS_seg0001,OXFORD_451993_BCG_3AXIS_seg0001_c0039,358.406,359.378,0.97199999999998,487,179203,179690,0.16699350050729836,0.06211423886907469,True,,451993,451993,BCG_3AXIS
OXFORD,OXFORD_451993_BCG_3AXIS_seg0001,OXFORD_451993_BCG_3AXIS_seg0001_c0040,360.086,361.708,1.622000000000014,812,180043,180855,0.18522524067731783,0.06211423886907469,True,,451993,451993,BCG_3AXIS
OXFORD,OXFORD_451993_BCG_3AXIS_seg0001,OXFORD_451993_BCG_3AXIS_seg0001_c0041,364.768,368.614,3.8460000000000036,1924,182384,184308,0.20861662839324263,0.06211423886907469,True,,451993,451993,BCG_3AXIS
OXFORD,OXFORD_451993_BCG_3AXIS_seg0001,OXFORD_451993_BCG_3AXIS_seg0001_c0042,439.896,440.212,0.3159999999999741,159,219948,220107,0.06789617364221491,0.06211423886907469,True,,451993,451993,BCG_3AXIS
OXFORD,OXFORD_451993_BCG_3AXIS_seg0001,OXFORD_451993_BCG_3AXIS_seg0001_c0043,488.578,489.484,0.9060000000000059,454,244289,244743,0.1179672098649419,0.06211423886907469,True,,451993,451993,BCG_3AXIS
OXFORD,OXFORD_451993_BCG_3AXIS_seg0001,OXFORD_451993_BCG_3AXIS_seg0001_c0044,490.778,492.584,1.8059999999999832,904,245389,246293,0.1976172498426503,0.06211423886907469,True,,451993,451993,BCG_3AXIS
OXFORD,OXFORD_451993_BCG_3AXIS_seg0001,OXFORD_451993_BCG_3AXIS_seg0001_c0045,493.178,495.788,2.6100000000000136,1306,246589,247895,0.12811176136669336,0.06211423886907469,True,,451993,451993,BCG_3AXIS
OXFORD,OXFORD_451993_BCG_3AXIS_seg0001,OXFORD_451993_BCG_3AXIS_seg0001_c0046,497.232,498.794,1.561999999999955,782,248616,249398,0.2097198362735155,0.06211423886907469,True,,451993,451993,BCG_3AXIS
OXFORD,OXFORD_451993_BCG_3AXIS_seg0001,OXFORD_451993_BCG_3AXIS_seg0001_c0047,507.67,508.402,0.7319999999999709,367,253835,254202,0.08097469971791223,0.06211423886907469,True,,451993,451993,BCG_3AXIS
OXFORD,OXFORD_451993_BCG_3AXIS_seg0001,OXFORD_451993_BCG_3AXIS_seg0001_c0048,519.9,520.254,0.35400000000004184,178,259950,260128,0.0724700324579057,0.06211423886907469,True,,451993,451993,BCG_3AXIS
OXFORD,OXFORD_451993_BCG_3AXIS_seg0001,OXFORD_451993_BCG_3AXIS_seg0001_c0049,537.67,538.124,0.4540000000000646,228,268835,269063,0.1093550061232595,0.06211423886907469,True,,451993,451993,BCG_3AXIS
OXFORD,OXFORD_451993_BCG_3AXIS_seg0001,OXFORD_451993_BCG_3AXIS_seg0001_c0050,538.736,540.134,1.3980000000000246,700,269368,270068,0.15873954363922482,0.06211423886907469,True,,451993,451993,BCG_3AXIS
OXFORD,OXFORD_451993_BCG_3AXIS_seg0001,OXFORD_451993_BCG_3AXIS_seg0001_c0051,543.432,545.152,1.7200000000000273,861,271716,272577,0.15529367603103655,0.06211423886907469,True,,451993,451993,BCG_3AXIS
OXFORD,OXFORD_451993_BCG_3AXIS_seg0001,OXFORD_451993_BCG_3AXIS_seg0001_c0052,566.316,566.836,0.5199999999999818,261,283158,283419,0.0826545808801089,0.06211423886907469,True,,451993,451993,BCG_3AXIS
OXFORD,OXFORD_451993_BCG_3AXIS_seg0001,OXFORD_451993_BCG_3AXIS_seg0001_c0053,567.424,570.748,3.324000000000069,1663,283712,285375,0.13367345163891556,0.06211423886907469,True,,451993,451993,BCG_3AXIS
OXFORD,OXFORD_451993_BCG_3AXIS_seg0001,OXFORD_451993_BCG_3AXIS_seg0001_c0054,572.274,574.29,2.0159999999999627,1009,286137,287146,0.23049302883424946,0.06211423886907469,True,,451993,451993,BCG_3AXIS
OXFORD,OXFORD_451993_BCG_3AXIS_seg0001,OXFORD_451993_BCG_3AXIS_seg0001_c0055,578.364,580.426,2.062000000000012,1032,289182,290214,0.1664781075253131,0.06211423886907469,True,,451993,451993,BCG_3AXIS
OXFORD,OXFORD_451993_BCG_3AXIS_seg0001,OXFORD_451993_BCG_3AXIS_seg0001_c0056,596.318,601.232,4.913999999999987,2458,298159,300617,0.4598840170647099,0.06211423886907469,True,,451993,451993,BCG_3AXIS
OXFORD,OXFORD_451993_BCG_3AXIS_seg0001,OXFORD_451993_BCG_3AXIS_seg0001_c0057,602.654,603.17,0.5159999999999627,259,301327,301586,0.07432113267610907,0.06211423886907469,True,,451993,451993,BCG_3AXIS
OXFORD,OXFORD_451993_BCG_3AXIS_seg0001,OXFORD_451993_BCG_3AXIS_seg0001_c0058,607.102,607.862,0.7599999999999909,381,303551,303932,0.08884084561317443,0.06211423886907469,True,,451993,451993,BCG_3AXIS
OXFORD,OXFORD_451993_BCG_3AXIS_seg0001,OXFORD_451993_BCG_3AXIS_seg0001_c0059,610.202,610.546,0.34400000000005093,173,305101,305274,0.3189394624890112,0.06211423886907469,True,,451993,451993,BCG_3AXIS
OXFORD,OXFORD_451993_BCG_3AXIS_seg0001,OXFORD_451993_BCG_3AXIS_seg0001_c0060,630.524,631.802,1.27800000000002,640,315262,315902,0.11948782821455295,0.06211423886907469,True,,451993,451993,BCG_3AXIS
OXFORD,OXFORD_451993_BCG_3AXIS_seg0001,OXFORD_451993_BCG_3AXIS_seg0001_c0061,632.91,633.792,0.8820000000000618,442,316455,316897,0.08945872258048111,0.06211423886907469,True,,451993,451993,BCG_3AXIS
OXFORD,OXFORD_451993_BCG_3AXIS_seg0001,OXFORD_451993_BCG_3AXIS_seg0001_c0062,646.27,649.264,2.994000000000028,1498,323135,324633,0.1994121088771103,0.06211423886907469,True,,451993,451993,BCG_3AXIS
OXFORD,OXFORD_451993_BCG_3AXIS_seg0001,OXFORD_451993_BCG_3AXIS_seg0001_c0063,649.81,650.678,0.8680000000000518,435,324905,325340,0.16641603212264497,0.06211423886907469,True,,451993,451993,BCG_3AXIS
OXFORD,OXFORD_451993_BCG_3AXIS_seg0001,OXFORD_451993_BCG_3AXIS_seg0001_c0064,694.088,694.452,0.36400000000003274,183,347044,347227,0.19290388407672374,0.06211423886907469,True,,451993,451993,BCG_3AXIS
OXFORD,OXFORD_451993_BCG_3AXIS_seg0001,OXFORD_451993_BCG_3AXIS_seg0001_c0065,696.676,697.972,1.2959999999999354,649,348338,348987,0.26933688197923056,0.06211423886907469,True,,451993,451993,BCG_3AXIS
OXFORD,OXFORD_451993_BCG_3AXIS_seg0001,OXFORD_451993_BCG_3AXIS_seg0001_c0066,698.504,699.126,0.6219999999999573,312,349252,349564,0.16085933334652772,0.06211423886907469,True,,451993,451993,BCG_3AXIS
OXFORD,OXFORD_451993_BCG_3AXIS_seg0001,OXFORD_451993_BCG_3AXIS_seg0001_c0067,702.85,703.624,0.7740000000000009,388,351425,351813,0.08893982999494546,0.06211423886907469,True,,451993,451993,BCG_3AXIS
OXFORD,OXFORD_451993_BCG_3AXIS_seg0001,OXFORD_451993_BCG_3AXIS_seg0001_c0068,784.12,785.46,1.3400000000000318,671,392060,392731,0.08651134027994062,0.06211423886907469,True,,451993,451993,BCG_3AXIS
OXFORD,OXFORD_451993_BCG_3AXIS_seg0001,OXFORD_451993_BCG_3AXIS_seg0001_c0069,788.898,791.236,2.3379999999999654,1170,394449,395619,0.16349794740232418,0.06211423886907469,True,,451993,451993,BCG_3AXIS
OXFORD,OXFORD_451993_BCG_3AXIS_seg0001,OXFORD_451993_BCG_3AXIS_seg0001_c0070,833.994,834.544,0.5499999999999545,276,416997,417273,0.08646264182088913,0.06211423886907469,True,,451993,451993,BCG_3AXIS
OXFORD,OXFORD_451993_BCG_3AXIS_seg0001,OXFORD_451993_BCG_3AXIS_seg0001_c0071,877.078,877.536,0.45799999999997,230,438539,438769,0.08252566119977077,0.06211423886907469,True,,451993,451993,BCG_3AXIS
OXFORD,OXFORD_451993_BCG_3AXIS_seg0001,OXFORD_451993_BCG_3AXIS_seg0001_c0072,899.452,900.006,0.5539999999999736,278,449726,450004,0.09775615637349164,0.06211423886907469,True,,451993,451993,BCG_3AXIS
