dataset,segment_id,candidate_id,start_timestamp,end_timestamp,duration_seconds,sample_count,start_index,end_index,peak_activity_score,threshold_used,filtered,filter_skip_reason,subject_id,record_id,sensor_id,true_label,primary_rms,primary_peak,primary_peak_to_peak,primary_std,primary_variance,primary_zero_crossing_rate,primary_energy,primary_mean_energy,primary_dominant_frequency_hz,primary_spectral_centroid_hz,primary_band_power,primary_spectral_entropy,primary_ax_contribution,primary_ay_contribution,primary_az_contribution,primary_directional_consistency,secondary_rms,secondary_peak,secondary_peak_to_peak,secondary_std,secondary_variance,secondary_zero_crossing_rate,secondary_energy,secondary_mean_energy,sensors_involved,max_sensor_overlap_fraction
COUGH,COUGH_005_Trial_1_No_Talking_IMU_seg0001,COUGH_005_Trial_1_No_Talking_IMU_seg0001_c0001,9.825,16.263,6.438000000000002,636,969,1605,2.5395619120663144,0.0462493373461168,True,,5,005_Trial_1_No_Talking,IMU,Trial_1_No_Talking,0.6620468842732967,2.5395619120663144,2.5199704185656167,0.45540840672581034,0.20739681691654108,0.050393700787401574,278.7626649567232,0.4383060769759799,0.31446540880503143,3.8627315302585696,0.4829011974874518,0.6499769246989725,0.053950314161926825,0.6916338874832308,0.25441579835484224,0.6916338874832308,71.20481642766657,305.28028833839085,304.20198345131706,46.10773200040771,2125.922950221421,0.07874015748031496,3224600.0612685345,5070.125882497696,,
COUGH,COUGH_005_Trial_1_No_Talking_IMU_seg0001,COUGH_005_Trial_1_No_Talking_IMU_seg0001_c0002,24.404,25.651,1.247,124,2407,2531,0.2133519559461853,0.0462493373461168,True,,5,005_Trial_1_No_Talking,IMU,Trial_1_No_Talking,0.06664740306555128,0.2133519559461853,0.20705964356951204,0.035807323990193526,0.0012821644513386888,0.15447154471544716,0.5507926655873747,0.004441876335382055,4.838709677419355,7.666653686283025,0.0008071935345474318,0.7305876445949626,0.3372824632897829,0.27653607601658226,0.38618146069363496,0.38618146069363496,18.098103226864694,40.93347105123154,37.33125483108294,9.293060468326281,86.3609728679687,0.0975609756097561,40615.12621087103,327.54134041025026,,
COUGH,COUGH_005_Trial_1_No_Talking_IMU_seg0001,COUGH_005_Trial_1_No_Talking_IMU_seg0001_c0003,38.355,40.273,1.9180000000000064,190,3783,3973,0.1038734146382991,0.0462493373461168,True,,5,005_Trial_1_No_Talking,IMU,Trial_1_No_Talking,0.048417618241431676,0.10387341463829919,0.0982505308079987,0.020643931637466324,0.00042617191345238294,0.05291005291005291,0.44541049367287333,0.0023442657561730173,1.0526315789473684,2.7842777598884103,0.0002623268982562433,0.41436503156138194,0.46605631384578394,0.14343693384292913,0.3905067523112869,0.46605631384578394,12.428102465034339,25.162483963783774,22.0809800293076,5.344229887880968,28.560793094520225,0.05291005291005291,29346.96886746459,154.4577308813926,,
COUGH,COUGH_005_Trial_1_No_Talking_IMU_seg0001,COUGH_005_Trial_1_No_Talking_IMU_seg0001_c0004,42.117,42.908,0.7910000000000039,79,4154,4233,0.0687110143597883,0.0462493373461168,True,,5,005_Trial_1_No_Talking,IMU,Trial_1_No_Talking,0.03604733774075341,0.06871101435978831,0.058452796448535196,0.013825269359890603,0.00019113807287352992,0.10256410256410256,0.10265343409747966,0.0012994105581959452,2.564102564102564,4.864502089529273,4.1114325029896335e-05,0.5213770099658818,0.3973554475483547,0.33939638981130316,0.26324816264034206,0.3973554475483547,6.04502462394193,12.001023854886338,10.846939501140868,2.3033018193136727,5.3051992708536755,0.14102564102564102,2886.8434936210774,36.54232270406427,,
COUGH,COUGH_005_Trial_1_No_Talking_IMU_seg0001,COUGH_005_Trial_1_No_Talking_IMU_seg0001_c0005,43.446,48.901,5.455000000000005,539,4285,4824,0.4256006136902595,0.0462493373461168,True,,5,005_Trial_1_No_Talking,IMU,Trial_1_No_Talking,0.144148673638378,0.4256006136902595,0.4141399173464739,0.08845199342651044,0.007823755141123448,0.03717472118959108,11.199794820208247,0.02077884011170361,0.3717472118959108,1.5341110716271524,0.012597498768707333,0.4705548446919314,0.1282309884229518,0.36039740694325306,0.5113716046337952,0.5113716046337952,22.603695946557313,64.23546199738722,60.694770032753475,11.370715201296859,129.29316418900348,0.055762081784386616,275389.6909695378,510.9270704444115,,
COUGH,COUGH_005_Trial_1_No_Talking_IMU_seg0001,COUGH_005_Trial_1_No_Talking_IMU_seg0001_c0006,50.036,50.726,0.6899999999999977,69,4935,5004,0.0932604743112505,0.0462493373461168,True,,5,005_Trial_1_No_Talking,IMU,Trial_1_No_Talking,0.06396525861805352,0.09326047431125058,0.08477867012899566,0.018500391587361446,0.00034226448888571414,0.058823529411764705,0.2823172473951385,0.004091554310074471,2.941176470588235,3.400135642880821,9.717146743486925e-05,0.41411412458834773,0.6786900390044048,0.16440024305895243,0.15690971793664274,0.6786900390044048,8.88461234507233,15.032837861214368,12.886945421461341,3.716991604337362,13.816026586714438,0.07352941176470588,5446.607220032603,78.93633652221165,,
COUGH,COUGH_005_Trial_1_No_Talking_IMU_seg0001,COUGH_005_Trial_1_No_Talking_IMU_seg0001_c0007,52.257,53.128,0.8710000000000022,87,5154,5241,0.0653614721477228,0.0462493373461168,True,,5,005_Trial_1_No_Talking,IMU,Trial_1_No_Talking,0.04010124153500411,0.06536147214772281,0.05388593938556899,0.011514352002306112,0.00013258030203301078,0.09302325581395349,0.1399055328204403,0.0016081095726487391,2.3255813953488373,5.861092232146569,5.599245768983303e-05,0.5472099920955057,0.30795084169979364,0.45335847815915115,0.23869068014105518,0.45335847815915115,9.706631957746215,15.073256674910395,10.879357316506201,3.244506684771431,10.526823627526502,0.03488372093023256,8197.02724479319,94.2187039631401,,
COUGH,COUGH_005_Trial_1_No_Talking_IMU_seg0001,COUGH_005_Trial_1_No_Talking_IMU_seg0001_c0008,53.94,55.856,1.916000000000004,190,5320,5510,0.0821003207427772,0.0462493373461168,True,,5,005_Trial_1_No_Talking,IMU,Trial_1_No_Talking,0.04556266955942126,0.08210032074277723,0.07352425430005806,0.019112379085842488,0.00036528303432094934,0.06349206349206349,0.39443180290239244,0.002075956857381013,3.1578947368421053,4.1005769849470495,0.000339170314604838,0.5594106479425416,0.5025815608132902,0.2690716105848035,0.22834682860190636,0.5025815608132902,11.56373784693364,23.7966934638242,22.030385817549348,5.420290435239441,29.379548402348174,0.05291005291005291,25406.80626859503,133.72003299260544,,
COUGH,COUGH_005_Trial_1_No_Talking_IMU_seg0001,COUGH_005_Trial_1_No_Talking_IMU_seg0001_c0009,57.123,57.469,0.3460000000000036,35,5634,5669,0.08859117747358,0.0462493373461168,True,,5,005_Trial_1_No_Talking,IMU,Trial_1_No_Talking,0.04837969782936175,0.08859117747358004,0.08411806692265825,0.022528782430839993,0.0005075460378161247,0.058823529411764705,0.08192083067211224,0.00234059516206035,5.88235294117647,6.322856421447428,4.2199767908599495e-05,0.47528650154289614,0.5023492431556386,0.4383247387440848,0.05932601810027661,0.5023492431556386,10.562449752115677,13.740938101077612,10.324538893070748,3.006520061026571,9.039162877355217,0.08823529411764706,3904.787066808899,111.56534476596855,,
COUGH,COUGH_005_Trial_1_No_Talking_IMU_seg0001,COUGH_005_Trial_1_No_Talking_IMU_seg0001_c0010,82.462,82.958,0.4959999999999951,50,8133,8183,0.0832952061772675,0.0462493373461168,True,,5,005_Trial_1_No_Talking,IMU,Trial_1_No_Talking,0.045417343461516685,0.08329520617726759,0.07973988354968704,0.019325304761077966,0.0003734674041085427,0.12244897959183673,0.10313675435506862,0.0020627350871013726,4.0,7.1811424410146785,9.280830395136082e-05,0.5002613341835292,0.744545811773731,0.20385514544653657,0.051599042779732464,0.744545811773731,11.135345396334634,17.503044296863322,12.698603868867862,4.225987087070583,17.858966860087307,0.061224489795918366,6199.795854783546,123.99591709567092,,
COUGH,COUGH_005_Trial_1_No_Talking_IMU_seg0001,COUGH_005_Trial_1_No_Talking_IMU_seg0001_c0011,107.272,112.352,5.079999999999998,502,10580,11082,0.599536349303406,0.0462493373461168,True,,5,005_Trial_1_No_Talking,IMU,Trial_1_No_Talking,0.16996563200048925,0.599536349303406,0.5839674698221137,0.11336658915187538,0.012851983535930107,0.043912175648702596,14.501934662785521,0.02888831606132574,0.398406374501992,1.8771333647030217,0.026540178496864374,0.5075313915955372,0.06615954955781966,0.4870886804664548,0.4467517699757256,0.4870886804664548,35.08108097777225,123.32651108126522,121.46118086107516,21.496322815775347,462.0918946000237,0.03992015968063872,617802.4857696452,1230.6822425690143,,
COUGH,COUGH_005_Trial_1_No_Talking_IMU_seg0001,COUGH_005_Trial_1_No_Talking_IMU_seg0001_c0012,126.171,126.74,0.5689999999999884,57,12444,12501,0.2919160205402241,0.0462493373461168,True,,5,005_Trial_1_No_Talking,IMU,Trial_1_No_Talking,0.10038440804208552,0.2919160205402241,0.2773403773194793,0.06257491255753778,0.003915619681583499,0.14285714285714285,0.5743906745437157,0.010077029377959925,3.571428571428571,8.092293785432952,0.00042231904602561934,0.5549177580385553,0.24517873477175203,0.6429541265409631,0.11186713868728496,0.6429541265409631,20.076899901651384,55.014619990995115,54.612823266526576,11.710567530026408,137.1373918753088,0.125,22975.668850672977,403.0819096609294,,
COUGH,COUGH_005_Trial_1_No_Talking_IMU_seg0001,COUGH_005_Trial_1_No_Talking_IMU_seg0001_c0013,127.914,138.825,10.910999999999987,1077,12616,13693,1.0892545846533337,0.0462493373461168,True,,5,005_Trial_1_No_Talking,IMU,Trial_1_No_Talking,0.2478469387096288,1.0892545846533335,1.0716261176362318,0.1496610106790011,0.02239841811746008,0.13197026022304834,66.15806911487005,0.06142810502773449,0.3717472118959108,5.324666536629723,0.05503418464149551,0.7164198790780726,0.2694275831036438,0.17148816828382177,0.5590842486125345,0.5590842486125345,117.02777252616025,554.0581783521928,552.7748651965056,83.73255642377838,7011.14100526123,0.09293680297397769,14750053.007202182,13695.499542434709,,
COUGH,COUGH_005_Trial_1_No_Talking_IMU_seg0002,COUGH_005_Trial_1_No_Talking_IMU_seg0002_c0001,259.529,260.431,0.9019999999999868,90,134,224,0.6671852034956738,0.4534787540407995,True,,5,005_Trial_1_No_Talking,IMU,Trial_1_No_Talking,0.4530774588195241,0.6671852034956738,0.5092923851281494,0.12356642465651922,0.015268661302395242,0.0898876404494382,18.475126532132183,0.20527918369035758,2.2222222222222223,3.2942440813884684,0.005144138441409254,0.4851852060425412,0.16588867721493067,0.6993799202962421,0.13473140248882737,0.6993799202962421,135.51590670801224,292.8164328228885,283.35131868781235,56.79377484829069,3225.532861518336,0.12359550561797752,1652810.4873805211,18364.56097089468,,
COUGH,COUGH_005_Trial_1_No_Talking_IMU_seg0002,COUGH_005_Trial_1_No_Talking_IMU_seg0002_c0002,262.46,262.774,0.3140000000000214,32,423,455,1.0346673293273856,0.4534787540407995,True,,5,005_Trial_1_No_Talking,IMU,Trial_1_No_Talking,0.638096178252646,1.0346673293273856,0.7018842357523032,0.15423113353344134,0.02378724255101021,0.1935483870967742,13.02933544642024,0.4071667327006325,6.25,8.997280099346913,0.0038742347945898343,0.5821996096701197,0.20915572190086265,0.3366807880147691,0.4541634900843682,0.4541634900843682,293.14666057443526,568.2177946711212,491.81054848448184,146.41549557997595,21437.497345929958,0.06451612903225806,2749918.8673901814,85934.96460594317,,
COUGH,COUGH_005_Trial_1_No_Talking_IMU_seg0002,COUGH_005_Trial_1_No_Talking_IMU_seg0002_c0003,269.496,270.429,0.9329999999999928,93,1117,1210,0.5736675756272154,0.4534787540407995,True,,5,005_Trial_1_No_Talking,IMU,Trial_1_No_Talking,0.33794385123896514,0.5736675756272154,0.4158399643574238,0.10445264841086131,0.010910355760043008,0.15217391304347827,10.621162332890815,0.11420604659022382,2.1739130434782608,6.3524836006242955,0.0024218957818093294,0.6301314419521712,0.08712942583068259,0.32209491898079595,0.5907756551885215,0.5907756551885215,131.6877896104418,248.8284904629992,220.6914816992671,49.97888233482499,2497.8886794382815,0.15217391304347827,1612775.6757210102,17341.67393248398,,
COUGH,COUGH_005_Trial_1_No_Talking_IMU_seg0002,COUGH_005_Trial_1_No_Talking_IMU_seg0002_c0004,278.661,279.574,0.9130000000000108,91,2021,2112,1.2022768703646791,0.4534787540407995,True,,5,005_Trial_1_No_Talking,IMU,Trial_1_No_Talking,0.49696222423969516,1.2022768703646791,1.0286407448235346,0.19520844995592274,0.038106338934193996,0.2,22.47440216123512,0.24697145232126505,2.2222222222222223,8.265827556361797,0.011358185930562807,0.7154208352843673,0.17434451364622244,0.2386472442090769,0.5870082421447007,0.5870082421447007,275.9465556432773,880.9978207371761,858.8313792442025,182.01726314026692,33130.28408107317,0.08888888888888889,6929331.642996336,76146.50157138832,,
COUGH,COUGH_005_Trial_1_No_Talking_IMU_seg0002,COUGH_005_Trial_1_No_Talking_IMU_seg0002_c0005,280.132,281.531,1.399000000000001,139,2166,2305,1.0124724389578432,0.4534787540407995,True,,5,005_Trial_1_No_Talking,IMU,Trial_1_No_Talking,0.4112384391236576,1.0124724389578432,0.970455853191524,0.18666859017742563,0.03484516255882768,0.08695652173913043,23.50727047998785,0.1691170538128622,1.4492753623188404,5.236902921038522,0.017453987757787753,0.6095182624916435,0.2380706779107329,0.6155907852073856,0.14633853688188145,0.6155907852073856,208.4606983128174,576.4743747391713,559.4320050696002,111.98201507908304,12539.971701171982,0.12318840579710146,6040364.921008379,43455.862741067474,,
COUGH,COUGH_005_Trial_1_No_Talking_IMU_seg0002,COUGH_005_Trial_1_No_Talking_IMU_seg0002_c0006,282.656,283.204,0.5480000000000018,55,2415,2470,0.6938112784792373,0.4534787540407995,True,,5,005_Trial_1_No_Talking,IMU,Trial_1_No_Talking,0.39606993301218063,0.6938112784792373,0.6577470022178793,0.13940440882251076,0.019433589199153715,0.37037037037037035,8.627926550995028,0.15687139183627324,3.7037037037037033,15.180510438283713,0.003237260868929894,0.8661173978039489,0.4006232182021072,0.14812233601421212,0.45125444578368074,0.45125444578368074,179.90174072076744,446.2878496368137,429.965237492521,87.53184948876279,7661.824674923423,0.18518518518518517,1780054.9972899228,32364.636314362233,,
COUGH,COUGH_005_Trial_1_No_Talking_IMU_seg0002,COUGH_005_Trial_1_No_Talking_IMU_seg0002_c0007,285.657,286.823,1.1659999999999968,116,2711,2827,1.3882049668926146,0.4534787540407995,True,,5,005_Trial_1_No_Talking,IMU,Trial_1_No_Talking,0.9029363056160356,1.3882049668926146,1.2795339803552332,0.39012763525275396,0.15219957178790583,0.034782608695652174,94.57410075194603,0.8152939719995348,1.7241379310344829,3.587359591291912,0.047576842611996906,0.446788548124773,0.1865579485334866,0.3558614812454006,0.4575805702211128,0.4575805702211128,193.45756269174115,441.78351528479556,421.2273239841634,97.0230746686674,9413.477018161811,0.09565217391304348,4341396.113264959,37425.82856262896,,
COUGH,COUGH_005_Trial_1_No_Talking_IMU_seg0002,COUGH_005_Trial_1_No_Talking_IMU_seg0002_c0008,305.174,306.43,1.2560000000000286,125,4636,4761,0.5215331446704733,0.4534787540407995,True,,5,005_Trial_1_No_Talking,IMU,Trial_1_No_Talking,0.38715512750497166,0.5215331446704733,0.3866793600224813,0.09308175467941789,0.008664213054199335,0.11290322580645161,18.736136594173857,0.14988909275339085,1.6129032258064517,5.962738684519394,0.0026919143043002665,0.599868906468099,0.2565793486063285,0.3606323282548537,0.38278832313881794,0.38278832313881794,168.78766624671616,362.2627082533908,318.4731540631626,51.913372841737306,2694.998279805229,0.1532258064516129,3561159.5346266055,28489.276277012843,,
COUGH,COUGH_005_Trial_1_No_Talking_IMU_seg0003,COUGH_005_Trial_1_No_Talking_IMU_seg0003_c0001,14762.624,14766.202,3.57799999999952,354,1371,1725,4.016539746972224,0.4594475499242594,True,,5,005_Trial_1_No_Talking,IMU,Trial_1_No_Talking,1.1369523008154114,4.016539746972224,3.94494011416219,0.6626640184529248,0.4391236013521782,0.09631728045325778,457.601829152628,1.2926605343294577,1.694915254237288,5.3792111553428645,0.7118280207936507,0.6945030974538158,0.7503582664295917,0.08490349582759599,0.16473823774281232,0.7503582664295917,98.90988915010297,276.48470873495194,270.1323354462487,55.82180838717638,3116.0742916146355,0.12464589235127478,3463240.824776723,9783.166171685658,,
COUGH,COUGH_005_Trial_1_No_Talking_IMU_seg0003,COUGH_005_Trial_1_No_Talking_IMU_seg0003_c0002,15086.256,15086.722,0.4660000000003492,47,33291,33338,0.7348123437598237,0.4594475499242594,True,,5,005_Trial_1_No_Talking,IMU,Trial_1_No_Talking,0.37409237444794297,0.7348123437598237,0.6736780234026716,0.16255575802459266,0.026424374466949924,0.13043478260869565,6.5774199171447,0.13994510462009999,4.3478260869565215,5.389336698245989,0.002924961368235705,0.5160037362196495,0.7246053000035018,0.0650043516219856,0.21039034837451256,0.7246053000035018,41.94682349587605,78.85174112892668,68.67613445302986,16.446774195571074,270.4963814401025,0.21739130434782608,82698.19206552641,1759.536001394179,,
COUGH,COUGH_005_Trial_1_No_Talking_IMU_seg0003,COUGH_005_Trial_1_No_Talking_IMU_seg0003_c0003,15089.55,15090.047,0.4970000000012078,50,33616,33666,0.7156489448373479,0.4594475499242594,True,,5,005_Trial_1_No_Talking,IMU,Trial_1_No_Talking,0.3545987492709751,0.7156489448373479,0.6580568721453608,0.16069649184496956,0.025823362491280366,0.12244897959183673,6.287013649226994,0.12574027298453988,4.0,8.002742072688482,0.0024906181833013225,0.5707314243232231,0.7172904581817052,0.09474431488654401,0.18796522693175075,0.7172904581817052,57.63982394420461,124.96468239839099,115.16391716532421,26.011373877444598,676.5915709922072,0.1836734693877551,166117.46521594515,3322.349304318903,,
COUGH,COUGH_005_Trial_1_No_Talking_IMU_seg0003,COUGH_005_Trial_1_No_Talking_IMU_seg0003_c0004,15090.899,15235.135,144.2360000000008,14227,33749,47976,1.810406352718842,0.4594475499242594,True,,5,005_Trial_1_No_Talking,IMU,Trial_1_No_Talking,0.6110509839826378,1.810406352718842,1.7947117603108278,0.2620877153188382,0.06868997052104836,0.13538591311682835,5312.124280607035,0.3733833050261499,2.361872627583298,6.84682922771744,4.54883490295307,0.6695501794682756,0.7804129929700627,0.08263275779602378,0.1369542492339135,0.7804129929700627,115.68871359137987,506.0493670127512,499.7602171229206,47.787995190817746,2283.6924843576203,0.14677351328553354,190412438.74269775,13383.878452428322,,
COUGH,COUGH_005_Trial_2_Talking_IMU_seg0001,COUGH_005_Trial_2_Talking_IMU_seg0001_c0001,10.565,15.068,4.503,445,1042,1487,3.8045319303429657,0.4650155975280158,True,,5,005_Trial_2_Talking,IMU,Trial_2_Talking,0.9984658318000198,3.8045319303429657,3.7788160749063517,0.5915615809216608,0.34994510402253465,0.08558558558558559,443.63563768608697,0.9969340172721055,0.4504504504504504,5.062872943807566,0.7056884193510988,0.6963664969297829,0.8358481857317284,0.03160621834431388,0.13254559592395776,0.8358481857317284,101.29847436722582,309.2407563915124,300.5779858566789,64.02692583988971,4099.447232506737,0.10810810810810811,4566314.504561741,10261.380909127507,,
COUGH,COUGH_005_Trial_2_Talking_IMU_seg0001,COUGH_005_Trial_2_Talking_IMU_seg0001_c0002,56.261,57.113,0.8519999999999968,85,5549,5634,0.5690776352805831,0.4650155975280158,True,,5,005_Trial_2_Talking,IMU,Trial_2_Talking,0.21232930333109107,0.5690776352805831,0.5468032645263037,0.12536696870231248,0.015716876841606598,0.14285714285714285,3.83211730951065,0.045083733053066476,2.380952380952381,7.2761710017378665,0.004002243601090166,0.6671736674349075,0.21127141160005433,0.0807882155764743,0.7079403728234714,0.7079403728234714,44.031818274557125,87.65810531236745,80.57972180953378,19.991640946661406,399.6657077402289,0.20238095238095238,164798.08674790792,1938.8010205636226,,
COUGH,COUGH_005_Trial_2_Talking_IMU_seg0001,COUGH_005_Trial_2_Talking_IMU_seg0001_c0003,80.129,80.463,0.333999999999989,34,7903,7937,0.5572792463063401,0.4650155975280158,True,,5,005_Trial_2_Talking,IMU,Trial_2_Talking,0.2526525247797291,0.5572792463063401,0.5301842754124967,0.14238730699459756,0.02027414519317377,0.18181818181818182,2.1703321414374352,0.06383329827757163,5.88235294117647,11.015296429047545,0.0006962683851715776,0.7098625927536403,0.06914586608573027,0.1213347809752995,0.8095193529389701,0.8095193529389701,46.7721608922233,104.33794755002347,94.9498076464143,20.37881741931165,415.29619940963994,0.30303030303030304,74379.59117395277,2187.6350345280225,,
COUGH,COUGH_005_Trial_2_Talking_IMU_seg0001,COUGH_005_Trial_2_Talking_IMU_seg0001_c0004,338.274,339.662,1.3879999999999768,138,33364,33502,0.7879023394812326,0.4650155975280158,True,,5,005_Trial_2_Talking,IMU,Trial_2_Talking,0.35211578347686523,0.7879023394812326,0.7453037265918122,0.16693252753648516,0.027866468749719372,0.13138686131386862,17.110002446346673,0.12398552497352662,4.3478260869565215,6.276451117707698,0.021090444926196973,0.5867359785813587,0.624059019030348,0.1656367621520428,0.21030421881760913,0.624059019030348,52.41433880027378,118.49880085646306,108.32490727417903,22.005031410928016,484.2214073959286,0.13138686131386862,379122.28183804423,2747.2629118698856,,
COUGH,COUGH_005_Trial_2_Talking_IMU_seg0001,COUGH_005_Trial_2_Talking_IMU_seg0001_c0005,340.981,476.447,135.466,13362,33631,46993,2.208767464076768,0.4650155975280158,True,,5,005_Trial_2_Talking,IMU,Trial_2_Talking,0.749851800381148,2.2087674640767676,2.1981357093493457,0.3303997222312321,0.10916397645047532,0.1371154853678617,7513.154928510652,0.562277722534849,2.454722346954049,6.68125082763847,7.201856496864766,0.6181714876150022,0.7957971349794022,0.07329654618762885,0.13090631883296902,0.7957971349794022,138.4738006329228,501.29233685092254,495.3641364005466,61.474036254954065,3779.0571334754068,0.14100740962502806,256216262.6355889,19174.993461726455,,
COUGH,COUGH_005_Trial_2_Talking_IMU_seg0001,COUGH_005_Trial_2_Talking_IMU_seg0001_c0006,511.01,512.612,1.6019999999999754,159,50401,50560,0.5963937907158219,0.4650155975280158,True,,5,005_Trial_2_Talking,IMU,Trial_2_Talking,0.338555276424042,0.5963937907158219,0.5574139672713617,0.13389243751501811,0.017927184823713027,0.13924050632911392,18.224528355934957,0.11461967519455948,7.594936708860759,7.3237617656256315,0.010058019484767275,0.670988236507205,0.7394850917382896,0.0640638897588697,0.1964510185028406,0.7394850917382896,47.7499771813185,109.66860686140491,101.61929057271192,20.538895123046114,421.8462128754874,0.11392405063291139,362529.59100981354,2280.0603208164375,,
COUGH,COUGH_005_Trial_2_Talking_IMU_seg0001,COUGH_005_Trial_2_Talking_IMU_seg0001_c0007,519.324,519.78,0.4560000000000173,46,51221,51267,0.6629635968996038,0.4650155975280158,True,,5,005_Trial_2_Talking,IMU,Trial_2_Talking,0.35123794340309616,0.6629635968996038,0.5741418207206633,0.14522178096672664,0.02108936566714793,0.13333333333333333,5.674932272757682,0.12336809288603658,4.3478260869565215,7.404797380112521,0.001911807522546503,0.578982907477677,0.7130372852891452,0.06195137274520562,0.22501134196564918,0.7130372852891452,43.48495519363922,77.70505547659471,63.9345269006692,11.48388731426255,131.87966784668032,0.2222222222222222,86983.3010968693,1890.9413281928107,,
COUGH,COUGH_005_Trial_2_Talking_IMU_seg0001,COUGH_005_Trial_2_Talking_IMU_seg0001_c0008,626.857,627.547,0.6900000000000546,69,61827,61896,1.0575637157232516,0.4650155975280158,True,,5,005_Trial_2_Talking,IMU,Trial_2_Talking,0.4865378390702383,1.0575637157232516,0.9531906829143377,0.21320254262198163,0.045455324180477895,0.08823529411764706,16.33361575045246,0.2367190688471371,2.941176470588235,4.769529041634714,0.01238571242048173,0.40818945407687873,0.6315736794964484,0.12074387442226456,0.24768244608128706,0.6315736794964484,81.34775192175218,141.08163785399674,122.8090466776932,32.18322962435205,1035.7602690537717,0.08823529411764706,456604.5152478826,6617.456742722936,,
COUGH,COUGH_005_Trial_2_Talking_IMU_seg0001,COUGH_005_Trial_2_Talking_IMU_seg0001_c0009,628.114,628.874,0.7599999999999909,76,61951,62027,1.8506370653681845,0.4650155975280158,True,,5,005_Trial_2_Talking,IMU,Trial_2_Talking,0.5707443418835627,1.8506370653681843,1.8209621874988684,0.36448086938645363,0.13284630414870507,0.08,24.756931888199684,0.3257491037921011,7.894736842105264,7.600504651166852,0.007503809372972722,0.6566887853083259,0.8186943612474727,0.06666002952253515,0.11464560922999212,0.8186943612474727,129.96382283656382,311.1668867251912,298.5364942237329,75.66386460714313,5725.020407288086,0.12,1283685.238718325,16890.59524629375,,
COUGH,COUGH_005_Trial_2_Talking_IMU_seg0001,COUGH_005_Trial_2_Talking_IMU_seg0001_c0010,666.51,666.916,0.4060000000000627,41,65738,65779,0.5005284990798162,0.4650155975280158,True,,5,005_Trial_2_Talking,IMU,Trial_2_Talking,0.20453678708493275,0.5005284990798162,0.4616934226771659,0.11818483983948384,0.013967656367884449,0.15,1.7152471881121119,0.04183529727102712,5.0,8.495359952708961,0.0002309584811370413,0.6672018924351257,0.1350431895954752,0.13100700246838956,0.7339498079361353,0.7339498079361353,52.83215986732588,103.36997497985865,93.06968910681503,23.995256653540242,575.7723418692673,0.15,114440.72176611383,2791.237116246679,,
COUGH,COUGH_005_Trial_2_Talking_IMU_seg0001,COUGH_005_Trial_2_Talking_IMU_seg0001_c0011,686.828,687.163,0.3350000000000364,34,67742,67776,0.494998206441265,0.4650155975280158,True,,5,005_Trial_2_Talking,IMU,Trial_2_Talking,0.21526271938814756,0.494998206441265,0.43694715936447853,0.12648538002767942,0.015998551360746485,0.12121212121212122,1.5754933041849322,0.04633803835838036,11.76470588235294,12.063900271789468,0.0003391597632519676,0.5893151069385266,0.09699119722522638,0.09610881797797163,0.806899984796802,0.806899984796802,58.73901193127922,151.70198056027212,141.1210843525454,34.449779324087274,1186.787295478311,0.21212121212121213,117309.23177054075,3450.271522662963,,
COUGH,COUGH_005_Trial_3_Nonverbal_IMU_seg0001,COUGH_005_Trial_3_Nonverbal_IMU_seg0001_c0001,8.952,12.217,3.265000000000001,323,883,1206,3.692323319506128,0.4644508065216815,True,,5,005_Trial_3_Nonverbal,IMU,Trial_3_Nonverbal,1.0809691084241482,3.6923233195061274,3.6153190708622502,0.6458061712926816,0.4170656108797124,0.09316770186335403,377.42363091763724,1.168494213367298,0.6211180124223602,5.7058941153992695,0.7510177841697951,0.7143953350187678,0.7959122616807194,0.084126368058069,0.1199613702612116,0.7959122616807194,96.66648828671303,314.8509684334011,311.35202774677424,56.413837140127896,3182.5210208728736,0.12422360248447205,3018244.4163323287,9344.409957685228,,
COUGH,COUGH_005_Trial_3_Nonverbal_IMU_seg0001,COUGH_005_Trial_3_Nonverbal_IMU_seg0001_c0002,191.066,191.543,0.4770000000000038,48,18845,18893,0.610963526098301,0.4644508065216815,True,,5,005_Trial_3_Nonverbal,IMU,Trial_3_Nonverbal,0.30164604033255027,0.610963526098301,0.5746254879470712,0.1516653704183397,0.02300238458413219,0.1276595744680851,4.367536015118714,0.09099033364830654,8.333333333333334,7.471980799733627,0.002575989855848531,0.5034549099558816,0.7060065125155601,0.03535953296953621,0.2586339545149038,0.7060065125155601,46.05999015107468,89.80542364929673,75.90079654485146,20.73945211227363,430.12487391729104,0.0851063829787234,101833.08925042064,2121.5226927170966,,
COUGH,COUGH_005_Trial_3_Nonverbal_IMU_seg0001,COUGH_005_Trial_3_Nonverbal_IMU_seg0001_c0003,232.777,233.274,0.4970000000000141,50,22959,23009,0.7300329435562654,0.4644508065216815,True,,5,005_Trial_3_Nonverbal,IMU,Trial_3_Nonverbal,0.3982183592785905,0.7300329435562654,0.6185209632202144,0.14902056756421342,0.022207129557160293,0.16326530612244897,7.92889308332663,0.1585778616665326,8.0,6.307324626373335,0.004355580421722136,0.4748248718235784,0.8429967505199507,0.039598294641879646,0.11740495483816966,0.8429967505199507,63.695107215655476,127.63483629161745,111.29236453631415,26.540063063064295,704.3749473914297,0.061224489795918366,202853.33416069232,4057.0666832138463,,
COUGH,COUGH_005_Trial_3_Nonverbal_IMU_seg0001,COUGH_005_Trial_3_Nonverbal_IMU_seg0001_c0004,273.87,274.266,0.396000000000015,40,27012,27052,0.5584495234066553,0.4644508065216815,True,,5,005_Trial_3_Nonverbal,IMU,Trial_3_Nonverbal,0.3232595498069122,0.5584495234066553,0.4764548472938952,0.1416048152517958,0.020051923702495218,0.10256410256410256,4.179869461654702,0.10449673654136755,5.0,7.564734127820416,0.0014618536232721034,0.5499798070715398,0.5849553509213469,0.12900364384118052,0.28604100523747267,0.5849553509213469,69.7028351166904,174.07963365947822,159.18544859749966,33.3487321962176,1112.1379390950403,0.15384615384615385,194339.40893218113,4858.4852233045285,,
COUGH,COUGH_005_Trial_3_Nonverbal_IMU_seg0001,COUGH_005_Trial_3_Nonverbal_IMU_seg0001_c0005,320.174,320.681,0.507000000000005,51,31579,31630,0.532190166358895,0.4644508065216815,True,,5,005_Trial_3_Nonverbal,IMU,Trial_3_Nonverbal,0.32639369716833283,0.532190166358895,0.3877754582230404,0.09516795312096783,0.009056939301234732,0.2,5.433175123111882,0.10653284555121337,4.0,6.3245651913017475,0.001403744324080584,0.6085254142000842,0.7432330626788187,0.10755769792686586,0.1492092393943155,0.7432330626788187,39.85492773542351,82.07226084540103,78.10293215117245,16.083453465553347,258.67747537861993,0.16,81009.17850458734,1588.4152647958301,,
COUGH,COUGH_005_Trial_3_Nonverbal_IMU_seg0001,COUGH_005_Trial_3_Nonverbal_IMU_seg0001_c0006,321.208,457.951,136.743,13488,31681,45169,1.574981499379027,0.4644508065216815,True,,5,005_Trial_3_Nonverbal,IMU,Trial_3_Nonverbal,0.5426835410437053,1.574981499379027,1.548773412410767,0.23259686458677356,0.05410130141559788,0.13613108919700453,3972.2891821077856,0.294505425719735,2.4614472123368922,6.258938614694646,3.146286035175384,0.6830652355181371,0.7403689369320203,0.09303784677869743,0.16659321628928228,0.7403689369320203,94.16474971116864,431.62325917391536,424.7016923984256,38.23098410845879,1461.6081459012285,0.16297175057462743,119598097.18919697,8867.000088167035,,
COUGH,COUGH_005_Trial_3_Nonverbal_IMU_seg0001,COUGH_005_Trial_3_Nonverbal_IMU_seg0001_c0007,459.532,461.196,1.664000000000044,165,45324,45489,0.5691345238668929,0.4644508065216815,True,,5,005_Trial_3_Nonverbal,IMU,Trial_3_Nonverbal,0.2671669794065139,0.5691345238668929,0.5473194808043625,0.11872086942453258,0.014094644836916914,0.0975609756097561,11.777402156058104,0.07137819488520063,3.6585365853658534,5.821387021639918,0.01005395377062529,0.5965747222360175,0.6952839030968977,0.18018444845756532,0.12453164844553696,0.6952839030968977,33.71689297541945,64.42187602036975,56.822601155310025,12.354314507425569,152.6290869483859,0.17073170731707318,187576.76386612176,1136.8288719158895,,
COUGH,COUGH_006_Trial_1_No_Talking_IMU_seg0001,COUGH_006_Trial_1_No_Talking_IMU_seg0001_c0001,10.686,13.819,3.133000000000001,310,1054,1364,2.31555622179822,0.5796720458742484,True,,6,006_Trial_1_No_Talking,IMU,Trial_1_No_Talking,0.9402953664191644,2.31555622179822,2.2516470960958426,0.47451294195167965,0.22516253207963807,0.06472491909385113,274.08816659389873,0.8841553761093508,0.6451612903225806,4.046011601443062,0.36179891228923045,0.6221942651484315,0.1646545256554553,0.6049772518615044,0.23036822248304026,0.6049772518615044,124.32388144208053,414.36756727891145,412.17055044928793,82.0019180568839,6724.314565007901,0.09061488673139159,4791492.524015594,15456.427496824497,,
COUGH,COUGH_006_Trial_1_No_Talking_IMU_seg0001,COUGH_006_Trial_1_No_Talking_IMU_seg0001_c0002,330.14,478.523,148.38300000000004,14635,32560,47195,3.637531611643172,0.5796720458742484,True,,6,006_Trial_1_No_Talking,IMU,Trial_1_No_Talking,1.061122188845524,3.637531611643172,3.609480702919758,0.5637804953640756,0.3178484469529625,0.0929342626759601,16478.721685528726,1.125980299660316,2.6923602569359026,5.417441063997037,22.507331721769724,0.5360559664791513,0.3066379397681313,0.5169358609079757,0.17642619932389308,0.5169358609079757,227.52838495395832,884.7823796937992,874.6710010113417,131.62248335208534,17324.478123769983,0.11220445537788712,757641743.8210386,51769.165959756654,,
COUGH,COUGH_006_Trial_2_Talking_IMU_seg0001,COUGH_006_Trial_2_Talking_IMU_seg0001_c0001,40.903,43.824,2.921,289,4034,4323,2.385762223924176,0.661947815197977,True,,6,006_Trial_2_Talking,IMU,Trial_2_Talking,0.9460292193622999,2.3857622239241754,2.351922156426107,0.48369703539508063,0.23396282204998986,0.0763888888888889,258.6467010434131,0.8949712838872426,3.4722222222222223,3.6151458164975843,0.38060344424503517,0.5910260321277755,0.15227945423362466,0.6358804710104208,0.21184007475595468,0.6358804710104208,118.48444455575033,329.149961877147,321.2502498167933,72.1892946763755,5211.294265872575,0.10416666666666667,4057144.8808868704,14038.563601684673,,
COUGH,COUGH_006_Trial_2_Talking_IMU_seg0001,COUGH_006_Trial_2_Talking_IMU_seg0001_c0002,358.478,512.754,154.276,15216,35354,50570,3.709356240347476,0.661947815197977,True,,6,006_Trial_2_Talking,IMU,Trial_2_Talking,1.0996563975124174,3.709356240347476,3.6882625681265373,0.5893113892374148,0.34728791348493177,0.09937561616825501,18399.859634449254,1.2092441925899877,2.7339642481598316,5.491034104672297,25.869170603921333,0.47742391904654863,0.28034213475113134,0.5492528303575546,0.17040503489131403,0.5492528303575546,232.5404815407285,1008.1672670258997,1001.2692995963838,132.29355488049214,17501.584662917787,0.13026618468616497,822806349.6478302,54075.07555519389,,
COUGH,COUGH_006_Trial_3_Nonverbal_IMU_seg0001,COUGH_006_Trial_3_Nonverbal_IMU_seg0001_c0001,12.329,13.151,0.8219999999999992,82,1216,1298,2.508401274385612,0.7168862769776952,True,,6,006_Trial_3_Nonverbal,IMU,Trial_3_Nonverbal,1.0731062252198702,2.5084012743856117,2.152521864434327,0.4213404376176363,0.17752776437182125,0.09876543209876543,94.42767158966238,1.1515569706056388,4.878048780487805,5.067058582391569,0.04902435271770286,0.5010568136475395,0.2358428697048422,0.6180502866594655,0.1461068436356923,0.6180502866594655,180.77239546994826,333.60334696028116,315.79403629857757,85.4912989087987,7308.762189113566,0.16049382716049382,2679650.0350433565,32678.658963943373,,
COUGH,COUGH_006_Trial_3_Nonverbal_IMU_seg0001,COUGH_006_Trial_3_Nonverbal_IMU_seg0001_c0002,13.819,14.449,0.629999999999999,63,1363,1426,1.9728589989066407,0.7168862769776952,True,,6,006_Trial_3_Nonverbal,IMU,Trial_3_Nonverbal,1.1854846430088548,1.9728589989066407,1.7811004472022263,0.3806466761661237,0.14489189207631784,0.12903225806451613,88.53855184501941,1.405373838809832,3.2258064516129035,5.961077638279769,0.04370748105291229,0.5688824174730358,0.16425159877631368,0.6733772529476659,0.16237114827602034,0.6733772529476659,218.81404778328977,432.7860670352108,397.56456263030105,112.51141412511647,12658.818308433458,0.12903225806451613,3016414.012960392,47879.58750730781,,
COUGH,COUGH_006_Trial_3_Nonverbal_IMU_seg0001,COUGH_006_Trial_3_Nonverbal_IMU_seg0001_c0003,15.036,15.755,0.7190000000000012,72,1483,1555,1.9836625191019044,0.7168862769776952,True,,6,006_Trial_3_Nonverbal,IMU,Trial_3_Nonverbal,1.0868319933126285,1.9836625191019044,1.881463068053141,0.35099517414508663,0.12319761227313969,0.14084507042253522,85.04667228152891,1.1812037816879015,5.555555555555555,5.998419174653352,0.05507849434971073,0.568278397592499,0.17882761652372484,0.6895541967346812,0.1316181867415939,0.6895541967346812,158.4101151238634,391.90363894923047,368.7591701815587,87.2971765881738,7620.7970402668,0.19718309859154928,1806751.049296007,25093.764573555654,,
COUGH,COUGH_006_Trial_3_Nonverbal_IMU_seg0001,COUGH_006_Trial_3_Nonverbal_IMU_seg0001_c0004,196.229,196.533,0.3039999999999736,31,19353,19384,1.0354740125535578,0.7168862769776952,True,,6,006_Trial_3_Nonverbal,IMU,Trial_3_Nonverbal,0.5056520780768984,1.0354740125535578,0.9885180515507579,0.27451502101197034,0.07535849676120253,0.13333333333333333,7.926204745968059,0.2556840240634858,6.25,5.378479118454789,0.005739903074367761,0.454188554494507,0.18269443642856417,0.4977706935630118,0.31953487000842407,0.4977706935630118,99.88947197508001,264.8741710153235,252.90239685989988,58.07273362521775,3372.442390705496,0.2,309315.10495526914,9977.906611460296,,
COUGH,COUGH_006_Trial_3_Nonverbal_IMU_seg0001,COUGH_006_Trial_3_Nonverbal_IMU_seg0001_c0005,328.721,464.906,136.185,13432,32420,45852,4.3545787478777225,0.7168862769776952,True,,6,006_Trial_3_Nonverbal,IMU,Trial_3_Nonverbal,1.2414731211910408,4.3545787478777225,4.337912693759332,0.6962667434938812,0.48478737809557415,0.10766138038865311,20702.144018914125,1.5412555106398247,2.7397260273972606,5.590552061125308,31.821498161457573,0.5298864298442156,0.3892173975991678,0.4583542888932928,0.1524283135075394,0.4583542888932928,247.2542059614527,867.8513364653676,859.6499961774338,134.42323123790456,18069.60509643916,0.12061648425284789,821160516.2551216,61134.64236562847,,
COUGH,COUGH_007_Trial_1_No_Talking_IMU_seg0001,COUGH_007_Trial_1_No_Talking_IMU_seg0001_c0001,43.732,48.264,4.532000000000004,448,4313,4761,3.587044597205692,0.4773824320361788,True,,7,007_Trial_1_No_Talking,IMU,Trial_1_No_Talking,1.1824352143183536,3.587044597205692,3.566601475284897,0.7241044242967181,0.5243272172860814,0.07606263982102908,626.3725601549206,1.3981530360600907,0.4464285714285714,3.4948405842650834,0.9282919571824744,0.6195065448565534,0.09225576907874981,0.7465179594344412,0.16122627148680904,0.7465179594344412,84.09598988744398,265.7271935617485,263.34648887944536,54.65603489174861,2987.2821500880414,0.07158836689038031,3168316.710786788,7072.13551514908,,
COUGH,COUGH_007_Trial_1_No_Talking_IMU_seg0001,COUGH_007_Trial_1_No_Talking_IMU_seg0001_c0002,307.424,307.779,0.3550000000000182,36,30320,30356,0.5940299389333431,0.4773824320361788,True,,7,007_Trial_1_No_Talking,IMU,Trial_1_No_Talking,0.28369699029535084,0.5940299389333431,0.5671364693374783,0.15344599776722365,0.0235456742307788,0.17142857142857143,2.8974233628950543,0.0804839823026404,5.555555555555555,10.339026973047343,0.001419630545656416,0.6757504804193653,0.18278031731873107,0.5709184801413447,0.2463012025399242,0.5709184801413447,42.304083942090564,80.79055034699505,67.4153284863234,21.275570731590754,452.64990995492116,0.02857142857142857,64426.87865446,1789.6355181794445,,
COUGH,COUGH_007_Trial_1_No_Talking_IMU_seg0001,COUGH_007_Trial_1_No_Talking_IMU_seg0001_c0003,356.549,495.692,139.14300000000003,13724,35165,48889,2.6798461655302632,0.4773824320361788,True,,7,007_Trial_1_No_Talking,IMU,Trial_1_No_Talking,0.8657061452947953,2.6798461655302632,2.6638336349205174,0.3939264503472477,0.15517804828318263,0.1192887852510384,10285.412412136102,0.7494471300011732,2.66686097347712,5.798092316314168,10.09821590480515,0.5784518631157659,0.09939434456317357,0.6994533935988491,0.20115226183797733,0.6994533935988491,104.92308759152877,452.7032022160158,448.96697053739524,55.90797335237155,3125.701484369487,0.12810609924943525,151085516.5468665,11008.854309739618,,
COUGH,COUGH_007_Trial_1_No_Talking_IMU_seg0001,COUGH_007_Trial_1_No_Talking_IMU_seg0001_c0004,652.528,652.934,0.405999999999949,41,64356,64397,0.975974169107165,0.4773824320361788,True,,7,007_Trial_1_No_Talking,IMU,Trial_1_No_Talking,0.5694879599871258,0.975974169107165,0.81911812740685,0.2627299395998963,0.06902702116216518,0.075,13.296977999382225,0.3243165365702982,5.0,6.858155121754022,0.005579261129657178,0.45176050453333166,0.11127655011743434,0.7301225095141963,0.1586009403683693,0.7301225095141963,51.18722730331759,75.94114061229241,60.24873016842607,19.529997893192864,381.4208177081176,0.05,107425.42179906156,2620.1322390015016,,
COUGH,COUGH_007_Trial_2_Talking_IMU_seg0001,COUGH_007_Trial_2_Talking_IMU_seg0001_c0001,8.984,11.934,2.9499999999999997,292,886,1178,2.8123784632117577,0.4880159293522115,True,,7,007_Trial_2_Talking,IMU,Trial_2_Talking,1.1492680483444977,2.8123784632117577,2.724870262435481,0.6848304141493531,0.4689926961439745,0.08247422680412371,385.6785777081067,1.320817046945571,0.684931506849315,3.977349578674323,0.5156679343659527,0.6393436989940025,0.10855873533173187,0.709628973416405,0.18181229125186307,0.709628973416405,78.75166174308794,286.46844279335056,282.32756647064474,52.687373976447965,2775.959376534086,0.09621993127147767,1810932.67437094,6201.82422729774,,
COUGH,COUGH_007_Trial_2_Talking_IMU_seg0001,COUGH_007_Trial_2_Talking_IMU_seg0001_c0002,12.573,13.749,1.1760000000000002,117,1240,1357,2.787351217422314,0.4880159293522115,True,,7,007_Trial_2_Talking,IMU,Trial_2_Talking,1.2858605360862276,2.787351217422314,2.646652124377527,0.6701639185034067,0.44911967766384076,0.06896551724137931,193.45216623688341,1.6534373182639608,3.4482758620689657,4.683494465568976,0.28156794979266664,0.551321415164689,0.09371926374879959,0.6985423972205076,0.20773833903069275,0.6985423972205076,83.68265074267855,254.3751347081573,251.21625055757434,55.69622315419401,3102.069273641777,0.08620689655172414,819325.9661325708,7002.786035321117,,
COUGH,COUGH_007_Trial_2_Talking_IMU_seg0001,COUGH_007_Trial_2_Talking_IMU_seg0001_c0003,333.067,333.372,0.3050000000000068,31,32849,32880,0.6142454061681409,0.4880159293522115,True,,7,007_Trial_2_Talking,IMU,Trial_2_Talking,0.39566392481218327,0.6142454061681409,0.491897718250852,0.12698277436985447,0.016124624986665368,0.13333333333333333,4.853048183331212,0.15654994139778103,6.25,8.955120772372899,0.001162389950590049,0.5511668140452483,0.15096513286779023,0.703688371140656,0.14534649599155375,0.703688371140656,30.567018737508608,75.46395562535635,71.54906024929176,18.856536904906708,355.56898404610865,0.2,28964.62166947527,934.3426344992023,,
COUGH,COUGH_007_Trial_2_Talking_IMU_seg0001,COUGH_007_Trial_2_Talking_IMU_seg0001_c0004,333.929,463.105,129.17600000000004,12741,32934,45675,2.96293896500739,0.4880159293522115,True,,7,007_Trial_2_Talking,IMU,Trial_2_Talking,0.9308965321550827,2.96293896500739,2.956741104612439,0.40697482563264786,0.16562850869872414,0.11679748822605965,11040.947392941871,0.8665683535783589,2.5902668759811616,5.8762727071478915,10.241599995621275,0.5457613936591292,0.10443303213112039,0.7116419821325335,0.18392498573634608,0.7116419821325335,102.80532069654227,442.8083978700388,436.7355881571648,54.20941527993137,2938.6607049920567,0.11554160125588697,134658787.62919435,10568.933963518903,,
COUGH,COUGH_007_Trial_2_Talking_IMU_seg0001,COUGH_007_Trial_2_Talking_IMU_seg0001_c0005,467.627,468.743,1.1159999999999854,111,46120,46231,0.5969888143623348,0.4880159293522115,True,,7,007_Trial_2_Talking,IMU,Trial_2_Talking,0.35559622223863346,0.5969888143623348,0.5561674834396676,0.14678241767898767,0.021545078139688794,0.07272727272727272,14.035802733013023,0.12644867327038758,3.6363636363636362,4.156327727365715,0.00994304945628197,0.4497554375525716,0.13623855663877235,0.6904453354729762,0.17331610788825147,0.6904453354729762,32.705108690654036,69.25356064603169,64.06016343186602,15.096639359283852,227.90851994427834,0.12727272727272726,118728.27892589185,1069.624134467494,,
COUGH,COUGH_007_Trial_2_Talking_IMU_seg0001,COUGH_007_Trial_2_Talking_IMU_seg0001_c0006,617.191,618.844,1.65300000000002,164,60871,61035,1.3600774228719652,0.4880159293522115,True,,7,007_Trial_2_Talking,IMU,Trial_2_Talking,0.5082586228451448,1.3600774228719652,1.2934405945287475,0.2552744215715813,0.06516503030870541,0.0736196319018405,42.36559974221667,0.2583268276964431,1.2195121951219512,3.2816987844711982,0.03937625039423869,0.5041935930789102,0.13469830461817936,0.584031757460655,0.28126993792116567,0.584031757460655,56.70669309427844,112.89583160191367,103.02169912308626,21.637748446775444,468.19215784593314,0.0736196319018405,527366.4428369446,3215.6490416886863,,
COUGH,COUGH_007_Trial_3_Nonverbal_IMU_seg0001,COUGH_007_Trial_3_Nonverbal_IMU_seg0001_c0001,17.054,18.301,1.247,124,1682,1806,3.0013066739128376,0.5457728084998178,True,,7,007_Trial_3_Nonverbal,IMU,Trial_3_Nonverbal,1.2500410041004206,3.0013066739128376,2.8889312853642104,0.6562315446142052,0.4306398401467455,0.08130081300813008,193.76271147961612,1.562602511932388,3.2258064516129035,4.776699298558676,0.2949671107970242,0.5913512342552283,0.07677169936603226,0.7909818372875979,0.13224646334636986,0.7909818372875979,86.64894477789417,283.08480736737846,276.13882151583425,58.94479081366363,3474.488364066564,0.08130081300813008,930996.9142591967,7508.039631122554,,
COUGH,COUGH_007_Trial_3_Nonverbal_IMU_seg0001,COUGH_007_Trial_3_Nonverbal_IMU_seg0001_c0002,19.032,20.076,1.0440000000000005,104,1877,1981,3.016422959655804,0.5457728084998178,True,,7,007_Trial_3_Nonverbal,IMU,Trial_3_Nonverbal,1.3240934948965175,3.0164229596558036,2.7663075529263343,0.6243407284864605,0.3898013452470042,0.13592233009708737,182.3352526556365,1.7532235832272742,5.769230769230768,6.533526355521346,0.17637275948240078,0.5984898057562665,0.07022532356530678,0.7379170300548801,0.19185764637981303,0.7379170300548801,95.59157235531053,201.0042532770216,188.46187461423528,49.96695154579766,2496.6962467800913,0.13592233009708737,950325.8653574991,9137.74870536057,,
COUGH,COUGH_007_Trial_3_Nonverbal_IMU_seg0001,COUGH_007_Trial_3_Nonverbal_IMU_seg0001_c0003,20.968,22.266,1.2979999999999985,129,2068,2197,4.074723672799321,0.5457728084998178,True,,7,007_Trial_3_Nonverbal,IMU,Trial_3_Nonverbal,1.272348761820457,4.074723672799321,4.00797983170595,0.7246420780928137,0.5251061413426715,0.09375,208.83440695008045,1.6188713717060499,4.6875,6.420519886280329,0.3702799494111195,0.6456692493710681,0.09835417321255213,0.7026195147843,0.19902631200314796,0.7026195147843,85.74398425740523,241.98118705359934,231.1157031266477,50.58134263107781,2558.4722223624894,0.1484375,948411.9778871061,7352.030836334156,,
COUGH,COUGH_007_Trial_3_Nonverbal_IMU_seg0001,COUGH_007_Trial_3_Nonverbal_IMU_seg0001_c0004,337.361,337.868,0.507000000000005,51,33273,33324,0.622216237971423,0.5457728084998178,True,,7,007_Trial_3_Nonverbal,IMU,Trial_3_Nonverbal,0.3328601725951574,0.622216237971423,0.517290571110025,0.12445216694848173,0.015488341858172768,0.16,5.6505906195039755,0.11079589450007794,4.0,4.779613639943423,0.0015476822823112545,0.4747883518379329,0.18897196212274614,0.5844513553518268,0.22657668252542704,0.5844513553518268,28.7589586595729,67.95363718446275,65.00991562626967,16.756285995996837,280.7731203796397,0.12,42180.96286233418,827.0777031830231,,
COUGH,COUGH_007_Trial_3_Nonverbal_IMU_seg0001,COUGH_007_Trial_3_Nonverbal_IMU_seg0001_c0005,338.395,338.912,0.5169999999999959,52,33375,33427,0.6502870598573629,0.5457728084998178,True,,7,007_Trial_3_Nonverbal,IMU,Trial_3_Nonverbal,0.33944064523838635,0.6502870598573629,0.5342940310302046,0.14059365280098934,0.019766575207925137,0.11764705882352941,5.991437485272308,0.11521995163985208,3.846153846153846,4.1411563734905,0.0023478580044126126,0.43079659086271205,0.1383795676408737,0.6314156405605253,0.23020479179860107,0.6314156405605253,27.33818868824516,55.93701444944104,51.17924602554977,13.056086915723668,170.46140555093078,0.09803921568627451,38863.581159212976,747.3765607540956,,
COUGH,COUGH_007_Trial_3_Nonverbal_IMU_seg0001,COUGH_007_Trial_3_Nonverbal_IMU_seg0001_c0006,339.45,339.977,0.5269999999999868,53,33479,33532,0.6475508377353723,0.5457728084998178,True,,7,007_Trial_3_Nonverbal,IMU,Trial_3_Nonverbal,0.3620226127887186,0.6475508377353723,0.507871985331281,0.1315330228587305,0.017300936102355318,0.11538461538461539,6.946199725029637,0.1310603721703705,3.846153846153846,4.761443284093119,0.002020250974790603,0.41038267085676006,0.16529735369409942,0.5949213488930266,0.23978129741287396,0.5949213488930266,24.81667139811167,59.8018716963457,54.69741383051027,14.147830292625162,200.16110198892218,0.11538461538461539,32640.960501938247,615.8671792818537,,
COUGH,COUGH_007_Trial_3_Nonverbal_IMU_seg0001,COUGH_007_Trial_3_Nonverbal_IMU_seg0001_c0007,340.515,341.57,1.0550000000000068,105,33584,33689,0.7355523677984389,0.5457728084998178,True,,7,007_Trial_3_Nonverbal,IMU,Trial_3_Nonverbal,0.3479564705923572,0.7355523677984389,0.6679057276029452,0.16286126965359288,0.026523793153180292,0.09615384615384616,12.71273906984444,0.12107370542708991,3.846153846153846,4.666850073852304,0.013538845595012283,0.46172929994652717,0.1254170410502125,0.6858521203155009,0.18873083863428658,0.6858521203155009,24.058013334571424,52.677892391560135,48.258933936949575,9.734927904454612,94.76882130492905,0.15384615384615385,60772.740588673725,578.7880056064164,,
COUGH,COUGH_007_Trial_3_Nonverbal_IMU_seg0001,COUGH_007_Trial_3_Nonverbal_IMU_seg0001_c0008,343.303,344.013,0.7099999999999795,71,33859,33930,0.7344083040839685,0.5457728084998178,True,,7,007_Trial_3_Nonverbal,IMU,Trial_3_Nonverbal,0.4325321224146639,0.7344083040839685,0.6883448449866661,0.14907958072780816,0.02222472138997907,0.11428571428571428,13.282966621357899,0.18708403692053377,2.8571428571428568,6.966513606372167,0.005768612640577631,0.6096252412538081,0.12059227405949453,0.6044772331383977,0.27493049280210774,0.6044772331383977,38.53904243519579,136.41421594642026,131.24159620906602,24.158815243067888,583.6483539486894,0.11428571428571428,105453.30321934934,1485.2577918218217,,
COUGH,COUGH_007_Trial_3_Nonverbal_IMU_seg0001,COUGH_007_Trial_3_Nonverbal_IMU_seg0001_c0009,346.456,468.085,121.62899999999996,11997,34170,46167,3.013395298379821,0.5457728084998178,True,,7,007_Trial_3_Nonverbal,IMU,Trial_3_Nonverbal,0.9858370408017909,3.013395298379821,2.9960335152149025,0.43689438145115717,0.1908767005435892,0.11853951317105701,11659.580428188932,0.9718746710168319,2.6342114038012667,5.969415765769336,11.336446027492086,0.5887296063394796,0.09449959463595395,0.7192614895543619,0.1862389158096842,0.7192614895543619,106.07592678383298,453.6752550152974,452.01321876033893,57.51534258474719,3308.0146326408335,0.11520506835611871,134991470.60986,11252.102243049096,,
COUGH,COUGH_007_Trial_3_Nonverbal_IMU_seg0001,COUGH_007_Trial_3_Nonverbal_IMU_seg0001_c0010,481.278,481.723,0.4449999999999932,45,47467,47512,0.9357745417690996,0.5457728084998178,True,,7,007_Trial_3_Nonverbal,IMU,Trial_3_Nonverbal,0.49318622396397643,0.9357745417690997,0.9280955986959075,0.23327028410052578,0.05441502544434001,0.18181818181818182,10.945469317853048,0.2432326515078455,9.090909090909092,8.054305411819564,0.014876291005353898,0.4535820562256933,0.20519993614756213,0.6488223643495488,0.14597769950288905,0.6488223643495488,43.118890263381836,68.89001560850042,58.9690422368579,14.99966115942171,224.9898348974642,0.13636363636363635,83665.74138955041,1859.2386975455647,,
COUGH,COUGH_007_Trial_3_Nonverbal_IMU_seg0001,COUGH_007_Trial_3_Nonverbal_IMU_seg0001_c0011,640.685,641.404,0.7190000000000509,72,63189,63261,1.1492344035794175,0.5457728084998178,True,,7,007_Trial_3_Nonverbal,IMU,Trial_3_Nonverbal,0.4661256580543939,1.1492344035794175,1.0539000158994962,0.24017716117860208,0.057685068751812195,0.14084507042253522,15.643665294958204,0.21727312909664173,8.333333333333332,6.09424744611082,0.016958972746238747,0.5648025650442174,0.38464482448598947,0.4615887514316131,0.1537664240823974,0.4615887514316131,71.588448303292,160.72583609818565,150.2990205435267,33.464227716193214,1119.8545366412343,0.11267605633802817,368993.22699406394,5124.90593047311,,
COUGH,COUGH_008_Trial_1_No_Talking_IMU_seg0001,COUGH_008_Trial_1_No_Talking_IMU_seg0001_c0001,18.283,21.729,3.445999999999998,341,1803,2144,2.703350435737614,0.6286375769221589,True,,8,008_Trial_1_No_Talking,IMU,Trial_1_No_Talking,1.2275322539207636,2.703350435737614,2.675900744270539,0.6254458899956407,0.39118256131243906,0.08823529411764706,513.8308831357845,1.5068354344157902,1.7647058823529411,4.161548600662909,0.6484397090765142,0.6075134483640401,0.052801032671911205,0.869751535090984,0.07744743223710472,0.869751535090984,68.36385672060712,217.6653850703111,214.18788565359029,37.753340503724,1425.314719190127,0.1264705882352941,1593703.3648490533,4673.6169057156985,,
COUGH,COUGH_008_Trial_1_No_Talking_IMU_seg0001,COUGH_008_Trial_1_No_Talking_IMU_seg0001_c0002,343.418,480.608,137.19,13531,33869,47400,2.2335004019471287,0.6286375769221589,True,,8,008_Trial_1_No_Talking,IMU,Trial_1_No_Talking,0.9850754318510264,2.2335004019471287,2.206365477845003,0.39383157507696825,0.15510330952760568,0.10879526977087953,13130.125268692096,0.9703736064364863,4.922394678492239,5.825748815383667,10.2127908235061,0.5780930076752031,0.10154363210245652,0.7660377110739623,0.1324186568235811,0.7660377110739623,89.96660544160612,297.631132874848,295.54584042762764,44.6942050121845,1997.571961671178,0.11012564671101256,109519779.97119129,8093.990094685632,,
COUGH,COUGH_008_Trial_2_Talking_IMU_seg0001,COUGH_008_Trial_2_Talking_IMU_seg0001_c0001,11.761,14.997,3.2360000000000007,320,1160,1480,2.8933495427146263,0.657190532117464,True,,8,008_Trial_2_Talking,IMU,Trial_2_Talking,1.1830911474811299,2.8933495427146263,2.8171919933733385,0.6166211448391029,0.38022163626268596,0.10031347962382445,447.90549223942924,1.3997046632482164,1.875,4.97889277794122,0.6320232876090076,0.6711942689189379,0.07213634589600787,0.856186454802256,0.0716771993017362,0.856186454802256,76.52057261707506,258.20886520531053,253.39611178307874,43.07767775833789,1855.686321051199,0.15047021943573669,1873727.3707664185,5855.398033645058,,
COUGH,COUGH_008_Trial_2_Talking_IMU_seg0001,COUGH_008_Trial_2_Talking_IMU_seg0001_c0002,335.697,467.079,131.382,12958,33107,46065,2.183365319753337,0.657190532117464,True,,8,008_Trial_2_Talking,IMU,Trial_2_Talking,0.8893548520296778,2.183365319753337,2.1601691620035175,0.35879438272395037,0.12873340907426056,0.11206297754109748,10249.156700554686,0.7909520528287302,2.500385862015743,5.9180136172794695,7.910151548809227,0.5377983437004569,0.10818099530351348,0.738642722775035,0.15317628192145144,0.738642722775035,89.89281325986347,335.1218137502786,334.07817488394096,42.58230631592247,1813.252811183051,0.09971444007100409,104709942.23426245,8080.717875772685,,
COUGH,COUGH_008_Trial_3_Nonverbal_IMU_seg0001,COUGH_008_Trial_3_Nonverbal_IMU_seg0001_c0001,8.934,11.773,2.8390000000000004,281,881,1162,2.5995127313838067,0.5833528042035983,True,,8,008_Trial_3_Nonverbal,IMU,Trial_3_Nonverbal,1.1750015284145974,2.5995127313838067,2.544522304809467,0.6059142699637736,0.3671321025457328,0.09285714285714286,387.95663428923586,1.38062859177664,0.7142857142857142,4.003384475375822,0.5544274646594164,0.624146459234161,0.0708467765853273,0.8353090951694593,0.0938441282452134,0.8353090951694593,91.73938390561572,351.3075355691329,344.48239327665345,61.83293015026313,3823.311250967319,0.08571428571428572,2364928.1911863266,8416.114559381946,,
COUGH,COUGH_008_Trial_3_Nonverbal_IMU_seg0001,COUGH_008_Trial_3_Nonverbal_IMU_seg0001_c0002,154.643,154.938,0.2949999999999875,30,15251,15281,1.1044080064648052,0.5833528042035983,True,,8,008_Trial_3_Nonverbal,IMU,Trial_3_Nonverbal,0.688979675792999,1.1044080064648052,0.6608352482349497,0.15943611874438327,0.025419875960273078,0.20689655172413793,14.24078980967478,0.474692993655826,6.25,12.147139571994806,0.0032772390438086316,0.6083187032284862,0.11074564401407479,0.1137578197955002,0.7754965361904249,0.7754965361904249,49.60100853865657,92.25955981168472,76.50571709727687,23.474318691943633,551.0436380509342,0.13793103448275862,73807.80144155647,2460.260048051882,,
COUGH,COUGH_008_Trial_3_Nonverbal_IMU_seg0001,COUGH_008_Trial_3_Nonverbal_IMU_seg0001_c0003,317.276,452.389,135.113,13326,31290,44616,2.675324631116277,0.5833528042035983,True,,8,008_Trial_3_Nonverbal,IMU,Trial_3_Nonverbal,0.977624073204903,2.675324631116277,2.6517634818677096,0.40187105752928864,0.16150034687970882,0.12667917448405253,12736.308888720869,0.9557488285097455,2.5363950172594927,6.468304450046021,9.996990445771763,0.589608674122857,0.10466460638673149,0.7555417400799438,0.13979365353332474,0.7555417400799438,95.85519810097658,464.1023875127646,462.8854999715495,49.3769645479695,2438.084627971437,0.10536585365853658,122442206.4336777,9188.219002977465,,
COUGH,COUGH_008_Trial_3_Nonverbal_IMU_seg0001,COUGH_008_Trial_3_Nonverbal_IMU_seg0001_c0004,452.937,453.514,0.5769999999999982,58,44669,44727,0.7114369517625423,0.5833528042035983,True,,8,008_Trial_3_Nonverbal,IMU,Trial_3_Nonverbal,0.42586509690243707,0.7114369517625423,0.605742755061162,0.14939147713792825,0.02231781344145214,0.10526315789473684,10.518942684063884,0.18136108075972213,3.4482758620689657,4.617493026739717,0.006527418024279176,0.4273353198931424,0.1545391472676806,0.6795520387172012,0.1659088140151182,0.6795520387172012,31.13601951058592,59.25137812533894,49.87162391709612,11.857924616723734,140.6103762159027,0.07017543859649122,56228.19923588805,969.4517109635871,,
COUGH,COUGH_009_Trial_1_No_Talking_IMU_seg0001,COUGH_009_Trial_1_No_Talking_IMU_seg0001_c0001,8.951,12.276,3.3249999999999997,329,883,1212,4.348861517457125,0.3500811404541952,True,,9,009_Trial_1_No_Talking,IMU,Trial_1_No_Talking,1.4077204489168467,4.348861517457125,4.263978256023619,0.764750895203746,0.5848439317149309,0.07926829268292683,651.9716876962552,1.981676862298648,1.8292682926829267,5.6964770889990515,0.98362833277759,0.6794545375311027,0.7358170324532115,0.18344548566393762,0.080737481882851,0.7358170324532115,89.52037805526506,350.6616796576191,344.43890338946323,56.91904320859814,3239.7774797822617,0.14634146341463414,2636572.4706748445,8013.898087157582,,
COUGH,COUGH_009_Trial_1_No_Talking_IMU_seg0001,COUGH_009_Trial_1_No_Talking_IMU_seg0001_c0002,13.129,14.192,1.0630000000000006,106,1295,1401,0.8697087751201705,0.3500811404541952,True,,9,009_Trial_1_No_Talking,IMU,Trial_1_No_Talking,0.39567237366293195,0.8697087751201705,0.8289667570083101,0.18445551330689824,0.034023836389311314,0.0761904761904762,16.595002491686238,0.15655662728005884,1.8867924528301885,7.079255002099894,0.012167801813370835,0.6368587163190136,0.35713949840429615,0.47085122596012463,0.1720092756355792,0.47085122596012463,48.86819332093733,101.65971491755309,93.21767273690931,20.7015460596072,428.5540092580383,0.1523809523809524,253138.63375596542,2388.100318452504,,
COUGH,COUGH_009_Trial_1_No_Talking_IMU_seg0001,COUGH_009_Trial_1_No_Talking_IMU_seg0001_c0003,167.204,168.107,0.9029999999999916,90,16492,16582,0.6823829655308074,0.3500811404541952,True,,9,009_Trial_1_No_Talking,IMU,Trial_1_No_Talking,0.39202101168078873,0.6823829655308074,0.6068693896971807,0.1254508098810403,0.01573790569980892,0.10112359550561797,13.831242623930619,0.1536804735992291,2.2222222222222223,3.299310887913256,0.007629137511195377,0.30375535721696034,0.6996628128436303,0.14056084638746982,0.15977634076889988,0.6996628128436303,36.55920853303197,70.3979406378647,63.66611192679405,12.089238375992958,146.14968451158086,0.056179775280898875,120291.8155705546,1336.5757285617178,,
COUGH,COUGH_009_Trial_1_No_Talking_IMU_seg0001,COUGH_009_Trial_1_No_Talking_IMU_seg0001_c0004,169.069,169.485,0.4160000000000252,42,16676,16718,0.7624549675019981,0.3500811404541952,True,,9,009_Trial_1_No_Talking,IMU,Trial_1_No_Talking,0.5660281448532964,0.7624549675019981,0.4519523009380063,0.1455714531532395,0.021191047973145805,0.0975609756097561,13.456290152174706,0.3203878607660644,4.761904761904762,5.053063198076603,0.0017745799538435056,0.3957101488721874,0.36083328899974165,0.34361174072607337,0.295554970274185,0.36083328899974165,78.62319349767225,120.45881469456066,98.37291465293563,23.188110632890258,537.6884747231582,0.07317073170731707,259627.4753424413,6181.606555772411,,
COUGH,COUGH_009_Trial_1_No_Talking_IMU_seg0001,COUGH_009_Trial_1_No_Talking_IMU_seg0001_c0005,329.617,330.206,0.5889999999999986,59,32511,32570,0.4775505757415255,0.3500811404541952,True,,9,009_Trial_1_No_Talking,IMU,Trial_1_No_Talking,0.2322992915165733,0.47755057574152554,0.4088779250218341,0.103597643599484,0.010732471759365708,0.10344827586206896,3.1838146895070123,0.0539629608391019,3.4482758620689657,4.77378279475306,0.001332923918664738,0.5000222334558173,0.5749055142833863,0.26132857405644033,0.16376591166017335,0.5749055142833863,31.82550699110365,76.95210115257358,72.73079475677703,18.276679467168933,334.0370123456344,0.10344827586206896,59758.91081920645,1012.8628952407873,,
COUGH,COUGH_009_Trial_1_No_Talking_IMU_seg0001,COUGH_009_Trial_1_No_Talking_IMU_seg0001_c0006,331.858,332.425,0.5670000000000073,57,32732,32789,0.7347024481077568,0.3500811404541952,True,,9,009_Trial_1_No_Talking,IMU,Trial_1_No_Talking,0.2934089757738764,0.7347024481077568,0.6602450250225509,0.1418157387636535,0.02011170376108081,0.10714285714285714,4.9070631426864875,0.08608882706467522,3.571428571428571,3.844635090215724,0.0021300780290409885,0.44882884995456984,0.6043621399876873,0.23729471620230522,0.15834314381000758,0.6043621399876873,27.408634754972788,48.92539061423454,39.59484533661208,10.846141364966178,117.63878250883036,0.10714285714285714,42820.29577049562,751.2332591315021,,
COUGH,COUGH_009_Trial_1_No_Talking_IMU_seg0001,COUGH_009_Trial_1_No_Talking_IMU_seg0001_c0007,333.439,481.164,147.72499999999997,14571,32888,47459,2.0426321614985143,0.3500811404541952,True,,9,009_Trial_1_No_Talking,IMU,Trial_1_No_Talking,0.9759662014146581,2.0426321614985143,2.029042693406959,0.39834946344649025,0.15868229502810668,0.11379547014413177,13879.023593272042,0.9525100263037569,5.847632120796156,6.2449923934255684,10.549518499859257,0.4658377883652277,0.6715172924550691,0.1964954837796825,0.13198722376524835,0.6715172924550691,94.58993564897779,221.40093708621922,218.96226720380272,39.463974124957986,1557.4052537353534,0.0846945778997941,130370466.09887901,8947.255926077758,,
COUGH,COUGH_009_Trial_1_No_Talking_IMU_seg0001,COUGH_009_Trial_1_No_Talking_IMU_seg0001_c0008,489.58,490.27,0.6899999999999977,69,48288,48357,0.6822864598520412,0.3500811404541952,True,,9,009_Trial_1_No_Talking,IMU,Trial_1_No_Talking,0.29226422977299454,0.6822864598520412,0.5954705117412287,0.15917270176325676,0.025335948986614683,0.08823529411764706,5.8938682203313215,0.08541838000480176,2.941176470588235,4.876298003901382,0.0018139046320090465,0.5057275930902463,0.4430240916510344,0.3311183176043832,0.22585759074458245,0.4430240916510344,26.48100511368761,57.84513973079959,46.96022542193523,10.310460002844792,106.30558547026222,0.1323529411764706,48385.8105963493,701.2436318311493,,
COUGH,COUGH_009_Trial_1_No_Talking_IMU_seg0001,COUGH_009_Trial_1_No_Talking_IMU_seg0001_c0009,492.835,493.514,0.6790000000000305,68,48609,48677,0.4443279293096727,0.3500811404541952,True,,9,009_Trial_1_No_Talking,IMU,Trial_1_No_Talking,0.20481248457700468,0.44432792930967274,0.4109358940087067,0.11885595568518983,0.014126738201839809,0.05970149253731343,2.8524744610251926,0.04194815383860578,2.941176470588235,5.701250380586114,0.00156850604290216,0.5250149229538463,0.7600565951881556,0.11940917189432657,0.12053423291751779,0.7600565951881556,20.317371986011274,36.65852852436476,32.031920005103494,8.61285949937774,74.18134875602135,0.05970149253731343,28070.101100420987,412.7956044179557,,
COUGH,COUGH_009_Trial_1_No_Talking_IMU_seg0001,COUGH_009_Trial_1_No_Talking_IMU_seg0001_c0010,508.661,509.209,0.5480000000000018,55,50170,50225,0.4027604945519222,0.3500811404541952,True,,9,009_Trial_1_No_Talking,IMU,Trial_1_No_Talking,0.17762598660759746,0.4027604945519222,0.3739599699462504,0.09684091682518456,0.009378163171542313,0.07407407407407407,1.7353045115077317,0.031550991118322394,3.7037037037037033,8.026950149443515,0.00028433006689881056,0.7203314165153213,0.568075393137044,0.18465535572706732,0.24726925113588863,0.568075393137044,22.51480409723847,41.600745175115826,31.163754129825985,5.737960050973666,32.92418554656972,0.16666666666666666,27880.402194536447,506.9164035370263,,
COUGH,COUGH_009_Trial_1_No_Talking_IMU_seg0001,COUGH_009_Trial_1_No_Talking_IMU_seg0001_c0011,624.855,625.889,1.0339999999999918,103,61630,61733,0.9722311294863596,0.3500811404541952,True,,9,009_Trial_1_No_Talking,IMU,Trial_1_No_Talking,0.3677771114019953,0.9722311294863595,0.8845587200638705,0.17832646710924205,0.031800328871663584,0.09803921568627451,13.931780378133153,0.13526000367119567,1.9607843137254901,5.362278629547851,0.008067518767031222,0.590559525855143,0.6623678128136755,0.2512672493857307,0.08636493780059376,0.6623678128136755,48.24386111523204,101.7687131648834,91.99317423342333,18.66959984776809,348.55395847578234,0.08823529411764706,239729.4239364972,2327.470135305798,,
COUGH,COUGH_009_Trial_1_No_Talking_IMU_seg0001,COUGH_009_Trial_1_No_Talking_IMU_seg0001_c0012,626.487,627.257,0.7699999999999818,77,61791,61868,0.5690974226758531,0.3500811404541952,True,,9,009_Trial_1_No_Talking,IMU,Trial_1_No_Talking,0.347337781529601,0.5690974226758531,0.46127748035358246,0.10225519746042828,0.010456125407671178,0.13157894736842105,9.289552154798672,0.12064353447790484,10.526315789473685,8.801576035079341,0.0030573375586627686,0.6731667901227648,0.3475232626384097,0.23585600981283497,0.4166207275487553,0.4166207275487553,83.83483044172225,149.71848036232404,114.28935807604125,31.445515086903313,988.8204190806638,0.07894736842105263,541177.4672298087,7028.27879519232,,
COUGH,COUGH_009_Trial_2_Talking_IMU_seg0001,COUGH_009_Trial_2_Talking_IMU_seg0001_c0001,0.02,0.618,0.598,60,2,62,0.05048255057255,0.0441880138516559,True,,9,009_Trial_2_Talking,IMU,Trial_2_Talking,0.0264838162661869,0.050482550572550036,0.04887086120525622,0.01346005659950568,0.0001811731236618964,0.2033898305084746,0.04208355144126874,0.0007013925240211457,3.3333333333333335,8.648429300163357,2.6071526299083926e-05,0.6470376662438044,0.4363787688501896,0.2525868795553962,0.3110343515944142,0.4363787688501896,4.211576288943323,11.989470520184096,11.714606634478839,2.529572538523255,6.398737227650983,0.1694915254237288,1064.2424902553767,17.73737483758961,,
COUGH,COUGH_009_Trial_2_Talking_IMU_seg0001,COUGH_009_Trial_2_Talking_IMU_seg0001_c0002,5.871,6.378,0.5069999999999997,51,579,630,0.0614029255871694,0.0441880138516559,True,,9,009_Trial_2_Talking,IMU,Trial_2_Talking,0.028307071028685318,0.0614029255871694,0.05298897398848178,0.012461193090313434,0.0001552813332340753,0.2,0.04086580378137482,0.0008012902702230356,4.0,9.136616251491951,2.5983949431729655e-05,0.6024475892254236,0.22420302244131216,0.48060612975834366,0.2951908478003442,0.48060612975834366,5.308488980132392,7.72364146657905,6.876490710555249,1.7722800502624965,3.1409765765584368,0.1,1437.1828178615392,28.180055252187042,,
COUGH,COUGH_009_Trial_2_Talking_IMU_seg0001,COUGH_009_Trial_2_Talking_IMU_seg0001_c0003,19.923,24.08,4.157,411,1965,2376,0.3881297030554244,0.0441880138516559,True,,9,009_Trial_2_Talking,IMU,Trial_2_Talking,0.1768442302599706,0.38812970305542444,0.37382159042048513,0.09515631151623394,0.009054723621374555,0.04390243902439024,12.853565410035255,0.0312738817762415,0.48780487804878053,2.0101201225030803,0.00864944933997591,0.45413181195119373,0.18262839692788277,0.28130108553528166,0.5360705175368357,0.5360705175368357,25.30370123556611,67.3121218964544,64.59483359314555,13.187013484793756,173.89732464813235,0.04390243902439024,263153.9687459226,640.2772962187898,,
COUGH,COUGH_009_Trial_2_Talking_IMU_seg0001,COUGH_009_Trial_2_Talking_IMU_seg0001_c0004,26.322,39.127,12.805000000000003,1264,2596,3860,4.355671118820871,0.0441880138516559,True,,9,009_Trial_2_Talking,IMU,Trial_2_Talking,0.7135413954066756,4.355671118820871,4.353883293589618,0.6132070355703065,0.37602286847292316,0.030087094220110848,643.5546322200569,0.5091413229589058,0.1582278481012658,4.242343143698198,1.2644610997971695,0.6604754527985329,0.7007214222174817,0.21138378268300076,0.08789479509951753,0.7007214222174817,49.942649919622006,290.03422252219997,289.7219773230931,39.712778823960896,1577.104801920837,0.05859065716547902,3152755.1071763146,2494.2682809939197,,
COUGH,COUGH_009_Trial_2_Talking_IMU_seg0001,COUGH_009_Trial_2_Talking_IMU_seg0001_c0005,39.655,47.563,7.908000000000001,781,3911,4692,0.3044186619439089,0.0441880138516559,True,,9,009_Trial_2_Talking,IMU,Trial_2_Talking,0.04702864567864206,0.30441866194390893,0.3027919723698156,0.030128285064811373,0.000907713560946536,0.14102564102564102,1.7273326347208289,0.0022116935143672587,0.25641025641025644,4.518093670991557,0.0029387948569059466,0.6941918438699719,0.33992823677058137,0.2705792996932491,0.38949246353616945,0.38949246353616945,12.808200401608484,42.178309117803465,41.923038110341714,8.982642775403521,80.68787123050907,0.03717948717948718,128123.04806918351,164.04999752776376,,
COUGH,COUGH_009_Trial_2_Talking_IMU_seg0001,COUGH_009_Trial_2_Talking_IMU_seg0001_c0006,48.395,49.358,0.962999999999994,96,4773,4869,0.0557227715860698,0.0441880138516559,True,,9,009_Trial_2_Talking,IMU,Trial_2_Talking,0.022025297413760643,0.05572277158606987,0.0511267531528332,0.011507000576816872,0.00013241106227486382,0.18947368421052632,0.046570917711802676,0.0004851137261646112,2.0833333333333335,9.772536789846779,3.248514181864682e-05,0.7738862358174649,0.2461780129506394,0.10030320243270448,0.6535187846166561,0.6535187846166561,4.0448879414241246,10.481027658101612,10.067439898815667,1.9271477343465289,3.7138983899969595,0.18947368421052632,1570.6673720331164,16.361118458678295,,
COUGH,COUGH_009_Trial_2_Talking_IMU_seg0001,COUGH_009_Trial_2_Talking_IMU_seg0001_c0007,50.27,50.758,0.4879999999999995,49,4958,5007,0.0481472702226161,0.0441880138516559,True,,9,009_Trial_2_Talking,IMU,Trial_2_Talking,0.022339645638346593,0.04814727022261613,0.04338411891566371,0.01142830482236212,0.00013060615111282529,0.125,0.024453928595097995,0.0004990597672468979,4.166666666666667,13.216460009743312,7.4565195744018025e-06,0.8296023994727934,0.17355109015815703,0.09490222040187261,0.7315466894399704,0.7315466894399704,4.164767476827408,8.478789635465363,7.551964683560335,2.139960243093929,4.579429842022627,0.08333333333333333,849.9191186659275,17.345288136039336,,
COUGH,COUGH_009_Trial_2_Talking_IMU_seg0001,COUGH_009_Trial_2_Talking_IMU_seg0001_c0008,53.434,53.881,0.4470000000000027,45,5270,5315,0.0579667658481024,0.0441880138516559,True,,9,009_Trial_2_Talking,IMU,Trial_2_Talking,0.022814829481028254,0.0579667658481024,0.05402205967721224,0.011721786367723284,0.0001374002756505434,0.09090909090909091,0.02342323999117782,0.0005205164442483959,4.545454545454546,13.848294509642937,6.8680626250742515e-06,0.8008537680219373,0.15085523315684526,0.12111876614912898,0.7280260006940258,0.7280260006940258,4.482769238198826,13.319337064252363,12.199229621829286,2.78571966763149,7.7602340666288985,0.13636363636363635,904.2849019323759,20.095220042941687,,
COUGH,COUGH_009_Trial_2_Talking_IMU_seg0001,COUGH_009_Trial_2_Talking_IMU_seg0001_c0009,57.206,58.727,1.5209999999999937,151,5642,5793,0.060059516545379,0.0441880138516559,True,,9,009_Trial_2_Talking,IMU,Trial_2_Talking,0.019884179940768364,0.06005951654537904,0.057708490993640366,0.011818546165398928,0.00013967803346366572,0.17333333333333334,0.059702472399445115,0.00039538061191685505,1.3333333333333333,8.44148298239895,7.733002469076696e-05,0.7465323399884208,0.20425539481039634,0.10273045931744035,0.6930141458721633,0.6930141458721633,3.5405736624819704,10.067672901537378,9.195602071644497,1.741056668578474,3.0312783232015743,0.16666666666666666,1892.8849407786101,12.535661859460994,,
COUGH,COUGH_009_Trial_2_Talking_IMU_seg0001,COUGH_009_Trial_2_Talking_IMU_seg0001_c0010,64.101,65.196,1.0949999999999989,109,6322,6431,0.150074629923776,0.0441880138516559,True,,9,009_Trial_2_Talking,IMU,Trial_2_Talking,0.0642890523744956,0.15007462992377602,0.14300895660392832,0.03713899488782986,0.0013793049412782526,0.12962962962962962,0.45050596581795954,0.004133082255210638,1.8518518518518516,9.289711942232003,0.0005181335980720039,0.7285896964091457,0.26900266076147206,0.11207607207991004,0.6189212671586178,0.6189212671586178,20.514814242917403,54.66813270060625,53.07544801332627,12.799239655727002,163.82053576473467,0.05555555555555555,45873.47877293333,420.85760342140674,,
COUGH,COUGH_009_Trial_2_Talking_IMU_seg0001,COUGH_009_Trial_2_Talking_IMU_seg0001_c0011,80.516,81.114,0.597999999999999,60,7941,8001,0.1483918120980951,0.0441880138516559,True,,9,009_Trial_2_Talking,IMU,Trial_2_Talking,0.06751742400246225,0.14839181209809518,0.13583908136601483,0.03232633198742619,0.0010449917397612938,0.13559322033898305,0.2735161526356959,0.0045586025439282645,3.3333333333333335,8.486440670542773,0.00021242906825380773,0.6020301627394717,0.33917376851332853,0.1667057977251752,0.4941204337614963,0.4941204337614963,24.717903726706005,49.86175558600193,41.934995967031895,9.931493339085767,98.63455994430495,0.15254237288135594,36658.4858785624,610.9747646427066,,
COUGH,COUGH_009_Trial_2_Talking_IMU_seg0001,COUGH_009_Trial_2_Talking_IMU_seg0001_c0012,94.291,95.142,0.8509999999999991,85,9302,9387,0.1079087326316363,0.0441880138516559,True,,9,009_Trial_2_Talking,IMU,Trial_2_Talking,0.049036280948985385,0.10790873263163635,0.09751957757012761,0.025473124563195365,0.000648880075012067,0.14285714285714285,0.20438733219116528,0.0024045568493078267,2.380952380952381,7.184847380742005,0.00020899774023095045,0.6210059281765116,0.3110887520253603,0.17181440019350425,0.5170968477811354,0.5170968477811354,17.33128054230868,43.743160852864314,42.038914660062574,9.194447885321763,84.53787191589784,0.07142857142857142,25531.729245077633,300.37328523620744,,
COUGH,COUGH_009_Trial_2_Talking_IMU_seg0001,COUGH_009_Trial_2_Talking_IMU_seg0001_c0013,102.686,103.172,0.48599999999999,49,10130,10179,0.2185158499821388,0.0441880138516559,True,,9,009_Trial_2_Talking,IMU,Trial_2_Talking,0.10619180219117182,0.21851584998213883,0.1888713257077171,0.04288182112103231,0.0018388505826562127,0.16666666666666666,0.5525582437778392,0.011276698852608964,8.333333333333334,8.374031768276874,0.00034367099955492464,0.591247829139771,0.6434923610020213,0.06081367897792137,0.2956939600200572,0.6434923610020213,13.624182716264071,24.164542941629726,20.1502393517003,4.998980687834666,24.989807917343953,0.16666666666666666,9095.299379621283,185.61835468614865,,
COUGH,COUGH_009_Trial_2_Talking_IMU_seg0001,COUGH_009_Trial_2_Talking_IMU_seg0001_c0014,103.963,105.626,1.663000000000011,165,10256,10421,0.0694269267265392,0.0441880138516559,True,,9,009_Trial_2_Talking,IMU,Trial_2_Talking,0.033213080260260604,0.06942692672653929,0.06542478929825005,0.014972911886096561,0.00022418809034881169,0.14634146341463414,0.18201293556179457,0.0011031087003745125,1.2195121951219512,5.762557191084443,0.00016255853397513926,0.6513200985582803,0.5128196007684375,0.19638212729727045,0.29079827193429203,0.5128196007684375,10.612275395893876,25.40944557465751,23.636261570265013,4.4769101894940695,20.042724844795824,0.06707317073170732,18582.3641979186,112.62038907829454,,
COUGH,COUGH_009_Trial_2_Talking_IMU_seg0001,COUGH_009_Trial_2_Talking_IMU_seg0001_c0015,113.271,113.808,0.5370000000000061,54,11174,11228,0.0544396098840183,0.0441880138516559,True,,9,009_Trial_2_Talking,IMU,Trial_2_Talking,0.025267445495192564,0.05443960988401838,0.04966585448477828,0.013479091923343015,0.00018168591907793093,0.22641509433962265,0.03447596530003646,0.000638443801852527,3.7037037037037033,10.76847656470464,1.0329856345670314e-05,0.75478559980786,0.24427605094625227,0.09823169497256246,0.6574922540811853,0.6574922540811853,5.248253083951975,12.258292079566594,10.78504934145322,2.439470238902266,5.951015046489878,0.09433962264150944,1487.3846633934168,27.54416043321142,,
COUGH,COUGH_009_Trial_2_Talking_IMU_seg0001,COUGH_009_Trial_2_Talking_IMU_seg0001_c0016,118.169,118.777,0.6080000000000041,61,11657,11718,0.0525419198257316,0.0441880138516559,True,,9,009_Trial_2_Talking,IMU,Trial_2_Talking,0.02520096438529089,0.05254191982573166,0.04669628191733946,0.013047049422721793,0.00017022549863894508,0.13333333333333333,0.038740404962870685,0.0006350886059486998,3.3333333333333335,7.606374477895738,2.433245762433937e-05,0.6365839192570231,0.16082911826413315,0.09779465936894903,0.7413762223669178,0.7413762223669178,4.244586296265714,12.745785345437948,12.24697881938365,2.7377600746974267,7.495330226607259,0.13333333333333333,1099.0072824132485,18.016512826446696,,
COUGH,COUGH_009_Trial_2_Talking_IMU_seg0001,COUGH_009_Trial_2_Talking_IMU_seg0001_c0017,121.231,122.335,1.1039999999999992,110,11959,12069,0.1422709753095365,0.0441880138516559,True,,9,009_Trial_2_Talking,IMU,Trial_2_Talking,0.05454561833004384,0.14227097530953656,0.13637649412484462,0.030945410436663292,0.0009576184270935494,0.1651376146788991,0.3272746926907496,0.0029752244790068145,1.8181818181818181,8.7839924735604,0.0005127701581209056,0.6951088120847214,0.37026750807392916,0.143158177773383,0.48657431415268787,0.48657431415268787,19.38326990070607,61.5124647193525,59.833252916284884,11.790893737071654,139.02517511891554,0.07339449541284404,41328.22672479796,375.71115204361786,,
COUGH,COUGH_009_Trial_2_Talking_IMU_seg0001,COUGH_009_Trial_2_Talking_IMU_seg0001_c0018,123.238,123.765,0.527000000000001,53,12157,12210,0.0536333640145263,0.0441880138516559,True,,9,009_Trial_2_Talking,IMU,Trial_2_Talking,0.023992693978002903,0.05363336401452639,0.04778069673288637,0.011446475524582826,0.00013102180193487367,0.19230769230769232,0.030509416309071127,0.0005756493643220967,3.846153846153846,13.126781655217119,1.626578995853322e-05,0.7638220949873336,0.2101970485457901,0.15103573417088206,0.6387672172833279,0.6387672172833279,4.936044394615808,10.033567278609704,9.187070931034905,2.413891425739037,5.826871815256441,0.09615384615384616,1291.3203160777614,24.36453426561814,,
COUGH,COUGH_009_Trial_2_Talking_IMU_seg0001,COUGH_009_Trial_2_Talking_IMU_seg0001_c0019,139.502,140.861,1.3589999999999804,135,13761,13896,0.1709306018034861,0.0441880138516559,True,,9,009_Trial_2_Talking,IMU,Trial_2_Talking,0.054349457227277395,0.1709306018034861,0.16806209902019653,0.0344727790108819,0.0011883724927330996,0.08955223880597014,0.39877157262145346,0.0029538635008996552,1.4925373134328357,7.215914242879631,0.0005616060182308804,0.6783888772014618,0.38524060652959263,0.11069462066438178,0.5040647728060255,0.5040647728060255,16.481318968860382,34.721221983421906,33.286786606835996,9.482271716969336,89.91347691443661,0.029850746268656716,36670.57311869781,271.6338749533171,,
COUGH,COUGH_009_Trial_2_Talking_IMU_seg0001,COUGH_009_Trial_2_Talking_IMU_seg0001_c0020,147.451,147.938,0.4869999999999947,49,14545,14594,0.0489928142998429,0.0441880138516559,True,,9,009_Trial_2_Talking,IMU,Trial_2_Talking,0.023031223283681068,0.048992814299842986,0.04458668203662025,0.011831144935365337,0.00013997599048162088,0.20833333333333334,0.02599142505119588,0.000530437245942773,4.166666666666667,12.531606059849208,6.663893616308077e-06,0.7129356310765289,0.22480515126736292,0.08205475776282112,0.693140090969816,0.693140090969816,4.517502701933827,11.717418059015511,11.177876658491467,2.690899012863582,7.240937497430202,0.041666666666666664,999.983702436992,20.40783066197943,,
COUGH,COUGH_009_Trial_2_Talking_IMU_seg0001,COUGH_009_Trial_2_Talking_IMU_seg0001_c0021,155.309,156.405,1.0960000000000036,109,15320,15429,0.2188290801319055,0.0441880138516559,True,,9,009_Trial_2_Talking,IMU,Trial_2_Talking,0.061101703376005796,0.2188290801319055,0.2056216728039553,0.033108007116466096,0.0010961401352239694,0.12037037037037036,0.40694257894398433,0.0037334181554493978,1.8518518518518516,8.860379623841583,0.00040972878117649447,0.7181726524600645,0.3303422972808996,0.11435307621082287,0.5553046265082775,0.5553046265082775,24.193802271803325,52.45861710231425,48.85857565373439,13.471844872367127,181.49060426512446,0.07407407407407407,63802.06745201561,585.3400683671157,,
COUGH,COUGH_009_Trial_2_Talking_IMU_seg0002,COUGH_009_Trial_2_Talking_IMU_seg0002_c0001,559.808,562.869,3.0610000000000355,303,1225,1528,3.583146968711237,0.4455304325785969,True,,9,009_Trial_2_Talking,IMU,Trial_2_Talking,1.3484589238689615,3.583146968711237,3.4984949265966163,0.6815133894011365,0.464460499933025,0.09271523178807947,550.9574652166368,1.8183414693618376,1.9867549668874174,5.789979123407965,0.7095298387936015,0.6653817496799515,0.7415918863970616,0.18045625481342686,0.07795185878951141,0.7415918863970616,77.3211834759021,299.80059190720186,296.04135416540436,50.43493899444914,2543.683071373807,0.11258278145695365,1811505.3204765772,5978.565414114116,,
COUGH,COUGH_009_Trial_2_Talking_IMU_seg0002,COUGH_009_Trial_2_Talking_IMU_seg0002_c0002,698.394,699.873,1.4790000000000418,147,14893,15040,0.919529588329184,0.4455304325785969,True,,9,009_Trial_2_Talking,IMU,Trial_2_Talking,0.5154098815423733,0.9195295883291839,0.8338848085437796,0.17025254660814204,0.028985929626557574,0.0958904109589041,39.05015986075392,0.2656473459915233,2.73972602739726,3.339968051808227,0.022487184745638954,0.440661178308483,0.521464730971175,0.19595858622132145,0.28257668280750353,0.521464730971175,62.4029660217015,101.58259024816219,92.42600373665621,26.17931720555871,685.3566493492623,0.03424657534246575,572437.134740928,3894.130168305632,,
COUGH,COUGH_009_Trial_2_Talking_IMU_seg0002,COUGH_009_Trial_2_Talking_IMU_seg0002_c0003,862.175,1001.217,139.04200000000003,13714,31046,44760,2.3023179025896865,0.4455304325785969,True,,9,009_Trial_2_Talking,IMU,Trial_2_Talking,1.0080122974358054,2.3023179025896865,2.2813174696334495,0.4286032761328097,0.1837007683117775,0.1101144899000948,13934.641690495755,1.0160887917818109,5.67303485489281,5.987683035473569,11.326857870523355,0.46511393089351954,0.674080606830212,0.21277082602549843,0.11314856714428961,0.674080606830212,110.4540298136987,258.3966411277021,255.3429187377051,47.27799925676669,2235.2092137228315,0.1029679865820754,167312071.31639972,12200.09270208544,,
COUGH,COUGH_009_Trial_2_Talking_IMU_seg0002,COUGH_009_Trial_2_Talking_IMU_seg0002_c0004,1141.2,1141.666,0.4659999999998945,47,58565,58612,2.022518495850471,0.4455304325785969,True,,9,009_Trial_2_Talking,IMU,Trial_2_Talking,0.8863142913620101,2.022518495850471,1.7010366422283232,0.4508837677744117,0.20329617204244962,0.08695652173913043,36.920992084409484,0.7855530230725422,13.043478260869565,8.900636780045954,0.03216598949194353,0.6057107568671402,0.7340059476521554,0.13932589882030796,0.1266681535275367,0.7340059476521554,89.43639125043923,224.91508256197798,212.09071953815058,50.43906894929253,2544.099676471486,0.08695652173913043,375946.7997553772,7998.868079901642,,
COUGH,COUGH_009_Trial_3_Nonverbal_IMU_seg0001,COUGH_009_Trial_3_Nonverbal_IMU_seg0001_c0001,9.633,12.674,3.0410000000000004,301,950,1251,4.131589728672003,0.4097325950739197,True,,9,009_Trial_3_Nonverbal,IMU,Trial_3_Nonverbal,1.2652382466583543,4.131589728672003,4.0333386801612106,0.7075912870511497,0.5006854295107025,0.11333333333333333,481.84917406293914,1.6008278208071067,2.0,6.099567344378845,0.7302068609432294,0.6977132471835105,0.7511810713359794,0.1377009298530541,0.11111799881096643,0.7511810713359794,75.90568137787982,240.0771575397443,237.5480747523605,45.68818644844934,2087.41038094827,0.1,1734263.4120975034,5761.6724654402105,,
COUGH,COUGH_009_Trial_3_Nonverbal_IMU_seg0001,COUGH_009_Trial_3_Nonverbal_IMU_seg0001_c0002,159.998,162.076,2.078000000000003,206,15780,15986,0.8747081233191806,0.4097325950739197,True,,9,009_Trial_3_Nonverbal,IMU,Trial_3_Nonverbal,0.42994693160792885,0.8747081233191806,0.7864719666150808,0.17341550503167913,0.030072937385392327,0.04878048780487805,38.07999898380905,0.18485436399907304,0.970873786407767,2.7283569427902417,0.028446010527887634,0.471668810905063,0.5412328096059364,0.09637283879276992,0.36239435160129363,0.5412328096059364,52.97811504196424,100.3710064805076,91.48745883574777,23.298540956755083,542.8220107135941,0.06829268292682927,578176.218720317,2806.6806733995973,,
COUGH,COUGH_009_Trial_3_Nonverbal_IMU_seg0001,COUGH_009_Trial_3_Nonverbal_IMU_seg0001_c0003,321.375,321.963,0.5880000000000223,59,31696,31755,0.5550004582320612,0.4097325950739197,True,,9,009_Trial_3_Nonverbal,IMU,Trial_3_Nonverbal,0.24390200475354962,0.5550004582320612,0.5068848713349826,0.13097718647654988,0.01715502337731292,0.10344827586206896,3.5098030874452317,0.059488187922800535,3.4482758620689657,5.206554667603768,0.0013621319787042998,0.5705095594237373,0.7413434831417914,0.14675229635413367,0.11190422050407493,0.7413434831417914,38.36773693325265,102.13129766893329,91.41197016279104,20.13613233254768,405.4638253138721,0.10344827586206896,86852.9110053775,1472.0832373792796,,
COUGH,COUGH_009_Trial_3_Nonverbal_IMU_seg0001,COUGH_009_Trial_3_Nonverbal_IMU_seg0001_c0004,323.038,466.711,143.673,14171,31860,46031,2.515843829023307,0.4097325950739197,True,,9,009_Trial_3_Nonverbal,IMU,Trial_3_Nonverbal,1.0393306199609398,2.515843829023307,2.500301190714005,0.4419911897874049,0.19535621184968582,0.11926605504587157,15307.629517765095,1.0802081375883914,5.7868736767819335,6.26787439814906,12.02871072178309,0.50672984004393,0.7161717595283879,0.17564445718620986,0.10818378328540221,0.7161717595283879,111.68476919372198,290.05770953524564,287.19609078979687,50.22649895138494,2522.7011969134724,0.09908256880733946,176761793.76951447,12473.487669854949,,
COUGH,COUGH_009_Trial_3_Nonverbal_IMU_seg0001,COUGH_009_Trial_3_Nonverbal_IMU_seg0001_c0005,467.239,467.817,0.5780000000000314,58,46082,46140,0.5592560897308594,0.4097325950739197,True,,9,009_Trial_3_Nonverbal,IMU,Trial_3_Nonverbal,0.278927435409515,0.5592560897308594,0.5164573107830542,0.1176217091108861,0.013834866454165906,0.10526315789473684,4.512429824999491,0.07780051422412916,3.4482758620689657,4.693645361011384,0.0006188118825870406,0.5205696873503348,0.621637826602729,0.1916728252451648,0.18668934815210625,0.621637826602729,29.586390187283612,57.85107784117176,53.697403300420675,13.46711167944859,181.36309698674063,0.10526315789473684,50770.56009022313,875.354484314192,,
COUGH,COUGH_009_Trial_3_Nonverbal_IMU_seg0001,COUGH_009_Trial_3_Nonverbal_IMU_seg0001_c0006,482.57,483.32,0.75,75,47594,47669,0.5777839729468648,0.4097325950739197,True,,9,009_Trial_3_Nonverbal,IMU,Trial_3_Nonverbal,0.2516562893713731,0.5777839729468648,0.5420304934321022,0.1272064873988961,0.01618149043636551,0.16216216216216217,4.749816598512619,0.06333088798016825,2.7027027027027026,7.735267625017492,0.0023105435180589633,0.6563841823076547,0.6859757597276034,0.12700719648156414,0.18701704379083245,0.6859757597276034,28.183499026632486,67.49665954444419,62.353868003290565,14.103361320995358,198.90480055054792,0.13513513513513514,59573.221303814564,794.3096173841942,,
COUGH,COUGH_009_Trial_3_Nonverbal_IMU_seg0001,COUGH_009_Trial_3_Nonverbal_IMU_seg0001_c0007,483.857,484.556,0.6989999999999554,70,47721,47791,0.4944022675627539,0.4097325950739197,True,,9,009_Trial_3_Nonverbal,IMU,Trial_3_Nonverbal,0.22280585165771102,0.4944022675627539,0.468362914127323,0.12761416781050355,0.01628537582596736,0.057971014492753624,3.474971327304255,0.049642447532917924,2.8571428571428568,6.954324221894436,0.0028344176248354127,0.5881183203729752,0.6658440443209103,0.17780535960631438,0.1563505960727754,0.6658440443209103,27.877188709906854,43.86069757532032,34.41867276796979,8.841777586441292,78.17703088809562,0.11594202898550725,54399.63552574306,777.137650367758,,
COUGH,COUGH_009_Trial_3_Nonverbal_IMU_seg0001,COUGH_009_Trial_3_Nonverbal_IMU_seg0001_c0008,543.11,543.476,0.3659999999999854,37,53565,53602,0.5972968135076041,0.4097325950739197,True,,9,009_Trial_3_Nonverbal,IMU,Trial_3_Nonverbal,0.262362272621415,0.5972968135076041,0.5615167020283177,0.15859141627463258,0.025151237315993794,0.05555555555555555,2.5468565975177264,0.06883396209507368,5.555555555555555,6.88926339453921,0.0012400316502631928,0.5193632820578942,0.7691368089166355,0.15132945464945477,0.07953373643390974,0.7691368089166355,41.56276501060438,92.80983067892548,88.20402173670445,22.744948518646698,517.3326831158887,0.08333333333333333,63916.14710708864,1727.46343532672,,
COUGH,COUGH_009_Trial_3_Nonverbal_IMU_seg0001,COUGH_009_Trial_3_Nonverbal_IMU_seg0001_c0009,607.556,608.143,0.5869999999999891,59,59921,59980,1.2698071137743634,0.4097325950739197,True,,9,009_Trial_3_Nonverbal,IMU,Trial_3_Nonverbal,0.5754257591603021,1.2698071137743634,1.0502140682289516,0.21509642475701132,0.046266471943248635,0.10344827586206896,19.53577345400739,0.33111480430521,3.4482758620689657,7.502487264148267,0.010383803448869683,0.5325436038285477,0.7858044075415149,0.143417168388648,0.07077842406983713,0.7858044075415149,73.71155925023183,154.75225674924195,144.14006294484284,32.70710018606726,1069.754402581441,0.05172413793103448,320570.2440589258,5433.393967100437,,
COUGH,COUGH_009_Trial_3_Nonverbal_IMU_seg0001,COUGH_009_Trial_3_Nonverbal_IMU_seg0001_c0010,608.712,609.553,0.8410000000000082,84,60035,60119,0.624889744090568,0.4097325950739197,True,,9,009_Trial_3_Nonverbal,IMU,Trial_3_Nonverbal,0.36200185024018,0.624889744090568,0.5034473552774955,0.09615214784278028,0.009245235534779876,0.12048192771084337,11.00780852449435,0.1310453395773137,4.761904761904762,9.51265114701949,0.0024055882118178664,0.7136295094143035,0.3964017135832842,0.24771794876656336,0.35588033765015253,0.3964017135832842,62.5902319407181,141.2969200387349,118.13500112465624,23.89481643256203,570.9622523458365,0.12048192771084337,329073.11928900256,3917.5371343928878,,
COUGH,COUGH_010_Trial_1_No_Talking_IMU_seg0001,COUGH_010_Trial_1_No_Talking_IMU_seg0001_c0001,13.667,15.857,2.1899999999999995,217,1348,1565,2.109220035001917,0.4650660990151143,True,,10,010_Trial_1_No_Talking,IMU,Trial_1_No_Talking,1.009367676178777,2.109220035001917,1.9921107386886685,0.5049896441610604,0.25501454070991436,0.08333333333333333,221.08461394005613,1.0188231057145445,0.9259259259259258,3.88741941980097,0.2104283682871857,0.5748696459042615,0.6774701226773726,0.14025236563302074,0.1822775116896066,0.6774701226773726,66.28022421644289,207.4539672427999,201.4656089208063,39.69030510557395,1575.3203193735496,0.08333333333333333,953295.7825134817,4393.068122181943,,
COUGH,COUGH_010_Trial_1_No_Talking_IMU_seg0001,COUGH_010_Trial_1_No_Talking_IMU_seg0001_c0002,16.394,17.225,0.8310000000000031,83,1617,1700,2.279075781874046,0.4650660990151143,True,,10,010_Trial_1_No_Talking,IMU,Trial_1_No_Talking,1.279371781022804,2.279075781874046,2.1967976913338454,0.5414755403913354,0.29319576084208865,0.12195121951219512,135.8537487884293,1.6367921540774615,4.878048780487805,7.30459332753262,0.11616745730397818,0.5574704782697542,0.6871100092145408,0.15724084403435418,0.155649146751105,0.6871100092145408,78.03206576839831,197.78360322701226,184.77267070349905,45.68915953194982,2087.499298735961,0.12195121951219512,505387.27291094215,6089.003288083641,,
COUGH,COUGH_010_Trial_1_No_Talking_IMU_seg0001,COUGH_010_Trial_1_No_Talking_IMU_seg0001_c0003,326.143,329.783,3.640000000000043,360,32168,32528,0.7372808535701245,0.4650660990151143,True,,10,010_Trial_1_No_Talking,IMU,Trial_1_No_Talking,0.36020330907479703,0.7372808535701245,0.6872077247228835,0.15524497945267637,0.024101003645261906,0.08913649025069638,46.70871259263616,0.12974642386843377,2.2222222222222223,5.159087862877337,0.042830519948619,0.647856309514755,0.6456499621879547,0.23324564755415905,0.12110439025788622,0.6456499621879547,34.61095659184687,96.90428868043034,94.08609553233751,14.139925036619557,199.9374800412206,0.12534818941504178,431250.59383297514,1197.9183162027086,,
COUGH,COUGH_010_Trial_1_No_Talking_IMU_seg0001,COUGH_010_Trial_1_No_Talking_IMU_seg0001_c0004,330.31,468.239,137.92899999999997,13605,32579,46184,2.253085108511369,0.4650660990151143,True,,10,010_Trial_1_No_Talking,IMU,Trial_1_No_Talking,0.7671219958618262,2.253085108511369,2.2448889746238785,0.3545042327220347,0.12567325101783852,0.13731255513084387,8006.218109659106,0.5884761565350317,2.5139664804469275,6.468918057676811,8.10831357721424,0.4713205491626772,0.6342854380159969,0.1838673786296863,0.1818471833543168,0.6342854380159969,98.1770654139173,394.35285256974106,388.3336923255338,48.21742835026336,2324.920396712781,0.13246104087033225,131135005.63759136,9638.736173288597,,
COUGH,COUGH_010_Trial_2_Talking_IMU_seg0001,COUGH_010_Trial_2_Talking_IMU_seg0001_c0001,12.217,13.028,0.8109999999999999,81,1205,1286,1.9084270194086503,0.5215439751902327,True,,10,010_Trial_2_Talking,IMU,Trial_2_Talking,1.1127424297422739,1.9084270194086506,1.752988870160887,0.42960220249392517,0.18455805238763148,0.125,100.2938529108479,1.2381957149487395,5.0,6.718636962000129,0.06694403002334269,0.4620781487368169,0.6678147773638343,0.169037364300103,0.16314785833606274,0.6678147773638343,73.95759874258133,211.26328451764874,209.44021318318028,45.86512837850505,2103.6100011767494,0.1,443047.83935326204,5469.726411768667,,
COUGH,COUGH_010_Trial_2_Talking_IMU_seg0001,COUGH_010_Trial_2_Talking_IMU_seg0001_c0002,13.636,14.406,0.7700000000000014,77,1345,1422,2.0244106384312897,0.5215439751902327,True,,10,010_Trial_2_Talking,IMU,Trial_2_Talking,1.1661240217534747,2.0244106384312897,1.9533683869752594,0.4559384397771007,0.2078798608663769,0.13157894736842105,104.70808302650836,1.3598452341104983,5.2631578947368425,6.804706049579018,0.07306888219121731,0.4815295851347303,0.7040446959461396,0.18436427968596605,0.11159102436789436,0.7040446959461396,78.85286137068485,196.42208211414115,187.52999555158888,43.335902343438704,1878.000431920056,0.10526315789473684,478768.5784685222,6217.773746344444,,
COUGH,COUGH_010_Trial_2_Talking_IMU_seg0001,COUGH_010_Trial_2_Talking_IMU_seg0001_c0003,15.066,15.887,0.8209999999999997,82,1486,1568,2.086630232577704,0.5215439751902327,True,,10,010_Trial_2_Talking,IMU,Trial_2_Talking,1.1710863659329085,2.086630232577704,1.9788529776323507,0.48014461132980246,0.2305388477890471,0.14814814814814814,112.45834867086356,1.371443276473946,7.317073170731707,6.683024824306579,0.07184420826346774,0.4138583246259537,0.6582547075465413,0.15827667646527238,0.18346861598818645,0.6582547075465413,84.93676860539306,231.9726783676907,220.18089886069032,52.97217910474921,2806.0517591056287,0.12345679012345678,591568.8822123389,7214.254661126083,,
COUGH,COUGH_010_Trial_2_Talking_IMU_seg0001,COUGH_010_Trial_2_Talking_IMU_seg0001_c0004,330.911,331.945,1.0339999999999918,103,32638,32741,0.5728265391892572,0.5215439751902327,True,,10,010_Trial_2_Talking,IMU,Trial_2_Talking,0.3191753802788249,0.5728265391892572,0.4657686095171647,0.1333119559254453,0.01777207759266787,0.0784313725490196,10.492911107741646,0.10187292337613249,3.9215686274509802,4.661542160276014,0.008390118210617664,0.45426853166221315,0.6321247702317373,0.2871691135553823,0.08070611621288032,0.6321247702317373,34.17219138781259,72.46328143241979,61.22945742104275,12.994620784814249,168.8601693411265,0.12745098039215685,120277.08241726518,1167.738664245293,,
COUGH,COUGH_010_Trial_2_Talking_IMU_seg0001,COUGH_010_Trial_2_Talking_IMU_seg0001_c0005,333.304,472.135,138.83100000000002,13694,32874,46568,2.312905973822588,0.5215439751902327,True,,10,010_Trial_2_Talking,IMU,Trial_2_Talking,0.8775283911177428,2.3129059738225877,2.3008898644295552,0.3980610401204758,0.15845259166179504,0.13189220769736362,10545.147921419104,0.7700560772176942,2.5120490725865343,6.707660408677885,10.590930102533038,0.52867139661768,0.633299172546924,0.20086788644406614,0.1658329410090099,0.633299172546924,111.07720085555921,437.21418767373495,432.3326885261923,56.12361957239648,3149.860673907085,0.11962316512086467,168958551.4664161,12338.144549906243,,
COUGH,COUGH_010_Trial_2_Talking_IMU_seg0001,COUGH_010_Trial_2_Talking_IMU_seg0001_c0006,474.183,474.7,0.5169999999999959,52,46769,46821,0.547933558158776,0.5215439751902327,True,,10,010_Trial_2_Talking,IMU,Trial_2_Talking,0.3158767844928677,0.547933558158776,0.4957183482553141,0.13312841203318512,0.017723174090477512,0.0784313725490196,5.188463435040787,0.0997781429815536,3.846153846153846,4.235698133030905,0.0028325172424050688,0.47478870065306467,0.5716542493241156,0.24143737604373863,0.1869083746321457,0.5716542493241156,30.21099246291303,59.25692976384397,56.10728135688973,14.256748044474334,203.25486480362272,0.0392156862745098,47460.61141089776,912.7040655941878,,
COUGH,COUGH_010_Trial_3_Nonverbal_IMU_seg0001,COUGH_010_Trial_3_Nonverbal_IMU_seg0001_c0001,14.854,15.655,0.8010000000000002,80,1465,1545,2.1286209702048904,0.5134232693756975,True,,10,010_Trial_3_Nonverbal,IMU,Trial_3_Nonverbal,1.1753265545610032,2.1286209702048904,1.9766789863335157,0.448228728765721,0.2009089932909343,0.10126582278481013,110.5114007884991,1.3813925098562387,5.0,7.5634390862731475,0.07724543149827498,0.6072609649153965,0.701563695414926,0.1791806179856898,0.1192556865993842,0.701563695414926,84.41539567974584,262.12056498173405,253.37147685483717,55.170740532158014,3043.810610866703,0.12658227848101267,570076.7222214442,7125.959027768053,,
COUGH,COUGH_010_Trial_3_Nonverbal_IMU_seg0001,COUGH_010_Trial_3_Nonverbal_IMU_seg0001_c0002,16.283,17.216,0.9329999999999998,93,1606,1699,2.3528046097044037,0.5134232693756975,True,,10,010_Trial_3_Nonverbal,IMU,Trial_3_Nonverbal,1.1892931626759269,2.3528046097044033,2.2850998027275407,0.5494189709842857,0.30186120567743135,0.10869565217391304,131.5408950912569,1.4144182267877088,4.3478260869565215,5.873505224734323,0.13885194367599718,0.5491702944064543,0.688012202346554,0.17588376334554906,0.1361040343078969,0.688012202346554,85.01280749445392,260.88296684096315,255.1640485641496,51.90220340341625,2693.8387181295934,0.13043478260869565,672127.5017422845,7227.177438089081,,
COUGH,COUGH_010_Trial_3_Nonverbal_IMU_seg0001,COUGH_010_Trial_3_Nonverbal_IMU_seg0001_c0003,17.744,18.727,0.9830000000000004,98,1750,1848,2.127526754222648,0.5134232693756975,True,,10,010_Trial_3_Nonverbal,IMU,Trial_3_Nonverbal,1.1531312834447658,2.127526754222648,1.9538897971452964,0.5629564688262934,0.3169199857933694,0.10309278350515463,130.31175217217935,1.329711756858973,4.081632653061225,4.475275363386346,0.19442457099665866,0.46481858860724606,0.645410638881188,0.19218985453421775,0.16239950658459423,0.645410638881188,81.6836965308603,258.5365952803295,246.96588131164674,53.38354623260333,2849.803008368497,0.09278350515463918,653878.1753366765,6672.226278945679,,
COUGH,COUGH_010_Trial_3_Nonverbal_IMU_seg0001,COUGH_010_Trial_3_Nonverbal_IMU_seg0001_c0004,319.61,322.185,2.5749999999999886,255,31523,31778,0.6217882323720867,0.5134232693756975,True,,10,010_Trial_3_Nonverbal,IMU,Trial_3_Nonverbal,0.32002763040931304,0.6217882323720867,0.5795325255796304,0.1387313542473373,0.01924638865130019,0.09448818897637795,26.11650947747696,0.10241768422539985,3.9370078740157477,4.598798472067188,0.0250188666951578,0.5113496131023112,0.6095778835486946,0.25569804336851976,0.13472407308278567,0.6095778835486946,28.623665663876213,68.13514972816854,59.48439647994897,9.438072029066218,89.07720362584212,0.14566929133858267,208925.13018952837,819.3142360373662,,
COUGH,COUGH_010_Trial_3_Nonverbal_IMU_seg0001,COUGH_010_Trial_3_Nonverbal_IMU_seg0001_c0005,322.723,456.374,133.651,13183,31830,45013,2.497390888620453,0.5134232693756975,True,,10,010_Trial_3_Nonverbal,IMU,Trial_3_Nonverbal,0.896904594404143,2.4973908886204526,2.482576054125352,0.41242232164570425,0.17009217139163274,0.13230162342588378,10604.904195840161,0.8044378514632603,2.5337581550599304,6.8911237598099095,10.564138613514162,0.5730323575939491,0.638845895334059,0.20019028467350658,0.16096381999243428,0.638845895334059,105.70400270264449,448.77853449761494,442.7481492640988,53.82016967192632,2896.6106635149376,0.13245334547109694,147298090.95797575,11173.336187360672,,
COUGH,COUGH_011_Trial_1_No_Talking_IMU_seg0001,COUGH_011_Trial_1_No_Talking_IMU_seg0001_c0001,11.883,12.785,0.902000000000001,90,1172,1262,3.7530336884472897,0.4218579248638485,True,,11,011_Trial_1_No_Talking,IMU,Trial_1_No_Talking,1.1875841196865473,3.7530336884472897,3.6023876428920714,0.6318265348371552,0.399204770124327,0.11235955056179775,126.93204371985044,1.4103560413316716,6.666666666666667,6.732879616206596,0.0810435452340895,0.6459644333576573,0.921816239049514,0.008493617959803242,0.06969014299068269,0.921816239049514,130.97200189801086,338.81757938033746,333.26357260177093,83.02345039050022,6892.893314743849,0.0898876404494382,1543829.8753055304,17153.665281172558,,
COUGH,COUGH_011_Trial_1_No_Talking_IMU_seg0001,COUGH_011_Trial_1_No_Talking_IMU_seg0001_c0002,13.496,14.59,1.0939999999999994,109,1331,1440,4.399872705398519,0.4218579248638485,True,,11,011_Trial_1_No_Talking,IMU,Trial_1_No_Talking,1.2306970638292096,4.399872705398519,4.207690258031633,0.6963681822790754,0.4849286452906635,0.1111111111111111,165.0930636580443,1.5146152629178375,3.7037037037037033,6.877255731742454,0.3123924027932418,0.680735722297176,0.9348405352578066,0.011171269488923063,0.053988195253270324,0.9348405352578066,140.04411020270905,332.58604904791076,323.8076692486721,79.34939063848213,6296.325794698436,0.1111111111111111,2137746.455469068,19612.352802468515,,
COUGH,COUGH_011_Trial_1_No_Talking_IMU_seg0001,COUGH_011_Trial_1_No_Talking_IMU_seg0001_c0003,15.199,16.324,1.1250000000000018,112,1499,1611,4.491358161781017,0.4218579248638485,True,,11,011_Trial_1_No_Talking,IMU,Trial_1_No_Talking,1.2321048069927125,4.491358161781017,4.449934583965797,0.6925250894765608,0.4795909995545185,0.10810810810810811,170.0252126064295,1.5180822554145492,1.7857142857142856,6.882957517234333,0.3229619606207107,0.682369728561177,0.9078181414554612,0.011320997005218299,0.08086086153932043,0.9078181414554612,138.55077593369748,460.6903684282165,443.7408295397629,83.94428863298948,7046.643594098647,0.09009009009009009,2149987.56132492,19196.317511829642,,
COUGH,COUGH_011_Trial_1_No_Talking_IMU_seg0001,COUGH_011_Trial_1_No_Talking_IMU_seg0001_c0004,338.357,473.697,135.33999999999995,13349,33371,46720,2.45017432924735,0.4218579248638485,True,,11,011_Trial_1_No_Talking,IMU,Trial_1_No_Talking,0.6900110868809196,2.45017432924735,2.4476756140090963,0.36350265176107677,0.13213417783733464,0.11372490260713215,6355.663139948132,0.47611530001858804,5.049445609829188,7.415058804719217,8.037172233144247,0.6577029416097959,0.8811479646895726,0.047916119300881736,0.07093591600954569,0.8811479646895726,170.21646387255808,566.2845392460756,558.1368919605211,76.34484126746797,5828.534788154881,0.11162721006892419,386769181.4086863,28973.64457327787,,
COUGH,COUGH_011_Trial_1_No_Talking_IMU_seg0001,COUGH_011_Trial_1_No_Talking_IMU_seg0001_c0005,474.284,475.664,1.3799999999999957,137,46777,46914,0.692394308312576,0.4218579248638485,True,,11,011_Trial_1_No_Talking,IMU,Trial_1_No_Talking,0.35190617164880544,0.692394308312576,0.6714004089659618,0.15827086108755653,0.025049665469396618,0.11764705882352941,16.965799649299036,0.12383795364451851,4.411764705882352,5.2367476915419005,0.015739866573829368,0.5647787672986317,0.864669892109924,0.039249663465328904,0.09608044442474724,0.864669892109924,77.10151695051076,166.52460220461256,153.22385487663044,37.75166894128944,1425.1885078527175,0.1323529411764706,814416.2165015761,5944.643916069898,,
COUGH,COUGH_011_Trial_1_No_Talking_IMU_seg0001,COUGH_011_Trial_1_No_Talking_IMU_seg0001_c0006,477.164,477.479,0.3149999999999977,32,47061,47093,0.5108332967733278,0.4218579248638485,True,,11,011_Trial_1_No_Talking,IMU,Trial_1_No_Talking,0.2865024902879864,0.5108332967733278,0.44003450068465016,0.1395045444348375,0.019461517917971554,0.06451612903225806,2.6266776621189676,0.08208367694121774,6.25,6.663197982245869,0.0006647714405367437,0.4033624987482651,0.851617176741034,0.07959114987824527,0.06879167338072067,0.851617176741034,53.993672348538055,92.69570502011294,84.21485195341539,25.992868632453757,675.6292197439984,0.06451612903225806,93290.13291780105,2915.316653681283,,
COUGH,COUGH_011_Trial_1_No_Talking_IMU_seg0001,COUGH_011_Trial_1_No_Talking_IMU_seg0001_c0007,478.198,478.725,0.5270000000000437,53,47163,47216,0.546039945222951,0.4218579248638485,True,,11,011_Trial_1_No_Talking,IMU,Trial_1_No_Talking,0.3122472852616159,0.546039945222951,0.5090825155368546,0.15556164427932578,0.024199425170887492,0.07692307692307693,5.167413459122193,0.09749836715324893,3.846153846153846,4.785684339183213,0.004510375694377534,0.42975752634527387,0.8936364545872494,0.05734437399815533,0.04901917141459526,0.8936364545872494,72.87939228620567,122.57244217668092,102.62868233465555,29.956220112546784,897.3751234313526,0.07692307692307693,281504.5084603527,5311.405820006655,,
COUGH,COUGH_011_Trial_1_No_Talking_IMU_seg0001,COUGH_011_Trial_1_No_Talking_IMU_seg0001_c0008,479.263,479.588,0.3250000000000455,33,47268,47301,0.4821183350663161,0.4218579248638485,True,,11,011_Trial_1_No_Talking,IMU,Trial_1_No_Talking,0.2648996759570252,0.48211833506631613,0.43518973781396536,0.1266762277008927,0.01604686666452842,0.0625,2.3156706646305194,0.07017183832213696,6.25,7.598954777182895,0.0005763866354381652,0.4606398836628793,0.8255662471103056,0.11133976063184488,0.06309399225784948,0.8255662471103056,55.544333080240236,94.70104576664959,75.73754041117226,20.719299959506955,429.2893908120249,0.125,101810.70693184609,3085.1729373286694,,
COUGH,COUGH_011_Trial_1_No_Talking_IMU_seg0001,COUGH_011_Trial_1_No_Talking_IMU_seg0001_c0009,623.719,624.368,0.6490000000000009,65,61515,61580,1.6514897708359255,0.4218579248638485,True,,11,011_Trial_1_No_Talking,IMU,Trial_1_No_Talking,0.5505709587055511,1.6514897708359255,1.6191227412179805,0.3610693912406874,0.13037110529092058,0.09375,19.703344737046724,0.3031283805699496,6.25,5.573261562407741,0.0334623328289894,0.49007661721412266,0.961159607692429,0.022547874257500208,0.016292518050070693,0.961159607692429,95.163159803273,197.35052841915123,191.61845317494178,45.53591408013395,2073.5194711133413,0.125,588641.7539433129,9056.026983743275,,
COUGH,COUGH_011_Trial_2_Talking_IMU_seg0001,COUGH_011_Trial_2_Talking_IMU_seg0001_c0001,11.133,12.167,1.0340000000000007,103,1098,1201,3.648616448667358,0.4366233138201293,True,,11,011_Trial_2_Talking,IMU,Trial_2_Talking,1.1568665578724877,3.648616448667358,3.5724317838149746,0.6138744604034494,0.3768418531356262,0.09803921568627451,137.849043970545,1.338340232723738,3.9215686274509802,6.483389220156166,0.23790997039403802,0.6549929477856029,0.9015219400366493,0.009447482024876842,0.08903057793847398,0.9015219400366493,175.5476732672573,754.6842121718101,747.005187202668,121.52476260743568,14768.267926793595,0.0784313725490196,3174149.5157234157,30816.985589547723,,
COUGH,COUGH_011_Trial_2_Talking_IMU_seg0001,COUGH_011_Trial_2_Talking_IMU_seg0001_c0002,12.927,14.013,1.0860000000000003,108,1275,1383,4.251058482175678,0.4366233138201293,True,,11,011_Trial_2_Talking,IMU,Trial_2_Talking,1.2856577614466906,4.251058482175678,4.163408070911289,0.7113678141477117,0.5060441670052933,0.11214953271028037,178.51491499335648,1.6529158795681156,1.8518518518518516,7.247416350851813,0.32302309162149556,0.6975116438875939,0.8983432987016804,0.014424969947677585,0.08723173135064206,0.8983432987016804,148.4828773906902,340.1877736505936,335.5566719992957,86.97040409084599,7563.85118772504,0.037383177570093455,2381093.806847624,22047.16487821874,,
COUGH,COUGH_011_Trial_2_Talking_IMU_seg0001,COUGH_011_Trial_2_Talking_IMU_seg0001_c0003,14.722,15.869,1.1470000000000002,114,1452,1566,4.055822691574577,0.4366233138201293,True,,11,011_Trial_2_Talking,IMU,Trial_2_Talking,1.2463787898611869,4.055822691574577,3.993204745386871,0.7369566413575277,0.5431050912409677,0.08849557522123894,177.0944500110054,1.5534600878158367,5.263157894736842,7.012347451840308,0.21181428957237158,0.6609418445216937,0.9207408137572797,0.020161891710418586,0.059097294532301774,0.9207408137572797,142.1571655720409,456.96219770195916,446.30273617073465,83.094493723416,6904.69488715082,0.07079646017699115,2303787.2084763385,20208.659723476652,,
COUGH,COUGH_011_Trial_2_Talking_IMU_seg0001,COUGH_011_Trial_2_Talking_IMU_seg0001_c0004,312.057,313.365,1.3079999999999927,130,30776,30906,0.5525281643007912,0.4366233138201293,True,,11,011_Trial_2_Talking,IMU,Trial_2_Talking,0.32431288245014495,0.5525281643007912,0.538611841097445,0.1391954073803195,0.0193753614357731,0.09302325581395349,13.6732499440058,0.10517884572312154,3.0769230769230766,4.721722438967115,0.008455346565721392,0.6111837492333249,0.8849526410664313,0.0414142140685787,0.07363314486498991,0.8849526410664313,71.52096550487427,168.3129563708139,160.14112854241398,36.01539962413358,1297.109010086041,0.13178294573643412,664982.3058774238,5115.248506749414,,
COUGH,COUGH_011_Trial_2_Talking_IMU_seg0001,COUGH_011_Trial_2_Talking_IMU_seg0001_c0005,314.896,445.991,131.09499999999997,12930,31056,43986,2.876827864974731,0.4366233138201293,True,,11,011_Trial_2_Talking,IMU,Trial_2_Talking,0.8518281771362798,2.876827864974731,2.8667341720897634,0.4541220861991301,0.2062268691738501,0.11833861860932787,9382.153376687691,0.7256112433633172,5.058004640371229,7.71794108905668,12.110693746703507,0.5826173373490434,0.8904238375580023,0.04894089981289777,0.060635262629099934,0.8904238375580023,214.54625983166312,684.0057504555216,682.4583541646845,104.31525163098644,10881.671722836018,0.1016319900997757,595169162.0682787,46030.0976077555,,
COUGH,COUGH_011_Trial_2_Talking_IMU_seg0001,COUGH_011_Trial_2_Talking_IMU_seg0001_c0006,446.578,447.056,0.4780000000000086,48,44043,44091,0.4987851163806557,0.4366233138201293,True,,11,011_Trial_2_Talking,IMU,Trial_2_Talking,0.31588907204685185,0.4987851163806557,0.4826132740196403,0.14939797022963014,0.022319753508733456,0.0851063829787234,4.789723480253816,0.09978590583862117,4.166666666666667,5.49176328918623,0.004009078551688959,0.3676516338495082,0.854677188270254,0.05116055832174966,0.09416225340799633,0.854677188270254,87.67940107144867,184.8829419303175,166.94864679908773,44.04501576982788,1939.9634141643864,0.0851063829787234,369008.51386790175,7687.677372247953,,
COUGH,COUGH_011_Trial_2_Talking_IMU_seg0001,COUGH_011_Trial_2_Talking_IMU_seg0001_c0007,604.828,605.304,0.4759999999999991,48,59650,59698,1.5988323755611689,0.4366233138201293,True,,11,011_Trial_2_Talking,IMU,Trial_2_Talking,0.619564069374478,1.5988323755611689,1.519904092931979,0.330328193575453,0.10911671547082197,0.1276595744680851,18.425262530873425,0.383859636059863,4.166666666666667,5.9391551020040705,0.02417727281083971,0.5518830753218004,0.9007848742825438,0.048031734882855476,0.05118339083460066,0.9007848742825438,110.88849063319945,211.36073739053433,181.00515152305934,45.53195207668275,2073.1586599133343,0.14893617021276595,590220.3530356397,12296.257354909161,,
COUGH,COUGH_011_Trial_3_Nonverbal_IMU_seg0001,COUGH_011_Trial_3_Nonverbal_IMU_seg0001_c0001,0.669,3.061,2.392,237,66,303,0.2770768114028338,0.0898566526219349,True,,11,011_Trial_3_Nonverbal,IMU,Trial_3_Nonverbal,0.10624070819386891,0.2770768114028338,0.26519286777668627,0.05156023599129971,0.0026584579354785184,0.11016949152542373,2.6750398743757486,0.011287088077534804,2.5423728813559325,6.124105611753167,0.0026190390900591976,0.6961235582401909,0.30853357437617757,0.4101594702599269,0.2813069553638956,0.4101594702599269,41.42827597528242,139.36486070958549,138.2830580411633,25.706215077860957,660.809493629246,0.1059322033898305,406763.5859173464,1716.302050284162,,
COUGH,COUGH_011_Trial_3_Nonverbal_IMU_seg0001,COUGH_011_Trial_3_Nonverbal_IMU_seg0001_c0002,7.057,7.584,0.5269999999999992,53,696,749,0.156708646121228,0.0898566526219349,True,,11,011_Trial_3_Nonverbal,IMU,Trial_3_Nonverbal,0.04590846118763348,0.15670864612122806,0.1499491068172535,0.03506054536403786,0.0012292418412237567,0.07692307692307693,0.11170210085667184,0.0021075868086164497,3.846153846153846,6.910522457937417,6.267745372458333e-05,0.576662142841122,0.6157092166638123,0.28992177763904226,0.09436900569714551,0.6157092166638123,18.511167974902104,77.07116173633318,76.61987649298001,15.860254840436758,251.54768360359762,0.07692307692307693,18161.15700913719,342.66333979504134,,
COUGH,COUGH_011_Trial_3_Nonverbal_IMU_seg0001,COUGH_011_Trial_3_Nonverbal_IMU_seg0001_c0003,8.78,9.399,0.6189999999999998,62,866,928,0.2163928151129175,0.0898566526219349,True,,11,011_Trial_3_Nonverbal,IMU,Trial_3_Nonverbal,0.08993615495296226,0.21639281511291758,0.2038660109951004,0.04760414708119058,0.0022661548193276255,0.16393442622950818,0.5014877419988406,0.008088511967723236,3.2258064516129035,5.2690757817039975,9.450109673620231e-05,0.5437760873877218,0.571365406779644,0.16912973770934744,0.2595048555110085,0.571365406779644,29.348623960624128,78.23804971852506,75.57148244557303,17.774825324627017,315.94441532100194,0.06557377049180328,53403.18715969148,861.3417283821207,,
COUGH,COUGH_011_Trial_3_Nonverbal_IMU_seg0001,COUGH_011_Trial_3_Nonverbal_IMU_seg0001_c0004,23.808,31.494,7.686,759,2348,3107,4.391253309570799,0.0898566526219349,True,,11,011_Trial_3_Nonverbal,IMU,Trial_3_Nonverbal,0.7913556993551033,4.391253309570799,4.370053866939629,0.6014082923983108,0.36169193416545214,0.029023746701846966,475.31907676246965,0.6262438429018046,0.5277044854881267,3.722534606175898,1.1053011909631434,0.6405923768191676,0.926787281770483,0.018960770157383504,0.0542519480721335,0.926787281770483,125.6355938911666,705.9268961684071,702.007150356666,92.93267005693578,8636.481163911289,0.07387862796833773,11980285.561361078,15784.302452386137,,
COUGH,COUGH_011_Trial_3_Nonverbal_IMU_seg0001,COUGH_011_Trial_3_Nonverbal_IMU_seg0001_c0005,32.487,33.125,0.6379999999999981,64,3204,3268,0.1370429805282425,0.0898566526219349,True,,11,011_Trial_3_Nonverbal,IMU,Trial_3_Nonverbal,0.08265904569406753,0.13704298052824251,0.11747794238112744,0.029412955741687508,0.0008651219654624682,0.15873015873015872,0.43728114144345237,0.006832517835053943,6.25,6.215823878901458,0.00025407976803153935,0.5600339031399333,0.5086245414554549,0.21462847527061957,0.2767469832739255,0.5086245414554549,20.942671222336006,34.89348330573007,29.239170574445335,7.396966964623853,54.71512027573661,0.14285714285714285,28070.11058731909,438.5954779268608,,
COUGH,COUGH_011_Trial_3_Nonverbal_IMU_seg0001,COUGH_011_Trial_3_Nonverbal_IMU_seg0001_c0006,45.01,45.566,0.5560000000000045,56,4439,4495,0.0941107087783341,0.0898566526219349,True,,11,011_Trial_3_Nonverbal,IMU,Trial_3_Nonverbal,0.05818478404747911,0.09411070877833412,0.08444162394468802,0.023481092446317825,0.0005513617024725239,0.21818181818181817,0.18958626930049965,0.0033854690946517794,7.142857142857142,12.10891789936812,0.00010213050400047494,0.7221034471038696,0.5001743340440167,0.031363471786371,0.4684621941696123,0.5001743340440167,16.539098191850037,35.776667347889195,33.79676042311466,8.219607571914487,67.56194863627397,0.09090909090909091,15318.339063980802,273.54176899965717,,
COUGH,COUGH_011_Trial_3_Nonverbal_IMU_seg0001,COUGH_011_Trial_3_Nonverbal_IMU_seg0001_c0007,48.224,50.778,2.554000000000002,253,4756,5009,0.2382736802038554,0.0898566526219349,True,,11,011_Trial_3_Nonverbal,IMU,Trial_3_Nonverbal,0.08523637025707942,0.23827368020385545,0.23385393829219994,0.041419279546456515,0.0017155567181475113,0.1746031746031746,1.8381054200942892,0.007265238814601934,6.349206349206349,8.200209039492513,0.001872139247992397,0.7571711481894289,0.35098452496506166,0.11249649164403619,0.5365189833909021,0.5365189833909021,21.208141989826622,46.77803234953578,44.90027866935185,10.34661508670244,107.05244375237855,0.1349206349206349,113795.67752514372,449.7852866606471,,
COUGH,COUGH_011_Trial_3_Nonverbal_IMU_seg0001,COUGH_011_Trial_3_Nonverbal_IMU_seg0001_c0008,51.347,53.679,2.3320000000000007,231,5064,5295,0.1990180991984732,0.0898566526219349,True,,11,011_Trial_3_Nonverbal,IMU,Trial_3_Nonverbal,0.09381149976159633,0.19901809919847321,0.19014890240338603,0.04252302681987217,0.001808207809923568,0.17391304347826086,2.0329380196171174,0.008800597487519988,1.7391304347826084,7.205733059003484,0.0019273342483239325,0.7271790967523954,0.32720618097292986,0.07912316533411601,0.5936706536929541,0.5936706536929541,22.87746549194413,64.34963830574834,62.28795076633596,11.663683652050471,136.0415163351094,0.12608695652173912,120900.41671440682,523.3784273350944,,
COUGH,COUGH_011_Trial_3_Nonverbal_IMU_seg0001,COUGH_011_Trial_3_Nonverbal_IMU_seg0001_c0009,54.915,55.25,0.3350000000000008,34,5416,5450,0.119451354585771,0.0898566526219349,True,,11,011_Trial_3_Nonverbal,IMU,Trial_3_Nonverbal,0.06966754351444099,0.11945135458577108,0.10271319123063401,0.02998460268699545,0.0008990763982969748,0.24242424242424243,0.165021265057442,0.004853566619336529,11.76470588235294,11.68127175360571,0.00015378765751179754,0.5885505658303866,0.24731066533118048,0.06730798471342876,0.6853813499553907,0.6853813499553907,12.88222472846293,22.40435339006606,20.16828684341145,6.207022091276562,38.52712324159526,0.15151515151515152,5642.358274457141,165.9517139546218,,
COUGH,COUGH_011_Trial_3_Nonverbal_IMU_seg0001,COUGH_011_Trial_3_Nonverbal_IMU_seg0001_c0010,71.301,71.789,0.4879999999999995,49,7032,7081,0.1811027614790462,0.0898566526219349,True,,11,011_Trial_3_Nonverbal,IMU,Trial_3_Nonverbal,0.07668405845077328,0.18110276147904622,0.17197014500124377,0.043875943754150805,0.0019250984403174048,0.125,0.28814179620359903,0.005880444820481613,4.166666666666667,8.109385777391115,0.00012229704628496547,0.6828479981520021,0.25731488723918783,0.04507306640130732,0.6976120463595048,0.6976120463595048,13.487769747463144,21.48241332694897,20.185518159898013,5.128463416808077,26.301137017538778,0.10416666666666667,8914.076705268517,181.919932760582,,
COUGH,COUGH_011_Trial_3_Nonverbal_IMU_seg0001,COUGH_011_Trial_3_Nonverbal_IMU_seg0001_c0011,74.881,75.418,0.5370000000000061,54,7385,7439,0.1559663523385794,0.0898566526219349,True,,11,011_Trial_3_Nonverbal,IMU,Trial_3_Nonverbal,0.07435481682951291,0.1559663523385794,0.14378938455907853,0.037436945914952356,0.001401524919439068,0.18867924528301888,0.2985464944305224,0.005528638785750415,7.4074074074074066,10.226452173327495,0.0003666912717311181,0.6861272528324167,0.20683983291178723,0.126745597177562,0.6664145699106507,0.6664145699106507,13.934264600601265,27.89333508505627,25.927148952559428,7.290689330473415,53.1541509134789,0.11320754716981132,10484.841417816755,194.16372995956954,,
COUGH,COUGH_011_Trial_3_Nonverbal_IMU_seg0001,COUGH_011_Trial_3_Nonverbal_IMU_seg0001_c0012,91.256,93.112,1.8559999999999943,184,9000,9184,0.2596213255364587,0.0898566526219349,True,,11,011_Trial_3_Nonverbal,IMU,Trial_3_Nonverbal,0.10124353134650868,0.2596213255364587,0.24430500838720345,0.04448960414122986,0.0019793248766433375,0.16393442622950818,1.8860464856701136,0.010250252639511487,2.1739130434782608,9.201706978372346,0.0017072857839556049,0.7777722367889891,0.3263709979839106,0.05889005983370995,0.6147389421823795,0.6147389421823795,24.822359998067817,59.580748744359255,56.25554430481569,11.075096727387729,122.65776752099437,0.15846994535519127,113371.51828075665,616.1495558736774,,
COUGH,COUGH_011_Trial_3_Nonverbal_IMU_seg0001,COUGH_011_Trial_3_Nonverbal_IMU_seg0001_c0013,108.788,109.457,0.6689999999999969,67,10729,10796,0.2083602996541683,0.0898566526219349,True,,11,011_Trial_3_Nonverbal,IMU,Trial_3_Nonverbal,0.10740769476921612,0.20836029965416833,0.1828056473313102,0.04307846858029665,0.0018557544552236058,0.16666666666666666,0.7729396640076853,0.011536412895637095,3.0303030303030303,7.004879744414369,0.00035922012250261086,0.6004049172363085,0.4644691912242471,0.19175891461534747,0.3437718941604054,0.4644691912242471,29.755384407019022,59.709627415498915,56.921345690964,15.241277140334342,232.29652886847816,0.13636363636363635,59320.65438103455,885.3829012094708,,
COUGH,COUGH_011_Trial_3_Nonverbal_IMU_seg0001,COUGH_011_Trial_3_Nonverbal_IMU_seg0001_c0014,111.941,113.542,1.600999999999999,159,11040,11199,0.2981491252983159,0.0898566526219349,True,,11,011_Trial_3_Nonverbal,IMU,Trial_3_Nonverbal,0.1204288481013402,0.2981491252983159,0.29001696410611805,0.06239611761199827,0.003893275493050321,0.13924050632911392,2.305994085347492,0.014503107455015672,2.531645569620253,7.374098687439687,0.0019856097065239077,0.7101498567093408,0.48897088589750315,0.0987702128748386,0.4122589012276582,0.48897088589750315,29.78966934421608,79.8612678760929,78.36880990510062,17.427440555514988,303.71568431600855,0.06962025316455696,141100.47954239865,887.4243996377273,,
COUGH,COUGH_011_Trial_3_Nonverbal_IMU_seg0001,COUGH_011_Trial_3_Nonverbal_IMU_seg0001_c0015,114.344,116.758,2.414000000000001,239,11277,11516,0.3101405093207549,0.0898566526219349,True,,11,011_Trial_3_Nonverbal,IMU,Trial_3_Nonverbal,0.09503290150898105,0.3101405093207549,0.3003903498805599,0.0490532319417138,0.0024062195639275707,0.11764705882352941,2.1584693162425506,0.009031252369215693,2.5210084033613445,5.869744507460075,0.0014172135613020177,0.670069673572327,0.5236751351632163,0.09066828065712361,0.3856565841796601,0.5236751351632163,27.800195838933828,78.01612665497845,76.60173057904441,16.248212228489393,264.0044006220323,0.10084033613445378,184711.3623952546,772.8508886830737,,
COUGH,COUGH_011_Trial_3_Nonverbal_IMU_seg0001,COUGH_011_Trial_3_Nonverbal_IMU_seg0001_c0016,126.125,126.603,0.4779999999999944,48,12439,12487,0.2469074977009369,0.0898566526219349,True,,11,011_Trial_3_Nonverbal,IMU,Trial_3_Nonverbal,0.12615114460311194,0.2469074977009369,0.2261388520356117,0.05298196289226407,0.0028070883919172466,0.2127659574468085,0.7638773416644123,0.015914111284675257,8.333333333333334,10.062036427048653,0.0005679893863046768,0.5586512292122052,0.3431264847602039,0.0422168490891695,0.6146566661506266,0.6146566661506266,26.31890684589556,44.102125916710825,41.17548363031668,9.714099301559575,94.36372524056021,0.10638297872340426,33248.87316302055,692.6848575629282,,
COUGH,COUGH_011_Trial_3_Nonverbal_IMU_seg0001,COUGH_011_Trial_3_Nonverbal_IMU_seg0001_c0017,130.253,130.771,0.5180000000000007,52,12846,12898,0.2862408630265045,0.0898566526219349,True,,11,011_Trial_3_Nonverbal,IMU,Trial_3_Nonverbal,0.10610302092153809,0.2862408630265045,0.26454588547539887,0.05218378300064906,0.00272314720825883,0.23529411764705882,0.5854082545311702,0.01125785104867635,3.846153846153846,11.79667236674642,0.00026039069001101804,0.7796174144945364,0.3238085776190293,0.056475026314941966,0.6197163960660287,0.6197163960660287,26.399706798329373,49.10835305694645,42.27309266616524,12.27090994363274,150.57523084474482,0.09803921568627451,36241.114989963426,696.9445190377581,,
COUGH,COUGH_011_Trial_3_Nonverbal_IMU_seg0001,COUGH_011_Trial_3_Nonverbal_IMU_seg0001_c0018,132.899,134.46,1.561000000000007,155,13107,13262,0.2706077876064429,0.0898566526219349,True,,11,011_Trial_3_Nonverbal,IMU,Trial_3_Nonverbal,0.08064580388440477,0.2706077876064429,0.26403914273698403,0.048679451993178795,0.0023696890463561987,0.12987012987012986,1.0080805810450908,0.0065037456841618765,1.2987012987012987,6.484176129383828,0.000891211776644745,0.6831251335091968,0.34342157127646167,0.06094749640057235,0.5956309323229659,0.5956309323229659,18.9019371340687,45.07220444386813,42.55563194274838,8.374735306238179,70.1361914495523,0.11688311688311688,55378.90025014422,357.2832274202853,,
COUGH,COUGH_011_Trial_3_Nonverbal_IMU_seg0001,COUGH_011_Trial_3_Nonverbal_IMU_seg0001_c0019,135.921,137.188,1.266999999999996,126,13405,13531,0.1775683601740072,0.0898566526219349,True,,11,011_Trial_3_Nonverbal,IMU,Trial_3_Nonverbal,0.08456582952175072,0.1775683601740072,0.16790987873889016,0.038857901371704084,0.0015099364990130823,0.16,0.9010738198604276,0.007151379522701806,1.5873015873015872,6.075787200867286,0.001066075783724938,0.6334521605948396,0.48315235278028873,0.08815346025331579,0.42869418696639555,0.48315235278028873,24.99234179966112,70.13448006370201,64.18242190186196,13.207729302507696,174.44411332832044,0.104,78701.76072751715,624.6171486310884,,
COUGH,COUGH_011_Trial_3_Nonverbal_IMU_seg0001,COUGH_011_Trial_3_Nonverbal_IMU_seg0001_c0020,153.534,154.527,0.992999999999995,99,15142,15241,0.2565027776083616,0.0898566526219349,True,,11,011_Trial_3_Nonverbal,IMU,Trial_3_Nonverbal,0.09154492461318163,0.25650277760836165,0.24770311971712197,0.04573831790792473,0.0020919937250463883,0.22448979591836735,0.8296668490208777,0.008380473222433108,4.081632653061225,12.95696094778974,0.0006925473357698017,0.8407572656227303,0.22596179069530065,0.09210700197595426,0.681931207328745,0.681931207328745,17.778418263466214,30.065778382300703,27.24285519259949,6.645612384937627,44.16416397083638,0.17346938775510204,31291.143439124164,316.0721559507491,,
COUGH,COUGH_011_Trial_3_Nonverbal_IMU_seg0001,COUGH_011_Trial_3_Nonverbal_IMU_seg0001_c0021,155.906,156.758,0.8520000000000039,85,15376,15461,0.2211921539353063,0.0898566526219349,True,,11,011_Trial_3_Nonverbal,IMU,Trial_3_Nonverbal,0.09530195963830343,0.22119215393530636,0.20717480264059626,0.04778442228485047,0.002283351013096914,0.14285714285714285,0.7720093984265695,0.009082463510900817,2.380952380952381,8.491566845581549,0.0005445857181997619,0.7071565823454338,0.34390691031333187,0.04569115780688682,0.6104019318797814,0.6104019318797814,14.865730091534317,36.193546160239805,32.42770887608247,6.358393286180127,40.429165181740515,0.19047619047619047,18784.144148119656,220.9899311543489,,
COUGH,COUGH_011_Trial_3_Nonverbal_IMU_seg0001,COUGH_011_Trial_3_Nonverbal_IMU_seg0001_c0022,158.188,159.243,1.0550000000000068,105,15601,15706,0.1664393733992687,0.0898566526219349,True,,11,011_Trial_3_Nonverbal,IMU,Trial_3_Nonverbal,0.07865826752838669,0.16643937339926876,0.1529276098048219,0.03607890945306847,0.0013016877073227134,0.1346153846153846,0.6496479203095614,0.006187123050567252,1.923076923076923,7.3655579316210895,0.0005315422232769277,0.6943390312825705,0.5960247277781874,0.1030672664051127,0.3009080058166999,0.5960247277781874,22.854968594434908,46.46811420394118,43.36478599718454,10.734776893488592,115.23543495297658,0.09615384615384616,54846.706892523616,522.3495894526059,,
COUGH,COUGH_011_Trial_3_Nonverbal_IMU_seg0001,COUGH_011_Trial_3_Nonverbal_IMU_seg0001_c0023,167.444,171.105,3.661000000000002,362,16514,16876,0.5530188040521482,0.0898566526219349,True,,11,011_Trial_3_Nonverbal,IMU,Trial_3_Nonverbal,0.24457195458300282,0.5530188040521482,0.5351242883515248,0.13330103728002077,0.01776916653992949,0.0443213296398892,21.653189630615245,0.0598154409685504,0.5524861878453039,2.2812951460236532,0.024121001826983905,0.5262604580227637,0.40683986632067637,0.09765351225094292,0.49550662142838076,0.49550662142838076,44.0526051063367,110.14114739335612,107.34421611156547,21.247122715234106,451.44022367621716,0.055401662049861494,702508.7900290529,1940.6320166548421,,
COUGH,COUGH_011_Trial_3_Nonverbal_IMU_seg0001,COUGH_011_Trial_3_Nonverbal_IMU_seg0001_c0024,171.937,172.423,0.48599999999999,49,16957,17006,0.1667662317567832,0.0898566526219349,True,,11,011_Trial_3_Nonverbal,IMU,Trial_3_Nonverbal,0.0956485104915318,0.1667662317567832,0.1419010446538978,0.03608640713503845,0.0013022287799157538,0.125,0.44828324040318474,0.009148637559248668,8.333333333333334,7.3910023407442305,0.0002653519209764046,0.4389975333358329,0.7647547112789629,0.1297914741852726,0.10545381453576451,0.7647547112789629,28.603075594484732,44.949039579983456,36.18924285743476,7.911366047893096,62.58971274375562,0.16666666666666666,40088.6607397266,818.1359334638081,,
COUGH,COUGH_011_Trial_3_Nonverbal_IMU_seg0001,COUGH_011_Trial_3_Nonverbal_IMU_seg0001_c0025,177.94,178.325,0.3849999999999909,39,17549,17588,0.1123572611440706,0.0898566526219349,True,,11,011_Trial_3_Nonverbal,IMU,Trial_3_Nonverbal,0.06413973642362863,0.11235726114407062,0.10486638868941874,0.028400792660282777,0.0008066050237323721,0.10526315789473684,0.16044232575120962,0.004113905788492554,10.526315789473685,8.039154967529981,0.00011433008113123773,0.5078622908074155,0.8946548266044398,0.0786337158980368,0.026711457497523412,0.8946548266044398,17.182324980011792,30.258119317833447,27.706521998525172,8.640796025037451,74.66335594630303,0.13157894736842105,11514.059377030753,295.23229171873726,,
COUGH,COUGH_011_Trial_3_Nonverbal_IMU_seg0001,COUGH_011_Trial_3_Nonverbal_IMU_seg0001_c0026,182.411,183.729,1.318000000000012,131,17990,18121,0.1490126559282675,0.0898566526219349,True,,11,011_Trial_3_Nonverbal,IMU,Trial_3_Nonverbal,0.08333765235069962,0.14901265592826757,0.14305156848084416,0.03865976724484292,0.0014945776034254294,0.07692307692307693,0.9098165232117152,0.00694516429932607,6.153846153846153,4.628227393536813,0.0006488376893891223,0.5081134687162051,0.8358232101976346,0.1299473277839682,0.03422946201839715,0.8358232101976346,23.563676259935885,41.55599160500873,38.689377864566616,10.630765585843074,113.01317694114545,0.1,72737.33589368165,555.2468388830661,,
COUGH,COUGH_011_Trial_3_Nonverbal_IMU_seg0001,COUGH_011_Trial_3_Nonverbal_IMU_seg0001_c0027,184.45,206.625,22.17500000000001,2188,18191,20379,0.4262613158049599,0.0898566526219349,True,,11,011_Trial_3_Nonverbal,IMU,Trial_3_Nonverbal,0.13615723893091816,0.42626131580495996,0.41884272960595753,0.0616432634411612,0.0037998919276764015,0.09602194787379972,40.562880644681,0.018538793713291136,4.478976234003656,4.585171170210443,0.03933556061805005,0.6780881011282126,0.7025028841990637,0.16042484332559984,0.1370722724753364,0.7025028841990637,38.87828191625885,113.03151227011998,111.74923024873985,19.11595872258127,365.4198778834309,0.08413351623228166,3307207.5208150987,1511.5208047601,,
COUGH,COUGH_011_Trial_3_Nonverbal_IMU_seg0002,COUGH_011_Trial_3_Nonverbal_IMU_seg0002_c0001,589.416,590.246,0.8299999999999272,83,965,1048,3.7902279233052942,0.4489021449605544,True,,11,011_Trial_3_Nonverbal,IMU,Trial_3_Nonverbal,1.2542090849547487,3.7902279233052942,3.7416581363199404,0.6671789470281921,0.44512774735764726,0.12195121951219512,130.56235558899132,1.573040428783028,2.4390243902439024,7.1467600088683785,0.17556761484367914,0.6496378249018863,0.9442992804121816,0.005857483624200241,0.049843235963618136,0.9442992804121816,175.5929397268703,438.6272413686196,420.1453274084863,106.54784192222183,11352.442618282772,0.12195121951219512,2559129.0799997174,30832.880481924305,,
COUGH,COUGH_011_Trial_3_Nonverbal_IMU_seg0002,COUGH_011_Trial_3_Nonverbal_IMU_seg0002_c0002,590.845,591.899,1.0539999999999736,105,1106,1211,4.38857332144464,0.4489021449605544,True,,11,011_Trial_3_Nonverbal,IMU,Trial_3_Nonverbal,1.2404357812654916,4.38857332144464,4.3000527740550325,0.7310681573856039,0.5344606507431822,0.11538461538461539,161.56149738159172,1.5386809274437308,3.846153846153846,6.713304560068426,0.3392278504729067,0.6542042142081543,0.940823044587547,0.01379229790849485,0.04538465750395818,0.940823044587547,175.12828885983177,628.3890792296312,616.4818157295281,117.77432385207196,13870.791358812725,0.11538461538461539,3220341.3436921313,30669.91755897268,,
COUGH,COUGH_011_Trial_3_Nonverbal_IMU_seg0002,COUGH_011_Trial_3_Nonverbal_IMU_seg0002_c0003,592.426,593.573,1.1469999999999343,114,1262,1376,4.260948518088383,0.4489021449605544,True,,11,011_Trial_3_Nonverbal,IMU,Trial_3_Nonverbal,1.1700052693656149,4.260948518088383,4.2213087215351965,0.705502222828513,0.4977333864159728,0.07079646017699115,156.05600565913676,1.3689123303433048,5.263157894736842,7.059328827931439,0.22642771949449678,0.6652169955448263,0.937413105062984,0.010637442199914237,0.05194945273710164,0.937413105062984,175.40066589183695,571.8956208154689,560.0862673906403,108.79694298463171,11836.774802801205,0.1415929203539823,3507254.8698641793,30765.393595299818,,
COUGH,COUGH_011_Trial_3_Nonverbal_IMU_seg0002,COUGH_011_Trial_3_Nonverbal_IMU_seg0002_c0004,895.498,896.035,0.5369999999999209,54,31152,31206,0.5117663348000281,0.4489021449605544,True,,11,011_Trial_3_Nonverbal,IMU,Trial_3_Nonverbal,0.2855556429991557,0.5117663348000281,0.4561746346475629,0.12965888165675696,0.016811425592480906,0.07547169811320754,4.403269363427707,0.08154202524866125,3.7037037037037033,3.566665433400863,0.0035614467723847536,0.39870226129427466,0.8757710243558876,0.05822718516522243,0.06600179047888985,0.8757710243558876,66.43497157146426,130.916165672577,124.22354937932336,32.49957558512384,1056.2224132131778,0.1320754716981132,238334.69417586827,4413.605447701264,,
COUGH,COUGH_011_Trial_3_Nonverbal_IMU_seg0002,COUGH_011_Trial_3_Nonverbal_IMU_seg0002_c0005,896.573,897.121,0.5480000000000018,55,31258,31313,0.5468213222945887,0.4489021449605544,True,,11,011_Trial_3_Nonverbal,IMU,Trial_3_Nonverbal,0.2941806025120194,0.5468213222945887,0.5384096112795741,0.15227367460127061,0.02318727197657365,0.07407407407407407,4.759822479188411,0.08654222689433476,3.7037037037037033,5.095065914377135,0.004799972382858503,0.4875149409497311,0.9124694535378738,0.05303220551572931,0.034498340946396894,0.9124694535378738,71.62302223959529,130.97247756860617,114.56807169189717,31.591761513951425,998.0393955543824,0.16666666666666666,282142.1523103459,5129.857314733562,,
COUGH,COUGH_011_Trial_3_Nonverbal_IMU_seg0002,COUGH_011_Trial_3_Nonverbal_IMU_seg0002_c0006,898.895,1032.524,133.6289999999999,13180,31487,44667,3.0853162104433483,0.4489021449605544,True,,11,011_Trial_3_Nonverbal,IMU,Trial_3_Nonverbal,0.8902900862981572,3.0853162104433483,3.0683750543592256,0.48864810860190155,0.23877697404021578,0.12337810152515365,10446.684649687082,0.7926164377607802,5.250379362670713,7.615741433873375,15.554357802517416,0.6205387198464507,0.9026177152493271,0.04591674147645173,0.05146554327422121,0.9026177152493271,219.1717868803898,611.4244346579295,601.8298257436342,101.90329487381196,10384.281506139072,0.10486379846725852,633118067.1260408,48036.272164343005,,
COUGH,COUGH_011_Trial_3_Nonverbal_IMU_seg0002,COUGH_011_Trial_3_Nonverbal_IMU_seg0002_c0007,1034.674,1034.988,0.3140000000000782,32,44878,44910,0.4928276615158444,0.4489021449605544,True,,11,011_Trial_3_Nonverbal,IMU,Trial_3_Nonverbal,0.2943566055863208,0.4928276615158444,0.4361330319204405,0.13460362921769695,0.01811813699857524,0.06451612903225806,2.772665960073627,0.08664581125230085,6.25,6.214643690388417,0.0005526683104868667,0.3329817599076244,0.8271687353397547,0.06281408208612457,0.11001718257412081,0.8271687353397547,70.83661845463223,128.8393194167457,106.81266012250309,26.97690566991069,727.7534395232594,0.12903225806451613,160570.4484507886,5017.826514087144,,
COUGH,COUGH_012_Trial_1_No_Talking_IMU_seg0002,COUGH_012_Trial_1_No_Talking_IMU_seg0002_c0001,727.136,731.029,3.893000000000029,385,1691,2076,3.2857736828004267,0.6824998749402162,True,,12,012_Trial_1_No_Talking,IMU,Trial_1_No_Talking,1.118510487883996,3.2857736828004267,3.2062896657310205,0.5881766537735235,0.3459517760442193,0.07291666666666667,481.6602989300004,1.2510657115064945,0.5208333333333334,3.9233185330049793,0.6182264866687427,0.6412627234423265,0.03046412627373224,0.7404768811768122,0.22905899254945566,0.7404768811768122,100.11654893569849,233.84236297413247,229.6414069334003,54.53315853554642,2973.8653798630394,0.11458333333333333,3858979.4977557324,10023.32337079411,,
COUGH,COUGH_012_Trial_1_No_Talking_IMU_seg0002,COUGH_012_Trial_1_No_Talking_IMU_seg0002_c0002,1023.642,1165.69,142.048,14011,30935,44946,3.0484279422415512,0.6824998749402162,True,,12,012_Trial_1_No_Talking,IMU,Trial_1_No_Talking,1.057197267520385,3.0484279422415512,3.0278982002664923,0.47614264741021817,0.22671182068281134,0.11962883654532477,15659.619201022932,1.117666062452568,2.612419700214133,7.026979073401099,15.438348741560866,0.5275780408408529,0.05248428075808794,0.619015972322272,0.32849974691964007,0.619015972322272,126.85149163311188,553.3224501430876,549.6605704478372,57.59207675276317,3316.8473046961635,0.11605995717344754,225455217.32386136,16091.300929545454,,
COUGH,COUGH_012_Trial_2_Talking_IMU_seg0001,COUGH_012_Trial_2_Talking_IMU_seg0001_c0001,10.667,14.073,3.4060000000000006,337,1052,1389,2.792151789672149,0.6749460491234567,True,,12,012_Trial_2_Talking,IMU,Trial_2_Talking,1.1218120863857963,2.7921517896721495,2.6731050986010234,0.5691349207232439,0.32391455798665314,0.08333333333333333,424.1018143633423,1.2584623571612532,0.5952380952380952,3.4352961701683205,0.5347778160089939,0.6006867239740388,0.032128134347574645,0.7267910833952542,0.24108078225717106,0.7267910833952542,90.66812726735067,235.18660921171218,226.77085940129948,49.205662345916046,2421.1972069003004,0.10714285714285714,2770379.0348307835,8220.709302168498,,
COUGH,COUGH_012_Trial_2_Talking_IMU_seg0001,COUGH_012_Trial_2_Talking_IMU_seg0001_c0002,292.789,293.143,0.353999999999985,36,28877,28913,0.8630558049634588,0.6749460491234567,True,,12,012_Trial_2_Talking,IMU,Trial_2_Talking,0.4551278199785746,0.8630558049634588,0.8152892331310759,0.23192406684698907,0.05378877278284666,0.11428571428571428,7.457087970664193,0.2071413325184498,5.555555555555555,7.848325461967464,0.0033794502027015825,0.5390823350035043,0.07237880901584379,0.6559912312971757,0.27162995968698056,0.6559912312971757,65.26418443882564,150.56168037790076,141.30384131830067,30.36117687499121,921.801061234501,0.17142857142857143,153338.8957367418,4259.41377046505,,
COUGH,COUGH_012_Trial_2_Talking_IMU_seg0001,COUGH_012_Trial_2_Talking_IMU_seg0001_c0003,302.827,437.363,134.536,13270,29867,43137,2.776351914295344,0.6749460491234567,True,,12,012_Trial_2_Talking,IMU,Trial_2_Talking,1.0298206236684158,2.776351914295344,2.7375536999625725,0.4580416567840201,0.20980215934945007,0.11696435300324064,14073.239959698321,1.060530516932805,2.607385079125848,6.538149905846066,13.185985980269136,0.4929881774729101,0.057394950802409105,0.6260162419018032,0.31658880729578764,0.6260162419018032,121.15529946051899,328.9372557470708,326.2309300605946,54.299266394931394,2948.4103310277255,0.12269198884618283,194785109.41437382,14678.606587368035,,
COUGH,COUGH_012_Trial_2_Talking_IMU_seg0001,COUGH_012_Trial_2_Talking_IMU_seg0001_c0004,470.903,471.268,0.3649999999999522,37,46444,46481,0.8550026227493973,0.6749460491234567,True,,12,012_Trial_2_Talking,IMU,Trial_2_Talking,0.45659181041507385,0.8550026227493973,0.8068398556780647,0.2557627687014514,0.06541459385383214,0.1111111111111111,7.713615009510245,0.20847608133811474,5.555555555555555,8.573871156082948,0.002472022785554953,0.6374000118165046,0.19706598137713405,0.4814225912357446,0.32151142738712135,0.4814225912357446,55.143693599609925,120.59757640858074,107.05321412625702,26.911174226267555,724.2112982365271,0.25,112510.59692088344,3040.8269438076604,,
COUGH,COUGH_012_Trial_3_Nonverbal_IMU_seg0001,COUGH_012_Trial_3_Nonverbal_IMU_seg0001_c0001,12.523,15.707,3.184000000000001,315,1235,1550,3.3080147764204466,0.6784287023654058,True,,12,012_Trial_3_Nonverbal,IMU,Trial_3_Nonverbal,1.150349115235387,3.3080147764204466,3.2757324329072994,0.5891341120873862,0.347079002024993,0.09554140127388536,416.84047238069394,1.323303086922838,0.6369426751592356,4.910973508899039,0.5632827255197241,0.662864946393009,0.03356856432631429,0.7322254070343863,0.23420602863929943,0.7322254070343863,107.15971288320526,409.80019146392715,400.56462334440164,60.35222078921648,3642.390554190334,0.1464968152866242,3617209.2805414605,11483.204065210986,,
COUGH,COUGH_012_Trial_3_Nonverbal_IMU_seg0001,COUGH_012_Trial_3_Nonverbal_IMU_seg0001_c0002,182.751,183.633,0.882000000000005,88,18024,18112,0.8799400865281909,0.6784287023654058,True,,12,012_Trial_3_Nonverbal,IMU,Trial_3_Nonverbal,0.44498217280713337,0.8799400865281909,0.811065528242127,0.21383729093828074,0.045726386995822925,0.13793103448275862,17.42480380222186,0.1980091341161575,2.272727272727273,5.817475719519246,0.020634875157793567,0.6170736908629012,0.1786709152790336,0.5644397049406782,0.2568893797802881,0.5644397049406782,71.03374003954457,148.99712317424587,133.33645233874952,26.50705605605381,702.624020758779,0.16091954022988506,444029.7157124925,5045.792224005597,,
COUGH,COUGH_012_Trial_3_Nonverbal_IMU_seg0001,COUGH_012_Trial_3_Nonverbal_IMU_seg0001_c0003,225.386,225.731,0.3449999999999988,35,22229,22264,0.8628564586047056,0.6784287023654058,True,,12,012_Trial_3_Nonverbal,IMU,Trial_3_Nonverbal,0.5425927319027135,0.8628564586047056,0.7346453577773506,0.1988205114110181,0.03952959575773878,0.11764705882352941,10.304240544977748,0.29440687271364996,5.88235294117647,12.779438213262534,0.0025804274351128986,0.6789618393145389,0.18379647963671844,0.635871313164799,0.18033220719848264,0.635871313164799,74.86474910140822,122.78577618072235,117.42899033573686,29.569465816979164,874.3533087014993,0.14705882352941177,196165.57303058813,5604.730658016803,,
COUGH,COUGH_012_Trial_3_Nonverbal_IMU_seg0001,COUGH_012_Trial_3_Nonverbal_IMU_seg0001_c0004,292.083,292.468,0.3849999999999909,39,28807,28846,1.1778689945902197,0.6784287023654058,True,,12,012_Trial_3_Nonverbal,IMU,Trial_3_Nonverbal,0.5468618763514481,1.1778689945902197,1.1087479729842729,0.29833215710602995,0.08900207596353694,0.10526315789473684,11.663258560458436,0.29905791180662655,5.2631578947368425,8.64609335499163,0.003350990720610328,0.6756871336709874,0.20548162261776373,0.5864131644666625,0.20810521291557388,0.5864131644666625,78.32106587293548,148.7579077622087,124.34315092813844,35.23708175499629,1241.6519306082923,0.05263157894736842,239233.38501943526,6134.189359472699,,
COUGH,COUGH_012_Trial_3_Nonverbal_IMU_seg0001,COUGH_012_Trial_3_Nonverbal_IMU_seg0001_c0005,308.406,444.525,136.11899999999997,13426,30417,43843,3.6590816527966488,0.6784287023654058,True,,12,012_Trial_3_Nonverbal,IMU,Trial_3_Nonverbal,1.1335180728932805,3.6590816527966488,3.64240612141487,0.5343113318865388,0.28548859938236704,0.12394785847299813,17250.5736128753,1.2848632215756965,2.6366751079994044,7.1557342197967575,17.714024167812916,0.6654565142037188,0.05908911759129455,0.6532391273747267,0.28767175503397885,0.6532391273747267,129.7396721245749,708.4386054827104,705.5971212732801,58.71431031334811,3447.3702355721357,0.12722532588454377,225991567.75369325,16832.382522992197,,
COUGH,COUGH_012_Trial_3_Nonverbal_IMU_seg0001,COUGH_012_Trial_3_Nonverbal_IMU_seg0001_c0006,461.022,461.316,0.2939999999999827,30,45469,45499,1.0058978457627752,0.6784287023654058,True,,12,012_Trial_3_Nonverbal,IMU,Trial_3_Nonverbal,0.5289445692609211,1.0058978457627752,0.8911877020214366,0.26817647497774516,0.07191862173148919,0.13793103448275862,8.393470720518645,0.27978235735062146,6.25,7.118036033891361,0.004231444845924984,0.43944947665536216,0.11721402731216667,0.592938506758522,0.28984746592931127,0.592938506758522,69.98009885441368,155.9322694314428,140.112249337939,36.817413024414506,1355.5219018103269,0.10344827586206896,146916.42707020533,4897.214235673511,,
COUGH,COUGH_012_Trial_3_Nonverbal_IMU_seg0001,COUGH_012_Trial_3_Nonverbal_IMU_seg0001_c0007,462.37,463.029,0.6589999999999918,66,45602,45668,0.7986080132790496,0.6784287023654058,True,,12,012_Trial_3_Nonverbal,IMU,Trial_3_Nonverbal,0.38017893843098943,0.7986080132790496,0.7553747462343127,0.1836739865473857,0.033736133334209224,0.12307692307692308,9.539377664949928,0.14453602522651407,3.0303030303030303,8.386342686997542,0.007520901218029419,0.6746793165435261,0.08572327289619865,0.5747206525839986,0.33955607451980274,0.5747206525839986,58.8280225767575,127.01407857035537,116.08622737738017,23.81893551526703,567.341689080449,0.16923076923076924,228408.59185923834,3460.73624029149,,
COUGH,COUGH_013_Trial_1_No_Talking_IMU_seg0001,COUGH_013_Trial_1_No_Talking_IMU_seg0001_c0001,10.535,12.795,2.26,224,1039,1263,2.51217333887058,0.5643086567817918,True,,13,013_Trial_1_No_Talking,IMU,Trial_1_No_Talking,0.9668446111598441,2.51217333887058,2.4482929110601024,0.49588182401000913,0.24589878338349366,0.09865470852017937,209.39262447685797,0.9347885021288302,4.4642857142857135,4.6445027376953885,0.2963379518163481,0.6278213311294641,0.19053113234624958,0.563671758335849,0.2457971093179013,0.563671758335849,97.22903544399715,304.2401314719164,301.6973408819055,59.849631008316436,3581.9783318316327,0.08968609865470852,2117580.714674892,9453.485333370054,,
COUGH,COUGH_013_Trial_1_No_Talking_IMU_seg0001,COUGH_013_Trial_1_No_Talking_IMU_seg0001_c0002,315.64,460.377,144.73700000000002,14276,31131,45407,3.0503590823666804,0.5643086567817918,True,,13,013_Trial_1_No_Talking,IMU,Trial_1_No_Talking,0.9080017661231399,3.0503590823666804,3.0290326495432605,0.4537163503167728,0.2058585265447725,0.12805604203152365,11770.093851168414,0.8244672072827413,2.7318576632109837,6.46604155188459,14.550499818744331,0.46787643637719295,0.2857532645732989,0.5082589227999895,0.20598781262671154,0.5082589227999895,150.34486352374176,419.5940417095295,416.5497798440329,70.10068496439659,4914.106032477578,0.10311733800350263,322688679.3562959,22603.577987972534,,
COUGH,COUGH_013_Trial_2_Talking_IMU_seg0001,COUGH_013_Trial_2_Talking_IMU_seg0001_c0001,14.245,16.73,2.485000000000001,246,1405,1651,2.2270873127105806,0.5616067422129782,True,,13,013_Trial_2_Talking,IMU,Trial_2_Talking,0.9302486359023255,2.2270873127105806,2.178828528264883,0.4566816084346638,0.20855809148247162,0.08571428571428572,212.8791810511418,0.8653625245981375,4.0650406504065035,4.746059998166905,0.23564229310443366,0.5918868790055447,0.2305021046689195,0.5205870036201776,0.24891089171090294,0.5205870036201776,95.61269626486285,339.0529906631597,333.0688490973845,59.87319183518193,3584.7991005324957,0.08163265306122448,2248879.771011082,9141.787687036918,,
COUGH,COUGH_013_Trial_2_Talking_IMU_seg0001,COUGH_013_Trial_2_Talking_IMU_seg0001_c0002,154.757,155.193,0.436000000000007,44,15263,15307,0.5867140518528068,0.5616067422129782,True,,13,013_Trial_2_Talking,IMU,Trial_2_Talking,0.4333327167952336,0.5867140518528068,0.39972577974196016,0.12508526875542023,0.01564632445961571,0.09302325581395349,8.262198711586079,0.18777724344513816,4.545454545454546,5.611243916632764,0.0012486488625291726,0.3108246763131772,0.28256094780518476,0.3076595914627484,0.4097794607320668,0.4097794607320668,72.19597042311128,111.9974090328303,79.35958565363765,23.58891275222701,556.436804832178,0.06976744186046512,229339.35839472932,5212.2581453347575,,
COUGH,COUGH_013_Trial_2_Talking_IMU_seg0001,COUGH_013_Trial_2_Talking_IMU_seg0001_c0003,308.937,448.119,139.18200000000002,13728,30469,44197,3.069107230762312,0.5616067422129782,True,,13,013_Trial_2_Talking,IMU,Trial_2_Talking,0.9473411443869981,3.0691072307623117,3.0583276970128184,0.4973968730712402,0.24740364934104744,0.12092955489181904,12320.26558755176,0.8974552438484673,2.8263403263403264,6.572063978301576,17.190588028628355,0.5086356665177106,0.3034628268022912,0.4929501701854287,0.20358700301228014,0.4929501701854287,161.2747878940678,537.1736857352378,526.6892337205691,76.00283639485629,5776.431140063291,0.10279012165804619,357059201.3826766,26009.557210276558,,
COUGH,COUGH_013_Trial_2_Talking_IMU_seg0001,COUGH_013_Trial_2_Talking_IMU_seg0001_c0004,588.124,588.439,0.3149999999999409,32,58004,58036,1.2008762480068549,0.5616067422129782,True,,13,013_Trial_2_Talking,IMU,Trial_2_Talking,0.7086892251920157,1.2008762480068549,0.9512146090637901,0.2236296207431225,0.0500102072737128,0.06451612903225806,16.071693372904306,0.5022404179032596,6.25,8.16659033921895,0.00516559006420802,0.574618729171686,0.1838053444612649,0.3016457213345468,0.5145489342041883,0.5145489342041883,93.0463825186526,168.70075723000582,132.47262739845758,38.2288318800875,1461.443586915994,0.0967741935483871,277044.1375938375,8657.629299807422,,
COUGH,COUGH_013_Trial_3_Nonverbal_IMU_seg0002,COUGH_013_Trial_3_Nonverbal_IMU_seg0002_c0001,15.151,18.142,2.991,296,1136,1432,2.580581653646335,0.6145291265682632,True,,13,013_Trial_3_Nonverbal,IMU,Trial_3_Nonverbal,0.9597799654160211,2.580581653646335,2.5361217962734663,0.5147127480726881,0.2649292130285385,0.061016949152542375,272.66856427613766,0.9211775820139786,0.6756756756756757,4.118457558615527,0.4114356477225689,0.5975407436116802,0.2509787797770738,0.5004350015643336,0.24858621865859257,0.5004350015643336,120.82113459845296,410.08821630417077,400.99807889323046,70.81527876426831,5014.803706461031,0.10847457627118644,4320932.983434616,14597.746565657486,,
COUGH,COUGH_013_Trial_3_Nonverbal_IMU_seg0002,COUGH_013_Trial_3_Nonverbal_IMU_seg0002_c0002,314.813,447.448,132.635,13082,30690,43772,3.7609520019794016,0.6145291265682632,True,,13,013_Trial_3_Nonverbal,IMU,Trial_3_Nonverbal,0.9536701212837451,3.7609520019794016,3.753981551335264,0.4955374843243906,0.24555739837054563,0.1275131870652091,11897.905012400395,0.909486700229353,2.797737349029201,6.464871314172766,15.273616633436554,0.5280941591032117,0.29502458738795145,0.4905601373335716,0.2144152752784769,0.4905601373335716,161.89318020692028,520.1658772996014,515.8519984969821,75.94409739029591,5767.50592842675,0.12124455316871799,342871394.3150305,26209.40179751036,,
COUGH,COUGH_014_Trial_1_No_Talking_IMU_seg0001,COUGH_014_Trial_1_No_Talking_IMU_seg0001_c0001,0.0,8.679,8.679,857,0,857,0.3864843661967344,0.0256752226501205,True,,14,014_Trial_1_No_Talking,IMU,Trial_1_No_Talking,0.10362397713970506,0.3864843661967344,0.38254664448101044,0.06646260881028453,0.00441727836986891,0.02102803738317757,9.20240484298035,0.010737928638250117,0.4672897196261682,1.4188619673196756,0.009094693190862809,0.49837513974879605,0.26806688003039675,0.31434182475435823,0.4175912952152451,0.4175912952152451,18.075796118711715,47.167598166036825,46.43994082863262,9.924134860420866,98.48845272782069,0.02570093457943925,280011.3853637251,326.73440532523347,,
COUGH,COUGH_014_Trial_1_No_Talking_IMU_seg0001,COUGH_014_Trial_1_No_Talking_IMU_seg0001_c0002,9.359,10.078,0.7189999999999994,72,923,995,0.0403577641537733,0.0256752226501205,True,,14,014_Trial_1_No_Talking,IMU,Trial_1_No_Talking,0.01947648340100279,0.04035776415377337,0.03895278394788691,0.009464703999386712,8.95806217960068e-05,0.08450704225352113,0.02731200520820667,0.0003793334056695371,2.7777777777777777,8.017466388323545,1.1610072794408021e-05,0.6137106428099515,0.4817775833999879,0.2774032553384139,0.24081916126159822,0.4817775833999879,4.905283813273162,9.728745254886391,8.536850452537516,2.530318154886554,6.402509964948495,0.07042253521126761,1732.450268790698,24.061809288759694,,
COUGH,COUGH_014_Trial_1_No_Talking_IMU_seg0001,COUGH_014_Trial_1_No_Talking_IMU_seg0001_c0003,11.862,22.711,10.848999999999998,1071,1170,2241,2.37588892813639,0.0256752226501205,True,,14,014_Trial_1_No_Talking,IMU,Trial_1_No_Talking,0.5913699300594767,2.37588892813639,2.373364396438692,0.4555277773987186,0.2075055559818165,0.03177570093457944,374.54840016522746,0.3497183941785504,0.5607476635514018,2.247017376629459,0.7726162711668499,0.5518029578455251,0.7425524810438494,0.02846200043276886,0.22898551852338175,0.7425524810438494,36.40309171004256,123.56842548586582,122.46706801686742,22.000225605061424,484.0099266736002,0.07289719626168224,1419273.2271593027,1325.185086049769,,
COUGH,COUGH_014_Trial_1_No_Talking_IMU_seg0001,COUGH_014_Trial_1_No_Talking_IMU_seg0001_c0004,25.012,29.271,4.259,421,2467,2888,0.1678270675010505,0.0256752226501205,True,,14,014_Trial_1_No_Talking,IMU,Trial_1_No_Talking,0.07432142658034624,0.1678270675010505,0.1602681984964494,0.03529713500705938,0.001245887739706577,0.0761904761904762,2.3254669430028123,0.005523674448937797,0.47619047619047616,2.3337428021118525,0.0014093357719762566,0.5115013607143821,0.1872388656743924,0.5880059705685665,0.22475516375704116,0.5880059705685665,14.085730414100585,34.021528991489426,33.75046065563678,7.4664201364558105,55.7474296540728,0.05238095238095238,83529.68434676039,198.40780129871825,,
COUGH,COUGH_014_Trial_1_No_Talking_IMU_seg0001,COUGH_014_Trial_1_No_Talking_IMU_seg0001_c0005,33.527,33.822,0.2950000000000017,30,3307,3337,0.0846147335535014,0.0256752226501205,True,,14,014_Trial_1_No_Talking,IMU,Trial_1_No_Talking,0.03755021142067183,0.08461473355350146,0.08172443034778949,0.018929154448017807,0.00035831288811691227,0.27586206896551724,0.0423005513321146,0.0014100183777371533,6.25,11.00223707353912,4.465792869344723e-05,0.7291070693595526,0.2129592875608533,0.014857117709533185,0.7721835947296135,0.7721835947296135,5.743849482962556,8.96376255765639,7.391550696818911,2.0103459772409287,4.041490948208784,0.10344827586206896,989.7542064878767,32.991806882929225,,
COUGH,COUGH_014_Trial_1_No_Talking_IMU_seg0001,COUGH_014_Trial_1_No_Talking_IMU_seg0001_c0006,53.297,56.492,3.1950000000000003,316,5257,5573,0.1106290687580909,0.0256752226501205,True,,14,014_Trial_1_No_Talking,IMU,Trial_1_No_Talking,0.03772612546146742,0.11062906875809092,0.10821290060664229,0.020032670400594844,0.00040130788337886886,0.12063492063492064,0.44975033137766424,0.0014232605423343805,1.2658227848101264,5.0218722075462345,0.0004622157081485303,0.6658405347542086,0.20200724576758367,0.22859688535970143,0.5693958688727149,0.5693958688727149,10.881648942062448,32.794680462077324,31.937996732809868,6.07200663898912,36.869264623927954,0.08253968253968254,37417.64964865926,118.4102836982888,,
COUGH,COUGH_014_Trial_1_No_Talking_IMU_seg0001,COUGH_014_Trial_1_No_Talking_IMU_seg0001_c0007,67.796,70.888,3.0919999999999987,306,6687,6993,0.1224302339928173,0.0256752226501205,True,,14,014_Trial_1_No_Talking,IMU,Trial_1_No_Talking,0.05172108366942996,0.12243023399281733,0.11786818488373141,0.02401052577498528,0.0005765053479912325,0.08524590163934426,0.8185715717576934,0.0026750704959401742,0.6535947712418301,6.530565162422102,0.0004332502250200553,0.6750854140625169,0.17692137568921176,0.6695868904249243,0.153491733885864,0.6695868904249243,12.030232587114208,27.3389738786071,26.331595499314737,6.256839102604546,39.14803555588126,0.05245901639344262,44286.30780661976,144.7264961000646,,
COUGH,COUGH_014_Trial_1_No_Talking_IMU_seg0001,COUGH_014_Trial_1_No_Talking_IMU_seg0001_c0008,95.717,98.342,2.625,260,9441,9701,0.1010421081210144,0.0256752226501205,True,,14,014_Trial_1_No_Talking,IMU,Trial_1_No_Talking,0.03565180031524157,0.10104210812101443,0.09882929499462183,0.018429523719655304,0.0003396473445333375,0.09266409266409266,0.33047322508664334,0.001271050865717859,0.7692307692307692,3.2664054500073973,0.00024221738542298956,0.5702586147778999,0.31357253996649165,0.05312983477712042,0.633297625256388,0.633297625256388,7.171129986191968,22.712736836144053,22.175909478585044,3.9523581229237377,15.621134731841252,0.07335907335907337,13370.52737250402,51.425105278861615,,
COUGH,COUGH_014_Trial_1_No_Talking_IMU_seg0001,COUGH_014_Trial_1_No_Talking_IMU_seg0001_c0009,103.048,103.989,0.9410000000000024,94,10164,10258,0.0611160159950478,0.0256752226501205,True,,14,014_Trial_1_No_Talking,IMU,Trial_1_No_Talking,0.03438798179076851,0.06111601599504784,0.05430177188253093,0.010683546079201018,0.00011413815682641143,0.10752688172043011,0.11115812941436932,0.0011825332916422268,2.127659574468085,5.976163617765482,6.501973942405765e-05,0.5562992765449521,0.2790260792505845,0.4688694424464287,0.2521044783029868,0.4688694424464287,7.855911994111855,14.962526383573254,13.46179808869668,3.4520787051892334,11.916847386820974,0.08602150537634409,5801.243206367667,61.7153532592305,,
COUGH,COUGH_014_Trial_1_No_Talking_IMU_seg0001,COUGH_014_Trial_1_No_Talking_IMU_seg0001_c0010,105.125,106.595,1.4699999999999989,146,10369,10515,0.0668179942856456,0.0256752226501205,True,,14,014_Trial_1_No_Talking,IMU,Trial_1_No_Talking,0.03383761843966039,0.06681799428564561,0.06187528320164705,0.013899579443647662,0.00019319830871027265,0.15172413793103448,0.16716772556353457,0.001144984421668045,1.36986301369863,3.173918857748007,0.00017382966010405482,0.5124226835456202,0.27393920775479597,0.16714290844176746,0.5589178838034367,0.5589178838034367,6.529197724591194,10.264154047223862,9.217517592170292,2.3466207968527373,5.506629164221776,0.06896551724137931,6224.041747313796,42.63042292680682,,
COUGH,COUGH_014_Trial_1_No_Talking_IMU_seg0001,COUGH_014_Trial_1_No_Talking_IMU_seg0001_c0011,116.855,117.22,0.3649999999999949,37,11526,11563,0.0939170256096243,0.0256752226501205,True,,14,014_Trial_1_No_Talking,IMU,Trial_1_No_Talking,0.0452707714189211,0.0939170256096243,0.08059802193404887,0.020647388604751724,0.0004263146561956313,0.2777777777777778,0.07582938155997553,0.0020494427448642036,11.11111111111111,16.0131695168141,4.955952291595976e-05,0.7993136427581149,0.06307556542507141,0.032787960031195613,0.904136474543733,0.904136474543733,10.901626384563377,25.901697254206823,24.441849271257492,7.032302994502702,49.453285406491666,0.05555555555555555,4397.281939658509,118.84545782860836,,
COUGH,COUGH_014_Trial_1_No_Talking_IMU_seg0002,COUGH_014_Trial_1_No_Talking_IMU_seg0002_c0001,332.867,333.384,0.5169999999999959,52,21095,21147,0.5316322047592549,0.499754250668307,True,,14,014_Trial_1_No_Talking,IMU,Trial_1_No_Talking,0.28687838283000683,0.5316322047592549,0.43954205593066076,0.12010862607924779,0.014426082058644561,0.0784313725490196,4.279558739828318,0.08229920653515997,3.846153846153846,3.536508357440986,0.002054797020488676,0.41867103442615133,0.7287999660498571,0.0982079713069426,0.17299206264320025,0.7287999660498571,18.810808358139855,26.828680553436904,17.44222938160631,4.756424307391467,22.623572191944398,0.09803921568627451,18400.01857650654,353.84651108666424,,
COUGH,COUGH_014_Trial_1_No_Talking_IMU_seg0002,COUGH_014_Trial_1_No_Talking_IMU_seg0002_c0002,334.399,335.919,1.5199999999999818,151,21246,21397,0.558130012469022,0.499754250668307,True,,14,014_Trial_1_No_Talking,IMU,Trial_1_No_Talking,0.3103662195918813,0.558130012469022,0.4770836832277537,0.11651852540055836,0.013576566761520564,0.09333333333333334,14.545405729827142,0.0963271902637559,4.0,4.947163872803002,0.0096088517186052,0.433846836475594,0.7317298167394783,0.11670355197343128,0.15156663128709041,0.7317298167394783,18.351471277052617,27.99299377417129,24.561524095757044,6.215297590516885,38.629924138685,0.10666666666666667,50853.251202905565,336.7764980324872,,
COUGH,COUGH_014_Trial_1_No_Talking_IMU_seg0002,COUGH_014_Trial_1_No_Talking_IMU_seg0002_c0003,336.669,339.974,3.305000000000007,327,21470,21797,1.2633709074961328,0.499754250668307,True,,14,014_Trial_1_No_Talking,IMU,Trial_1_No_Talking,0.5486609984426561,1.2633709074961328,1.2321522846447375,0.2504962372330521,0.06274836486791752,0.09202453987730061,98.43644742635419,0.3010288912120923,2.4539877300613497,4.256481425467156,0.11330086370620492,0.5890758535485453,0.7585150853852961,0.04578125696010288,0.19570365765460102,0.7585150853852961,57.348371672685836,152.3577050028075,141.36245855555893,27.179129157908797,738.7050617822881,0.08588957055214724,1075449.2848572845,3288.835733508515,,
COUGH,COUGH_014_Trial_1_No_Talking_IMU_seg0002,COUGH_014_Trial_1_No_Talking_IMU_seg0002_c0004,340.744,341.424,0.67999999999995,68,21872,21940,0.5469289878623641,0.499754250668307,True,,14,014_Trial_1_No_Talking,IMU,Trial_1_No_Talking,0.3429422818673565,0.5469289878623641,0.5045569878458065,0.1367652037572642,0.01870472095876599,0.11940298507462686,7.997439791082479,0.1176094086923894,5.88235294117647,4.901838744093406,0.005308514537647823,0.43915349665990167,0.8078725214096079,0.0916920813912384,0.10043539719915369,0.8078725214096079,27.92480948788306,59.34909132716493,53.83399272254558,13.698508597145665,187.64913778607368,0.07462686567164178,53026.05897555034,779.7949849345638,,
COUGH,COUGH_014_Trial_1_No_Talking_IMU_seg0002,COUGH_014_Trial_1_No_Talking_IMU_seg0002_c0005,342.357,342.885,0.5279999999999632,53,22031,22084,0.5544091326384158,0.499754250668307,True,,14,014_Trial_1_No_Talking,IMU,Trial_1_No_Talking,0.3546948548850517,0.5544091326384158,0.5058094301606197,0.14234718640369903,0.020262721477049436,0.07692307692307693,6.667847324342178,0.12580844008192787,3.846153846153846,5.0621124869781156,0.0038565978509287587,0.4904693770121386,0.7880812054527636,0.09994336589231004,0.11197542865492634,0.7880812054527636,34.661580740031276,58.544150882103025,45.20098241660006,12.22914196524614,149.5519132061442,0.09615384615384616,63675.53450807848,1201.4251793977073,,
COUGH,COUGH_014_Trial_1_No_Talking_IMU_seg0002,COUGH_014_Trial_1_No_Talking_IMU_seg0002_c0006,343.583,352.911,9.327999999999976,921,22152,23073,1.50235726616181,0.499754250668307,True,,14,014_Trial_1_No_Talking,IMU,Trial_1_No_Talking,0.45642896658723475,1.5023572661618099,1.4831344614765716,0.22719150616785083,0.05161598047481661,0.08695652173913043,191.86953681823968,0.20832740153989107,0.4347826086956521,3.5776874566569075,0.2346041791905799,0.6500142402197886,0.7726971318184432,0.06057562475597979,0.16672724342557704,0.7726971318184432,42.576679107451234,175.93377146157545,171.42838077411744,21.38638777048497,457.3775818695491,0.10869565217391304,1669564.4891171833,1812.7736038188743,,
COUGH,COUGH_014_Trial_1_No_Talking_IMU_seg0002,COUGH_014_Trial_1_No_Talking_IMU_seg0002_c0007,353.651,356.349,2.697999999999979,267,23145,23412,0.6017751624684982,0.499754250668307,True,,14,014_Trial_1_No_Talking,IMU,Trial_1_No_Talking,0.32974824095753813,0.6017751624684982,0.5613479399258207,0.13319634319869306,0.017741265841504025,0.09774436090225563,29.0319519446957,0.10873390241459063,4.511278195488721,5.072378907496591,0.0218446972976906,0.42922417714192235,0.7016660403725008,0.08694927656684215,0.21138468306065705,0.7016660403725008,26.669382736345902,50.42370446506558,48.368352348386104,10.138511338884978,102.78941216869926,0.18045112781954886,189905.34546856722,711.2559755377049,,
COUGH,COUGH_014_Trial_1_No_Talking_IMU_seg0002,COUGH_014_Trial_1_No_Talking_IMU_seg0002_c0008,357.291,359.259,1.9680000000000175,195,23504,23699,0.6507115411694082,0.499754250668307,True,,14,014_Trial_1_No_Talking,IMU,Trial_1_No_Talking,0.36570275681849695,0.6507115411694082,0.6330498983933429,0.1472751709882995,0.021689975989632855,0.10309278350515463,26.0790087372065,0.1337385063446487,4.123711340206186,5.684591283588614,0.017828250295233865,0.4833565857033515,0.7178623159487583,0.08733621626289825,0.1948014677883435,0.7178623159487583,32.40103180179251,69.51291252544915,63.89935631484587,12.222312593571676,149.3849251349808,0.16494845360824742,204716.2380550501,1049.8268618207699,,
COUGH,COUGH_014_Trial_1_No_Talking_IMU_seg0002,COUGH_014_Trial_1_No_Talking_IMU_seg0002_c0009,359.988,363.476,3.4879999999999995,345,23770,24115,0.6486110367095195,0.499754250668307,True,,14,014_Trial_1_No_Talking,IMU,Trial_1_No_Talking,0.3492420990415674,0.6486110367095195,0.6039442158306061,0.14594372379524367,0.021299570515222375,0.10465116279069768,42.07966509132119,0.12197004374295997,4.069767441860465,5.222699337764777,0.0344201181633352,0.461870970510497,0.7349431510621974,0.08510385438208255,0.17995299455571992,0.7349431510621974,27.836708462838256,66.24721826755201,62.68466880731084,11.163487566011208,124.62345463648684,0.1308139534883721,267334.4066255426,774.882338045051,,
COUGH,COUGH_014_Trial_1_No_Talking_IMU_seg0002,COUGH_014_Trial_1_No_Talking_IMU_seg0002_c0010,364.156,410.267,46.11099999999999,4549,24181,28730,0.7023480653576942,0.499754250668307,True,,14,014_Trial_1_No_Talking,IMU,Trial_1_No_Talking,0.3468128355833846,0.7023480653576942,0.684704397280958,0.13981187267641676,0.01954735974128657,0.10378188214599825,547.1498211675889,0.12027914292538776,4.133685136323658,5.1848605196069055,0.4303018256284348,0.3709016903557431,0.7057863832324325,0.09832481773535226,0.19588879903221518,0.7057863832324325,27.347745409235845,69.24294769282892,68.0607580407245,10.09908456732682,101.99150909801874,0.14995602462620933,3402193.3651271616,747.8991789683802,,
COUGH,COUGH_014_Trial_1_No_Talking_IMU_seg0002,COUGH_014_Trial_1_No_Talking_IMU_seg0002_c0011,411.242,416.412,5.169999999999959,511,28825,29336,0.6152109532773247,0.499754250668307,True,,14,014_Trial_1_No_Talking,IMU,Trial_1_No_Talking,0.34249434837632453,0.6152109532773247,0.5915776912516731,0.1370142251543575,0.01877289789464897,0.09803921568627451,59.94151550022854,0.11730237866972316,4.313725490196077,5.193773953746639,0.04480831679823752,0.4194320976427714,0.7207489314368998,0.09055456843869804,0.18869650012440226,0.7207489314368998,26.104034920146848,54.07196425159994,49.23697229113124,9.501768494505468,90.28360452317669,0.14705882352941177,348205.9465863578,681.4206391122461,,
COUGH,COUGH_014_Trial_1_No_Talking_IMU_seg0002,COUGH_014_Trial_1_No_Talking_IMU_seg0002_c0012,417.121,418.399,1.27800000000002,127,29405,29532,0.5921825232257576,0.499754250668307,True,,14,014_Trial_1_No_Talking,IMU,Trial_1_No_Talking,0.34042280839738254,0.5921825232257576,0.528482708569089,0.1432941995038488,0.020533227611448827,0.07936507936507936,14.717736436599449,0.11588768847716101,4.761904761904762,5.141486617653519,0.013104806961712982,0.4482077874515052,0.7048466762649597,0.08868354947137558,0.20646977426366464,0.7048466762649597,27.577305813166777,48.714302649015025,45.488494704248176,9.691821409412041,93.9314022319376,0.12698412698412698,96584.4900809411,760.5077959129221,,
COUGH,COUGH_014_Trial_1_No_Talking_IMU_seg0002,COUGH_014_Trial_1_No_Talking_IMU_seg0002_c0013,419.089,425.325,6.23599999999999,616,29599,30215,0.6377353268951894,0.499754250668307,True,,14,014_Trial_1_No_Talking,IMU,Trial_1_No_Talking,0.34372463266925996,0.6377353268951894,0.603231001876188,0.13735719297370383,0.01886699846161531,0.1040650406504065,72.7783198318285,0.11814662310361769,4.220779220779221,5.288820052733401,0.05488311194442244,0.4319472396004092,0.707899579825691,0.0904238522128961,0.20167656796141295,0.707899579825691,25.6794341587778,57.34698644704137,54.22003809294594,9.323612275244603,86.92974585909184,0.15447154471544716,406210.9366484425,659.4333387150041,,
COUGH,COUGH_014_Trial_1_No_Talking_IMU_seg0002,COUGH_014_Trial_1_No_Talking_IMU_seg0002_c0014,426.013,434.855,8.842000000000041,873,30282,31155,0.6780749690438539,0.499754250668307,True,,14,014_Trial_1_No_Talking,IMU,Trial_1_No_Talking,0.34225544775130595,0.6780749690438539,0.6482700168427579,0.13960036555387412,0.019488262062775284,0.10550458715596331,102.26216499298516,0.11713879151544693,4.128440366972477,5.170162462692456,0.08392433525092698,0.3964654001659357,0.7022316255755319,0.09771656045098359,0.20005181397348454,0.7022316255755319,27.10216949875479,60.30018094263594,58.432742916208674,10.081379768704876,101.63421804085199,0.1353211009174312,641242.5874137518,734.5275915392345,,
COUGH,COUGH_014_Trial_1_No_Talking_IMU_seg0002,COUGH_014_Trial_1_No_Talking_IMU_seg0002_c0015,435.595,442.286,6.690999999999974,661,31227,31888,0.639666763063229,0.499754250668307,True,,14,014_Trial_1_No_Talking,IMU,Trial_1_No_Talking,0.3438925808870692,0.639666763063229,0.613507093523967,0.13587206992638826,0.01846121938608134,0.09393939393939393,78.171252852041,0.11826210718916944,3.9393939393939386,5.091707839992767,0.061621778320276634,0.4306894065828767,0.7024214872579531,0.09440940344319473,0.20316910929885224,0.7024214872579531,25.712969695641608,71.1227048481543,67.68932087543291,9.612616809547124,92.40240192718794,0.1484848484848485,437024.65178609814,661.1568105689836,,
COUGH,COUGH_014_Trial_1_No_Talking_IMU_seg0002,COUGH_014_Trial_1_No_Talking_IMU_seg0002_c0016,442.844,458.489,15.644999999999982,1544,31942,33486,0.6681240295124877,0.499754250668307,True,,14,014_Trial_1_No_Talking,IMU,Trial_1_No_Talking,0.34696158623359574,0.6681240295124877,0.649370066843636,0.13495791238206287,0.018213638114524557,0.1101749837977965,185.87033654475556,0.12038234232173288,4.145077720207254,5.204533023936211,0.13720571034967483,0.4096867402221547,0.7096914299315493,0.10185274150873971,0.18845582855971105,0.7096914299315493,26.502246119915412,63.94020581858737,61.602296775941944,9.634042395924928,92.81477288647892,0.13480233311730394,1084457.8122744826,702.3690494005716,,
COUGH,COUGH_014_Trial_1_No_Talking_IMU_seg0002,COUGH_014_Trial_1_No_Talking_IMU_seg0002_c0017,459.208,463.355,4.146999999999991,410,33556,33966,0.6882789305036622,0.499754250668307,True,,14,014_Trial_1_No_Talking,IMU,Trial_1_No_Talking,0.3400636074172349,0.6882789305036622,0.6626735229111759,0.13523807559321532,0.018289337090156225,0.097799511002445,47.413735406745545,0.11564325708962328,4.390243902439025,5.176091748789077,0.03564607787073312,0.43037841925832826,0.6951374839389746,0.12308815547423332,0.1817743605867921,0.6951374839389746,25.38564251189877,48.11350135679829,43.60750467114284,9.005696750259819,81.10257395764026,0.13447432762836187,264216.64675418806,644.4308457419221,,
COUGH,COUGH_014_Trial_1_No_Talking_IMU_seg0003,COUGH_014_Trial_1_No_Talking_IMU_seg0003_c0001,1625.257,1626.504,1.2469999999998436,124,993,1117,1.789984172619111,0.4349443545412439,True,,14,014_Trial_1_No_Talking,IMU,Trial_1_No_Talking,0.9144314136500771,1.789984172619111,1.6703167982462195,0.3633801409687443,0.13204512685046452,0.06504065040650407,103.6869164734897,0.8361848102700783,1.6129032258064517,4.875739181866356,0.0598019802928336,0.5377646109375853,0.794428996812043,0.017092576617422153,0.1884784265705349,0.794428996812043,46.44394162378341,106.38779661550484,96.01693716691531,23.5132538782125,552.8731079412751,0.07317073170731707,267472.9244806217,2157.039713553401,,
COUGH,COUGH_014_Trial_1_No_Talking_IMU_seg0003,COUGH_014_Trial_1_No_Talking_IMU_seg0003_c0002,1627.377,1628.512,1.134999999999991,113,1202,1315,1.8229906047445783,0.4349443545412439,True,,14,014_Trial_1_No_Talking,IMU,Trial_1_No_Talking,0.9883307198893522,1.8229906047445783,1.7563217911320275,0.4047259975573835,0.16380313309881916,0.07142857142857142,110.37813014210158,0.9767976118770052,1.7857142857142856,4.402888456497158,0.07861114634844103,0.5018855786344578,0.774483620679963,0.008648215056531197,0.21686816426350586,0.774483620679963,44.52667044348989,115.85690764556578,112.83253334269818,26.845454279597305,720.6784154779493,0.09821428571428571,224036.55502849663,1982.624380783156,,
COUGH,COUGH_014_Trial_1_No_Talking_IMU_seg0003,COUGH_014_Trial_1_No_Talking_IMU_seg0003_c0003,1629.332,1630.65,1.3179999999999836,131,1395,1526,2.20323500580127,0.4349443545412439,True,,14,014_Trial_1_No_Talking,IMU,Trial_1_No_Talking,1.0825604035080636,2.20323500580127,2.1148782507666617,0.530546282193771,0.2814793575496325,0.07692307692307693,153.52375056890395,1.1719370272435417,3.0769230769230766,3.3908637215301076,0.18430017744125018,0.4729260079174336,0.8408111867512846,0.008764809682623331,0.15042400356609192,0.8408111867512846,57.79632432631249,170.13866757273547,166.156949211696,38.65654477195821,1494.3284537064098,0.07692307692307693,437594.3788378313,3340.4151056323003,,
COUGH,COUGH_014_Trial_1_No_Talking_IMU_seg0003,COUGH_014_Trial_1_No_Talking_IMU_seg0003_c0004,1945.211,1945.738,0.5270000000000437,53,32549,32602,0.5028650410264628,0.4349443545412439,True,,14,014_Trial_1_No_Talking,IMU,Trial_1_No_Talking,0.2767021889881777,0.5028650410264628,0.406206188563275,0.10665757994703935,0.011375839360159092,0.07692307692307693,4.057897373715008,0.07656410139084921,3.846153846153846,4.010832334885691,0.0017474934776187455,0.4393862619602006,0.7586298556869463,0.09691401549106973,0.14445612882198408,0.7586298556869463,24.190122327168886,42.60504770066896,32.88506134796403,8.352660167272957,69.7669318699483,0.11538461538461539,31013.586964779915,585.1620182033946,,
COUGH,COUGH_014_Trial_1_No_Talking_IMU_seg0003,COUGH_014_Trial_1_No_Talking_IMU_seg0003_c0005,1946.783,1969.292,22.50900000000001,2221,32704,34925,0.6700402960197139,0.4349443545412439,True,,14,014_Trial_1_No_Talking,IMU,Trial_1_No_Talking,0.3465700651300786,0.6700402960197139,0.6608212695687125,0.13713958302596818,0.018807265232536417,0.1063063063063063,266.7661091083168,0.12011081004426691,4.054054054054054,5.280971704376451,0.20407028636648747,0.4193633252537314,0.7201880311579371,0.09796394239102416,0.18184802645103879,0.7201880311579371,24.548820054966935,56.4719944122427,55.440277867827135,9.062610142852924,82.1309026013407,0.11306306306306306,1338473.581288437,602.6445660911468,,
COUGH,COUGH_014_Trial_1_No_Talking_IMU_seg0003,COUGH_014_Trial_1_No_Talking_IMU_seg0003_c0006,1970.367,1998.026,27.659000000000106,2729,35030,37759,0.7077410086768364,0.4349443545412439,True,,14,014_Trial_1_No_Talking,IMU,Trial_1_No_Talking,0.34914703143143017,0.7077410086768364,0.6944736553077103,0.1427915069747952,0.02038941446413299,0.10043988269794721,332.6750596420902,0.12190364955738008,4.105571847507331,5.083024365296531,0.2757012944264114,0.3942493090725289,0.7231527219703824,0.09122530845954445,0.18562196957007315,0.7231527219703824,26.528135371063456,75.37187091928939,74.48528172131883,10.125417516642086,102.52407988632238,0.12023460410557185,1920511.8259384625,703.7419662654681,,
COUGH,COUGH_014_Trial_1_No_Talking_IMU_seg0003,COUGH_014_Trial_1_No_Talking_IMU_seg0003_c0007,1999.466,2042.923,43.45700000000011,4287,37900,42187,0.6889845709740643,0.4349443545412439,True,,14,014_Trial_1_No_Talking,IMU,Trial_1_No_Talking,0.34085786808785107,0.6889845709740643,0.675264750456018,0.1351476967680936,0.01826489994172058,0.10079328044797013,498.0811776997118,0.11618408623739487,4.106392907139524,5.188157324508104,0.3923638984125125,0.40364922862657143,0.7017545359694229,0.1016777267998228,0.19656773723075424,0.7017545359694229,25.708571848714396,63.867630114305776,62.008549632036384,9.540930301354136,91.02935101529754,0.13555762949136724,2833409.767287688,660.9306665005104,,
COUGH,COUGH_014_Trial_1_No_Talking_IMU_seg0003,COUGH_014_Trial_1_No_Talking_IMU_seg0003_c0008,2043.47,2082.405,38.93500000000017,3841,42240,46081,0.7000430727658201,0.4349443545412439,True,,14,014_Trial_1_No_Talking,IMU,Trial_1_No_Talking,0.3407019610464814,0.7000430727658201,0.6827798414417131,0.13614626782652248,0.01853580624309119,0.09791666666666667,445.8549306681866,0.11607782626091816,4.114583333333334,5.09804770455533,0.35662924113794375,0.42022971376305374,0.7307219913962261,0.10368731745933064,0.16559069114444327,0.7307219913962261,26.760436718952977,83.01061657033618,81.9435533285691,9.797617006182236,95.99329899983137,0.13333333333333333,2750620.658787483,716.1209733890869,,
COUGH,COUGH_014_Trial_2_Talking_IMU_seg0001,COUGH_014_Trial_2_Talking_IMU_seg0001_c0001,26.382,27.367,0.9849999999999994,98,2602,2700,1.7987419479265712,0.4424232396621561,True,,14,014_Trial_2_Talking,IMU,Trial_2_Talking,1.0029807879206545,1.7987419479265712,1.6711210499734452,0.43285207975497525,0.18736092294820744,0.10309278350515463,98.5851051719178,1.0059704609379367,4.081632653061225,3.798859192032168,0.1055378565793226,0.4241125199903139,0.8575173254326549,0.009672630243042676,0.13281004432430246,0.8575173254326549,62.85955201551132,155.14303742840409,147.33177771421154,35.617355066818,1268.595981955786,0.09278350515463918,387229.68139989575,3951.323279590773,,
COUGH,COUGH_014_Trial_2_Talking_IMU_seg0001,COUGH_014_Trial_2_Talking_IMU_seg0001_c0002,28.015,29.231,1.216000000000001,121,2763,2884,2.0964400807716403,0.4424232396621561,True,,14,014_Trial_2_Talking,IMU,Trial_2_Talking,0.9467032260834611,2.0964400807716403,1.96648858198055,0.46297132853662964,0.2143424510469719,0.08333333333333333,108.44588679149679,0.896246998276833,3.3333333333333335,4.494126865474446,0.12467387875038811,0.5332486134624005,0.8465069829219998,0.0043641722963156495,0.14912884478168467,0.8465069829219998,56.3453459141608,136.27771858644593,132.51622985774583,30.692995467041968,942.0599707398587,0.08333333333333333,384150.558748559,3174.7980061864378,,
COUGH,COUGH_014_Trial_2_Talking_IMU_seg0001,COUGH_014_Trial_2_Talking_IMU_seg0001_c0003,29.88,30.935,1.0549999999999995,105,2947,3052,2.335448202926361,0.4424232396621561,True,,14,014_Trial_2_Talking,IMU,Trial_2_Talking,1.1410828149840015,2.3354482029263615,2.2163631055633544,0.49849261263379446,0.24849488485046625,0.09615384615384616,136.7173490184404,1.3020699906518132,1.923076923076923,4.7836534154623145,0.12562013416070067,0.5335821375766585,0.836621267600997,0.01385374386504736,0.14952498853395563,0.836621267600997,70.54772103882573,197.9284612262054,188.26260881530442,44.10376498765278,1945.1420860861072,0.09615384615384616,522582.99909605726,4976.980943771974,,
COUGH,COUGH_014_Trial_2_Talking_IMU_seg0001,COUGH_014_Trial_2_Talking_IMU_seg0001_c0004,375.493,376.02,0.5269999999999868,53,37033,37086,0.5083183676287981,0.4424232396621561,True,,14,014_Trial_2_Talking,IMU,Trial_2_Talking,0.27853505990243854,0.5083183676287981,0.43423700390805176,0.10622729905227378,0.011284239063941206,0.07692307692307693,4.111834318527316,0.07758177959485502,3.846153846153846,3.866641203361299,0.0016797672851578428,0.4117986980643077,0.7117846353325783,0.12044223518470341,0.1677731294827183,0.7117846353325783,24.815537288973935,38.02397286930661,27.348405637398976,7.278358954454008,52.974509069880845,0.15384615384615385,32637.977219844164,615.8108909404559,,
COUGH,COUGH_014_Trial_2_Talking_IMU_seg0001,COUGH_014_Trial_2_Talking_IMU_seg0001_c0005,376.547,379.792,3.244999999999948,321,37137,37458,0.7857091860420065,0.4424232396621561,True,,14,014_Trial_2_Talking,IMU,Trial_2_Talking,0.34968011836804136,0.7857091860420065,0.7376661542434501,0.13619401077600174,0.018548808571253676,0.11875,39.25065544338587,0.12227618518188743,4.375,5.127373802281014,0.02670408703960124,0.6435335771365862,0.7207070122906933,0.12569575164163746,0.15359723606766917,0.7207070122906933,34.94397065193225,109.18642814368258,106.4660850165147,15.43334195959702,238.18804404185795,0.128125,391967.0282603158,1221.0810849231023,,
COUGH,COUGH_014_Trial_2_Talking_IMU_seg0001,COUGH_014_Trial_2_Talking_IMU_seg0001_c0006,380.492,508.969,128.47699999999998,12672,37526,50198,0.697267854431346,0.4424232396621561,True,,14,014_Trial_2_Talking,IMU,Trial_2_Talking,0.345388609506922,0.697267854431346,0.6813259592649494,0.13131639813773688,0.017243996419868624,0.10322784310630574,1511.6845908653288,0.11929329157712507,4.103535353535354,5.079864574073097,1.0916942606158084,0.4263539268415253,0.7230685598753827,0.112749495934286,0.1641819441903314,0.7230685598753827,30.44236677789967,89.04873147010588,87.380617876395,12.119994375593699,146.89426366442288,0.1332965038276379,11743620.071549028,926.7376950401696,,
COUGH,COUGH_014_Trial_2_Talking_IMU_seg0001,COUGH_014_Trial_2_Talking_IMU_seg0001_c0007,646.692,646.997,0.30499999999995,31,63780,63811,0.9754750807511404,0.4424232396621561,True,,14,014_Trial_2_Talking,IMU,Trial_2_Talking,0.6612958244387879,0.9754750807511405,0.7101823927891626,0.19897358565809928,0.03959048778964097,0.13333333333333333,13.556677190025459,0.4373121674201761,6.25,7.651239599910478,0.005488744847909538,0.48397380685681246,0.6481655961812541,0.2107936727497009,0.14104073106904488,0.6481655961812541,52.90799563048216,81.9085303353019,54.47541775494936,12.84305005101789,164.94393461295064,0.1,86776.93605068872,2799.25600163512,,
COUGH,COUGH_014_Trial_3_Nonverbal_IMU_seg0001,COUGH_014_Trial_3_Nonverbal_IMU_seg0001_c0001,17.327,19.68,2.352999999999998,233,1709,1942,1.657631142361215,0.4329278283055526,True,,14,014_Trial_3_Nonverbal,IMU,Trial_3_Nonverbal,0.9284414759477548,1.657631142361215,1.5587651085963095,0.43962705206301333,0.19327194490561544,0.06896551724137931,200.84683280259057,0.8620035742600454,0.8620689655172414,3.208184500301104,0.17825807583395945,0.5508515221141866,0.8226987736597773,0.016546232340903255,0.1607549939993195,0.8226987736597773,57.2212068634976,178.5087577953112,169.0673389212869,33.64763673089436,1132.1634575742316,0.08189655172413793,762904.097975238,3274.2665149151844,,
COUGH,COUGH_014_Trial_3_Nonverbal_IMU_seg0001,COUGH_014_Trial_3_Nonverbal_IMU_seg0001_c0002,20.339,21.556,1.2170000000000023,121,2006,2127,1.920964902744981,0.4329278283055526,True,,14,014_Trial_3_Nonverbal,IMU,Trial_3_Nonverbal,1.0389575199298962,1.920964902744981,1.7759441469487283,0.4553061148099593,0.20730365818333985,0.06666666666666667,130.61136011448454,1.0794327282188805,3.3333333333333335,4.005684098177183,0.12073943211512493,0.5081217799744802,0.8492539180230666,0.009268987921157688,0.14147709405577572,0.8492539180230666,75.2844203216721,240.04709182180906,235.34632894128075,46.529127141569894,2164.9596725563765,0.10833333333333334,685797.0171235936,5667.743943170195,,
COUGH,COUGH_014_Trial_3_Nonverbal_IMU_seg0001,COUGH_014_Trial_3_Nonverbal_IMU_seg0001_c0003,25.034,25.743,0.7089999999999996,71,2469,2540,0.9249430820654408,0.4329278283055526,True,,14,014_Trial_3_Nonverbal,IMU,Trial_3_Nonverbal,0.3930025754842488,0.9249430820654407,0.8415907640173446,0.18125131418232437,0.032852038892819665,0.08571428571428572,10.966022727944939,0.15445102433725266,2.8571428571428568,5.1488640991443635,0.0037891221736573153,0.42216393028253635,0.18152297790590846,0.104986931746577,0.7134900903475145,0.7134900903475145,71.26676760821893,119.85998920802012,92.07219578117746,26.537895362206722,704.259890255433,0.05714285714285714,360605.60373799567,5078.952165323883,,
COUGH,COUGH_014_Trial_3_Nonverbal_IMU_seg0001,COUGH_014_Trial_3_Nonverbal_IMU_seg0001_c0004,320.792,321.36,0.5680000000000405,57,31638,31695,0.4946532188694317,0.4329278283055526,True,,14,014_Trial_3_Nonverbal,IMU,Trial_3_Nonverbal,0.2731424213789561,0.49465321886943175,0.426481632272033,0.11130519839515207,0.012388847189784164,0.07142857142857142,4.252586594335276,0.07460678235675923,3.571428571428571,3.916726583001899,0.00206858165634607,0.4369316753118752,0.7456633585381599,0.09831488414226636,0.15602175731957366,0.7456633585381599,30.878587216313225,65.119542166778,54.20889326303066,11.672550279349984,136.24843002395338,0.125,54348.767463101365,953.4871484754625,,
COUGH,COUGH_014_Trial_3_Nonverbal_IMU_seg0001,COUGH_014_Trial_3_Nonverbal_IMU_seg0001_c0005,322.434,387.104,64.66999999999996,6379,31800,38179,0.6916041264020294,0.4329278283055526,True,,14,014_Trial_3_Nonverbal,IMU,Trial_3_Nonverbal,0.3621329264547331,0.6916041264020294,0.6752699976636788,0.14196618551186496,0.020154397828789253,0.10975227343994982,836.5436957202064,0.13114025642266913,4.076513013483851,5.2836553497026495,0.6402489221637117,0.4572853780151776,0.7044833983245985,0.09773019390318477,0.1977864077722168,0.7044833983245985,29.23647839038965,74.47640380086501,73.26741969831863,11.164661725436812,124.64967144343369,0.14706804640953278,5452588.474456908,854.7716686717209,,
COUGH,COUGH_014_Trial_3_Nonverbal_IMU_seg0001,COUGH_014_Trial_3_Nonverbal_IMU_seg0001_c0006,388.614,406.642,18.02800000000002,1779,38327,40106,0.7395618252657772,0.4329278283055526,True,,14,014_Trial_3_Nonverbal,IMU,Trial_3_Nonverbal,0.3546379775327163,0.7395618252657772,0.7158051964113703,0.13778443335286322,0.018984550074369607,0.11586051743532058,223.74144119801332,0.1257680951084954,4.161979752530933,5.433348522847522,0.16690868203793996,0.45453375713071775,0.6867754055429406,0.10793592273045777,0.2052886717266016,0.6867754055429406,29.87677749056182,73.98216231781767,72.97591775419144,11.446704854582157,131.02705202791472,0.140607424071991,1587974.2412993433,892.6218332205415,,
COUGH,COUGH_014_Trial_3_Nonverbal_IMU_seg0001,COUGH_014_Trial_3_Nonverbal_IMU_seg0001_c0007,407.808,458.475,50.66700000000003,4998,40220,45218,0.6935842365672941,0.4329278283055526,True,,14,014_Trial_3_Nonverbal,IMU,Trial_3_Nonverbal,0.3418618628780889,0.6935842365672941,0.6797510233727792,0.1318864323666098,0.01739403104239234,0.10486291775065039,584.1139273858054,0.11686953329047726,4.121648659463785,5.377293248142989,0.4362747850858778,0.5000558754704779,0.697787656357305,0.10046534573545808,0.20174699790723688,0.697787656357305,29.63413608232433,85.3210735431006,83.59250146287687,11.940334892370664,142.57159734196438,0.14008405043025815,4389153.742685892,878.1820213457166,,
COUGH,COUGH_015_Trial_1_No_Talking_IMU_seg0001,COUGH_015_Trial_1_No_Talking_IMU_seg0001_c0001,15.888,20.167,4.279000000000002,423,1567,1990,3.2308731182609574,0.5632849526646587,True,,15,015_Trial_1_No_Talking,IMU,Trial_1_No_Talking,1.2082319182731593,3.2308731182609574,3.21549640709283,0.6218084534720407,0.38664575280929103,0.06635071090047394,617.5057078052982,1.4598243683340384,1.4218009478672986,3.8222462786375164,0.8010589890166163,0.6345308230574838,0.6466271649386175,0.2624826146583869,0.09089022040299555,0.6466271649386175,116.91979348781703,421.1083859427573,415.54042916676065,68.82474984744032,4736.846191562736,0.10900473933649289,5782510.72020589,13670.238109233782,,
COUGH,COUGH_015_Trial_1_No_Talking_IMU_seg0001,COUGH_015_Trial_1_No_Talking_IMU_seg0001_c0002,24.749,25.054,0.3049999999999997,31,2441,2472,1.2034990382718869,0.5632849526646587,True,,15,015_Trial_1_No_Talking,IMU,Trial_1_No_Talking,0.5721585849501111,1.2034990382718869,1.0437284730729837,0.2721020094420992,0.07403950354242825,0.13333333333333333,10.148328836295518,0.32736544633211345,6.25,6.5214544167405455,0.007721597944036885,0.4167527217010942,0.5198244185737165,0.22476178564292265,0.2554137957833609,0.5198244185737165,115.19123716500238,186.3748013710426,171.67322410544995,49.69863282793627,2469.954104966025,0.16666666666666666,411339.6547077185,13269.021119603824,,
COUGH,COUGH_015_Trial_1_No_Talking_IMU_seg0001,COUGH_015_Trial_1_No_Talking_IMU_seg0001_c0003,324.56,461.155,136.59499999999997,13473,32011,45484,3.7169629545818377,0.5632849526646587,True,,15,015_Trial_1_No_Talking,IMU,Trial_1_No_Talking,1.0273271003089126,3.7169629545818377,3.705965414157552,0.5299536232229501,0.28085084276713257,0.12603919239904987,14219.417282675313,1.0554009710291186,2.7315914489311166,6.98271314283089,18.669754406907728,0.5921614116817882,0.5423368674058366,0.2700628787337678,0.1876002538603957,0.5423368674058366,118.5663210810169,406.5859429735453,400.3440831639749,55.98151774131984,3133.930328621708,0.12589073634204276,189403063.42091513,14057.97249468679,,
COUGH,COUGH_015_Trial_2_Talking_IMU_seg0001,COUGH_015_Trial_2_Talking_IMU_seg0001_c0001,18.495,23.534,5.038999999999998,498,1824,2322,3.5138262918738734,0.5317809613624844,True,,15,015_Trial_2_Talking,IMU,Trial_2_Talking,1.161271773812153,3.5138262918738734,3.442490850613984,0.6644974788576956,0.4415568994082336,0.0482897384305835,671.5789620611065,1.3485521326528243,0.4016064257028112,3.428507748478729,0.8996818756216285,0.6247572533786867,0.6688726227657454,0.2160716472359915,0.11505572999826306,0.6688726227657454,136.38771944415333,457.72938653583753,453.1534925349437,83.47345532976202,6967.817744689774,0.08048289738430583,9263601.787558187,18601.61001517708,,
COUGH,COUGH_015_Trial_2_Talking_IMU_seg0001,COUGH_015_Trial_2_Talking_IMU_seg0001_c0002,319.958,459.688,139.72999999999996,13782,31556,45338,4.931433653946203,0.5317809613624844,True,,15,015_Trial_2_Talking,IMU,Trial_2_Talking,1.1451636065950883,4.931433653946203,4.918921101500258,0.6251347362639602,0.39079343848381115,0.1168275161454176,18073.710470658552,1.3113996858698702,2.6121027427078802,7.124934028018314,26.122692734877464,0.5417585248757423,0.491584452213079,0.233467797836973,0.27494774994994814,0.491584452213079,148.58949866206487,851.7342843103388,845.051221165183,82.14973520299425,6748.578993922072,0.12060082722589072,304290560.65045655,22078.83911264378,,
COUGH,COUGH_015_Trial_2_Talking_IMU_seg0001,COUGH_015_Trial_2_Talking_IMU_seg0001_c0003,460.216,460.622,0.4060000000000059,41,45389,45430,0.6677911080418137,0.5317809613624844,True,,15,015_Trial_2_Talking,IMU,Trial_2_Talking,0.4099033209225839,0.6677911080418137,0.6002149504671965,0.18587327198871764,0.034548873239791805,0.1,6.888850032637874,0.1680207325033628,5.0,5.616878299247236,0.004393532952226676,0.306251001227532,0.48104337076508696,0.3347421038842829,0.18421452535063015,0.48104337076508696,57.22170941283505,110.1977993539709,86.93518501355533,22.380457139853345,500.88486178881254,0.15,134247.28515320434,3274.324028126935,,
COUGH,COUGH_015_Trial_2_Talking_IMU_seg0001,COUGH_015_Trial_2_Talking_IMU_seg0001_c0004,461.27,461.839,0.5690000000000168,57,45493,45550,0.7788879748484707,0.5317809613624844,True,,15,015_Trial_2_Talking,IMU,Trial_2_Talking,0.34776424819548074,0.7788879748484707,0.7200418551752591,0.163579427864704,0.026758229220543904,0.07142857142857142,6.893578422409171,0.12093997232296792,3.571428571428571,3.6645385117777765,0.0027462565044595742,0.4427273241002233,0.48192340239595954,0.3041470073373894,0.21392959026665107,0.48192340239595954,43.18004312950821,83.15497387259772,76.09475524684952,17.990398506779112,323.65443843272004,0.21428571428571427,106277.41910597279,1864.5161246661892,,
COUGH,COUGH_015_Trial_2_Talking_IMU_seg0001,COUGH_015_Trial_2_Talking_IMU_seg0001_c0005,591.347,591.651,0.3039999999999736,31,58326,58357,1.5502802213086335,0.5317809613624844,True,,15,015_Trial_2_Talking,IMU,Trial_2_Talking,0.7820301496032099,1.5502802213086335,1.475060603163494,0.3957620196230215,0.15662757617609285,0.13333333333333333,18.958705801540983,0.6115711548884188,6.25,8.74082831593991,0.014829467699539878,0.4364310779208812,0.6441764944409971,0.14149614492529056,0.2143273606337123,0.6441764944409971,117.16063946559431,273.99767985449995,252.38891483594674,63.105400630963615,3982.291588794423,0.16666666666666666,425525.07863959624,13726.615439986976,,
COUGH,COUGH_015_Trial_3_Nonverbal_IMU_seg0001,COUGH_015_Trial_3_Nonverbal_IMU_seg0001_c0001,11.671,15.777,4.106,406,1151,1557,4.115520274523499,0.5903855635003263,True,,15,015_Trial_3_Nonverbal,IMU,Trial_3_Nonverbal,1.226359725918925,4.115520274523499,4.045591137770702,0.6870069315991932,0.47197852406533863,0.07407407407407407,610.6070200065119,1.5039581773559407,0.4926108374384236,3.633218823520957,0.7265843217384956,0.6238817511383078,0.6427798590213211,0.23799357283044725,0.11922656814823172,0.6427798590213211,140.8886417178208,815.309121751911,804.0500929358379,94.05041904617255,8845.481322760656,0.09876543209876543,8058941.402227545,19849.609365092474,,
COUGH,COUGH_015_Trial_3_Nonverbal_IMU_seg0001,COUGH_015_Trial_3_Nonverbal_IMU_seg0001_c0002,23.401,23.869,0.4679999999999999,47,2308,2355,2.253199697313089,0.5903855635003263,True,,15,015_Trial_3_Nonverbal,IMU,Trial_3_Nonverbal,1.022942638064921,2.253199697313089,2.048691586675332,0.506338776230315,0.256378956314413,0.13043478260869565,49.18134711624732,1.0464116407712196,4.3478260869565215,7.360281917698024,0.048553337822653746,0.5448049522113884,0.6286057766311758,0.1792013654479418,0.19219285792088242,0.6286057766311758,158.39688165370885,294.76687710692477,280.78898278737717,66.69445352870441,4448.1501314925135,0.10869565217391304,1179209.8895280953,25089.57211761905,,
COUGH,COUGH_015_Trial_3_Nonverbal_IMU_seg0001,COUGH_015_Trial_3_Nonverbal_IMU_seg0001_c0003,321.359,323.185,1.8260000000000216,181,31694,31875,0.7659889372738136,0.5903855635003263,True,,15,015_Trial_3_Nonverbal,IMU,Trial_3_Nonverbal,0.3970663048460154,0.7659889372738136,0.7370511418254249,0.17247798924277855,0.02974865677323203,0.13333333333333333,28.536758730376455,0.15766165044406882,4.444444444444445,6.184296727956864,0.0235588462500572,0.5958501722048445,0.5331132268301896,0.30304296764611544,0.16384380552369504,0.5331132268301896,44.96107416126844,83.72131736379254,75.28276480839125,15.85391278347977,251.34655054618324,0.18333333333333332,365891.17234204966,2021.498189735081,,
COUGH,COUGH_015_Trial_3_Nonverbal_IMU_seg0001,COUGH_015_Trial_3_Nonverbal_IMU_seg0001_c0004,323.772,336.184,12.412000000000036,1225,31932,33157,2.668601368613904,0.5903855635003263,True,,15,015_Trial_3_Nonverbal,IMU,Trial_3_Nonverbal,0.6421285330682076,2.668601368613904,2.641741838032357,0.3303549965345059,0.10913442373531342,0.07679738562091504,505.103089900902,0.4123290529803281,2.450980392156863,4.456926658859734,0.6012542754716036,0.5404702185294085,0.5099432989746766,0.30878938639968634,0.18126731462563703,0.5099432989746766,116.1405086722839,542.2786374500383,535.3021626434088,59.81372283868452,3577.68143982297,0.12908496732026145,16523556.749454642,13488.61775465685,,
COUGH,COUGH_015_Trial_3_Nonverbal_IMU_seg0001,COUGH_015_Trial_3_Nonverbal_IMU_seg0001_c0005,336.73,458.911,122.18099999999998,12051,33210,45261,4.457565008343821,0.5903855635003263,True,,15,015_Trial_3_Nonverbal,IMU,Trial_3_Nonverbal,0.9516408753180948,4.457565008343821,4.442945094537833,0.5217757887652171,0.2722499737415645,0.10821576763485477,10913.630905048663,0.9056203555761898,2.6390041493775933,6.347864164370901,17.10602973344058,0.6198194864964213,0.4768981648159456,0.25929074378126343,0.26381109140279096,0.4768981648159456,155.08720712704556,746.0625462832763,743.8328775246623,87.97358869939144,7739.3523086496925,0.1287966804979253,289851155.9061434,24052.041814467135,,
COUGH,COUGH_015_Trial_3_Nonverbal_IMU_seg0001,COUGH_015_Trial_3_Nonverbal_IMU_seg0001_c0006,460.524,461.082,0.5579999999999927,56,45419,45475,0.8096786646817458,0.5903855635003263,True,,15,015_Trial_3_Nonverbal,IMU,Trial_3_Nonverbal,0.3376522328238098,0.8096786646817458,0.764559684409723,0.18249782011863264,0.0333054543480528,0.07272727272727272,6.384505698530639,0.11400903033090427,3.571428571428571,3.6729815382920137,0.003642833973523591,0.43180491119241915,0.49773542292617173,0.37109729141632813,0.13116728565750005,0.49773542292617173,46.44199766303392,77.11063385723165,65.9573574689944,18.57453380401057,345.0133060363314,0.2,120784.11222826189,2156.859146933248,,
COUGH,COUGH_015_Trial_3_Nonverbal_IMU_seg0001,COUGH_015_Trial_3_Nonverbal_IMU_seg0001_c0007,464.316,465.015,0.6990000000000123,70,45793,45863,0.7419308196443061,0.5903855635003263,True,,15,015_Trial_3_Nonverbal,IMU,Trial_3_Nonverbal,0.31625472182633696,0.7419308196443061,0.6773358436062661,0.16400004695546988,0.02689601540139632,0.14492753623188406,7.001193435421764,0.10001704907745378,2.8571428571428568,11.479983331091407,0.0037026665705818837,0.7799160359948919,0.3806454553490477,0.21618464044807184,0.40316990420288057,0.40316990420288057,85.20308305475277,346.84143827885947,339.03513294992655,61.778351395799156,3816.564701182839,0.14492753623188406,508169.57534245687,7259.565362035098,,
COUGH,COUGH_015_Trial_3_Nonverbal_IMU_seg0001,COUGH_015_Trial_3_Nonverbal_IMU_seg0001_c0008,593.249,593.908,0.6589999999999918,66,58509,58575,2.4490366937461507,0.5903855635003263,True,,15,015_Trial_3_Nonverbal,IMU,Trial_3_Nonverbal,1.0362170722319994,2.4490366937461507,2.365302261368196,0.4996346990761284,0.24963483252089336,0.09230769230769231,70.86722417181373,1.0737458207850565,3.0303030303030303,4.908443148550067,0.07817127634274006,0.3488147221932193,0.5824698400912942,0.20688868195419374,0.21064147795451216,0.5824698400912942,145.02128401237727,345.5156530176917,321.16773950376023,76.58893126291545,5865.864391995588,0.13846153846153847,1388057.405895507,21031.17281659859,,
COUGH,COUGH_015_Trial_3_Nonverbal_IMU_seg0001,COUGH_015_Trial_3_Nonverbal_IMU_seg0001_c0009,597.579,598.391,0.8120000000000118,81,58936,59017,0.7964293614017058,0.5903855635003263,True,,15,015_Trial_3_Nonverbal,IMU,Trial_3_Nonverbal,0.4288906363917879,0.7964293614017058,0.7199967223362297,0.16891332756140745,0.02853171222786733,0.125,14.89972141674878,0.18394717798455285,7.5,6.399361633325969,0.005716900773576367,0.543400723003086,0.5196538057375018,0.09095012654271796,0.3893960677197803,0.5196538057375018,76.02055270311637,214.27103307333755,209.00342574428868,45.66147589095744,2084.9703805404874,0.0625,468109.07909627067,5779.124433287292,,
COUGH,COUGH_016_Trial_1_No_Talking_IMU_seg0033,COUGH_016_Trial_1_No_Talking_IMU_seg0033_c0001,726.163,726.903,0.7400000000000091,74,911,985,2.4571547191179506,0.6728353399812301,True,,16,016_Trial_1_No_Talking,IMU,Trial_1_No_Talking,1.3080595274604871,2.4571547191179506,2.1843048868208523,0.479797037673466,0.23020519736023334,0.136986301369863,126.61545982613131,1.7110197273801528,5.405405405405405,6.671175352929725,0.09112532930094962,0.42702544670917975,0.021860113325289636,0.9122429865286313,0.065896900146079,0.9122429865286313,73.12608376966605,195.55292293395544,190.97746155559045,44.21114685256346,1954.625506018932,0.1095890410958904,395709.38543412805,5347.424127488217,,
COUGH,COUGH_016_Trial_1_No_Talking_IMU_seg0033,COUGH_016_Trial_1_No_Talking_IMU_seg0033_c0002,727.451,728.322,0.8709999999999809,87,1038,1125,2.789663467972498,0.6728353399812301,True,,16,016_Trial_1_No_Talking,IMU,Trial_1_No_Talking,1.370134638865692,2.789663467972498,2.748412928803947,0.6362177659945324,0.40477304576707357,0.09302325581395349,163.322396789907,1.8772689286196207,4.651162790697675,5.611723311558301,0.16699405740447695,0.5130679053473691,0.01622261523792496,0.9160443400726843,0.06773304468939075,0.9160443400726843,91.493616611177,286.7170021076662,266.9615931495462,60.81498435148714,3698.462321671626,0.09302325581395349,728284.1236115949,8371.081880593045,,
COUGH,COUGH_016_Trial_1_No_Talking_IMU_seg0033,COUGH_016_Trial_1_No_Talking_IMU_seg0033_c0003,728.91,729.812,0.9020000000000435,90,1182,1272,2.5878052403584206,0.6728353399812301,True,,16,016_Trial_1_No_Talking,IMU,Trial_1_No_Talking,1.2993353475224019,2.5878052403584206,2.4176664146137097,0.5798296121043298,0.33620237907305756,0.0898876404494382,151.9445110789045,1.688272345321161,4.444444444444445,4.796145718631655,0.19845222062805704,0.43709811069459986,0.024797970545651266,0.9302655892970022,0.04493644015734652,0.9302655892970022,67.67959742894742,160.56056503511903,149.60963484956372,38.866081995471276,1510.5723296786966,0.06741573033707865,412247.5117329947,4580.527908144386,,
COUGH,COUGH_016_Trial_1_No_Talking_IMU_seg0033,COUGH_016_Trial_1_No_Talking_IMU_seg0033_c0004,1038.6,1152.179,113.57900000000018,11203,31726,42929,2.1302461256959986,0.6728353399812301,True,,16,016_Trial_1_No_Talking,IMU,Trial_1_No_Talking,0.9129495856614861,2.1302461256959986,2.1178418059632618,0.3762266973042315,0.14154652776444987,0.1280128548473487,9337.442225584044,0.8334769459594791,5.766827352258526,6.302625839944612,7.717362447073793,0.6136411980354555,0.08851038999177654,0.8476184057749782,0.06387120423324522,0.8476184057749782,102.10632044973791,294.7971168391928,289.23086954445426,44.58835256720657,1988.1211846575166,0.11667559364399215,116799124.67081447,10425.700675784565,,
COUGH,COUGH_016_Trial_1_No_Talking_IMU_seg0033,COUGH_016_Trial_1_No_Talking_IMU_seg0033_c0005,1152.738,1172.103,19.36500000000001,1911,42983,44894,2.0616905164877286,0.6728353399812301,True,,16,016_Trial_1_No_Talking,IMU,Trial_1_No_Talking,0.8667950973754004,2.0616905164877286,2.0141671670810575,0.3656017184743304,0.1336646165513835,0.12041884816753927,1435.798778733831,0.7513337408340299,2.9319371727748686,6.203681093908988,1.249391970330697,0.5393443036032936,0.10011843201204411,0.8405211040605444,0.05936046392741159,0.8405211040605444,104.31387016535234,317.8984194830229,307.3530966628276,45.06151465054261,2030.5401026010668,0.1193717277486911,20794323.885458186,10881.383508873985,,
COUGH,COUGH_016_Trial_1_No_Talking_IMU_seg0033,COUGH_016_Trial_1_No_Talking_IMU_seg0033_c0006,1173.623,1174.507,0.8840000000000146,88,45043,45131,0.9506124629394878,0.6728353399812301,True,,16,016_Trial_1_No_Talking,IMU,Trial_1_No_Talking,0.49788485319775255,0.9506124629394878,0.8769969278444006,0.20182160669764584,0.04073196093001925,0.13793103448275862,21.81426077984979,0.2478893270437476,6.818181818181818,7.221333592635354,0.014485904947132321,0.5597552395372376,0.33041320666136864,0.5472709041527345,0.12231588918589686,0.5472709041527345,61.74853904649226,164.33624870774366,154.6874563740167,29.1169320075779,847.7957295339144,0.21839080459770116,335533.6225451038,3812.8820743761794,,
COUGH,COUGH_016_Trial_2_Talking_IMU_seg0001,COUGH_016_Trial_2_Talking_IMU_seg0001_c0001,12.696,16.315,3.6190000000000015,358,1252,1610,3.547083989320215,0.6061406904303897,True,,16,016_Trial_2_Talking,IMU,Trial_2_Talking,1.2312775214967822,3.547083989320215,3.4822917732971255,0.7314922218771894,0.5350808706668273,0.10084033613445378,542.7438719096867,1.516044334943259,0.5586592178770949,4.280773438352494,0.9774867213600856,0.6469294264419513,0.030775485053496067,0.9153335784438096,0.053890936502694345,0.9153335784438096,92.12024790557744,417.9812354856595,415.00819061975113,65.73082081039053,4320.540804407668,0.08683473389355742,3038038.1465582466,8486.140074185047,,
COUGH,COUGH_016_Trial_2_Talking_IMU_seg0001,COUGH_016_Trial_2_Talking_IMU_seg0001_c0002,171.391,171.766,0.375,38,16903,16941,0.7946134454287627,0.6061406904303897,True,,16,016_Trial_2_Talking,IMU,Trial_2_Talking,0.5070171783107895,0.7946134454287627,0.5712681273497764,0.18861435754175304,0.03557537587088826,0.05405405405405406,9.768523925884924,0.2570664191022349,5.2631578947368425,5.5836438125404175,0.0003170249699476022,0.5807083378283189,0.03727552799704762,0.5870998824345072,0.37562458956844524,0.5870998824345072,51.39363169573564,106.75333041999896,94.30634693288117,25.451838091365616,647.7960622290897,0.05405405405405406,100369.60439732308,2641.3053788769234,,
COUGH,COUGH_016_Trial_2_Talking_IMU_seg0001,COUGH_016_Trial_2_Talking_IMU_seg0001_c0003,321.833,322.878,1.044999999999959,104,31740,31844,0.6606042002837685,0.6061406904303897,True,,16,016_Trial_2_Talking,IMU,Trial_2_Talking,0.34023326781809354,0.6606042002837685,0.6372788888712959,0.15412468492947543,0.02375441850461007,0.0970873786407767,12.038902359138572,0.11575867653017857,3.846153846153846,5.519726280215109,0.0112342224053054,0.617656161166924,0.23895915494406714,0.615235181992737,0.14580566306319592,0.615235181992737,45.10239151811756,87.21943887676356,82.77187193545225,19.317546591105454,373.16760629952995,0.20388349514563106,211559.47494797048,2034.2257206535623,,
COUGH,COUGH_016_Trial_2_Talking_IMU_seg0001,COUGH_016_Trial_2_Talking_IMU_seg0001_c0004,327.441,397.384,69.94300000000004,6899,32293,39192,1.9878585180173036,0.6061406904303897,True,,16,016_Trial_2_Talking,IMU,Trial_2_Talking,0.7162998639281447,1.9878585180173034,1.974225285049546,0.32549268663876907,0.10594548905532392,0.12148448825746594,3539.7768304429383,0.5130854950634786,2.8414033053058856,5.956482265963457,3.294126668400234,0.695576650585881,0.08003387081366939,0.8263790043838949,0.09358712480243572,0.8263790043838949,89.05127352880997,274.1552995813916,270.2626326869632,35.97836784063946,1294.4429524763596,0.11438097999420122,54709962.158693135,7930.129317102933,,
COUGH,COUGH_016_Trial_2_Talking_IMU_seg0001,COUGH_016_Trial_2_Talking_IMU_seg0001_c0005,398.084,400.721,2.6370000000000005,261,39260,39521,1.3838066855697957,0.6061406904303897,True,,16,016_Trial_2_Talking,IMU,Trial_2_Talking,0.5948323221320319,1.3838066855697957,1.3583296278614025,0.2818877391126506,0.07946069746204175,0.12307692307692308,92.34845326922917,0.3538254914529853,3.0769230769230766,5.938028387848629,0.09606774415008192,0.6816299964322567,0.10381350164359278,0.8055558868058285,0.0906306115505787,0.8055558868058285,83.24945393221012,220.2832470294537,205.15016468739336,31.64095143499907,1001.1498077119697,0.15384615384615385,1808853.0823829165,6930.471580011174,,
COUGH,COUGH_016_Trial_2_Talking_IMU_seg0001,COUGH_016_Trial_2_Talking_IMU_seg0001_c0006,401.329,405.344,4.014999999999986,397,39580,39977,1.566316491289119,0.6061406904303897,True,,16,016_Trial_2_Talking,IMU,Trial_2_Talking,0.5524480772028703,1.566316491289119,1.5043315080223902,0.2744882141306446,0.07534377969663061,0.13131313131313133,121.16395456804396,0.3051988780051485,3.0303030303030303,5.5422442277269734,0.1477261321658947,0.7060826282810919,0.11267503794802591,0.7924373266435736,0.09488763540840045,0.7924373266435736,76.20926782594307,240.65623076317024,231.8597840335963,30.996005619687324,960.7523643756881,0.14898989898989898,2305717.4435188295,5807.852502566321,,
COUGH,COUGH_016_Trial_2_Talking_IMU_seg0001,COUGH_016_Trial_2_Talking_IMU_seg0001_c0007,406.034,408.661,2.627000000000009,260,40044,40304,1.3953102930065204,0.6061406904303897,True,,16,016_Trial_2_Talking,IMU,Trial_2_Talking,0.7593240921529412,1.3953102930065204,1.335009024306942,0.3414197241070231,0.11656742800931577,0.11969111969111969,149.90900000021094,0.5765730769238883,2.3076923076923075,6.661652731616282,0.13749564169532036,0.7131983532661006,0.08175343376382044,0.8328072673218639,0.08543929891431559,0.8328072673218639,96.30431974531002,235.8491102478113,212.85654184486503,37.1121432684012,1377.3111779743363,0.11969111969111969,2411375.7204177966,9274.52200160691,,
COUGH,COUGH_016_Trial_2_Talking_IMU_seg0001,COUGH_016_Trial_2_Talking_IMU_seg0001_c0008,409.258,412.321,3.063000000000045,303,40362,40665,1.5115734111221688,0.6061406904303897,True,,16,016_Trial_2_Talking,IMU,Trial_2_Talking,0.540385955830205,1.5115734111221688,1.4826462048564428,0.2513580952567226,0.06318089205108764,0.11920529801324503,88.48114532133283,0.2920169812585242,2.6490066225165565,6.247564536021808,0.10069699858049044,0.726954956903128,0.12718239585194552,0.7777896331009501,0.09502797104710446,0.7777896331009501,84.62131706840141,232.95782741235064,217.37919067205283,32.94533006953091,1085.3947733903378,0.1390728476821192,2169712.4926244495,7160.767302390923,,
COUGH,COUGH_016_Trial_2_Talking_IMU_seg0001,COUGH_016_Trial_2_Talking_IMU_seg0001_c0009,412.929,453.042,40.113,3957,40724,44681,2.024245531907462,0.6061406904303897,True,,16,016_Trial_2_Talking,IMU,Trial_2_Talking,0.6758705972962668,2.024245531907462,2.001833116659778,0.3223345048175486,0.10389953299597425,0.12487360970677452,1807.5618113939963,0.4568010642896124,2.8311425682507583,5.693974470936281,1.8694415664377095,0.7093761911204651,0.0834252521524694,0.8246210018034619,0.09195374604406864,0.8246210018034619,88.47584566404542,268.38192527049466,262.67806312541813,36.38545858509366,1323.901596447566,0.1268958543983822,30975298.12743532,7827.975265967985,,
COUGH,COUGH_016_Trial_3_Nonverbal_IMU_seg0001,COUGH_016_Trial_3_Nonverbal_IMU_seg0001_c0001,8.69,11.843,3.1530000000000005,312,857,1169,2.9971977863757315,0.6516329254772217,True,,16,016_Trial_3_Nonverbal,IMU,Trial_3_Nonverbal,1.155165563246749,2.9971977863757315,2.949498072531856,0.6369146633941569,0.40566028844649227,0.09003215434083602,416.33513329548776,1.3344074785111788,0.641025641025641,4.077935517342791,0.6707951178525302,0.6364853942986701,0.01660074035047366,0.9056571587481261,0.07774210090140013,0.9056571587481261,72.47686563944782,224.91030461115346,220.7008290423296,44.43088879103484,1974.1038787613052,0.10932475884244373,1638903.568510595,5252.896052918573,,
COUGH,COUGH_016_Trial_3_Nonverbal_IMU_seg0001,COUGH_016_Trial_3_Nonverbal_IMU_seg0001_c0002,313.018,313.991,0.9730000000000132,97,30870,30967,0.8316148634912215,0.6516329254772217,True,,16,016_Trial_3_Nonverbal,IMU,Trial_3_Nonverbal,0.4023808546598973,0.8316148634912215,0.7920914225861366,0.17548190432337335,0.03079389874495756,0.125,15.705304163092453,0.16191035219682942,4.166666666666667,5.820742720043143,0.01102229718153104,0.5216505017219932,0.18099917596949183,0.6755856490492894,0.14341517498121875,0.6755856490492894,42.18505081956534,71.36048547340806,62.66869036618553,15.706772445080878,246.70270064155193,0.14583333333333334,172619.1157269831,1779.5785126493101,,
COUGH,COUGH_016_Trial_3_Nonverbal_IMU_seg0001,COUGH_016_Trial_3_Nonverbal_IMU_seg0001_c0003,315.979,317.419,1.4399999999999975,143,31162,31305,1.81535008795338,0.6516329254772217,True,,16,016_Trial_3_Nonverbal,IMU,Trial_3_Nonverbal,0.8852570297747725,1.81535008795338,1.7534100980615617,0.3676584799611745,0.13517275788736136,0.15492957746478872,112.06624125348829,0.7836800087656524,2.8169014084507045,7.6402338782936505,0.10771941853121629,0.6618699778884604,0.09290570238067075,0.8305310589636319,0.07656323865569736,0.8305310589636319,95.9701777792253,221.24321025908748,201.80357838332574,37.25896445446664,1388.230432219209,0.11267605633802817,1317069.3282855838,9210.27502297611,,
COUGH,COUGH_016_Trial_3_Nonverbal_IMU_seg0001,COUGH_016_Trial_3_Nonverbal_IMU_seg0001_c0004,318.533,456.913,138.38,13648,31414,45062,2.520015516161957,0.6516329254772217,True,,16,016_Trial_3_Nonverbal,IMU,Trial_3_Nonverbal,0.9181815095493663,2.5200155161619575,2.5041285728105,0.40770618641143563,0.1662243344381563,0.11987982706822012,11506.04581856056,0.8430572844783529,2.9015240328253227,6.060625505580607,10.472508800097163,0.6975264009984495,0.09200162062375197,0.829605753732239,0.07839262564400898,0.829605753732239,107.57536389981155,351.8810150199169,350.3230886392593,46.62880127195383,2174.2451080593632,0.11973327471239101,157940919.31527805,11572.458918176879,,
COUGH,COUGH_017_Trial_1_No_Talking_IMU_seg0001,COUGH_017_Trial_1_No_Talking_IMU_seg0001_c0001,9.13,10.15,1.0199999999999996,103,913,1016,3.445627447518984,0.5974248319372573,True,,17,017_Trial_1_No_Talking,IMU,Trial_1_No_Talking,1.1450657161533917,3.4456274475189836,3.381360299209088,0.5503052563084229,0.302835875120679,0.13725490196078433,135.0510759139176,1.3111754943098797,1.9607843137254901,7.593176965879629,0.17942196281550188,0.6941715220677014,0.892651439370097,0.028429981004361126,0.07891857962554172,0.892651439370097,108.6885982493299,430.9968326692521,428.1531594920271,76.99653236364469,5928.465996025785,0.09803921568627451,1216760.7731086367,11813.21138940424,,
COUGH,COUGH_017_Trial_1_No_Talking_IMU_seg0001,COUGH_017_Trial_1_No_Talking_IMU_seg0001_c0002,11.18,12.42,1.2400000000000002,125,1118,1243,3.035586548800308,0.5974248319372573,True,,17,017_Trial_1_No_Talking,IMU,Trial_1_No_Talking,1.061282025930213,3.035586548800308,2.933919280726714,0.5091152704849119,0.25919835864092505,0.08064516129032258,140.78994232031715,1.1263195385625373,1.6129032258064517,5.930290094958759,0.14063150609538722,0.6355633299279024,0.9281959360646848,0.016302171903767346,0.055501892031547886,0.9281959360646848,120.67093986926935,555.5444644953342,548.7011888997914,85.95854690641765,7388.871786262804,0.07258064516129033,1820184.466116602,14561.475728932817,,
COUGH,COUGH_017_Trial_1_No_Talking_IMU_seg0001,COUGH_017_Trial_1_No_Talking_IMU_seg0001_c0003,13.08,14.5,1.42,143,1308,1451,3.2489689139630014,0.5974248319372573,True,,17,017_Trial_1_No_Talking,IMU,Trial_1_No_Talking,1.0940864695929926,3.2489689139630014,3.201878716549279,0.5574578189421899,0.31075921989978345,0.08450704225352113,171.17460402134355,1.1970252029464585,1.4084507042253522,5.332429659278978,0.22625250557827317,0.6292078869081984,0.8993207781074888,0.04532531327415151,0.055353908618359725,0.8993207781074888,109.25617913644624,433.8021201423224,417.66171148236,73.74922563787719,5438.948282186522,0.07746478873239436,1706978.5131678178,11936.91267949523,,
COUGH,COUGH_017_Trial_1_No_Talking_IMU_seg0001,COUGH_017_Trial_1_No_Talking_IMU_seg0001_c0004,322.75,468.62,145.87,14588,32275,46863,2.3011966226198357,0.5974248319372573,True,,17,017_Trial_1_No_Talking,IMU,Trial_1_No_Talking,0.9318780369017711,2.3011966226198353,2.2830606917531533,0.43422193963999406,0.18854869286471865,0.10063755398642626,12668.170704526601,0.8683966756598986,5.442829723060049,5.589909691510755,13.835654262552465,0.4656295686608726,0.9119124765878404,0.04801426114349578,0.04007326226866385,0.9119124765878404,164.75046074936583,426.34095419110923,424.7375757983132,73.8862496551915,5459.177888109288,0.10050044560224858,395957916.45826805,27142.714317128328,,
COUGH,COUGH_017_Trial_1_No_Talking_IMU_seg0001,COUGH_017_Trial_1_No_Talking_IMU_seg0001_c0005,614.7,615.46,0.7599999999999909,77,61470,61547,1.3029494771254952,0.5974248319372573,True,,17,017_Trial_1_No_Talking,IMU,Trial_1_No_Talking,0.6332476620415981,1.3029494771254952,1.1702438591478113,0.33694909845808485,0.11353469495171617,0.05263157894736842,30.877200314048558,0.4010026014811501,2.6315789473684212,3.921444993237053,0.02575843296298925,0.3907287698322759,0.6840752318586106,0.20584584380561236,0.110078924335777,0.6840752318586106,78.1853691993323,151.9029931099185,129.525260469003,33.703301748585936,1135.912548756236,0.06578947368421052,470697.3006763643,6112.9519568359,,
COUGH,COUGH_017_Trial_2_Talking_IMU_seg0001,COUGH_017_Trial_2_Talking_IMU_seg0001_c0001,8.52,9.83,1.3100000000000005,132,852,984,3.921771572575176,0.4468053421269464,True,,17,017_Trial_2_Talking,IMU,Trial_2_Talking,1.0514726524957918,3.9217715725751763,3.8886826314579146,0.584488410781761,0.3416267023381885,0.07633587786259542,145.93850554094277,1.1055947389465361,3.0303030303030303,7.699531739910697,0.26525820753044527,0.7278134400267965,0.9149681016391636,0.023846923339698466,0.061184975021137906,0.9149681016391636,121.02118849722744,602.886547546548,595.6209493884292,88.37889789784596,7810.82959363788,0.11450381679389313,1933288.904617152,14646.128065281455,,
COUGH,COUGH_017_Trial_2_Talking_IMU_seg0001,COUGH_017_Trial_2_Talking_IMU_seg0001_c0002,10.64,11.83,1.1899999999999995,120,1064,1184,2.789781460991464,0.4468053421269464,True,,17,017_Trial_2_Talking,IMU,Trial_2_Talking,1.0076095626854962,2.789781460991464,2.7231601973775947,0.5021200107513021,0.2521245051968877,0.10084033613445378,121.83324369783082,1.0152770308152568,5.0,6.089147593508265,0.1228591531932403,0.6109177996665511,0.891609176235473,0.03288082642026041,0.07550999734426658,0.891609176235473,101.85363367375142,373.13156741451303,369.92084232385974,70.4800924617848,4967.443433421736,0.06722689075630252,1244899.5231056097,10374.162692546748,,
COUGH,COUGH_017_Trial_2_Talking_IMU_seg0001,COUGH_017_Trial_2_Talking_IMU_seg0001_c0003,12.53,13.85,1.3200000000000005,133,1253,1386,2.581068763460072,0.4468053421269464,True,,17,017_Trial_2_Talking,IMU,Trial_2_Talking,0.9916657685599616,2.581068763460072,2.4810653049826064,0.47893894656051034,0.22938251453249137,0.10606060606060606,130.79233253897135,0.9834009965336192,4.545454545454545,5.249472445213536,0.1069887284831453,0.5846543776266026,0.88821730990958,0.023289572511229407,0.08849311757919053,0.88821730990958,103.84607589889535,387.41371526800697,379.95174527441395,67.42803631272743,4546.540080990489,0.09848484848484848,1434272.9947866846,10784.007479599133,,
COUGH,COUGH_017_Trial_2_Talking_IMU_seg0003,COUGH_017_Trial_2_Talking_IMU_seg0003_c0001,20.59,21.0,0.4100000000000001,42,6,48,1.4644212864327706,0.2482791531120182,True,,17,017_Trial_2_Talking,IMU,Trial_2_Talking,0.5965984771254829,1.4644212864327706,1.391173479070326,0.33527713669061615,0.11241075838745809,0.14634146341463414,14.949049202154702,0.3559297429084453,4.761904761904762,7.378563901476101,0.015968378110076595,0.48907198248531286,0.9114616391394439,0.03767180064058938,0.05086656021996669,0.9114616391394439,102.11829229302661,204.16921049593628,187.5234077195666,49.92961745398969,2492.966699101752,0.14634146341463414,437982.1160754488,10428.14562084402,,
COUGH,COUGH_017_Trial_2_Talking_IMU_seg0004,COUGH_017_Trial_2_Talking_IMU_seg0004_c0001,403.75,536.64,132.89,13290,38163,51453,2.6039733691180578,0.648745046229801,True,,17,017_Trial_2_Talking,IMU,Trial_2_Talking,0.9321865015516996,2.6039733691180578,2.5982824666133375,0.4450208834618183,0.19804358671713726,0.09940552336518925,11548.633543143365,0.8689716736751968,5.206922498118886,5.6299607118601624,13.229647343673147,0.5054738075667655,0.9200094619187141,0.04819359989382425,0.0317969381874617,0.9200094619187141,147.69275957635335,395.9897589504666,390.69096623440885,69.59094398545898,4842.899484787288,0.10535028971329671,289896779.86369145,21813.151231278513,,
COUGH,COUGH_017_Trial_2_Talking_IMU_seg0005,COUGH_017_Trial_2_Talking_IMU_seg0005_c0001,551.77,553.19,1.4200000000000728,143,7,150,0.4279625562281033,0.2970752324851262,True,,17,017_Trial_2_Talking,IMU,Trial_2_Talking,0.21156691730604119,0.4279625562281033,0.4129833067419601,0.09237853290887248,0.008533793342395636,0.07042253521126761,6.400760151268521,0.044760560498381265,1.4084507042253522,3.4485530208164805,0.004463149096335544,0.5407117626986573,0.6874031753213287,0.18673192338326647,0.1258649012954049,0.6874031753213287,32.81025243470981,64.65711567864177,60.7916474745799,13.763672177325857,189.43867180489391,0.13380281690140844,153941.31107060146,1076.5126648293808,,
COUGH,COUGH_017_Trial_2_Talking_IMU_seg0005,COUGH_017_Trial_2_Talking_IMU_seg0005_c0002,553.8,554.56,0.7599999999999909,77,210,287,0.3715518692342521,0.2970752324851262,True,,17,017_Trial_2_Talking,IMU,Trial_2_Talking,0.21600707541888617,0.37155186923425215,0.31604333342434626,0.08945245831617891,0.008001742298807726,0.02631578947368421,3.5927473605885685,0.04665905663102037,2.6315789473684212,4.383603193818508,0.0009969164413067314,0.4539174061090572,0.675393227932306,0.11235988681923174,0.21224688524846216,0.675393227932306,31.482432503376415,58.353282366950744,50.34334515180768,12.994567596082545,168.85878700915848,0.07894736842105263,76318.05383738318,991.1435563296517,,
COUGH,COUGH_017_Trial_2_Talking_IMU_seg0005,COUGH_017_Trial_2_Talking_IMU_seg0005_c0003,555.12,555.84,0.7200000000000273,73,342,415,0.426036096811651,0.2970752324851262,True,,17,017_Trial_2_Talking,IMU,Trial_2_Talking,0.22544741845196697,0.42603609681165105,0.4020207118629502,0.10871747204214896,0.01181948872723544,0.08333333333333333,3.7103373095259102,0.0508265384866563,2.7777777777777777,5.051392526213807,0.001901169212095389,0.5295372558013474,0.7741895698918383,0.12144944762292818,0.10436098248523351,0.7741895698918383,30.102719123587583,68.61361153384571,62.64440154940607,14.101877179054368,198.8629399731344,0.1111111111111111,66150.68000025321,906.1736986336057,,
COUGH,COUGH_017_Trial_2_Talking_IMU_seg0005,COUGH_017_Trial_2_Talking_IMU_seg0005_c0004,556.41,557.15,0.7400000000000091,75,471,546,0.3627409374485632,0.2970752324851262,True,,17,017_Trial_2_Talking,IMU,Trial_2_Talking,0.20429111423666418,0.3627409374485632,0.3391853699930406,0.09001086693174513,0.00810195616580433,0.08108108108108109,3.1301144517043333,0.04173485935605778,5.405405405405405,6.500561480174163,0.0014910675255409953,0.5572339349816704,0.7818165430747063,0.1036704438627644,0.11451301306252937,0.7818165430747063,29.902743810982148,57.020181457008356,53.73073476630684,14.156879354638233,200.41723306178224,0.13513513513513514,67063.05655689233,894.1740874252312,,
COUGH,COUGH_017_Trial_2_Talking_IMU_seg0005,COUGH_017_Trial_2_Talking_IMU_seg0005_c0005,561.54,562.29,0.75,76,984,1060,0.3956978990717393,0.2970752324851262,True,,17,017_Trial_2_Talking,IMU,Trial_2_Talking,0.2430253507386305,0.39569789907173936,0.3486099005799598,0.09750741139194828,0.009507695276358646,0.08,4.488660403724213,0.059061321101634374,7.894736842105264,5.631508687159705,0.0015960437457142452,0.5437358368526901,0.7576128064242761,0.11677854865987726,0.1256086449158467,0.7576128064242761,44.51594247402381,91.95406129592713,82.02029515353718,21.643164997152095,468.4265910939496,0.10666666666666667,150606.85421064537,1981.669134350597,,
COUGH,COUGH_017_Trial_2_Talking_IMU_seg0005,COUGH_017_Trial_2_Talking_IMU_seg0005_c0006,562.84,563.58,0.7400000000000091,75,1114,1189,0.4105230304613844,0.2970752324851262,True,,17,017_Trial_2_Talking,IMU,Trial_2_Talking,0.23314910182827636,0.4105230304613844,0.37609119703224403,0.09425950680943108,0.008884854623957184,0.08108108108108109,4.076887776249898,0.05435850368333198,5.405405405405405,6.093122238278581,0.0015079069743960311,0.5609389757113812,0.7983166206433042,0.09515198315997168,0.10653139619672418,0.7983166206433042,39.825023681499744,80.83048250376521,76.64300543221299,19.736365414477596,389.5241197737874,0.13513513513513514,118952.43834240115,1586.0325112320154,,
COUGH,COUGH_017_Trial_2_Talking_IMU_seg0005,COUGH_017_Trial_2_Talking_IMU_seg0005_c0007,564.18,564.92,0.7400000000000091,75,1248,1323,0.3556406665081508,0.2970752324851262,True,,17,017_Trial_2_Talking,IMU,Trial_2_Talking,0.21707671445000787,0.3556406665081508,0.3127567560699463,0.08751375569143217,0.007658657435219676,0.05405405405405406,3.534172496730769,0.04712229995641025,2.7027027027027026,5.394859514037748,0.0012266088326643105,0.5065096492015891,0.7423401493735675,0.09855888244499741,0.15910096818143507,0.7423401493735675,32.48112940853186,63.180856034417644,59.00284211495094,15.446583004672439,238.59692652023543,0.08108108108108109,79126.78257403447,1055.023767653793,,
COUGH,COUGH_017_Trial_2_Talking_IMU_seg0005,COUGH_017_Trial_2_Talking_IMU_seg0005_c0008,565.47,566.2,0.7300000000000182,74,1377,1451,0.4278922852009491,0.2970752324851262,True,,17,017_Trial_2_Talking,IMU,Trial_2_Talking,0.231490960732207,0.4278922852009491,0.3764440281802658,0.10417796927488808,0.010853049282239523,0.0821917808219178,3.9655168026532954,0.05358806490072021,5.405405405405405,6.501236194407277,0.0019967077444944634,0.5149770144223984,0.7927178619509558,0.09494654012915521,0.11233559791988894,0.7927178619509558,39.905765043523324,85.3272524476031,81.52328940491331,19.916291887282767,396.6586825394454,0.0821917808219178,117842.78619445772,1592.470083708888,,
COUGH,COUGH_017_Trial_2_Talking_IMU_seg0005,COUGH_017_Trial_2_Talking_IMU_seg0005_c0009,566.83,567.55,0.7199999999999136,73,1513,1586,0.3835468029476557,0.2970752324851262,True,,17,017_Trial_2_Talking,IMU,Trial_2_Talking,0.22118866299178078,0.3835468029476557,0.31375072748204724,0.08738118883807618,0.007635472162755528,0.08333333333333333,3.571482998434685,0.048924424636091576,5.555555555555555,5.4381180658071315,0.001073983822651074,0.4962830458856971,0.6902718764665073,0.13843400651986112,0.17129411701363148,0.6902718764665073,33.9220967212205,59.31787179040188,55.42025401743683,13.728507865700406,188.47192821859792,0.1111111111111111,84001.73115536019,1150.7086459638383,,
COUGH,COUGH_017_Trial_2_Talking_IMU_seg0005,COUGH_017_Trial_2_Talking_IMU_seg0005_c0010,568.8,570.78,1.9800000000000184,199,1710,1909,0.4611574600373586,0.2970752324851262,True,,17,017_Trial_2_Talking,IMU,Trial_2_Talking,0.21642994418164527,0.46115746003735864,0.4366861120657418,0.0939297068052781,0.008822789820525506,0.09090909090909091,9.321542226955547,0.046841920738470086,1.0101010101010102,4.149998137445391,0.008287273711945714,0.5867697369908226,0.7198941811899848,0.1729064271878677,0.10719939162214755,0.7198941811899848,39.72437936788018,91.00144512743334,88.55539521804671,16.733250445231967,280.00167046285577,0.08585858585858586,314027.23691648967,1578.0263161632647,,
COUGH,COUGH_017_Trial_2_Talking_IMU_seg0005,COUGH_017_Trial_2_Talking_IMU_seg0005_c0011,571.95,572.67,0.7199999999999136,73,2025,2098,0.4164241206112969,0.2970752324851262,True,,17,017_Trial_2_Talking,IMU,Trial_2_Talking,0.22875219656290002,0.41642412061129697,0.3371974421408634,0.09268457268711758,0.008590430014193582,0.08333333333333333,3.81991242256167,0.052327567432351646,8.333333333333332,6.350139326700139,0.0012460596899828622,0.5650017099487054,0.8017793677021214,0.11659778084813432,0.0816228514497443,0.8017793677021214,37.397748955990174,67.56686437818252,63.10680683464519,16.727503993323563,279.80938984665573,0.1111111111111111,102097.18876919428,1398.5916269752643,,
COUGH,COUGH_017_Trial_2_Talking_IMU_seg0005,COUGH_017_Trial_2_Talking_IMU_seg0005_c0012,573.22,573.9,0.67999999999995,69,2152,2221,0.4706458159917297,0.2970752324851262,True,,17,017_Trial_2_Talking,IMU,Trial_2_Talking,0.23327487926157942,0.4706458159917297,0.3931276633354208,0.11544949008785592,0.013328584761545944,0.058823529411764705,3.7547846813208072,0.05441716929450445,8.823529411764705,6.587128969110566,0.0014192684188509017,0.5595219862185113,0.7899639364813258,0.10342622471276736,0.10660983880590691,0.7899639364813258,39.031925718186926,80.48434352092234,74.40336780800254,16.628753048584517,276.5154279508088,0.11764705882352941,105120.89454363429,1523.4912252700622,,
COUGH,COUGH_017_Trial_2_Talking_IMU_seg0005,COUGH_017_Trial_2_Talking_IMU_seg0005_c0013,574.47,577.06,2.589999999999918,260,2277,2537,0.4360459911004775,0.2970752324851262,True,,17,017_Trial_2_Talking,IMU,Trial_2_Talking,0.21520505659343153,0.43604599110047754,0.40999003810007206,0.08823472251811255,0.0077853662578483175,0.08494208494208494,12.041436259679337,0.046313216383382066,3.0769230769230766,4.642556309269133,0.009866982574201039,0.599565257217792,0.7440543140403718,0.16969644476051654,0.08624924119911172,0.7440543140403718,38.001979098209034,85.03172313301764,84.08189232813152,16.638698991289328,276.84630412273253,0.13127413127413126,375479.10799898626,1444.1504153807164,,
COUGH,COUGH_017_Trial_2_Talking_IMU_seg0005,COUGH_017_Trial_2_Talking_IMU_seg0005_c0014,579.42,581.36,1.9400000000000543,195,2772,2967,0.4328686336033954,0.2970752324851262,True,,17,017_Trial_2_Talking,IMU,Trial_2_Talking,0.21787023759578983,0.43286863360339545,0.39236572832713923,0.09876444524727121,0.009754415645001234,0.09278350515463918,9.256150883858952,0.04746744043004591,1.0309278350515465,4.13552268103608,0.0076971165393260555,0.5847569316156941,0.8067623405847916,0.11715602974074699,0.07608162967446151,0.8067623405847916,40.70432368324498,84.34407112193912,81.34723391809815,18.650795769278062,347.8521828273205,0.12371134020618557,323084.1834695237,1656.841966510378,,
COUGH,COUGH_017_Trial_2_Talking_IMU_seg0005,COUGH_017_Trial_2_Talking_IMU_seg0005_c0015,581.93,582.65,0.7200000000000273,73,3023,3096,0.396678285405125,0.2970752324851262,True,,17,017_Trial_2_Talking,IMU,Trial_2_Talking,0.22424204280669377,0.39667828540512506,0.3410585508260661,0.08874793697029854,0.007876196316484082,0.05555555555555555,3.670768044634693,0.05028449376211908,2.7777777777777777,6.1830001315172485,0.0010968218313362648,0.5630177958902678,0.787203048980273,0.09958818598535668,0.11320876503437026,0.787203048980273,38.962841782684166,84.04243739591305,77.67650488678831,20.236536353670736,409.5174035934373,0.08333333333333333,110821.52190412095,1518.1030397824788,,
COUGH,COUGH_017_Trial_2_Talking_IMU_seg0005,COUGH_017_Trial_2_Talking_IMU_seg0005_c0016,583.2,586.43,3.2299999999999045,324,3150,3474,0.4749313034250876,0.2970752324851262,True,,17,017_Trial_2_Talking,IMU,Trial_2_Talking,0.2234375917666185,0.47493130342508766,0.4473804403125977,0.10127419927936715,0.010256463439676969,0.08668730650154799,16.175491802287006,0.04992435741446607,1.8518518518518516,3.990690559614141,0.015258052203312113,0.5920662705477094,0.7573842343963657,0.12324885108743239,0.1193669145162019,0.7573842343963657,34.617138735336304,89.15945125812217,85.85295767918075,16.066525562669973,258.13324365592774,0.13003095975232198,388264.19932777283,1198.346294221521,,
COUGH,COUGH_017_Trial_2_Talking_IMU_seg0005,COUGH_017_Trial_2_Talking_IMU_seg0005_c0017,587.02,589.02,2.0,201,3532,3733,0.4097020559143932,0.2970752324851262,True,,17,017_Trial_2_Talking,IMU,Trial_2_Talking,0.21572907164341038,0.40970205591439324,0.37613708811233904,0.08779167689540168,0.007707378532106605,0.09,9.354345502777665,0.04653903235212769,1.0,3.845237145716524,0.006671195236724471,0.5635642433943896,0.752847183464449,0.13101219593995705,0.11614062059559395,0.752847183464449,35.850220764380595,66.28164351529153,60.91324551618548,14.647841093805365,214.55924870937315,0.12,258332.90409981998,1285.2383288548258,,
COUGH,COUGH_017_Trial_2_Talking_IMU_seg0005,COUGH_017_Trial_2_Talking_IMU_seg0005_c0018,589.61,590.3,0.6899999999999409,70,3791,3861,0.3888952494387804,0.2970752324851262,True,,17,017_Trial_2_Talking,IMU,Trial_2_Talking,0.21254684569121804,0.38889524943878045,0.38171527603501615,0.09743935113370145,0.009494427149356765,0.057971014492753624,3.162331312930052,0.045176161613286456,5.7142857142857135,6.050972062320575,0.0014463947947077726,0.5005439428697661,0.7128992962105158,0.12422859022611078,0.16287211356337344,0.7128992962105158,30.877793725517115,56.592848097265666,53.78595664336245,12.071081428313224,145.71100684896845,0.13043478260869565,66740.6701748909,953.4381453555842,,
COUGH,COUGH_017_Trial_2_Talking_IMU_seg0005,COUGH_017_Trial_2_Talking_IMU_seg0005_c0019,590.89,593.47,2.580000000000041,259,3919,4178,0.5615218615022272,0.2970752324851262,True,,17,017_Trial_2_Talking,IMU,Trial_2_Talking,0.23546199036529905,0.5615218615022272,0.5298885227529537,0.09611722756286153,0.009238521434370909,0.10852713178294573,14.35956836685814,0.05544234890678818,1.5503875968992247,4.706564244726433,0.014027092465950488,0.6208506134522418,0.6873990859854119,0.16605441641587249,0.1465464975987157,0.6873990859854119,47.34692980923345,115.94522984054542,110.0385536331506,21.862876749975776,477.98537978463133,0.12015503875968993,580608.5264513642,2241.7317623604795,,
COUGH,COUGH_017_Trial_2_Talking_IMU_seg0005,COUGH_017_Trial_2_Talking_IMU_seg0005_c0020,594.64,596.61,1.9700000000000275,198,4294,4492,0.474478986671925,0.2970752324851262,True,,17,017_Trial_2_Talking,IMU,Trial_2_Talking,0.20521228813510628,0.47447898667192506,0.4434422681421551,0.09175098827299849,0.008418243849071907,0.09137055837563451,8.338192473925885,0.04211208320164588,1.0101010101010102,4.417716969031593,0.005567951056371976,0.6129567761252871,0.778951905470383,0.14435494891949655,0.07669314561012054,0.778951905470383,40.394386262041245,75.78254502642564,70.40011253960151,16.193892494752824,262.2421541316118,0.12690355329949238,323077.8754144233,1631.7064414869863,,
COUGH,COUGH_017_Trial_2_Talking_IMU_seg0005,COUGH_017_Trial_2_Talking_IMU_seg0005_c0021,597.19,597.92,0.7299999999999045,74,4549,4623,0.4077610250483747,0.2970752324851262,True,,17,017_Trial_2_Talking,IMU,Trial_2_Talking,0.23969442964816604,0.4077610250483747,0.35394041494350925,0.10574611139849427,0.011182240075902761,0.0821917808219178,4.251553050722612,0.057453419604359623,5.405405405405405,6.896451929237854,0.00147929970630759,0.5888158719066261,0.7573054758352118,0.10888617795765008,0.13380834620713808,0.7573054758352118,36.130386665698346,79.65467097932384,74.85451672265785,15.198421403292532,230.9920131520605,0.1506849315068493,96599.9582053526,1305.404840612873,,
COUGH,COUGH_017_Trial_2_Talking_IMU_seg0005,COUGH_017_Trial_2_Talking_IMU_seg0005_c0022,598.47,600.45,1.9800000000000184,199,4677,4876,0.5097901443562431,0.2970752324851262,True,,17,017_Trial_2_Talking,IMU,Trial_2_Talking,0.23319950238518136,0.5097901443562431,0.4917234231606447,0.10711930451825863,0.011474545400475425,0.08080808080808081,10.822019574626546,0.05438200791269621,1.0101010101010102,4.133645302100364,0.009922552937305968,0.5872603865881341,0.8243622210997607,0.11463854537671876,0.06099923352352064,0.8243622210997607,46.51546621465648,102.10761696780443,99.76923652880122,24.83105590967662,616.5813375894862,0.1111111111111111,430574.0308362028,2163.688597166848,,
COUGH,COUGH_017_Trial_2_Talking_IMU_seg0005,COUGH_017_Trial_2_Talking_IMU_seg0005_c0023,601.01,609.24,8.230000000000018,824,4931,5755,0.4797632356237535,0.2970752324851262,True,,17,017_Trial_2_Talking,IMU,Trial_2_Talking,0.21422632309800796,0.4797632356237535,0.457316619241211,0.09783499630054092,0.009571686501126855,0.09720534629404617,37.815764026667885,0.045892917508092095,1.6990291262135924,4.218551858345057,0.03783948255163723,0.560536769583965,0.7816843388904369,0.13910236695512943,0.07921329415443366,0.7816843388904369,41.618727371060146,99.78953137425592,96.7833810798156,20.118410372587537,404.75043591983786,0.1166464155528554,1427265.617620984,1732.1184679866312,,
COUGH,COUGH_017_Trial_2_Talking_IMU_seg0005,COUGH_017_Trial_2_Talking_IMU_seg0005_c0024,609.81,611.13,1.32000000000005,133,5811,5944,0.4436202398141283,0.2970752324851262,True,,17,017_Trial_2_Talking,IMU,Trial_2_Talking,0.21707020704312824,0.44362023981412835,0.42229763491246386,0.09881454504659859,0.009764314312766262,0.07575757575757576,6.266890146504292,0.04711947478574656,1.5151515151515151,3.5502025122318503,0.004741469601578034,0.5482657079535838,0.8062884876099298,0.1347478086923505,0.05896370369771974,0.8062884876099298,39.54020099113314,86.88814673492067,77.6800066414134,18.14279357595256,329.16095873962547,0.10606060606060606,207935.85675775446,1563.4274944192064,,
COUGH,COUGH_017_Trial_2_Talking_IMU_seg0005,COUGH_017_Trial_2_Talking_IMU_seg0005_c0025,612.33,613.01,0.67999999999995,69,6063,6132,0.4302262027199356,0.2970752324851262,True,,17,017_Trial_2_Talking,IMU,Trial_2_Talking,0.21355680699535087,0.4302262027199356,0.3949250086074316,0.10332775900556594,0.010676625781112312,0.058823529411764705,3.1468491771694187,0.045606509814049546,2.941176470588235,5.710217577883635,0.0009363244082930196,0.5681606983201383,0.8200966556147796,0.10799101685865457,0.07191232752656583,0.8200966556147796,30.9799883469909,64.42058789444759,61.29472978232175,15.515496436803485,240.73062968046165,0.11764705882352941,66223.41778059874,959.7596779796919,,
COUGH,COUGH_017_Trial_2_Talking_IMU_seg0005,COUGH_017_Trial_2_Talking_IMU_seg0005_c0026,613.61,614.35,0.7400000000000091,75,6191,6266,0.4093986003253794,0.2970752324851262,True,,17,017_Trial_2_Talking,IMU,Trial_2_Talking,0.2281676879442372,0.40939860032537945,0.36989794761447436,0.08907528292222512,0.00793440602767445,0.08108108108108109,3.9045370366364107,0.05206049382181881,5.405405405405405,5.493421396980082,0.001239489540853941,0.531704755050349,0.7991661952584901,0.10066189739220695,0.100171907349303,0.7991661952584901,36.52415372363594,70.92921175192812,66.55373577305443,17.063436627345308,291.1608695354294,0.08108108108108109,100051.03539208419,1334.0138052277891,,
COUGH,COUGH_017_Trial_2_Talking_IMU_seg0005,COUGH_017_Trial_2_Talking_IMU_seg0005_c0027,614.93,615.66,0.7300000000000182,74,6323,6397,0.3551504760730885,0.2970752324851262,True,,17,017_Trial_2_Talking,IMU,Trial_2_Talking,0.20914191431169943,0.35515047607308853,0.33091163717689503,0.08725133815606977,0.007612796010024835,0.0547945205479452,3.2367851838252046,0.04374034032196222,5.405405405405405,5.758626925964125,0.001412653943622303,0.5110218033393817,0.7010193985937966,0.10388706575439151,0.19509353565181195,0.7010193985937966,31.16612881058203,64.69842477800609,58.643659238468075,15.167739751109263,230.0603291573801,0.1095890410958904,71878.24129279655,971.3275850377912,,
COUGH,COUGH_017_Trial_2_Talking_IMU_seg0005,COUGH_017_Trial_2_Talking_IMU_seg0005_c0028,616.24,618.27,2.0299999999999727,204,6454,6658,0.4440679908770321,0.2970752324851262,True,,17,017_Trial_2_Talking,IMU,Trial_2_Talking,0.2126501752877311,0.44406799087703214,0.4212402232649104,0.0982269002593756,0.009648523934565322,0.07881773399014778,9.224899798180164,0.04522009704990276,0.9803921568627451,3.551724288651532,0.00820561773557476,0.5502668815804781,0.7773442369211415,0.1335556674427909,0.08910009563606759,0.7773442369211415,33.20571546073735,66.43609312098295,62.92239494388601,16.129302167758567,260.1543884188612,0.07881773399014778,224934.38600892812,1102.6195392594516,,
COUGH,COUGH_017_Trial_2_Talking_IMU_seg0005,COUGH_017_Trial_2_Talking_IMU_seg0005_c0029,618.84,627.58,8.740000000000009,875,6714,7589,0.5484726124500553,0.2970752324851262,True,,17,017_Trial_2_Talking,IMU,Trial_2_Talking,0.22069467056697292,0.5484726124500553,0.5273909970850889,0.09237746661576719,0.008533596338347183,0.10526315789473684,42.61787041458162,0.0487061376166647,1.6018306636155606,4.512702646936215,0.03822440904459033,0.6065494658842393,0.7526552738172533,0.16008175002313146,0.08726297615961529,0.7526552738172533,41.29650370633421,96.75370600907945,96.07863061909181,19.470189410718085,379.0882756892387,0.10755148741418764,1492226.0660713657,1705.401218367275,,
COUGH,COUGH_017_Trial_2_Talking_IMU_seg0005,COUGH_017_Trial_2_Talking_IMU_seg0005_c0030,628.19,629.49,1.2999999999999543,131,7649,7780,0.4176315132698359,0.2970752324851262,True,,17,017_Trial_2_Talking,IMU,Trial_2_Talking,0.2214541369377642,0.41763151326983594,0.3880276561280404,0.09935097153811591,0.009870615545567517,0.09230769230769231,6.424493454457352,0.049041934766850016,1.5384615384615383,4.100947013249626,0.0053741795440025945,0.5741728774732534,0.793079947475713,0.13695904493254352,0.06996100759174348,0.793079947475713,38.450017922501566,75.75362089587593,73.89319701496056,19.713010862591638,388.60279726865593,0.11538461538461539,193670.90804953058,1478.4038782406915,,
COUGH,COUGH_017_Trial_2_Talking_IMU_seg0005,COUGH_017_Trial_2_Talking_IMU_seg0005_c0031,631.27,632.0,0.7300000000000182,74,7957,8031,0.4535686666844763,0.2970752324851262,True,,17,017_Trial_2_Talking,IMU,Trial_2_Talking,0.230970759649501,0.4535686666844763,0.40134517432837985,0.10324746959042963,0.01066003997682669,0.0547945205479452,3.9477143941670003,0.05334749181306757,5.405405405405405,6.294994808333632,0.0012000060353290999,0.5040450351674705,0.7844502838865036,0.12471489119165625,0.09083482492184013,0.7844502838865036,38.66638915502294,82.37037015185004,77.19434689914709,19.375796341130208,375.42148385295474,0.0547945205479452,110636.63412128799,1495.0896502876756,,
COUGH,COUGH_017_Trial_2_Talking_IMU_seg0005,COUGH_017_Trial_2_Talking_IMU_seg0005_c0032,632.53,633.24,0.7100000000000364,72,8083,8155,0.422709227980477,0.2970752324851262,True,,17,017_Trial_2_Talking,IMU,Trial_2_Talking,0.23213020674885618,0.42270922798047705,0.3855697966463818,0.09555529012783902,0.00913081347141549,0.056338028169014086,3.8796791677392033,0.05388443288526671,8.333333333333332,6.4424492868727326,0.0011606388720318027,0.5840706014877882,0.7902540991902617,0.1198930552052688,0.08985284560446956,0.7902540991902617,38.47984720269794,84.46099309755198,81.32015182082183,18.714213230333858,350.22177683040286,0.09859154929577464,106610.30213349458,1480.6986407429804,,
COUGH,COUGH_017_Trial_2_Talking_IMU_seg0005,COUGH_017_Trial_2_Talking_IMU_seg0005_c0033,633.79,635.74,1.9500000000000453,196,8209,8405,0.4803698506720966,0.2970752324851262,True,,17,017_Trial_2_Talking,IMU,Trial_2_Talking,0.23370242449317774,0.48036985067209664,0.4262074569650812,0.09545729810304081,0.009112095761132798,0.09230769230769231,10.70489734994193,0.05461682321398944,1.0204081632653061,4.032570393821721,0.006654645436426211,0.5921506860230855,0.7121926871170211,0.1977404024706711,0.09006691041230784,0.7121926871170211,44.117377636392085,93.91174314479281,85.72866247799536,17.932522629350714,321.5753678521755,0.11794871794871795,381483.2298643576,1946.3430095120286,,
COUGH,COUGH_017_Trial_2_Talking_IMU_seg0005,COUGH_017_Trial_2_Talking_IMU_seg0005_c0034,636.26,639.44,3.180000000000064,319,8456,8775,0.5410457733532554,0.2970752324851262,True,,17,017_Trial_2_Talking,IMU,Trial_2_Talking,0.23776535858969725,0.5410457733532554,0.4979402046632048,0.10918418476296891,0.011921186202354132,0.10062893081761007,18.033824672746654,0.05653236574528732,1.8867924528301887,4.096902839730206,0.017083174096005658,0.5988694385841321,0.797730573094719,0.13640720008071586,0.06586222682456527,0.797730573094719,43.89075220339487,97.42370712716948,89.48675411365923,19.74473550697382,389.85458024035273,0.09748427672955975,614521.0031445599,1926.3981289798116,,
COUGH,COUGH_017_Trial_2_Talking_IMU_seg0005,COUGH_017_Trial_2_Talking_IMU_seg0005_c0035,640.0,642.0,2.0,201,8830,9031,0.4581043530302353,0.2970752324851262,True,,17,017_Trial_2_Talking,IMU,Trial_2_Talking,0.2199706232267488,0.45810435303023533,0.4506569695669252,0.1013009561760541,0.010261883722182832,0.07,9.725802091635618,0.04838707508276427,1.0,3.723794363224795,0.008355824183994769,0.5566520954273049,0.7532330390520634,0.1386122796932547,0.10815468125468193,0.7532330390520634,31.954043001789728,74.78938279336306,71.87716749382918,15.869330835221051,251.83566115769764,0.09,205233.23369620566,1021.0608641602272,,
COUGH,COUGH_017_Trial_2_Talking_IMU_seg0005,COUGH_017_Trial_2_Talking_IMU_seg0005_c0036,642.58,643.3,0.7199999999999136,73,9088,9161,0.4166742787884923,0.2970752324851262,True,,17,017_Trial_2_Talking,IMU,Trial_2_Talking,0.23909688753484984,0.4166742787884923,0.378045810795789,0.10705339405832068,0.01146042917940609,0.08333333333333333,4.173214478906242,0.05716732162885264,8.333333333333332,7.121485128740303,0.0017348412233517743,0.566102752780053,0.7995377419426554,0.10078472002503971,0.09967753803230503,0.7995377419426554,34.10759197782786,66.58716747661954,63.26471987603172,17.602159340720384,309.83601345610987,0.1111111111111111,84922.93162839707,1163.3278305259873,,
COUGH,COUGH_017_Trial_2_Talking_IMU_seg0005,COUGH_017_Trial_2_Talking_IMU_seg0005_c0037,643.9,644.59,0.6900000000000546,70,9220,9290,0.406537553735004,0.2970752324851262,True,,17,017_Trial_2_Talking,IMU,Trial_2_Talking,0.22527662978649285,0.406537553735004,0.3357876648196058,0.09491589558801845,0.009009027235275621,0.057971014492753624,3.5524691949572387,0.050749559927960555,8.57142857142857,7.791583715905403,0.0009594438533883144,0.5151482105803196,0.755179818639235,0.1253706297742907,0.11944955158647427,0.755179818639235,32.41338076626286,61.21329042892783,54.82745670693491,13.713981371859965,188.07328506772214,0.11594202898550725,73543.90768891174,1050.627252698739,,
COUGH,COUGH_017_Trial_2_Talking_IMU_seg0005,COUGH_017_Trial_2_Talking_IMU_seg0005_c0038,645.22,645.94,0.7200000000000273,73,9352,9425,0.4293976343090878,0.2970752324851262,True,,17,017_Trial_2_Talking,IMU,Trial_2_Talking,0.23152039364764837,0.4293976343090878,0.38607323142392685,0.09766382171160903,0.009538222071316957,0.08333333333333333,3.91292356525763,0.05360169267476206,2.7777777777777777,4.162754424761408,0.002135509616479308,0.49533567158011604,0.730846164146143,0.08977970575040008,0.17937413010345687,0.730846164146143,39.40900869810597,75.80446448538737,64.41003734209488,16.04762364331896,257.52622459760966,0.1111111111111111,113374.10755941963,1553.0699665673922,,
COUGH,COUGH_017_Trial_2_Talking_IMU_seg0005,COUGH_017_Trial_2_Talking_IMU_seg0005_c0039,646.47,647.2,0.7300000000000182,74,9477,9551,0.438698587836657,0.2970752324851262,True,,17,017_Trial_2_Talking,IMU,Trial_2_Talking,0.25822802213679086,0.438698587836657,0.3516083228411544,0.10060268223794856,0.010120899673469652,0.0273972602739726,4.934446644834242,0.06668171141667895,2.7027027027027026,6.231466140055146,0.0017002145589823004,0.5698495739312381,0.6729067208871137,0.09939051611836777,0.22770276299451853,0.6729067208871137,41.20518539532177,95.60096069919216,85.95149115308836,20.631366660685917,425.6532902876623,0.0821917808219178,125642.18045625005,1697.8673034628384,,
COUGH,COUGH_017_Trial_2_Talking_IMU_seg0005,COUGH_017_Trial_2_Talking_IMU_seg0005_c0040,647.78,648.47,0.6900000000000546,70,9608,9678,0.3630021597893337,0.2970752324851262,True,,17,017_Trial_2_Talking,IMU,Trial_2_Talking,0.2110606487138424,0.3630021597893337,0.2862737159399908,0.09115418782705674,0.00830908595841034,0.08695652173913043,3.118261820485559,0.044546597435507984,5.7142857142857135,6.556749887537804,0.0014774055719742934,0.48304915364858797,0.6616883169258444,0.1485232299864555,0.18978845308770004,0.6616883169258444,31.610929374620696,69.46180254007945,62.92485171148049,12.507534941739978,156.43843031884646,0.08695652173913043,69947.55991490802,999.2508559272575,,
COUGH,COUGH_017_Trial_2_Talking_IMU_seg0005,COUGH_017_Trial_2_Talking_IMU_seg0005_c0041,649.03,649.74,0.7100000000000364,72,9733,9805,0.3910544985840209,0.2970752324851262,True,,17,017_Trial_2_Talking,IMU,Trial_2_Talking,0.21258973987182772,0.39105449858402097,0.372519584047984,0.09288918978063587,0.008628401578102988,0.08450704225352113,3.2539966199115398,0.04519439749877138,5.555555555555555,6.207489209785528,0.0014345664097753375,0.5474751107040234,0.7657169193991489,0.12439801838433141,0.10988506221651972,0.7657169193991489,30.051637599719367,52.66334085766113,46.680592156665384,13.124234266919169,172.24552509297536,0.14084507042253522,65023.26641459041,903.1009224248669,,
COUGH,COUGH_017_Trial_2_Talking_IMU_seg0005,COUGH_017_Trial_2_Talking_IMU_seg0005_c0042,650.34,651.03,0.6899999999999409,70,9864,9934,0.4413725370418572,0.2970752324851262,True,,17,017_Trial_2_Talking,IMU,Trial_2_Talking,0.2205169837885145,0.44137253704185725,0.39081923460453083,0.1012697756468293,0.010255567459559143,0.057971014492753624,3.4039418097428777,0.048627740139183966,8.57142857142857,7.933623792122329,0.0016821266385439143,0.5539995871926657,0.7816179630075223,0.1004026828036065,0.11797935418887116,0.7816179630075223,32.098821424953925,62.115797977596934,57.02419762716427,15.680286499757365,245.8713847144731,0.11594202898550725,72123.40358097566,1030.334336871081,,
COUGH,COUGH_017_Trial_2_Talking_IMU_seg0005,COUGH_017_Trial_2_Talking_IMU_seg0005_c0043,651.62,656.12,4.5,451,9992,10443,0.5929853900124471,0.2970752324851262,True,,17,017_Trial_2_Talking,IMU,Trial_2_Talking,0.21150160680952113,0.5929853900124471,0.572639205228716,0.09533433286919034,0.009088635023613584,0.09333333333333334,20.174551287037186,0.04473292968300928,1.7777777777777777,4.8061255286836175,0.021063050524288775,0.61236221696093,0.7467212723067872,0.13875667377396567,0.11452205391924714,0.7467212723067872,38.62832493004321,102.82953230366641,100.18562328246509,17.997112266203807,323.8960499223436,0.1111111111111111,672958.5165923501,1492.147486900998,,
COUGH,COUGH_017_Trial_2_Talking_IMU_seg0005,COUGH_017_Trial_2_Talking_IMU_seg0005_c0044,656.69,657.37,0.67999999999995,69,10499,10568,0.4187896877273035,0.2970752324851262,True,,17,017_Trial_2_Talking,IMU,Trial_2_Talking,0.22998449816342947,0.4187896877273035,0.36874422695402737,0.09807696700978503,0.009619091457838463,0.08823529411764706,3.6496079882884307,0.0528928693954845,5.88235294117647,6.472630959564877,0.0013969307904526736,0.555242846748025,0.7118577637911139,0.0989921814843039,0.18915005472458224,0.7118577637911139,30.093409728143712,65.66141110124227,60.385380717680135,14.503191755163781,210.3425710870507,0.029411764705882353,62487.318325549495,905.6133090659347,,
COUGH,COUGH_017_Trial_2_Talking_IMU_seg0005,COUGH_017_Trial_2_Talking_IMU_seg0005_c0045,657.95,658.65,0.6999999999999318,71,10625,10696,0.3838727488980217,0.2970752324851262,True,,17,017_Trial_2_Talking,IMU,Trial_2_Talking,0.20242527920056602,0.38387274889802175,0.32585435957286896,0.09794151340615884,0.009592540048288791,0.05714285714285714,2.9092955498193245,0.040975993659427105,5.7142857142857135,5.89243604272311,0.001245500904618943,0.5692193775347626,0.7735758621175262,0.12886186786981652,0.09756227001265733,0.7735758621175262,31.645352528987775,75.22541617096459,65.52923837748519,13.780981522646833,189.91545172753342,0.05714285714285714,71101.41190455783,1001.428336683913,,
COUGH,COUGH_017_Trial_2_Talking_IMU_seg0005,COUGH_017_Trial_2_Talking_IMU_seg0005_c0046,659.23,660.54,1.3099999999999454,132,10753,10885,0.4293923080193511,0.2970752324851262,True,,17,017_Trial_2_Talking,IMU,Trial_2_Talking,0.20920582285171818,0.4293923080193511,0.4156019292719133,0.09588640089312199,0.009194201876236506,0.0916030534351145,5.777254073588512,0.04376707631506449,1.5151515151515151,3.855527962949886,0.004954403950001176,0.5590637320262574,0.7654326863820368,0.148144048560055,0.08642326505790819,0.7654326863820368,36.29524822176833,74.96025895923127,67.13824989584467,15.96803419748336,254.97811613199806,0.10687022900763359,173889.54573933058,1317.3450434797771,,
COUGH,COUGH_017_Trial_2_Talking_IMU_seg0005,COUGH_017_Trial_2_Talking_IMU_seg0005_c0047,661.17,663.87,2.700000000000045,271,10947,11218,0.4266035343905583,0.2970752324851262,True,,17,017_Trial_2_Talking,IMU,Trial_2_Talking,0.2201889613181681,0.4266035343905583,0.42013375032230504,0.09395014009816084,0.00882662882446405,0.08888888888888889,13.138941424007278,0.048483178686373724,1.4814814814814814,4.631248027244783,0.012353725894901774,0.6059109815850404,0.792612761104774,0.11488868017464038,0.0924985587205856,0.792612761104774,39.07100815089571,88.18734485128485,84.23311323723672,20.58857291804859,423.8893348018039,0.08888888888888889,413693.3367183142,1526.5436779273587,,
COUGH,COUGH_017_Trial_2_Talking_IMU_seg0005,COUGH_017_Trial_2_Talking_IMU_seg0005_c0048,666.99,669.02,2.0299999999999727,204,11529,11733,0.4871483758046438,0.2970752324851262,True,,17,017_Trial_2_Talking,IMU,Trial_2_Talking,0.21965715406708916,0.4871483758046438,0.47198107621137925,0.10476325045319182,0.010975338645518197,0.06896551724137931,9.842850127902,0.048249265332852946,0.9803921568627451,3.5927687986031267,0.008728044844260329,0.5525130715758167,0.8071726210134218,0.10030480544035743,0.09252257354622082,0.8071726210134218,36.87965204609424,93.20929266982635,90.61674175126765,20.467963203821675,418.9375177129981,0.10837438423645321,277462.18194836064,1360.1087350409834,,
COUGH,COUGH_017_Trial_2_Talking_IMU_seg0005,COUGH_017_Trial_2_Talking_IMU_seg0005_c0049,669.58,679.14,9.559999999999944,957,11788,12745,0.5678504887104319,0.2970752324851262,True,,17,017_Trial_2_Talking,IMU,Trial_2_Talking,0.2192879286732083,0.5678504887104319,0.5533747436825591,0.10060010477205511,0.010120381080148465,0.09832635983263599,46.01944624832929,0.04808719566178609,1.6736401673640167,4.524867038824558,0.046836823430892335,0.587405746636418,0.7791406453918283,0.1481856186678812,0.07267373594029052,0.7791406453918283,40.90662589714591,114.24666953719714,112.834577125743,21.586776659404585,465.9889265430146,0.10251046025104603,1601397.9044706193,1673.3520422890483,,
COUGH,COUGH_017_Trial_2_Talking_IMU_seg0005,COUGH_017_Trial_2_Talking_IMU_seg0005_c0050,680.35,681.65,1.2999999999999543,131,12865,12996,0.5962759280906819,0.2970752324851262,True,,17,017_Trial_2_Talking,IMU,Trial_2_Talking,0.26712528519297113,0.5962759280906819,0.5669875535225196,0.13456622161810103,0.018108068000571877,0.09230769230769231,9.347625256614826,0.07135591798942616,1.5384615384615383,3.5480162844284258,0.011221149104860323,0.5337522244823808,0.7325464753677338,0.1512225014854295,0.11623102314683674,0.7325464753677338,56.97806323202063,120.52463964023622,117.84960777753304,25.322227411073207,641.2152010581073,0.1,425291.4593470505,3246.4996896721414,,
COUGH,COUGH_017_Trial_2_Talking_IMU_seg0005,COUGH_017_Trial_2_Talking_IMU_seg0005_c0051,682.24,686.71,4.470000000000027,448,13054,13502,0.5576033443027306,0.2970752324851262,True,,17,017_Trial_2_Talking,IMU,Trial_2_Talking,0.23045271379058205,0.5576033443027306,0.5355386321951435,0.10520960148666993,0.011069060244983898,0.0894854586129754,23.792587075462876,0.05310845329344392,1.7857142857142856,4.401890448996216,0.025436166116077474,0.6092364946305109,0.8140754158794885,0.13723518470365847,0.04868939941685309,0.8140754158794885,41.599088021643304,99.15981737149325,97.50374082140372,21.15415506359738,447.49827645472266,0.09395973154362416,775256.8876561276,1730.4841242324276,,
COUGH,COUGH_017_Trial_2_Talking_IMU_seg0005,COUGH_017_Trial_2_Talking_IMU_seg0005_c0052,687.25,687.98,0.7300000000000182,74,13555,13629,0.4277307399008256,0.2970752324851262,True,,17,017_Trial_2_Talking,IMU,Trial_2_Talking,0.23863205069215024,0.4277307399008256,0.39645223312661654,0.11224078810789825,0.012597994515082114,0.0821917808219178,4.213948915698031,0.05694525561754096,5.405405405405405,6.8893532274053655,0.0016470483522221325,0.4683611593055173,0.8372331363883457,0.09528972452563625,0.06747713908601803,0.8372331363883457,39.175975275827,74.67768191814575,71.40102906003888,17.046021509478116,290.56684930159065,0.0821917808219178,113572.02087210341,1534.7570388122083,,
COUGH,COUGH_017_Trial_2_Talking_IMU_seg0005,COUGH_017_Trial_2_Talking_IMU_seg0005_c0053,688.51,689.76,1.25,126,13681,13807,0.41613004737107,0.2970752324851262,True,,17,017_Trial_2_Talking,IMU,Trial_2_Talking,0.228551513163791,0.41613004737107,0.40353628663237384,0.08660034166685479,0.007499619176815987,0.112,6.581710065351774,0.052235794169458526,1.5873015873015872,4.5682879818345326,0.00482238658702059,0.5825770488039355,0.6576276127023352,0.17480273769175697,0.16756964960590778,0.6576276127023352,38.69237438552116,79.69676549100608,74.43310444012066,17.080451845399228,291.7418352430019,0.104,188634.5792842561,1497.0998355893341,,
COUGH,COUGH_017_Trial_2_Talking_IMU_seg0005,COUGH_017_Trial_2_Talking_IMU_seg0005_c0054,690.56,693.15,2.590000000000032,260,13886,14146,2.70746582023574,0.2970752324851262,True,,17,017_Trial_2_Talking,IMU,Trial_2_Talking,0.7025021533919759,2.7074658202357393,2.6400814241813215,0.4430889959519284,0.19632785833368802,0.0694980694980695,128.3124116352944,0.4935092755203631,0.7692307692307692,2.8674668341443867,0.2529984816986925,0.5432618848066515,0.7013059155776957,0.14169946717185386,0.1569946172504504,0.7013059155776957,91.85274612133705,276.9722869156026,268.1643623894149,49.765931485864904,2476.6479366557996,0.12355212355212356,2193601.0122080073,8436.926970030798,,
COUGH,COUGH_017_Trial_3_Nonverbal_IMU_seg0001,COUGH_017_Trial_3_Nonverbal_IMU_seg0001_c0001,6.52,7.61,1.0900000000000007,110,652,762,2.858817329253002,0.6432750870995001,True,,17,017_Trial_3_Nonverbal,IMU,Trial_3_Nonverbal,1.093489773174058,2.858817329253002,2.782645760968884,0.49350029612278784,0.2435425422732793,0.11009174311926606,131.52918724398782,1.1957198840362528,5.454545454545454,5.150997497822731,0.08691383271923765,0.5655437749226971,0.909732352840993,0.03175042865491544,0.05851721850409159,0.909732352840993,114.2942077094285,292.5737313642628,281.94858510046936,69.47037477680172,4826.132971629289,0.11009174311926606,1436948.2507518583,13063.165915925985,,
COUGH,COUGH_017_Trial_3_Nonverbal_IMU_seg0001,COUGH_017_Trial_3_Nonverbal_IMU_seg0001_c0002,8.59,9.55,0.9600000000000009,97,859,956,2.2232357049031526,0.6432750870995001,True,,17,017_Trial_3_Nonverbal,IMU,Trial_3_Nonverbal,1.16795233703136,2.2232357049031526,2.066420521972565,0.4841365424925862,0.23438819177667575,0.10416666666666667,132.31892817297054,1.3641126615770158,4.166666666666667,4.870848905843761,0.12602092802131154,0.5538472868629122,0.928228066640155,0.016917720454788395,0.05485421290505661,0.928228066640155,128.36036933127582,401.19270753708145,398.00948084311665,87.28368927191724,7618.442412916602,0.09375,1598209.288241569,16476.384414861535,,
COUGH,COUGH_017_Trial_3_Nonverbal_IMU_seg0001,COUGH_017_Trial_3_Nonverbal_IMU_seg0001_c0003,10.57,11.56,0.9900000000000002,100,1057,1157,1.9113045813156997,0.6432750870995001,True,,17,017_Trial_3_Nonverbal,IMU,Trial_3_Nonverbal,1.0875017228525927,1.9113045813156995,1.7925372622661109,0.41244220216000005,0.17010857012259037,0.12121212121212122,118.26599972073575,1.1826599972073575,4.0,4.868272873712036,0.08797423120960457,0.5531309840226039,0.9088817183889767,0.020141531830638854,0.07097674978038446,0.9088817183889767,113.00348450262466,300.22572529218183,287.4697728944251,70.53100927553182,4974.623269425156,0.13131313131313133,1276978.750973493,12769.787509734932,,
COUGH,COUGH_017_Trial_3_Nonverbal_IMU_seg0040,COUGH_017_Trial_3_Nonverbal_IMU_seg0040_c0001,312.02,453.38,141.36,14137,28985,43122,2.856213820262304,0.7574472770227341,True,,17,017_Trial_3_Nonverbal,IMU,Trial_3_Nonverbal,1.0751466435066512,2.856213820262304,2.835717588807777,0.5203809600398758,0.27079634357202276,0.10087719298245613,16341.528092401628,1.155940305043618,5.489530277306168,5.801122110280832,19.183908807374554,0.5630048909934355,0.9107221854351613,0.05464372529895278,0.034634089265885945,0.9107221854351613,174.3104367302155,501.4138329552558,498.64824570478123,86.88842193836662,7549.597866939629,0.11219581211092247,429540422.52747023,30384.128353078464,,
COUGH,COUGH_017_Trial_3_Nonverbal_IMU_seg0040,COUGH_017_Trial_3_Nonverbal_IMU_seg0040_c0002,453.9,454.19,0.2900000000000204,30,43173,43203,0.7886916724508303,0.7574472770227341,True,,17,017_Trial_3_Nonverbal,IMU,Trial_3_Nonverbal,0.47362119965988714,0.7886916724508303,0.6772544475071253,0.19079375241660884,0.03640225596121023,0.20689655172413793,6.72951122301812,0.22431704076727066,6.25,7.737337102039584,0.0008452901142210379,0.5165763202628754,0.7660928714541467,0.11866660253594978,0.1152405260099034,0.7660928714541467,48.72547269114923,87.81803310256869,80.5318703755226,21.870006996867097,478.2972060430158,0.10344827586206896,71225.15066927788,2374.171688975929,,
COUGH,COUGH_017_Trial_3_Nonverbal_IMU_seg0042,COUGH_017_Trial_3_Nonverbal_IMU_seg0042_c0001,599.94,605.15,5.209999999999923,522,3,525,1.4198114561421302,0.0627291137756345,True,,17,017_Trial_3_Nonverbal,IMU,Trial_3_Nonverbal,0.28026138120618477,1.4198114561421302,1.39493874187376,0.18290701867737186,0.03345497748144446,0.053742802303262956,41.00124261730238,0.07854644179559843,0.3831417624521073,2.9282216895916475,0.05763769848917646,0.593615979705985,0.6512126086160535,0.17214307382461572,0.17664431755933077,0.6512126086160535,48.01161991796668,224.97465648088692,222.92024296632613,31.420972865002412,987.2775357832178,0.053742802303262956,1203270.3678108878,2305.1156471472946,,
COUGH,COUGH_017_Trial_3_Nonverbal_IMU_seg0042,COUGH_017_Trial_3_Nonverbal_IMU_seg0042_c0002,612.89,617.18,4.289999999999964,430,1298,1728,0.2095605661749087,0.0627291137756345,True,,17,017_Trial_3_Nonverbal,IMU,Trial_3_Nonverbal,0.07989241038937885,0.20956056617490873,0.2024640218558973,0.03796192472404886,0.0014411077287543516,0.07925407925407925,2.74460281226472,0.00638279723782493,0.46511627906976744,4.277709744834752,0.0014488973742204105,0.6316655424019313,0.13929670981437772,0.24455160093291645,0.6161516892527058,0.6161516892527058,23.515362651698627,56.60845418531884,55.80986591272602,11.446676622950031,131.02640571039072,0.055944055944055944,237778.08067558813,552.9722806409027,,
COUGH,COUGH_017_Trial_3_Nonverbal_IMU_seg0042,COUGH_017_Trial_3_Nonverbal_IMU_seg0042_c0003,618.66,621.88,3.2200000000000277,323,1875,2198,0.1767391306686655,0.0627291137756345,True,,17,017_Trial_3_Nonverbal,IMU,Trial_3_Nonverbal,0.07424137845990252,0.17673913066866553,0.17214569977783598,0.0327474546286952,0.001072395784658451,0.12422360248447205,1.7803056750273518,0.005511782275626476,0.6211180124223602,5.472581899957582,0.0013776168695198198,0.6695657204462448,0.3668637495054763,0.17678711917295856,0.4563491313215652,0.4563491313215652,23.490271016056695,71.78970907738706,70.78100218923696,12.942685136171674,167.51309853407918,0.062111801242236024,178229.08486771723,551.7928324077933,,
COUGH,COUGH_017_Trial_3_Nonverbal_IMU_seg0042,COUGH_017_Trial_3_Nonverbal_IMU_seg0042_c0004,622.56,623.24,0.6800000000000637,69,2265,2334,0.1394005878281072,0.0627291137756345,True,,17,017_Trial_3_Nonverbal,IMU,Trial_3_Nonverbal,0.08236675474496546,0.13940058782810727,0.11948996885013626,0.02832215508332013,0.0008021444685636362,0.11764705882352941,0.4681154778179931,0.006784282287217292,2.941176470588235,7.180097606587777,0.00028478319060480347,0.5750837409759189,0.23755738573281615,0.2971832402900861,0.4652593739770978,0.4652593739770978,16.757522858352047,30.731320828243565,25.847870814933476,6.781000755221737,45.98197124231777,0.1323529411764706,19376.2054920252,280.81457234819135,,
COUGH,COUGH_017_Trial_3_Nonverbal_IMU_seg0042,COUGH_017_Trial_3_Nonverbal_IMU_seg0042_c0005,640.0,640.88,0.8799999999999955,89,4009,4098,0.2403175787929891,0.0627291137756345,True,,17,017_Trial_3_Nonverbal,IMU,Trial_3_Nonverbal,0.12203163233037057,0.24031757879298915,0.19554820027918815,0.049683968481389826,0.0024684967240597377,0.1590909090909091,1.3253630167401123,0.014891719289214744,2.272727272727273,8.75305151159984,0.0007518787945417989,0.7042847042963459,0.49495837121203085,0.052553194242997966,0.45248843454497123,0.49495837121203085,45.878629355931736,102.62657540580346,97.76788445268821,26.19081688122674,685.9588889059517,0.125,187331.52821052758,2104.8486315789614,,
COUGH,COUGH_017_Trial_3_Nonverbal_IMU_seg0042,COUGH_017_Trial_3_Nonverbal_IMU_seg0042_c0006,644.69,646.78,2.089999999999918,210,4478,4688,0.3165149135473767,0.0627291137756345,True,,17,017_Trial_3_Nonverbal,IMU,Trial_3_Nonverbal,0.08799418767997892,0.3165149135473767,0.31023537946416246,0.04421996854683297,0.0019554056182828974,0.07655502392344497,1.626025183746464,0.007742977065459353,1.9047619047619047,4.628167629093152,0.0017210453536443805,0.5851036959415546,0.3959334867268093,0.08392838342850986,0.5201381298446808,0.5201381298446808,23.70773878260164,62.53918821833659,59.52969428965036,12.834057011607163,164.71301937718297,0.05263157894736842,118031.9444186555,562.0568781840739,,
COUGH,COUGH_017_Trial_3_Nonverbal_IMU_seg0042,COUGH_017_Trial_3_Nonverbal_IMU_seg0042_c0007,659.73,663.64,3.909999999999968,392,5982,6374,0.4379993631899932,0.0627291137756345,True,,17,017_Trial_3_Nonverbal,IMU,Trial_3_Nonverbal,0.10994692527446147,0.4379993631899932,0.4347569357885622,0.07412297308083673,0.005494215138342447,0.05115089514066496,4.738623939904741,0.012088326377308013,0.5102040816326531,3.8253739112109497,0.013005437844040858,0.6158414016113807,0.6088647966856046,0.0970592973434216,0.2940759059709738,0.6088647966856046,40.34299307432111,155.94593700080094,153.9349066488695,28.963387928268947,838.8778402833954,0.061381074168797956,638002.3793563305,1627.5570901947206,,
COUGH,COUGH_017_Trial_3_Nonverbal_IMU_seg0042,COUGH_017_Trial_3_Nonverbal_IMU_seg0042_c0008,676.23,677.59,1.3600000000000136,137,7632,7769,0.3310143091568684,0.0627291137756345,True,,17,017_Trial_3_Nonverbal,IMU,Trial_3_Nonverbal,0.13103012418695473,0.3310143091568684,0.32397455357866123,0.07363704978995057,0.00542241510176766,0.10294117647058823,2.3521384018894826,0.017168893444448777,1.4705882352941175,5.871158860757041,0.002310884518630608,0.6122778431818686,0.4687772861853922,0.10902648558398093,0.4221962282306269,0.4687772861853922,30.699894645821985,89.96945975364491,87.63002537008433,17.97412511743984,323.0691737373818,0.03676470588235294,129120.243783246,942.4835312645694,,
COUGH,COUGH_017_Trial_3_Nonverbal_IMU_seg0042,COUGH_017_Trial_3_Nonverbal_IMU_seg0042_c0009,679.13,683.61,4.480000000000018,449,7922,8371,0.321308395997314,0.0627291137756345,True,,17,017_Trial_3_Nonverbal,IMU,Trial_3_Nonverbal,0.10422115435186584,0.321308395997314,0.31194560967878726,0.051814949161328304,0.002684788956591037,0.08482142857142858,4.877060007481514,0.010862049014435445,0.4464285714285714,4.283020396669133,0.005588286692171742,0.6526744290193657,0.3483830512580235,0.16802927798322467,0.4835876707587519,0.4835876707587519,36.38934163837559,101.88651318285376,99.14777023776124,21.193192555534367,449.15141069595734,0.05803571428571429,594558.6990086127,1324.1841848744157,,
COUGH,COUGH_017_Trial_3_Nonverbal_IMU_seg0042,COUGH_017_Trial_3_Nonverbal_IMU_seg0042_c0010,696.3,696.87,0.57000000000005,58,9639,9697,0.1179066121805376,0.0627291137756345,True,,17,017_Trial_3_Nonverbal,IMU,Trial_3_Nonverbal,0.0749542439248646,0.11790661218053763,0.11112416400300652,0.02845564429575848,0.0008097236922867321,0.14035087719298245,0.32585204357618996,0.0056181386823481025,3.4482758620689657,5.821522605773527,0.00019213429213965494,0.5586067750837815,0.6573206360821444,0.036334919317555586,0.3063444446002999,0.6573206360821444,11.224155267954721,27.404894321151996,25.60784745244829,6.441450264917155,41.492281515401295,0.07017543859649122,7306.936365791031,125.9816614791557,,
COUGH,COUGH_017_Trial_3_Nonverbal_IMU_seg0042,COUGH_017_Trial_3_Nonverbal_IMU_seg0042_c0011,698.92,699.5,0.5800000000000409,59,9901,9960,0.0866604948584432,0.0627291137756345,True,,17,017_Trial_3_Nonverbal,IMU,Trial_3_Nonverbal,0.04434839398326133,0.08666049485844325,0.07636100179819902,0.017804494326817362,0.00031700001823367163,0.06896551724137931,0.11604002288477963,0.00196678004889457,3.4482758620689657,6.828343199624169,2.7576142457002088e-05,0.5983869002969637,0.6594523651926617,0.05583111227042383,0.28471652253691454,0.6594523651926617,6.190316152877356,13.498226456065131,12.894830217591155,3.6805502617874035,13.546450229543325,0.017241379310344827,2260.8808302818848,38.32001407257432,,
COUGH,COUGH_017_Trial_3_Nonverbal_IMU_seg0042,COUGH_017_Trial_3_Nonverbal_IMU_seg0042_c0012,700.66,701.13,0.4700000000000273,48,10075,10123,0.0998208179947243,0.0627291137756345,True,,17,017_Trial_3_Nonverbal,IMU,Trial_3_Nonverbal,0.06268139255351865,0.09982081799472431,0.08279948229606618,0.020800267701480687,0.0004326511364532606,0.1276595744680851,0.1885899346775186,0.003928956972448304,4.166666666666667,6.8276942231795825,8.947884502452767e-05,0.5121298903417253,0.6967002518579252,0.04017107741893622,0.26312867072313867,0.6967002518579252,12.371157137573462,26.34329940686809,25.39624698668935,8.142178083252274,66.29506393939367,0.06382978723404255,7346.18538828167,153.0455289225348,,
COUGH,COUGH_017_Trial_3_Nonverbal_IMU_seg0042,COUGH_017_Trial_3_Nonverbal_IMU_seg0042_c0013,701.87,705.59,3.7200000000000273,373,10196,10569,0.3972314215563129,0.0627291137756345,True,,17,017_Trial_3_Nonverbal,IMU,Trial_3_Nonverbal,0.1018457740438649,0.39723142155631297,0.39493900149443695,0.05854372804745557,0.003427368093694436,0.10752688172043011,3.8689655105915564,0.010372561690593985,1.6129032258064515,4.160340485816198,0.005450436102917545,0.6013355097780398,0.5559549544339264,0.12002411989478089,0.3240209256712927,0.5559549544339264,32.67723747317699,159.79181984288286,157.3965289764336,21.698982705158812,470.8458504387812,0.08870967741935484,398290.0896316442,1067.8018488784026,,
COUGH,COUGH_017_Trial_3_Nonverbal_IMU_seg0042,COUGH_017_Trial_3_Nonverbal_IMU_seg0042_c0014,706.3,706.87,0.57000000000005,58,10639,10697,0.0928335420899917,0.0627291137756345,True,,17,017_Trial_3_Nonverbal,IMU,Trial_3_Nonverbal,0.06474198740421053,0.09283354208999176,0.07317329003214008,0.017492726784967896,0.0003059954903735332,0.10526315789473684,0.2431084461167234,0.004191524933046955,3.4482758620689657,4.568681924011845,5.826669990245643e-05,0.5092764647229832,0.5400228601438479,0.390737945170611,0.06923919468554103,0.5400228601438479,15.342078622405726,32.45342672392441,30.600774189988552,7.644822813302798,58.4433158467949,0.07017543859649122,13652.003834452571,235.3793764560788,,
COUGH,COUGH_017_Trial_3_Nonverbal_IMU_seg0042,COUGH_017_Trial_3_Nonverbal_IMU_seg0042_c0015,722.28,723.16,0.8799999999999955,89,12237,12326,0.1657247970303237,0.0627291137756345,True,,17,017_Trial_3_Nonverbal,IMU,Trial_3_Nonverbal,0.08024815094145747,0.1657247970303237,0.14721184027974601,0.03023345954405513,0.0009140620760020184,0.18181818181818182,0.5731391499275418,0.006439765729522941,2.272727272727273,9.993593877297625,0.0004111379587581308,0.75737545360359,0.34667953719045563,0.17095358554180237,0.4823668772677419,0.4823668772677419,26.38657470709235,72.18137094025187,67.01740302030193,15.114194093591353,228.4388630987517,0.07954545454545454,61966.36790479395,696.2513247729657,,
COUGH,COUGH_017_Trial_3_Nonverbal_IMU_seg0042,COUGH_017_Trial_3_Nonverbal_IMU_seg0042_c0016,725.05,725.89,0.8400000000000318,85,12514,12599,0.1636936908528404,0.0627291137756345,True,,17,017_Trial_3_Nonverbal,IMU,Trial_3_Nonverbal,0.08619161497820634,0.1636936908528404,0.14129401861263977,0.03200084557438324,0.0010240541174755234,0.14285714285714285,0.6314645318668659,0.007428994492551364,7.142857142857142,8.523958751823882,0.0004324728861947713,0.6152955619005341,0.38972780663650575,0.21403377324410952,0.39623842011938476,0.39623842011938476,21.2724720254435,47.62954817919076,43.43624585045329,13.19466616995413,174.09921533653198,0.05952380952380952,38464.03561622847,452.51806607327615,,
