dataset,segment_id,candidate_id,start_timestamp,end_timestamp,duration_seconds,sample_count,start_index,end_index,peak_activity_score,threshold_used,filtered,filter_skip_reason,subject_id,record_id,sensor_id,true_label,primary_rms,primary_peak,primary_peak_to_peak,primary_std,primary_variance,primary_zero_crossing_rate,primary_energy,primary_mean_energy,primary_dominant_frequency_hz,primary_spectral_centroid_hz,primary_band_power,primary_spectral_entropy,primary_bcg_x_contribution,primary_bcg_y_contribution,primary_bcg_z_contribution,primary_directional_consistency,sensors_involved,max_sensor_overlap_fraction
OXFORD,OXFORD_154100_BCG_3AXIS_seg0001,OXFORD_154100_BCG_3AXIS_seg0001_c0001,0.058,0.384,0.326,164,29,193,1.8868524454367768,0.0775368025621467,True,,154100,154100,BCG_3AXIS,0,0.4857061667089215,1.8868524454367772,1.87151874928304,0.42450243871790605,0.18020232047744958,0.03680981595092025,38.68931878216825,0.2359104803790747,6.097560975609756,12.355449965063215,0.015435159075986938,0.39580398940600037,0.2752788135055413,0.25375533389916516,0.4709658525952936,0.4709658525952936,,
OXFORD,OXFORD_154100_BCG_3AXIS_seg0001,OXFORD_154100_BCG_3AXIS_seg0001_c0002,32.134,32.966,0.8320000000000007,417,16067,16484,0.3009080088129343,0.0775368025621467,True,,154100,154100,BCG_3AXIS,0,0.12850639019688026,0.3009080088129343,0.2776575404945481,0.06719754778075439,0.004515510427746769,0.019230769230769232,6.886293098037495,0.01651389232143284,2.4038461538461537,4.341781034981086,0.0009929136922179709,0.3296960239673541,0.07666497650738079,0.4057204307058421,0.5176145927867772,0.5176145927867772,,
OXFORD,OXFORD_154100_BCG_3AXIS_seg0001,OXFORD_154100_BCG_3AXIS_seg0001_c0003,39.61,42.622,3.0120000000000005,1507,19805,21312,0.2131323588762641,0.0775368025621467,True,,154100,154100,BCG_3AXIS,0,0.09128663816237052,0.21313235887626414,0.20403901617864625,0.04442123711874454,0.0019732463071597275,0.014608233731739707,12.558208212630257,0.008333250306987562,0.6640106241699867,4.0549376414592375,0.0023651261195972452,0.4552994929146343,0.3301804566947087,0.49909835406280845,0.17072118924248295,0.49909835406280845,,
OXFORD,OXFORD_154100_BCG_3AXIS_seg0001,OXFORD_154100_BCG_3AXIS_seg0001_c0004,45.26,46.276,1.0160000000000051,509,22630,23139,0.1874525308633688,0.0775368025621467,True,,154100,154100,BCG_3AXIS,0,0.07857177000283885,0.18745253086336883,0.16982177349823752,0.0375100129452655,0.0014070010711539852,0.01968503937007874,3.142323228061915,0.006173523041379008,1.968503937007874,4.956240901434573,0.0007018617467704503,0.3281034811748914,0.11140218510615024,0.5323059543811562,0.3562918605126934,0.5323059543811562,,
OXFORD,OXFORD_154100_BCG_3AXIS_seg0001,OXFORD_154100_BCG_3AXIS_seg0001_c0005,55.54,56.814,1.274000000000001,638,27770,28408,0.1737209749925137,0.0775368025621467,True,,154100,154100,BCG_3AXIS,0,0.08977433127307577,0.17372097499251374,0.15228083720792635,0.03320837486036082,0.0011027961608662449,0.0282574568288854,5.141916694426832,0.00805943055552795,4.702194357366771,4.661508237754258,0.0008403489280464898,0.3460495515131,0.3881669910536102,0.4961821215649821,0.11565088738140762,0.4961821215649821,,
OXFORD,OXFORD_154100_BCG_3AXIS_seg0001,OXFORD_154100_BCG_3AXIS_seg0001_c0006,57.62,58.404,0.784000000000006,393,28810,29203,0.1540650944179139,0.0775368025621467,True,,154100,154100,BCG_3AXIS,0,0.08013320325520067,0.15406509441791394,0.1469415148372246,0.03319846553593983,0.0011021381139409846,0.02040816326530612,2.523582793728146,0.006421330263939303,2.5510204081632653,4.218261028297178,0.0003703344459986922,0.2737050511765505,0.5172130856291407,0.4211298339329084,0.06165708043795091,0.5172130856291407,,
OXFORD,OXFORD_154100_BCG_3AXIS_seg0001,OXFORD_154100_BCG_3AXIS_seg0001_c0007,63.114,63.424,0.3100000000000023,156,31557,31713,0.0915385517225521,0.0775368025621467,True,,154100,154100,BCG_3AXIS,0,0.06038706531303608,0.0915385517225521,0.0835426402436636,0.02332088856762749,0.0005438638435836986,0.025806451612903226,0.5688692345108581,0.0036465976571208856,6.410256410256411,6.838923879608906,6.663803072306852e-05,0.27763803547206156,0.039409466732894916,0.8528992080260032,0.10769132524110184,0.8528992080260032,,
OXFORD,OXFORD_154100_BCG_3AXIS_seg0001,OXFORD_154100_BCG_3AXIS_seg0001_c0008,67.37,69.65,2.280000000000001,1141,33685,34826,0.3169068681947594,0.0775368025621467,True,,154100,154100,BCG_3AXIS,0,0.14046778411624944,0.3169068681947594,0.310321606196657,0.06915014771627183,0.004781742929182213,0.01929824561403509,22.513297345337886,0.01973119837452926,0.8771929824561403,5.571918984025862,0.004609650436069074,0.40572619319141395,0.025299634640738845,0.8230295666594399,0.15167079869982122,0.8230295666594399,,
OXFORD,OXFORD_154100_BCG_3AXIS_seg0001,OXFORD_154100_BCG_3AXIS_seg0001_c0009,70.36,72.764,2.4039999999999964,1203,35180,36383,0.1245872582011457,0.0775368025621467,True,,154100,154100,BCG_3AXIS,0,0.06135754888431972,0.12458725820114579,0.11913685954751976,0.02585937057559637,0.0006687070465660192,0.021630615640599003,4.5289928125252965,0.0037647488050916843,2.4958402662229617,4.3350509949502385,0.0006305603789599463,0.44819210021028044,0.3915889140375745,0.4734410781619796,0.13497000780044577,0.4734410781619796,,
OXFORD,OXFORD_154100_BCG_3AXIS_seg0001,OXFORD_154100_BCG_3AXIS_seg0001_c0010,76.402,77.356,0.9539999999999936,478,38201,38679,0.1644785150088429,0.0775368025621467,True,,154100,154100,BCG_3AXIS,0,0.07790385077014682,0.1644785150088429,0.1552880651174044,0.03690418264546562,0.001361918696729886,0.016771488469601678,2.9009867631826713,0.006069009964817304,6.2761506276150625,5.8082034310733475,0.0007192857035779903,0.3225841016381616,0.2053207102554002,0.6850945272954393,0.10958476244916049,0.6850945272954393,,
OXFORD,OXFORD_154100_BCG_3AXIS_seg0001,OXFORD_154100_BCG_3AXIS_seg0001_c0011,97.78,98.246,0.465999999999994,234,48890,49124,0.1113110234106306,0.0775368025621467,True,,154100,154100,BCG_3AXIS,0,0.0709592883491478,0.11131102341063068,0.100902498184332,0.02720182376903916,0.0007399392163618637,0.02575107296137339,1.1782416211060955,0.005035220603017502,8.547008547008547,6.3292258660186755,0.00015235545146640044,0.30031777942556914,0.06746972275420475,0.7978482676177282,0.13468200962806712,0.7978482676177282,,
OXFORD,OXFORD_154100_BCG_3AXIS_seg0001,OXFORD_154100_BCG_3AXIS_seg0001_c0012,119.512,119.816,0.304000000000002,153,59756,59909,0.0931638872381969,0.0775368025621467,True,,154100,154100,BCG_3AXIS,0,0.06754720951162328,0.09316388723819699,0.07775884600088578,0.022175662099501784,0.0004917599895512798,0.02631578947368421,0.6980817034594909,0.00456262551280713,6.578947368421053,6.653977990928951,7.404711807021779e-05,0.27938361769850234,0.08861136121394818,0.8128884481814831,0.09850019060456862,0.8128884481814831,,
OXFORD,OXFORD_154100_BCG_3AXIS_seg0001,OXFORD_154100_BCG_3AXIS_seg0001_c0013,124.99,125.37,0.3800000000000096,191,62495,62686,0.1399730954151901,0.0775368025621467,True,,154100,154100,BCG_3AXIS,0,0.08362382646584095,0.13997309541519018,0.12647898607370278,0.03162887779982575,0.00100038591087631,0.042105263157894736,1.3356523713827144,0.006992944352789081,5.2631578947368425,10.647251763817486,0.00016881050677168124,0.3849558873469441,0.6433030149107611,0.13307954561992957,0.22361743946930937,0.6433030149107611,,
OXFORD,OXFORD_154100_BCG_3AXIS_seg0001,OXFORD_154100_BCG_3AXIS_seg0001_c0014,130.154,131.076,0.921999999999997,462,65077,65539,0.1108522776612412,0.0775368025621467,True,,154100,154100,BCG_3AXIS,0,0.06485102521474755,0.1108522776612412,0.10856152564353266,0.02665245739476163,0.0007103534851795838,0.01735357917570499,1.9430128277885654,0.004205655471403821,2.1645021645021645,6.557831648549662,0.0003050965615349237,0.4001123465470182,0.24360305085746112,0.6091328430007191,0.14726410614181976,0.6091328430007191,,
OXFORD,OXFORD_154100_BCG_3AXIS_seg0001,OXFORD_154100_BCG_3AXIS_seg0001_c0015,133.036,133.568,0.5320000000000107,267,66518,66785,0.0919847960100326,0.0775368025621467,True,,154100,154100,BCG_3AXIS,0,0.05119090112972887,0.09198479601003268,0.08371045732912538,0.022560179152667646,0.0005089616834004599,0.022556390977443608,0.6996757317124717,0.0026205083584736766,7.518796992481203,8.790510589432232,5.2937086377412924e-05,0.3640487114409786,0.11464305468360142,0.7436650947246414,0.14169185059175718,0.7436650947246414,,
OXFORD,OXFORD_154100_BCG_3AXIS_seg0001,OXFORD_154100_BCG_3AXIS_seg0001_c0016,134.668,135.576,0.907999999999987,455,67334,67789,0.3859184762957959,0.0775368025621467,True,,154100,154100,BCG_3AXIS,0,0.16291389442576265,0.3859184762957959,0.3721168000555263,0.09447006095518805,0.008924592416876945,0.01762114537444934,12.076126333620685,0.02654093699696854,8.810572687224669,6.631796200456083,0.00334879613289648,0.35913227231660966,0.04938280505659629,0.8867205159954893,0.06389667894791431,0.8867205159954893,,
OXFORD,OXFORD_154100_BCG_3AXIS_seg0001,OXFORD_154100_BCG_3AXIS_seg0001_c0017,136.406,137.26,0.853999999999985,428,68203,68631,0.0980019990685925,0.0775368025621467,True,,154100,154100,BCG_3AXIS,0,0.05661276987442657,0.09800199906859254,0.0891267901733361,0.02525657344324854,0.0006378945020942074,0.0234192037470726,1.3717424451018463,0.003205005712854781,4.672897196261682,4.923873456225326,0.00017787551691037166,0.33732143529813335,0.4428339618272718,0.401050858499398,0.15611517967333016,0.4428339618272718,,
OXFORD,OXFORD_154100_BCG_3AXIS_seg0001,OXFORD_154100_BCG_3AXIS_seg0001_c0018,137.86,139.272,1.4119999999999775,707,68930,69637,0.139284058675473,0.0775368025621467,True,,154100,154100,BCG_3AXIS,0,0.07757745308293508,0.13928405867547305,0.13177265160867366,0.02875162850852278,0.0008266561418920999,0.0226628895184136,4.254910687372341,0.006018261226834994,8.498583569405099,6.036805464021025,0.0004425800959335359,0.397497379305454,0.1823531510429358,0.5607094856917291,0.256937363265335,0.5607094856917291,,
OXFORD,OXFORD_154100_BCG_3AXIS_seg0001,OXFORD_154100_BCG_3AXIS_seg0001_c0019,143.6,147.19,3.5900000000000034,1796,71800,73596,0.1908088835020986,0.0775368025621467,True,,154100,154100,BCG_3AXIS,0,0.08335820196246102,0.19080888350209863,0.18434880808617624,0.03582046761377854,0.001283105900069757,0.0233983286908078,12.479667342608336,0.006948589834414441,4.4543429844097995,4.786065464513238,0.002492920922181465,0.47892354707708495,0.23283635990367174,0.5905243960515895,0.17663924404473885,0.5905243960515895,,
OXFORD,OXFORD_154100_BCG_3AXIS_seg0001,OXFORD_154100_BCG_3AXIS_seg0001_c0020,153.268,153.936,0.6680000000000064,335,76634,76969,0.0956626908535763,0.0775368025621467,True,,154100,154100,BCG_3AXIS,0,0.06677439375633501,0.0956626908535763,0.06523316441787949,0.01678769851307,0.0002818268213657327,0.017964071856287425,1.4937045866112337,0.004458819661526071,5.988023952095808,6.0362735868243975,6.85410671608994e-05,0.3299978300751826,0.30773518881474654,0.4931182846284354,0.19914652655681797,0.4931182846284354,,
OXFORD,OXFORD_154100_BCG_3AXIS_seg0001,OXFORD_154100_BCG_3AXIS_seg0001_c0021,154.444,155.278,0.8340000000000032,418,77222,77640,0.1635423511647311,0.0775368025621467,True,,154100,154100,BCG_3AXIS,0,0.08701708741070689,0.16354235116473112,0.1500813226405791,0.028725714899831643,0.0008251666965064096,0.02877697841726619,3.1650849236030085,0.0075719735014426045,7.177033492822966,6.852326169374556,0.00020682454988400022,0.37723749601810114,0.24718652366445595,0.27352317218187816,0.4792903041536658,0.4792903041536658,,
OXFORD,OXFORD_154100_BCG_3AXIS_seg0001,OXFORD_154100_BCG_3AXIS_seg0001_c0022,166.922,167.768,0.8460000000000036,424,83461,83885,0.1105067380349659,0.0775368025621467,True,,154100,154100,BCG_3AXIS,0,0.06523583193948568,0.11050673803496595,0.09817524033423737,0.024474170417969395,0.0005989850176478082,0.02364066193853428,1.8044226379868114,0.004255713768836819,7.075471698113208,5.594429817315398,0.00022625603674633241,0.32852487021363935,0.04841444499185271,0.5870067584263614,0.3645787965817859,0.5870067584263614,,
OXFORD,OXFORD_154100_BCG_3AXIS_seg0001,OXFORD_154100_BCG_3AXIS_seg0001_c0023,169.232,169.928,0.695999999999998,349,84616,84965,0.1225668574701912,0.0775368025621467,True,,154100,154100,BCG_3AXIS,0,0.066801826512234,0.12256685747019126,0.11901284861802414,0.0292090664110069,0.0008531695606026115,0.017241379310344827,1.5574069248543423,0.0044624840253706085,8.620689655172413,7.159453802169716,0.00014029224497793082,0.403824383960304,0.0811279843060107,0.48563899090417223,0.4332330247898171,0.48563899090417223,,
OXFORD,OXFORD_154100_BCG_3AXIS_seg0001,OXFORD_154100_BCG_3AXIS_seg0001_c0024,195.906,198.378,2.47199999999998,1237,97953,99190,0.2865022390052762,0.0775368025621467,True,,154100,154100,BCG_3AXIS,0,0.10850872011570209,0.28650223900527627,0.27343620932417384,0.05654627588658946,0.0031974813166422886,0.011326860841423949,14.564614075999796,0.011774142341147773,1.6181229773462784,4.976867187443041,0.00209405816057957,0.4497995190822161,0.23047902902081482,0.36320559813676817,0.406315372842417,0.406315372842417,,
OXFORD,OXFORD_154100_BCG_3AXIS_seg0001,OXFORD_154100_BCG_3AXIS_seg0001_c0025,205.688,206.214,0.5260000000000105,264,102844,103108,0.1239649239033411,0.0775368025621467,True,,154100,154100,BCG_3AXIS,0,0.0875394051512932,0.12396492390334114,0.11503432677939984,0.030997081244304874,0.0009608190456660369,0.030418250950570342,2.0230709279199566,0.00766314745424226,7.575757575757575,7.040634202827813,0.0002886662340985492,0.2988879975356247,0.08471014962848583,0.742976295404264,0.17231355496725012,0.742976295404264,,
OXFORD,OXFORD_154100_BCG_3AXIS_seg0001,OXFORD_154100_BCG_3AXIS_seg0001_c0026,217.2,217.966,0.7660000000000196,384,108600,108984,0.148864474908736,0.0775368025621467,True,,154100,154100,BCG_3AXIS,0,0.06977256474356339,0.14886447490873606,0.14085104794857764,0.03466715328049707,0.0012018115165734788,0.015665796344647518,1.8693929437035819,0.004868210790894744,5.208333333333333,6.456900037573544,0.00035401740563207766,0.30252382455131827,0.04128430788355266,0.44079346181317886,0.5179222303032684,0.5179222303032684,,
OXFORD,OXFORD_154100_BCG_3AXIS_seg0001,OXFORD_154100_BCG_3AXIS_seg0001_c0027,234.002,234.746,0.7439999999999998,373,117001,117374,0.1099777251746963,0.0775368025621467,True,,154100,154100,BCG_3AXIS,0,0.06162091953596421,0.10997772517469633,0.10524152157713507,0.02624387093572848,0.0006887407616911741,0.016129032258064516,1.4163323712227502,0.0037971377244577754,2.6881720430107525,5.573649478475654,0.00023176357307729128,0.32909002528943604,0.10643976983459177,0.6127779629601506,0.2807822672052576,0.6127779629601506,,
OXFORD,OXFORD_154100_BCG_3AXIS_seg0001,OXFORD_154100_BCG_3AXIS_seg0001_c0028,235.624,236.194,0.5699999999999932,286,117812,118098,0.0970780103938321,0.0775368025621467,True,,154100,154100,BCG_3AXIS,0,0.06998654815448765,0.09707801039383211,0.06568664960918487,0.01591671244013116,0.00025334173490182605,0.042105263157894736,1.4008614398580002,0.00489811692258042,3.4965034965034962,5.890884331576812,6.577444667374474e-05,0.368662224119208,0.39033015982793523,0.28407469719821454,0.32559514297385034,0.39033015982793523,,
OXFORD,OXFORD_154100_BCG_3AXIS_seg0001,OXFORD_154100_BCG_3AXIS_seg0001_c0029,239.174,243.244,4.069999999999993,2036,119587,121623,1.0848233001872978,0.0775368025621467,True,,154100,154100,BCG_3AXIS,0,0.23996711454254163,1.0848233001872978,1.0711399899907366,0.1632296863008078,0.026643930489860128,0.032432432432432434,117.24146390197402,0.05758421606187329,0.4911591355599214,7.37745456024369,0.033823937254902355,0.5467881360467428,0.3400411146084218,0.21988405902004193,0.4400748263715363,0.4400748263715363,,
OXFORD,OXFORD_154100_BCG_3AXIS_seg0001,OXFORD_154100_BCG_3AXIS_seg0001_c0030,243.926,244.61,0.6840000000000259,343,121963,122306,0.1120351964751584,0.0775368025621467,True,,154100,154100,BCG_3AXIS,0,0.06674363663055619,0.11203519647515843,0.10012557818762698,0.02730821262975735,0.0007457384770320388,0.029239766081871343,1.5279665695204008,0.004454713030671722,8.771929824561402,7.31594722152167,0.0002729316072287225,0.33718882680884477,0.2216976791934675,0.5992012006361555,0.17910112017037705,0.5992012006361555,,
OXFORD,OXFORD_154100_BCG_3AXIS_seg0001,OXFORD_154100_BCG_3AXIS_seg0001_c0031,248.278,248.91,0.632000000000005,317,124139,124456,0.1727508204423419,0.0775368025621467,True,,154100,154100,BCG_3AXIS,0,0.09364330017847688,0.17275082044234197,0.1680460171566801,0.03958460400990943,0.0015669408746213378,0.03164556962025317,2.7797944508562757,0.008769067668316328,6.329113924050633,6.520447159183355,0.0005574748581735445,0.2564021585681788,0.017943425920220045,0.9115175923998374,0.07053898167994246,0.9115175923998374,,
OXFORD,OXFORD_154100_BCG_3AXIS_seg0001,OXFORD_154100_BCG_3AXIS_seg0001_c0032,251.598,254.078,2.4799999999999898,1241,125799,127040,1.0290661826345495,0.0775368025621467,True,,154100,154100,BCG_3AXIS,0,0.2880070471422918,1.0290661826345497,1.0184515995422856,0.1870898307467982,0.035002604768865596,0.035483870967741936,102.93854147169527,0.0829480592036223,0.8064516129032259,10.103114440916784,0.031911063800417014,0.59565695541656,0.33678760699596155,0.2971610909577576,0.3660513020462809,0.3660513020462809,,
OXFORD,OXFORD_154100_BCG_3AXIS_seg0001,OXFORD_154100_BCG_3AXIS_seg0001_c0033,254.65,255.516,0.8659999999999854,434,127325,127759,0.1451912072931459,0.0775368025621467,True,,154100,154100,BCG_3AXIS,0,0.07679363608971823,0.14519120729314594,0.13789782111055812,0.03222267098987976,0.0010383005257220388,0.023094688221709007,2.5594119440439527,0.005897262543880075,4.6082949308755765,6.472330420513208,0.0005330333809727159,0.3513659161411835,0.2819800499246591,0.4323840518715208,0.2856358982038201,0.4323840518715208,,
OXFORD,OXFORD_154100_BCG_3AXIS_seg0001,OXFORD_154100_BCG_3AXIS_seg0001_c0034,256.194,261.856,5.661999999999978,2832,128097,130929,0.4419513209696319,0.0775368025621467,True,,154100,154100,BCG_3AXIS,0,0.12527323784678454,0.44195132096963197,0.4388596228780628,0.07280571867481148,0.005300672671755792,0.016248675379724478,44.44366382958748,0.01569338412061705,0.3531073446327684,2.1330661619397984,0.013229476143640949,0.3973080230477812,0.4528625012881679,0.4773703680496634,0.06976713066216877,0.4773703680496634,,
OXFORD,OXFORD_154100_BCG_3AXIS_seg0001,OXFORD_154100_BCG_3AXIS_seg0001_c0035,264.116,266.604,2.4879999999999995,1245,132058,133303,0.2280061984112562,0.0775368025621467,True,,154100,154100,BCG_3AXIS,0,0.08929104150375122,0.22800619841125624,0.22234157004852362,0.047624974070162425,0.002268138155183643,0.01929260450160772,9.926248165566657,0.007972890092824625,0.8038585209003215,4.5986449918100565,0.0025933530066654903,0.40802331642348105,0.20345899736633935,0.7238240456669011,0.07271695696675952,0.7238240456669011,,
OXFORD,OXFORD_154100_BCG_3AXIS_seg0001,OXFORD_154100_BCG_3AXIS_seg0001_c0036,270.5,273.16,2.660000000000025,1331,135250,136581,0.2078378458568681,0.0775368025621467,True,,154100,154100,BCG_3AXIS,0,0.08933407053040421,0.20783784585686813,0.20336124305389527,0.042322544767846984,0.0017911977956264122,0.021052631578947368,10.622146865674074,0.007980576157531234,6.7669172932330826,4.302476446103862,0.002249571436373774,0.42198849320051285,0.12090039632332568,0.6735994354785085,0.20550016819816566,0.6735994354785085,,
OXFORD,OXFORD_154100_BCG_3AXIS_seg0001,OXFORD_154100_BCG_3AXIS_seg0001_c0037,273.912,274.462,0.5500000000000114,276,136956,137232,0.2048791241979619,0.0775368025621467,True,,154100,154100,BCG_3AXIS,0,0.1162935228849796,0.20487912419796198,0.18704524023445657,0.04748386469360442,0.002254717406240532,0.02909090909090909,3.7326746363397993,0.013524183464999274,7.246376811594202,7.798730259221245,0.0006923704983815691,0.2715608456035369,0.0347385809628846,0.9017878089865556,0.06347361005055975,0.9017878089865556,,
OXFORD,OXFORD_154100_BCG_3AXIS_seg0001,OXFORD_154100_BCG_3AXIS_seg0001_c0038,275.768,279.374,3.6060000000000514,1804,137884,139688,0.2572076322497982,0.0775368025621467,True,,154100,154100,BCG_3AXIS,0,0.09744600283806341,0.25720763224979826,0.2528554379599689,0.04811304148152188,0.002314864760602645,0.018857459789240156,17.130285138285018,0.009495723469115864,1.1086474501108647,3.8980249859992466,0.003646195242993892,0.4644293804594961,0.3190031677495793,0.5715113739835982,0.10948545826682252,0.5715113739835982,,
OXFORD,OXFORD_154100_BCG_3AXIS_seg0001,OXFORD_154100_BCG_3AXIS_seg0001_c0039,301.8,302.124,0.3240000000000123,163,150900,151063,0.1016850920440627,0.0775368025621467,True,,154100,154100,BCG_3AXIS,0,0.07135272881685087,0.10168509204406274,0.0877682951943866,0.026150396359890502,0.0006838432297793744,0.024691358024691357,0.8298675412666028,0.00509121190961106,6.172839506172839,6.977581691793065,0.00011504008176382418,0.28224114931795397,0.03347258930957798,0.9293730815762298,0.03715432911419229,0.9293730815762298,,
OXFORD,OXFORD_154100_BCG_3AXIS_seg0001,OXFORD_154100_BCG_3AXIS_seg0001_c0040,302.634,303.606,0.97199999999998,487,151317,151804,0.1439458523063711,0.0775368025621467,True,,154100,154100,BCG_3AXIS,0,0.07457011785053273,0.1439458523063711,0.12607819885045737,0.02942452349376408,0.0008658025828350743,0.024691358024691357,2.7080621059300203,0.005560702476242341,8.23045267489712,6.940947688568859,0.00021983940728802226,0.4021555233655597,0.11570484629411995,0.566578227755219,0.31771692595066103,0.566578227755219,,
OXFORD,OXFORD_154100_BCG_3AXIS_seg0001,OXFORD_154100_BCG_3AXIS_seg0001_c0041,304.652,306.992,2.340000000000032,1171,152326,153497,0.1913840956217873,0.0775368025621467,True,,154100,154100,BCG_3AXIS,0,0.0686616554357545,0.19138409562178732,0.18366088251058804,0.030501673787989087,0.0009303521038689005,0.02564102564102564,5.520589247725762,0.004714422927178276,0.8547008547008548,4.00048383216819,0.0012158885225730875,0.43284921790623904,0.1522664340544918,0.5427520292770623,0.3049815366684458,0.5427520292770623,,
OXFORD,OXFORD_450569_BCG_3AXIS_seg0001,OXFORD_450569_BCG_3AXIS_seg0001_c0001,0.0,0.948,0.948,475,0,475,0.2060008284421308,0.0371658667695974,True,,450569,450569,BCG_3AXIS,0,0.0646080271615555,0.2060008284421308,0.20155598006884876,0.04358295476767907,0.00189947394628156,0.002109704641350211,1.9827436575114397,0.004174197173708294,2.109704641350211,5.182642784435622,0.0004469895362134672,0.3731096614422188,0.26156335714190976,0.20204768901978903,0.5363889538383012,0.5363889538383012,,
OXFORD,OXFORD_450569_BCG_3AXIS_seg0001,OXFORD_450569_BCG_3AXIS_seg0001_c0002,18.406,20.208,1.802,902,9203,10105,0.0861738407659654,0.0371658667695974,True,,450569,450569,BCG_3AXIS,0,0.038213778297173026,0.08617384076596543,0.08361895879770806,0.015286702991641367,0.00023368328835465712,0.026637069922308545,1.317184152274434,0.0014602928517454922,1.1086474501108647,4.049410106939563,0.00018267083158823684,0.3545861954171358,0.3319580482892591,0.39211598700728145,0.2759259647034595,0.39211598700728145,,
OXFORD,OXFORD_450569_BCG_3AXIS_seg0001,OXFORD_450569_BCG_3AXIS_seg0001_c0003,23.506,24.714,1.2079999999999984,605,11753,12358,0.083533846529169,0.0371658667695974,True,,450569,450569,BCG_3AXIS,0,0.03474896207157497,0.08353384652916905,0.0801288907295342,0.014464322716443162,0.0002092166316454137,0.033112582781456956,0.7305316708563123,0.0012074903650517558,1.6556291390728477,8.217588822004755,9.48018665641865e-05,0.48056286455105884,0.36796940979451753,0.18889824979808803,0.44313234040739435,0.44313234040739435,,
OXFORD,OXFORD_450569_BCG_3AXIS_seg0001,OXFORD_450569_BCG_3AXIS_seg0001_c0004,25.352,29.398,4.045999999999999,2024,12676,14700,0.099220100823395,0.0371658667695974,True,,450569,450569,BCG_3AXIS,0,0.03043604366577992,0.09922010082339502,0.09551029413588516,0.012821738870682668,0.00016439698766797483,0.029658922392486405,1.8749379741471301,0.0009263527540252619,1.976284584980237,5.87510335801808,0.00031136876642450054,0.5295582081115715,0.4690559435009787,0.21192707911101855,0.31901697738800283,0.4690559435009787,,
OXFORD,OXFORD_450569_BCG_3AXIS_seg0001,OXFORD_450569_BCG_3AXIS_seg0001_c0005,30.654,31.484,0.8300000000000018,416,15327,15743,0.0559168918034609,0.0371658667695974,True,,450569,450569,BCG_3AXIS,0,0.02930290230691522,0.05591689180346097,0.04734167647576089,0.012568683277341224,0.00015797179932611693,0.03855421686746988,0.3572025947811848,0.0008586600836086173,4.8076923076923075,10.277222716283037,4.5678249233146564e-05,0.47402651477770136,0.40943604129589434,0.12761086477192443,0.46295309393218126,0.46295309393218126,,
OXFORD,OXFORD_450569_BCG_3AXIS_seg0001,OXFORD_450569_BCG_3AXIS_seg0001_c0006,35.632,39.624,3.992000000000005,1997,17816,19813,0.1198836758336102,0.0371658667695974,True,,450569,450569,BCG_3AXIS,0,0.040151782175364865,0.11988367583361022,0.11738378631578045,0.020994128418423574,0.00044075342804926037,0.02905811623246493,3.219494726880322,0.0016121656118579478,0.501002004008016,5.380895417461961,0.0009001336973074998,0.5069119769463033,0.5976744443783927,0.23635072541530422,0.16597483020630308,0.5976744443783927,,
OXFORD,OXFORD_450569_BCG_3AXIS_seg0001,OXFORD_450569_BCG_3AXIS_seg0001_c0007,141.862,142.83,0.9680000000000176,485,70931,71416,0.0647527758222877,0.0371658667695974,True,,450569,450569,BCG_3AXIS,0,0.02763056640915391,0.06475277582228774,0.06395349331062648,0.013933559529894354,0.00019414408117310975,0.05785123966942149,0.3702723770439723,0.0007634482000906645,2.066115702479339,10.159508851227512,3.85821077477827e-05,0.5175601038861248,0.5246517896388636,0.09904550112518443,0.3763027092359519,0.5246517896388636,,
OXFORD,OXFORD_450569_BCG_3AXIS_seg0001,OXFORD_450569_BCG_3AXIS_seg0001_c0008,143.47,144.328,0.8580000000000041,430,71735,72165,0.0788093021225513,0.0371658667695974,True,,450569,450569,BCG_3AXIS,0,0.039474942828709385,0.07880930212255137,0.07503344427205941,0.01660360154284994,0.0002756795841937289,0.03263403263403263,0.6700565778718459,0.0015582711113298743,4.651162790697675,8.382149257255026,0.0001133312474131284,0.4277074756946038,0.46788308633642806,0.17042327520728184,0.36169363845629016,0.46788308633642806,,
OXFORD,OXFORD_450569_BCG_3AXIS_seg0001,OXFORD_450569_BCG_3AXIS_seg0001_c0009,148.214,149.062,0.8480000000000132,425,74107,74532,0.0716944462881959,0.0371658667695974,True,,450569,450569,BCG_3AXIS,0,0.027120728781296833,0.0716944462881959,0.06803147063532082,0.01679766469335045,0.00028216153915023223,0.0330188679245283,0.3126019200921816,0.0007355339296286625,2.358490566037736,8.084863812723327,3.2525108655704264e-05,0.46425995310288815,0.3533555735608997,0.07956715602007439,0.5670772704190259,0.5670772704190259,,
OXFORD,OXFORD_450569_BCG_3AXIS_seg0001,OXFORD_450569_BCG_3AXIS_seg0001_c0010,151.472,152.37,0.8979999999999961,450,75736,76186,0.0756494830183313,0.0371658667695974,True,,450569,450569,BCG_3AXIS,0,0.03599144647897981,0.07564948301833133,0.07223297135960512,0.017842227411032075,0.00031834507898698437,0.026726057906458798,0.5829228988421707,0.0012953842196492683,4.444444444444445,5.959485206143504,0.00011215445697526644,0.3610809901566006,0.42374332445870083,0.3703566833720542,0.2058999921692451,0.42374332445870083,,
OXFORD,OXFORD_450569_BCG_3AXIS_seg0001,OXFORD_450569_BCG_3AXIS_seg0001_c0011,153.11,156.29,3.1799999999999784,1591,76555,78146,0.072091593913069,0.0371658667695974,True,,450569,450569,BCG_3AXIS,0,0.027085624729453226,0.07209159391306905,0.071167641104619,0.01432346896524725,0.00020516176319840116,0.03522012578616352,1.1672070275727662,0.0007336310669847682,3.7735849056603774,7.693503732168799,0.00030966772838916557,0.5535242132031303,0.3252441361249296,0.33705306833853266,0.3377027955365377,0.3377027955365377,,
OXFORD,OXFORD_450569_BCG_3AXIS_seg0001,OXFORD_450569_BCG_3AXIS_seg0001_c0012,158.664,159.54,0.8760000000000048,439,79332,79771,0.0672485283825994,0.0371658667695974,True,,450569,450569,BCG_3AXIS,0,0.029457030163849388,0.06724852838259941,0.0609300455170843,0.012351576887710899,0.00015256145161303406,0.0502283105022831,0.3809275988464565,0.0008677166260739328,2.2831050228310503,9.159568819406624,2.7171287500748063e-05,0.4717759680646544,0.3300962162863072,0.3042193001790533,0.3656844835346395,0.3656844835346395,,
OXFORD,OXFORD_450569_BCG_3AXIS_seg0001,OXFORD_450569_BCG_3AXIS_seg0001_c0013,165.798,166.65,0.8520000000000039,427,82899,83326,0.0724321376242243,0.0371658667695974,True,,450569,450569,BCG_3AXIS,0,0.026878616361438814,0.07243213762422432,0.0705798356084118,0.016242698633934245,0.00026382525891280935,0.03286384976525822,0.3084904274748085,0.0007224600175054063,2.347417840375587,7.687540487910726,2.8665932166638886e-05,0.46545195582079063,0.4185711597217767,0.15085905317862672,0.43056978709959653,0.43056978709959653,,
OXFORD,OXFORD_450569_BCG_3AXIS_seg0001,OXFORD_450569_BCG_3AXIS_seg0001_c0014,182.17,182.688,0.5180000000000007,260,91085,91345,0.0575142161652851,0.0371658667695974,True,,450569,450569,BCG_3AXIS,0,0.03280836841619618,0.057514216165285195,0.04875420836722363,0.011805494656541045,0.00013936970408561915,0.03088803088803089,0.27986114991454336,0.0010763890381328591,3.846153846153846,6.805112247692183,1.659588266743644e-05,0.37222697606509947,0.6061897399711348,0.20277955653599333,0.19103070349287174,0.6061897399711348,,
OXFORD,OXFORD_450569_BCG_3AXIS_seg0001,OXFORD_450569_BCG_3AXIS_seg0001_c0015,196.212,198.06,1.8480000000000127,925,98106,99031,0.0579630573290603,0.0371658667695974,True,,450569,450569,BCG_3AXIS,0,0.02425231966218103,0.05796305732906033,0.055451038512063955,0.011464914937231617,0.00013144427451795664,0.03463203463203463,0.5440618833218667,0.0005881750089966126,2.1645021645021645,7.9585350436094355,0.00010712173951704505,0.5307953929388831,0.39406376835874796,0.3155529422729314,0.29038328936832053,0.39406376835874796,,
OXFORD,OXFORD_450569_BCG_3AXIS_seg0001,OXFORD_450569_BCG_3AXIS_seg0001_c0016,199.782,200.708,0.9259999999999876,464,99891,100355,0.0660887231140538,0.0371658667695974,True,,450569,450569,BCG_3AXIS,0,0.02690595012233393,0.0660887231140538,0.06470531916763396,0.012842500029551044,0.00016492980700901855,0.03023758099352052,0.33590359052128177,0.0007239301519855211,6.46551724137931,9.324708009117748,2.5098947721746772e-05,0.5131138496733884,0.6083221467234877,0.24690742935887508,0.14477042391763725,0.6083221467234877,,
OXFORD,OXFORD_450569_BCG_3AXIS_seg0001,OXFORD_450569_BCG_3AXIS_seg0001_c0017,219.9,221.918,2.0180000000000007,1010,109950,110960,0.1402540043593751,0.0371658667695974,True,,450569,450569,BCG_3AXIS,0,0.052996100810373176,0.1402540043593751,0.1380062337111328,0.029906792613274436,0.0008944162444134064,0.023785926660059464,2.836672568114269,0.0028085867011032367,0.9900990099009901,4.747583026908151,0.0011127723038697026,0.42837425324679645,0.520778610864434,0.37764289482205005,0.10157849431351595,0.520778610864434,,
OXFORD,OXFORD_450569_BCG_3AXIS_seg0001,OXFORD_450569_BCG_3AXIS_seg0001_c0018,226.176,227.86,1.684000000000026,843,113088,113931,0.0569511004252626,0.0371658667695974,True,,450569,450569,BCG_3AXIS,0,0.02195737256156374,0.05695110042526264,0.05561875366549016,0.010578511405860828,0.00011190490356392762,0.030878859857482184,0.4064323948675641,0.00048212620980731213,2.375296912114014,6.335422910169554,7.557094371086633e-05,0.4802991386757316,0.5203913209276145,0.2995379482323486,0.18007073084003697,0.5203913209276145,,
OXFORD,OXFORD_450569_BCG_3AXIS_seg0001,OXFORD_450569_BCG_3AXIS_seg0001_c0019,255.456,255.82,0.3640000000000043,183,127728,127911,0.0571803661594847,0.0371658667695974,True,,450569,450569,BCG_3AXIS,0,0.036113467982151516,0.057180366159484755,0.03701390202847592,0.009404751195151799,8.84493450427092e-05,0.06593406593406594,0.2386654102547125,0.0013041825696978825,5.4945054945054945,14.525796585589317,5.527977510701832e-06,0.4634388570520092,0.46461864154559784,0.3448825346161428,0.19049882383825936,0.46461864154559784,,
OXFORD,OXFORD_450569_BCG_3AXIS_seg0001,OXFORD_450569_BCG_3AXIS_seg0001_c0020,257.492,257.938,0.4459999999999695,224,128746,128970,0.0469363476873063,0.0371658667695974,True,,450569,450569,BCG_3AXIS,0,0.02357391100804141,0.046936347687306375,0.041916426906143764,0.011214336648366945,0.00012576134646290598,0.03587443946188341,0.12448335876817254,0.0005557292802150559,4.464285714285714,9.312831104788645,1.1223623555781598e-05,0.39145824925180567,0.6648112784212908,0.18216362537728223,0.15302509620142699,0.6648112784212908,,
OXFORD,OXFORD_450569_BCG_3AXIS_seg0001,OXFORD_450569_BCG_3AXIS_seg0001_c0021,258.456,259.378,0.9219999999999686,462,129228,129690,0.0739625458418903,0.0371658667695974,True,,450569,450569,BCG_3AXIS,0,0.029456240586044825,0.07396254584189038,0.07072404619333592,0.013980679448071931,0.00019545939782974087,0.03470715835140998,0.4008635905718849,0.0008676701094629544,2.1645021645021645,8.96717832101631,9.746437458700893e-05,0.46275564883614845,0.4917323722905772,0.3333671284815637,0.17490049922785914,0.4917323722905772,,
OXFORD,OXFORD_450569_BCG_3AXIS_seg0001,OXFORD_450569_BCG_3AXIS_seg0001_c0022,265.456,266.358,0.9019999999999868,452,132728,133180,0.0489219491692825,0.0371658667695974,True,,450569,450569,BCG_3AXIS,0,0.026841317886836538,0.04892194916928258,0.04412603015614227,0.012361609379810639,0.00015280938645902237,0.017738359201773836,0.3256462683477994,0.0007204563459022111,2.2123893805309733,6.277332391000465,4.057554780044766e-05,0.4120323092544212,0.5377129667710038,0.23245582022484962,0.22983121300414674,0.5377129667710038,,
OXFORD,OXFORD_450569_BCG_3AXIS_seg0001,OXFORD_450569_BCG_3AXIS_seg0001_c0023,268.766,269.93,1.1639999999999873,583,134383,134966,0.0647411906291847,0.0371658667695974,True,,450569,450569,BCG_3AXIS,0,0.028885570200145653,0.06474119062918479,0.057920005793079064,0.01035802882749138,0.00010728876119114243,0.03436426116838488,0.4864413046541373,0.0008343761657875426,3.436426116838488,7.659441625096691,3.8876702606850066e-05,0.4540728560517392,0.6313089558222258,0.15709926817026276,0.21159177600751142,0.6313089558222258,,
OXFORD,OXFORD_450569_BCG_3AXIS_seg0001,OXFORD_450569_BCG_3AXIS_seg0001_c0024,270.764,271.804,1.0399999999999636,521,135382,135903,0.0691601965462393,0.0371658667695974,True,,450569,450569,BCG_3AXIS,0,0.03265443413745021,0.06916019654623938,0.06379972920128762,0.012511724014614176,0.00015654323781787307,0.03076923076923077,0.5555485878641152,0.0010663120688370732,1.923076923076923,6.842261558562391,7.760042014573395e-05,0.4320043861838064,0.39866570350626407,0.4000430131343385,0.2012912833593974,0.4000430131343385,,
OXFORD,OXFORD_450569_BCG_3AXIS_seg0001,OXFORD_450569_BCG_3AXIS_seg0001_c0025,274.23,276.014,1.7839999999999918,893,137115,138008,0.0624308074988664,0.0371658667695974,True,,450569,450569,BCG_3AXIS,0,0.028499610652795746,0.06243080749886648,0.06123737781459343,0.013078826016292119,0.0001710556899644396,0.02242152466367713,0.7253194319733273,0.0008122278073609488,1.1210762331838564,4.9707017287840545,0.00011563304653168483,0.41633755456489824,0.4598242324235388,0.31520348430624334,0.22497228327021784,0.4598242324235388,,
OXFORD,OXFORD_450569_BCG_3AXIS_seg0001,OXFORD_450569_BCG_3AXIS_seg0001_c0026,279.21,281.174,1.9639999999999984,983,139605,140588,0.0914408871167939,0.0371658667695974,True,,450569,450569,BCG_3AXIS,0,0.03270349397214115,0.09144088711679395,0.08968153441864714,0.014560806129812308,0.0002120170751499797,0.034623217922606926,1.0513367031801129,0.0010695185179858727,4.0733197556008145,7.497259676386914,0.00019107764208731732,0.5134502164281866,0.5533405542813885,0.30739858032680956,0.1392608653918019,0.5533405542813885,,
OXFORD,OXFORD_450569_BCG_3AXIS_seg0001,OXFORD_450569_BCG_3AXIS_seg0001_c0027,284.564,285.452,0.8879999999999768,445,142282,142727,0.0558900209681566,0.0371658667695974,True,,450569,450569,BCG_3AXIS,0,0.02796707406620384,0.05589002096815664,0.04989450424191924,0.012568193122780597,0.00015795947837150947,0.03153153153153153,0.3480599681619164,0.0007821572318245313,2.2522522522522523,6.099143528459096,6.546689884973742e-05,0.3965306230560021,0.6468375845266957,0.13529508403568083,0.21786733143762355,0.6468375845266957,,
OXFORD,OXFORD_450569_BCG_3AXIS_seg0001,OXFORD_450569_BCG_3AXIS_seg0001_c0028,320.072,320.968,0.896000000000015,449,160036,160485,0.0501645762120046,0.0371658667695974,True,,450569,450569,BCG_3AXIS,0,0.020803821936521687,0.05016457621200462,0.047499872204460676,0.011624948828968076,0.00013513943527612625,0.022321428571428572,0.19432675421775894,0.000432799007166501,2.232142857142857,7.861381118094028,3.701300641013878e-05,0.475918140429713,0.623397594144186,0.216460556578149,0.16014184927766503,0.623397594144186,,
OXFORD,OXFORD_450569_BCG_3AXIS_seg0001,OXFORD_450569_BCG_3AXIS_seg0001_c0029,325.282,326.232,0.9500000000000456,476,162641,163117,0.0600880580105606,0.0371658667695974,True,,450569,450569,BCG_3AXIS,0,0.027285505712765723,0.060088058010560684,0.05715904563998468,0.013083653134066746,0.0001711819793325746,0.03368421052631579,0.35438143927265253,0.0007444988220013708,2.1008403361344534,6.634478579097422,6.678140656707025e-05,0.42354083987977337,0.6470168921397945,0.15822572176464864,0.19475738609555687,0.6470168921397945,,
OXFORD,OXFORD_450569_BCG_3AXIS_seg0001,OXFORD_450569_BCG_3AXIS_seg0001_c0030,335.66,336.59,0.92999999999995,466,167830,168296,0.0613190027229049,0.0371658667695974,True,,450569,450569,BCG_3AXIS,0,0.02850241506974369,0.061319002722904935,0.05752170161253482,0.01189716442406341,0.00014154252133320003,0.03870967741935484,0.3785726518005057,0.0008123876648079521,4.291845493562231,8.487548377627322,5.143515806966615e-05,0.48280778601356206,0.5525417183758397,0.14938472496263197,0.2980735566615283,0.5525417183758397,,
OXFORD,OXFORD_450569_BCG_3AXIS_seg0001,OXFORD_450569_BCG_3AXIS_seg0001_c0031,337.258,339.062,1.8040000000000305,903,168629,169532,0.0853423166867952,0.0371658667695974,True,,450569,450569,BCG_3AXIS,0,0.03266085768277073,0.08534231668679523,0.08183495100106924,0.01633519650646361,0.0002668386449047809,0.026607538802660754,0.9632586569905061,0.0010667316245742038,1.1086474501108647,4.854555127205205,0.00018606904327278281,0.4420085643866086,0.5194290434948968,0.23602476911052644,0.24454618739457668,0.5194290434948968,,
OXFORD,OXFORD_450569_BCG_3AXIS_seg0001,OXFORD_450569_BCG_3AXIS_seg0001_c0032,345.064,346.026,0.9619999999999892,482,172532,173014,0.0647548089526984,0.0371658667695974,True,,450569,450569,BCG_3AXIS,0,0.028577955594494074,0.06475480895269846,0.06275746947868989,0.015379721118558414,0.00023653582168463167,0.02494802494802495,0.39364918115314185,0.0008166995459608752,2.074688796680498,5.903652328126317,7.539588813017702e-05,0.423208805195242,0.49610600785963066,0.22791140531690857,0.2759825868234608,0.49610600785963066,,
OXFORD,OXFORD_450569_BCG_3AXIS_seg0001,OXFORD_450569_BCG_3AXIS_seg0001_c0033,346.738,347.12,0.382000000000005,192,173369,173561,0.0718058331826105,0.0371658667695974,True,,450569,450569,BCG_3AXIS,0,0.03363706843166315,0.07180583318261057,0.0669822572801154,0.015567013931780473,0.00024233192275224737,0.041884816753926704,0.21723885555386677,0.0011314523726763893,5.208333333333333,12.109977218303944,3.075005777893194e-05,0.3893776759249597,0.6138426389514939,0.1326523023472205,0.25350505870128553,0.6138426389514939,,
OXFORD,OXFORD_450569_BCG_3AXIS_seg0001,OXFORD_450569_BCG_3AXIS_seg0001_c0034,354.486,357.11,2.624000000000024,1313,177243,178556,0.4956634322182375,0.0371658667695974,True,,450569,450569,BCG_3AXIS,0,0.10159913177415908,0.4956634322182375,0.4928825758698318,0.07713434727839946,0.005949707530064731,0.01524390243902439,13.553289636946241,0.01032238357726294,0.7621951219512195,3.9051855512312796,0.0074751363183371495,0.39473423880735836,0.481282349805204,0.10596593231335136,0.4127517178814446,0.481282349805204,,
OXFORD,OXFORD_450569_BCG_3AXIS_seg0001,OXFORD_450569_BCG_3AXIS_seg0001_c0035,358.802,360.914,2.1119999999999663,1057,179401,180458,0.0831340306764121,0.0371658667695974,True,,450569,450569,BCG_3AXIS,0,0.03289013206910976,0.08313403067641217,0.0789073913025462,0.016537808455707667,0.000273499108517676,0.02462121212121212,1.143421152412321,0.0010817607875234826,1.8939393939393938,5.322031379196098,0.00025974839605065155,0.4574337209949941,0.645564606056807,0.14689686819718983,0.20753852574600307,0.645564606056807,,
OXFORD,OXFORD_450569_BCG_3AXIS_seg0001,OXFORD_450569_BCG_3AXIS_seg0001_c0036,381.908,382.782,0.8739999999999668,438,190954,191392,0.0744205011251954,0.0371658667695974,True,,450569,450569,BCG_3AXIS,0,0.032995024028828805,0.07442050112519547,0.07032080568744374,0.015306570393333538,0.0002342910972060748,0.036613272311212815,0.4768381654703897,0.0010886716106629903,6.849315068493151,6.615246127258993,5.4058306572594056e-05,0.4145534337832179,0.48175140459342014,0.21829128680763973,0.29995730859894015,0.48175140459342014,,
OXFORD,OXFORD_450569_BCG_3AXIS_seg0001,OXFORD_450569_BCG_3AXIS_seg0001_c0037,385.072,385.92,0.8480000000000132,425,192536,192961,0.0653938586108437,0.0371658667695974,True,,450569,450569,BCG_3AXIS,0,0.0305729563958095,0.06539385861084378,0.0641491091731509,0.016559742303064943,0.00027422506514391865,0.02358490566037736,0.39724990668152943,0.0009347056627800692,9.433962264150944,8.801001775671237,3.5136690266689846e-05,0.43806590317220684,0.4216721803203577,0.24589024707576282,0.33243757260387957,0.4216721803203577,,
OXFORD,OXFORD_450569_BCG_3AXIS_seg0001,OXFORD_450569_BCG_3AXIS_seg0001_c0038,393.114,395.752,2.6380000000000337,1320,196557,197877,0.0751163711558709,0.0371658667695974,True,,450569,450569,BCG_3AXIS,0,0.02807526917674771,0.07511637115587094,0.07179238790135233,0.013185571251785178,0.00017385928923590373,0.039423805913570885,1.0404513759378289,0.0007882207393468401,2.2727272727272725,8.757642935634282,0.00021143406231616802,0.5570356392263626,0.4039796441453321,0.3132050879867506,0.28281526786791733,0.4039796441453321,,
OXFORD,OXFORD_450569_BCG_3AXIS_seg0001,OXFORD_450569_BCG_3AXIS_seg0001_c0039,413.658,413.966,0.3079999999999927,155,206829,206984,0.0690475792059895,0.0371658667695974,True,,450569,450569,BCG_3AXIS,0,0.03937377486361983,0.06904757920598951,0.06321989096411497,0.01907840835591718,0.0003639856653951305,0.03896103896103896,0.2402955927867082,0.0015502941470110206,12.987012987012987,13.105360691404934,4.7385251994017044e-05,0.39042153366965615,0.3347924605509341,0.4853750657655483,0.17983247368351762,0.4853750657655483,,
OXFORD,OXFORD_450569_BCG_3AXIS_seg0001,OXFORD_450569_BCG_3AXIS_seg0001_c0040,442.586,443.744,1.1580000000000157,580,221293,221873,0.0697073098797419,0.0371658667695974,True,,450569,450569,BCG_3AXIS,0,0.03598627483999221,0.06970730987974193,0.06503688217158796,0.01577829007067397,0.00024895443755432883,0.017271157167530225,0.7511069465784846,0.0012950119768594564,1.7241379310344829,5.584444559566614,8.443805250617305e-05,0.4319947086419567,0.4906766418724639,0.24063044690327698,0.26869291122425915,0.4906766418724639,,
OXFORD,OXFORD_450569_BCG_3AXIS_seg0001,OXFORD_450569_BCG_3AXIS_seg0001_c0041,446.262,447.192,0.9300000000000068,466,223131,223597,0.0635385057748335,0.0371658667695974,True,,450569,450569,BCG_3AXIS,0,0.028270204323360876,0.06353850577483358,0.05855001438655736,0.014529366671185602,0.000211102495865759,0.043010752688172046,0.3724292748578105,0.0007992044524845719,2.1459227467811157,12.393469637816118,5.037249398085346e-05,0.5026980920674472,0.5598219026533087,0.21587297971993058,0.2243051176267608,0.5598219026533087,,
OXFORD,OXFORD_450569_BCG_3AXIS_seg0001,OXFORD_450569_BCG_3AXIS_seg0001_c0042,448.578,448.906,0.3280000000000314,165,224289,224454,0.1218744643663217,0.0371658667695974,True,,450569,450569,BCG_3AXIS,0,0.05675573393397372,0.12187446436632171,0.1110110670029832,0.02249140425984346,0.0005058632655797046,0.04878048780487805,0.5315002001733626,0.003221213334384016,6.097560975609756,11.902142809174842,6.847163803810396e-05,0.37071024904183836,0.6279268799537612,0.13578025374818364,0.23629286629805518,0.6279268799537612,,
OXFORD,OXFORD_450569_BCG_3AXIS_seg0001,OXFORD_450569_BCG_3AXIS_seg0001_c0043,453.054,455.514,2.4600000000000364,1231,226527,227758,0.1061464155659228,0.0371658667695974,True,,450569,450569,BCG_3AXIS,0,0.036852318189788964,0.10614641556592284,0.10013027479025052,0.016283091428324143,0.00026513906646316316,0.024390243902439025,1.671812921188546,0.0013580933559614507,4.878048780487805,6.512656210144961,0.00034289190406463154,0.49759547381561,0.509553813415093,0.3359123781811716,0.15453380840373532,0.509553813415093,,
OXFORD,OXFORD_450569_BCG_3AXIS_seg0001,OXFORD_450569_BCG_3AXIS_seg0001_c0044,456.12,456.546,0.4259999999999877,214,228060,228274,0.0485146816138137,0.0371658667695974,True,,450569,450569,BCG_3AXIS,0,0.03067942846046824,0.04851468161381376,0.04036600798532613,0.01085530990834981,0.00011783775320631759,0.03755868544600939,0.20142264876145158,0.0009412273306609887,4.672897196261682,10.404519667774204,1.9175057495666975e-05,0.3893012226582036,0.5523172104595494,0.2409869083439512,0.20669588119649931,0.5523172104595494,,
OXFORD,OXFORD_450569_BCG_3AXIS_seg0001,OXFORD_450569_BCG_3AXIS_seg0001_c0045,458.632,461.118,2.48599999999999,1244,229316,230560,0.0953118401572691,0.0371658667695974,True,,450569,450569,BCG_3AXIS,0,0.03992363190619475,0.0953118401572691,0.09199131849155537,0.01897845688986202,0.0003601818259203511,0.032180209171359615,1.9828071024191765,0.0015938963845813317,0.8038585209003215,6.154766261134064,0.0003359345520801321,0.514188445684687,0.4822512550537791,0.3538847233945949,0.16386402155162605,0.4822512550537791,,
OXFORD,OXFORD_450569_BCG_3AXIS_seg0001,OXFORD_450569_BCG_3AXIS_seg0001_c0046,464.954,467.344,2.3899999999999864,1196,232477,233673,0.0644492374575169,0.0371658667695974,True,,450569,450569,BCG_3AXIS,0,0.028026951666083554,0.06444923745751692,0.06273932286776593,0.012464102858363751,0.00015535386006387141,0.038493723849372385,0.9394699835528086,0.0007855100196929838,4.1806020066889635,8.637402760348976,0.00016245065480455586,0.5263300597254202,0.38352493136650856,0.3643698210042705,0.2521052476292209,0.38352493136650856,,
OXFORD,OXFORD_450569_BCG_3AXIS_seg0001,OXFORD_450569_BCG_3AXIS_seg0001_c0047,468.848,470.434,1.5860000000000127,794,234424,235218,0.0558136335326833,0.0371658667695974,True,,450569,450569,BCG_3AXIS,0,0.024050496139935526,0.05581363353268338,0.05410849562678546,0.01209462702561845,0.0001462800028888202,0.03783102143757881,0.45927053347418056,0.0005784263645770536,3.778337531486146,8.472828804518352,0.00010087566709226841,0.49946697083155994,0.3574378057437426,0.41244384414807045,0.230118350108187,0.41244384414807045,,
OXFORD,OXFORD_450569_BCG_3AXIS_seg0001,OXFORD_450569_BCG_3AXIS_seg0001_c0048,506.82,509.5,2.680000000000007,1341,253410,254751,0.1483554100165266,0.0371658667695974,True,,450569,450569,BCG_3AXIS,0,0.04801258459183554,0.14835541001652663,0.14405051557184284,0.025043093221147138,0.0006271565180830657,0.03582089552238806,3.091284302391327,0.0023052082791881635,1.4925373134328357,6.578079512344367,0.0007765810396854968,0.523608743439143,0.6832561497194415,0.15348378783687128,0.16326006244368726,0.6832561497194415,,
OXFORD,OXFORD_450569_BCG_3AXIS_seg0001,OXFORD_450569_BCG_3AXIS_seg0001_c0049,535.292,536.51,1.217999999999961,610,267646,268256,0.0684886132370551,0.0371658667695974,True,,450569,450569,BCG_3AXIS,0,0.03175285469466127,0.06848861323705516,0.06781911448440006,0.014913561994183894,0.00022241433135436627,0.03284072249589491,0.6150287065687662,0.0010082437812602724,3.278688524590164,7.020916061019225,0.00013415577928939295,0.47051347439822316,0.5475914093609772,0.23619124652497395,0.21621734411404883,0.5475914093609772,,
OXFORD,OXFORD_450569_BCG_3AXIS_seg0001,OXFORD_450569_BCG_3AXIS_seg0001_c0050,608.462,609.432,0.9700000000000272,486,304231,304717,0.0922509127700101,0.0371658667695974,True,,450569,450569,BCG_3AXIS,0,0.033046825467495246,0.09225091277001017,0.086648616985316,0.0165118097719855,0.00027263986194623577,0.03711340206185567,0.530757039310839,0.0010920926734790924,6.172839506172839,6.784042629116827,4.201432562544804e-05,0.35748229596578396,0.5350048921750143,0.15414832046991683,0.31084678735506877,0.5350048921750143,,
OXFORD,OXFORD_450569_BCG_3AXIS_seg0001,OXFORD_450569_BCG_3AXIS_seg0001_c0051,610.756,611.09,0.33400000000006,168,305378,305546,0.0620342979826083,0.0371658667695974,True,,450569,450569,BCG_3AXIS,0,0.036331138181571694,0.06203429798260833,0.05792304984317491,0.015596658480175045,0.00024325575574721614,0.03592814371257485,0.22175186906350072,0.0013199516015684567,5.952380952380952,12.466235416288923,2.269823978011008e-05,0.3914801756524723,0.4366421962353472,0.29413013477670963,0.26922766898794315,0.4366421962353472,,
OXFORD,OXFORD_450569_BCG_3AXIS_seg0001,OXFORD_450569_BCG_3AXIS_seg0001_c0052,626.414,628.126,1.711999999999989,857,313207,314064,0.0710945619592911,0.0371658667695974,True,,450569,450569,BCG_3AXIS,0,0.03601808894229821,0.07109456195929115,0.06859551249643099,0.015903048316565048,0.00025290694575900237,0.030373831775700934,1.111788440514396,0.0012973027310553046,1.1682242990654206,6.42002362010033,0.00017242644102087975,0.48454809576208313,0.5008211845685697,0.26283406952283245,0.23634474590859778,0.5008211845685697,,
OXFORD,OXFORD_450569_BCG_3AXIS_seg0001,OXFORD_450569_BCG_3AXIS_seg0001_c0053,630.624,634.036,3.411999999999921,1707,315312,317019,0.2089553223964546,0.0371658667695974,True,,450569,450569,BCG_3AXIS,0,0.046457929252219185,0.20895532239645465,0.20750319360761274,0.02565164782589132,0.0006580070361835549,0.03458382180539273,3.6842849980199746,0.002158339190404203,0.5861664712778429,7.086346169437474,0.0008664076090512138,0.5602430672206843,0.6785656488030004,0.1502224532822317,0.17121189791476787,0.6785656488030004,,
OXFORD,OXFORD_450569_BCG_3AXIS_seg0001,OXFORD_450569_BCG_3AXIS_seg0001_c0054,653.788,654.12,0.3319999999999936,167,326894,327061,0.0543774031024346,0.0371658667695974,True,,450569,450569,BCG_3AXIS,0,0.026199987808277588,0.054377403102434684,0.053698654279208086,0.014077990829223714,0.000198189825787707,0.024096385542168676,0.11463537331270032,0.0006864393611538942,6.024096385542168,11.435727248059717,1.4360531355354835e-05,0.35734578882699514,0.37134611789469013,0.2761319784268775,0.35252190367843245,0.37134611789469013,,
OXFORD,OXFORD_450569_BCG_3AXIS_seg0001,OXFORD_450569_BCG_3AXIS_seg0001_c0055,693.718,694.664,0.9460000000000264,474,346859,347333,0.0694123536767241,0.0371658667695974,True,,450569,450569,BCG_3AXIS,0,0.02747972955455556,0.06941235367672412,0.06615547187129864,0.01577458979198028,0.0002488376831052484,0.03382663847780127,0.35793424424957776,0.0007551355363915143,2.109704641350211,6.282610341423909,5.017727734979044e-05,0.4168858203255413,0.446745430597837,0.25802915221418404,0.29522541718797896,0.446745430597837,,
OXFORD,OXFORD_450569_BCG_3AXIS_seg0001,OXFORD_450569_BCG_3AXIS_seg0001_c0056,747.722,749.3,1.5779999999999743,790,373861,374651,0.1839292358294852,0.0371658667695974,True,,450569,450569,BCG_3AXIS,0,0.05094412110601697,0.1839292358294852,0.1816659105196087,0.030586139251036613,0.0009355119142838026,0.035487959442332066,2.0502897454589735,0.0025953034752645232,2.531645569620253,8.038782331670271,0.0008506656262011154,0.4921498079977762,0.7692995015541569,0.11546326074877705,0.115237237697066,0.7692995015541569,,
OXFORD,OXFORD_450569_BCG_3AXIS_seg0001,OXFORD_450569_BCG_3AXIS_seg0001_c0057,750.594,751.718,1.12399999999991,563,375297,375860,0.0653071418186306,0.0371658667695974,True,,450569,450569,BCG_3AXIS,0,0.02585765430440624,0.06530714181863062,0.06302277603829556,0.01325564297588738,0.0001757120707041924,0.03202846975088968,0.3764320950890385,0.0006686182861261786,5.338078291814946,8.470977024795713,7.115108489849288e-05,0.49994064115604575,0.5185236401438803,0.18307605651982298,0.29840030333629664,0.5185236401438803,,
OXFORD,OXFORD_450569_BCG_3AXIS_seg0001,OXFORD_450569_BCG_3AXIS_seg0001_c0058,800.328,800.658,0.3300000000000409,166,400164,400330,0.0726662175288856,0.0371658667695974,True,,450569,450569,BCG_3AXIS,0,0.03840093623168056,0.07266621752888568,0.0703609099578491,0.017175335846114068,0.0002949921614268108,0.048484848484848485,0.24478889597595305,0.0014746319034695966,6.024096385542168,8.231273102303083,3.53074118263742e-05,0.33893186532259917,0.593095697477998,0.09311531787996694,0.3137889846420351,0.593095697477998,,
OXFORD,OXFORD_450569_BCG_3AXIS_seg0001,OXFORD_450569_BCG_3AXIS_seg0001_c0059,802.362,804.152,1.7900000000000773,896,401181,402077,0.1920132718972269,0.0371658667695974,True,,450569,450569,BCG_3AXIS,0,0.05056875017499394,0.1920132718972269,0.1906757371053882,0.03178726135995337,0.0010104299847659844,0.02905027932960894,2.291249850857811,0.0025571984942609496,2.232142857142857,6.091603775515893,0.0008547885932761608,0.46724988798721906,0.6949561453767591,0.1805718219094355,0.1244720327138055,0.6949561453767591,,
OXFORD,OXFORD_450569_BCG_3AXIS_seg0001,OXFORD_450569_BCG_3AXIS_seg0001_c0060,804.944,806.028,1.08400000000006,543,402472,403015,0.0687882834722832,0.0371658667695974,True,,450569,450569,BCG_3AXIS,0,0.028042166705997802,0.06878828347228323,0.06578576238535369,0.014988300737005026,0.0002246491589829054,0.03690036900369004,0.4269951706668656,0.0007863631135669717,1.8450184501845017,7.37793794403879,8.053484445827444e-05,0.4775227107184497,0.42533389983594183,0.17285441202061275,0.4018116881434454,0.42533389983594183,,
OXFORD,OXFORD_450569_BCG_3AXIS_seg0001,OXFORD_450569_BCG_3AXIS_seg0001_c0061,806.584,807.548,0.9640000000000556,483,403292,403775,0.156650301522691,0.0371658667695974,True,,450569,450569,BCG_3AXIS,0,0.05072446672853642,0.15665030152269105,0.15369806805259106,0.03488242291215014,0.0012167834282220975,0.024896265560165973,1.2427452465239943,0.002572971524894398,2.074688796680498,8.112990339932823,0.00031065037531410205,0.45771983417893664,0.6966561011385594,0.17693877892835214,0.1264051199330885,0.6966561011385594,,
OXFORD,OXFORD_450569_BCG_3AXIS_seg0001,OXFORD_450569_BCG_3AXIS_seg0001_c0062,809.118,810.912,1.7939999999999827,898,404559,405457,0.1362640777588739,0.0371658667695974,True,,450569,450569,BCG_3AXIS,0,0.03983648152292591,0.13626407775887395,0.13517286678047877,0.021809425610611048,0.00047565104546477713,0.022296544035674472,1.425076843593523,0.0015869452601264176,1.1135857461024499,7.029823937749026,0.00019817376743921038,0.5065362443988062,0.3884279913132251,0.4140120658209676,0.19755994286580725,0.4140120658209676,,
OXFORD,OXFORD_450569_BCG_3AXIS_seg0001,OXFORD_450569_BCG_3AXIS_seg0001_c0063,813.84,814.246,0.405999999999949,204,406920,407124,0.0810564143920036,0.0371658667695974,True,,450569,450569,BCG_3AXIS,0,0.04017987423619502,0.08105641439200362,0.07743795541110837,0.01814607138477531,0.00032927990670136127,0.04926108374384237,0.32934214790183547,0.0016144222936364484,9.80392156862745,11.837086005172997,5.6758129237151215e-05,0.4146595931750984,0.26724218604420263,0.37671763736493213,0.3560401765908653,0.37671763736493213,,
OXFORD,OXFORD_450569_BCG_3AXIS_seg0001,OXFORD_450569_BCG_3AXIS_seg0001_c0064,816.486,818.526,2.039999999999964,1021,408243,409264,0.0871237241684064,0.0371658667695974,True,,450569,450569,BCG_3AXIS,0,0.033070644092956375,0.08712372416840641,0.08456938012179974,0.017370196774390653,0.0003017237359810515,0.027450980392156862,1.1166345182381732,0.0010936675007229904,1.9607843137254901,5.459447295898469,0.00035048564685649636,0.46090188205185834,0.3209340868108561,0.3552653892109727,0.3238005239781712,0.3552653892109727,,
OXFORD,OXFORD_450569_BCG_3AXIS_seg0001,OXFORD_450569_BCG_3AXIS_seg0001_c0065,819.76,823.862,4.101999999999975,2052,409880,411932,0.0909703226087764,0.0371658667695974,True,,450569,450569,BCG_3AXIS,0,0.036797577940765075,0.09097032260877645,0.08900427569287381,0.0170249101756348,0.0002898475664884333,0.02145294978059483,2.778534695213308,0.0013540617423066803,0.4873294346978557,5.67080738876845,0.000413884066084154,0.5176089568468999,0.2746337944570713,0.4353241148198981,0.29004209072303055,0.4353241148198981,,
OXFORD,OXFORD_450569_BCG_3AXIS_seg0001,OXFORD_450569_BCG_3AXIS_seg0001_c0066,824.604,825.578,0.9739999999999328,488,412302,412790,0.0600139603348213,0.0371658667695974,True,,450569,450569,BCG_3AXIS,0,0.027261047236243098,0.06001396033482133,0.05953053047819748,0.012849920976753797,0.00016512046910881727,0.04106776180698152,0.36266437185133865,0.0007431646964166775,4.098360655737705,7.3061931228973895,5.719707654395617e-05,0.42511140249318374,0.33768771631470207,0.29706588952818963,0.36524639415710836,0.36524639415710836,,
OXFORD,OXFORD_450569_BCG_3AXIS_seg0001,OXFORD_450569_BCG_3AXIS_seg0001_c0067,826.22,827.056,0.8360000000000127,419,413110,413529,0.0763858293710711,0.0371658667695974,True,,450569,450569,BCG_3AXIS,0,0.029439345376330934,0.07638582937107113,0.07277446907539249,0.014056489386888556,0.00019758489388371062,0.03349282296650718,0.3631368485423101,0.0008666750561868976,11.961722488038278,9.062795518423407,3.260423034052922e-05,0.44127757576316307,0.4253010064681769,0.2953079795989091,0.2793910139329141,0.4253010064681769,,
OXFORD,OXFORD_450569_BCG_3AXIS_seg0001,OXFORD_450569_BCG_3AXIS_seg0001_c0068,827.616,829.388,1.7720000000000482,887,413808,414695,0.0988422270818319,0.0371658667695974,True,,450569,450569,BCG_3AXIS,0,0.03520086730404047,0.09884222708183192,0.09646142706288169,0.017454382150644786,0.0003046554562607473,0.022573363431151242,1.099082639294562,0.0012391010589566653,2.2573363431151243,5.501690013635496,0.00016970862276339909,0.45503104224038327,0.36445918702911373,0.38008907673080716,0.25545173624007916,0.38008907673080716,,
OXFORD,OXFORD_450569_BCG_3AXIS_seg0001,OXFORD_450569_BCG_3AXIS_seg0001_c0069,830.106,830.996,0.8899999999999864,446,415053,415499,0.0640755656053264,0.0371658667695974,True,,450569,450569,BCG_3AXIS,0,0.024865914976284962,0.06407556560532644,0.06071603883863922,0.013645517874751888,0.00018620015807017327,0.03146067415730337,0.2757679225130934,0.0006183137276078327,2.242152466367713,6.13226649366551,2.6119746042211937e-05,0.42690166769417054,0.518275802167733,0.17825314540871587,0.30347105242355116,0.518275802167733,,
OXFORD,OXFORD_450569_BCG_3AXIS_seg0001,OXFORD_450569_BCG_3AXIS_seg0001_c0070,831.676,832.634,0.95799999999997,480,415838,416318,0.0826415657042487,0.0371658667695974,True,,450569,450569,BCG_3AXIS,0,0.02976751553258243,0.0826415657042487,0.08051762777297221,0.015702767831793942,0.00024657691757922265,0.029227557411273485,0.4253303908716174,0.0008861049809825363,2.0833333333333335,5.774764096971234,6.271982407711341e-05,0.4223303463005832,0.32648938233863317,0.47580512168529765,0.19770549597606912,0.47580512168529765,,
OXFORD,OXFORD_450569_BCG_3AXIS_seg0001,OXFORD_450569_BCG_3AXIS_seg0001_c0071,833.302,835.78,2.477999999999952,1240,416651,417891,0.1022764634385555,0.0371658667695974,True,,450569,450569,BCG_3AXIS,0,0.0326819374595527,0.10227646343855559,0.0968445620996633,0.017276574967354533,0.0002984800426026213,0.01937046004842615,1.3244552047765414,0.001068109036110114,0.8064516129032259,5.495844121350111,0.00036891270936413026,0.4890392029952375,0.3436076689806826,0.3974711911097343,0.2589211399095832,0.3974711911097343,,
OXFORD,OXFORD_450569_BCG_3AXIS_seg0001,OXFORD_450569_BCG_3AXIS_seg0001_c0072,845.192,846.018,0.8260000000000218,414,422596,423010,0.0616292178085279,0.0371658667695974,True,,450569,450569,BCG_3AXIS,0,0.026146798260077753,0.061629217808527974,0.05647014620988752,0.011036530626561323,0.00012180500827102605,0.03389830508474576,0.28303319453082687,0.000683655059253205,2.4154589371980673,3.8952211731184256,2.133553456425282e-05,0.31405194802392683,0.49557227712865115,0.20179809038362856,0.30262963248772023,0.49557227712865115,,
OXFORD,OXFORD_450569_BCG_3AXIS_seg0001,OXFORD_450569_BCG_3AXIS_seg0001_c0073,847.516,848.372,0.8559999999999945,429,423758,424187,0.0653944493508567,0.0371658667695974,True,,450569,450569,BCG_3AXIS,0,0.033878984218903826,0.06539444935085677,0.06110706951500599,0.012359534605947584,0.0001527580956756159,0.04205607476635514,0.4924000102613312,0.0011477855717047347,2.336448598130841,6.582016139576876,4.0022863040915335e-05,0.43460133356748104,0.4803642832935216,0.23780880354656242,0.28182691315991604,0.4803642832935216,,
OXFORD,OXFORD_450569_BCG_3AXIS_seg0001,OXFORD_450569_BCG_3AXIS_seg0001_c0074,849.01,849.814,0.8039999999999736,403,424505,424908,0.0538065121991574,0.0371658667695974,True,,450569,450569,BCG_3AXIS,0,0.026804420121937518,0.05380651219915744,0.04726457753153594,0.010779887072427895,0.00011620596529429806,0.04477611940298507,0.2895462060435516,0.000718476938073329,4.975124378109452,8.480793959476568,1.8403004182738946e-05,0.4734372607381894,0.5094880722492684,0.2452850176518234,0.24522691009890824,0.5094880722492684,,
OXFORD,OXFORD_450569_BCG_3AXIS_seg0001,OXFORD_450569_BCG_3AXIS_seg0001_c0075,857.562,859.998,2.4360000000000355,1219,428781,430000,0.0749412943349481,0.0371658667695974,True,,450569,450569,BCG_3AXIS,0,0.03436006544157331,0.07494129433494813,0.07060668585309374,0.015341561706686766,0.00023536351560007779,0.03284072249589491,1.4391685844248752,0.0011806140971492003,0.8210180623973727,8.419529684641594,0.0002315498694838701,0.5577820619163429,0.6376913041915867,0.18804322118015976,0.17426547462825362,0.6376913041915867,,
OXFORD,OXFORD_450569_BCG_3AXIS_seg0001,OXFORD_450569_BCG_3AXIS_seg0001_c0076,865.82,866.936,1.1159999999999854,559,432910,433469,0.1313763474155769,0.0371658667695974,True,,450569,450569,BCG_3AXIS,0,0.05472022318518204,0.13137634741557694,0.12404023300753203,0.02753160361483752,0.0007579891976045343,0.02867383512544803,1.673815279418799,0.0029943028254361343,1.7921146953405016,8.894056896821613,0.0002647451151814036,0.46271713994555635,0.6132503926464972,0.23503302734092435,0.15171658001257843,0.6132503926464972,,
OXFORD,OXFORD_450569_BCG_3AXIS_seg0001,OXFORD_450569_BCG_3AXIS_seg0001_c0077,897.652,897.952,0.2999999999999545,151,448826,448977,0.0590207012635859,0.0371658667695974,True,,450569,450569,BCG_3AXIS,0,0.030128397892946305,0.059020701263585974,0.051676690036636816,0.012533858469625025,0.00015709760813659097,0.04,0.1370657742989494,0.0009077203595956913,13.333333333333334,10.833823369948819,2.0848057141749483e-05,0.3780198802968184,0.4638350394213964,0.17256104925548757,0.36360391132311604,0.4638350394213964,,
OXFORD,OXFORD_450663_BCG_3AXIS_seg0001,OXFORD_450663_BCG_3AXIS_seg0001_c0001,0.012,3.634,3.622,1812,6,1818,1.7268651638432195,0.0446090744317042,True,,450663,450663,BCG_3AXIS,0,0.14533874539587766,1.7268651638432195,1.7245069240626896,0.1288149223492798,0.01659328421985098,0.02319160684704583,38.275511854804925,0.02112335091324775,0.5518763796909492,6.520129503329568,0.004606282408211741,0.5507291125256275,0.2930871423222633,0.16691532466594486,0.5399975330117918,0.5399975330117918,,
OXFORD,OXFORD_450663_BCG_3AXIS_seg0001,OXFORD_450663_BCG_3AXIS_seg0001_c0002,37.652,38.576,0.9239999999999996,463,18826,19289,0.1518692343079398,0.0446090744317042,True,,450663,450663,BCG_3AXIS,0,0.08693399669370432,0.1518692343079398,0.13166262810595686,0.029964930166396602,0.000897897039877025,0.03896103896103896,3.4991316586682792,0.007557519781140992,10.822510822510822,9.57788486657782,0.00033789489194618736,0.40154164888385624,0.14166119398636792,0.7140398424547548,0.1442989635588773,0.7140398424547548,,
OXFORD,OXFORD_450663_BCG_3AXIS_seg0001,OXFORD_450663_BCG_3AXIS_seg0001_c0003,70.46,71.386,0.926000000000002,464,35230,35694,0.0675661907578109,0.0446090744317042,True,,450663,450663,BCG_3AXIS,0,0.03174900812492316,0.06756619075781092,0.05936253424514719,0.013788292176416797,0.00019011700114223662,0.017278617710583154,0.4677117758492267,0.0010079995169164368,2.155172413793103,3.9510075544426235,4.977287479656559e-05,0.34962784456423285,0.3171926323061749,0.5280904459072199,0.15471692178660526,0.5280904459072199,,
OXFORD,OXFORD_450663_BCG_3AXIS_seg0001,OXFORD_450663_BCG_3AXIS_seg0001_c0004,103.54,105.006,1.465999999999994,734,51770,52504,0.1297161102417759,0.0446090744317042,True,,450663,450663,BCG_3AXIS,0,0.039756615477914634,0.12971611024177596,0.12694000134469988,0.020313230413555455,0.0004126273298341943,0.03819918144611187,1.1601519401059308,0.0015805884742587613,2.7247956403269757,7.87009608821218,0.0003905625034988902,0.5017647300778492,0.24170342400308875,0.1881171090629888,0.5701794669339225,0.5701794669339225,,
OXFORD,OXFORD_450663_BCG_3AXIS_seg0001,OXFORD_450663_BCG_3AXIS_seg0001_c0005,105.644,106.022,0.3780000000000001,190,52822,53012,0.0840331130453649,0.0446090744317042,True,,450663,450663,BCG_3AXIS,0,0.03510251176881608,0.08403311304536495,0.0745649741737389,0.017670647157257975,0.0003122517709563093,0.021164021164021163,0.23411540317117563,0.0012321863324798717,5.2631578947368425,10.117572595017355,1.364765297113707e-05,0.40048258259171204,0.1625982658338467,0.4149746189218125,0.42242711524434085,0.42242711524434085,,
OXFORD,OXFORD_450663_BCG_3AXIS_seg0001,OXFORD_450663_BCG_3AXIS_seg0001_c0006,121.01,124.216,3.205999999999989,1604,60505,62109,0.3544647498349385,0.0446090744317042,True,,450663,450663,BCG_3AXIS,0,0.10716860399986892,0.35446474983493853,0.34728441714732666,0.06343221341994996,0.00402364569935408,0.023705552089831567,18.422115931982276,0.01148510968328072,1.2468827930174562,4.11849173131665,0.004771868923127227,0.41136051934828033,0.2467946318618353,0.5268304686614488,0.22637489947671594,0.5268304686614488,,
OXFORD,OXFORD_450663_BCG_3AXIS_seg0001,OXFORD_450663_BCG_3AXIS_seg0001_c0007,138.558,139.748,1.1899999999999975,596,69279,69875,0.0597068401554163,0.0446090744317042,True,,450663,450663,BCG_3AXIS,0,0.027959044145015273,0.059706840155416364,0.05851566202064709,0.011573286521864531,0.00013394096091717123,0.030252100840336135,0.465898057103736,0.0007817081495029128,6.7114093959731544,7.946439262298288,6.450782191895054e-05,0.45386252048062364,0.23578448357040516,0.4740248056677329,0.2901907107618619,0.4740248056677329,,
OXFORD,OXFORD_450663_BCG_3AXIS_seg0001,OXFORD_450663_BCG_3AXIS_seg0001_c0008,146.158,146.502,0.3440000000000225,173,73079,73252,0.1212246971122387,0.0446090744317042,True,,450663,450663,BCG_3AXIS,0,0.05974818920718437,0.12122469711223871,0.1066338150152754,0.025239505691645518,0.0006370326475586064,0.03488372093023256,0.6175833776419879,0.003569846113537502,11.627906976744185,11.49303051413636,0.00012560353838184622,0.36967916155043884,0.4167859670685413,0.3294025802583884,0.2538114526730702,0.4167859670685413,,
OXFORD,OXFORD_450663_BCG_3AXIS_seg0001,OXFORD_450663_BCG_3AXIS_seg0001_c0009,148.226,148.75,0.5240000000000009,263,74113,74376,0.0568671669384328,0.0446090744317042,True,,450663,450663,BCG_3AXIS,0,0.03032632631245036,0.05686716693843288,0.0544884085879256,0.012888307016192297,0.0001661084577436316,0.030534351145038167,0.24187743578122464,0.0009196860676092192,7.633587786259541,8.484034431317061,2.4070419426302478e-05,0.35196799152891123,0.10129021977491087,0.4072983595848741,0.49141142064021504,0.49141142064021504,,
OXFORD,OXFORD_450663_BCG_3AXIS_seg0001,OXFORD_450663_BCG_3AXIS_seg0001_c0010,157.942,159.332,1.3899999999999864,696,78971,79667,0.0990241115770231,0.0446090744317042,True,,450663,450663,BCG_3AXIS,0,0.05279094478296129,0.09902411157702314,0.09370503087176436,0.023578536854743645,0.0005559474002105044,0.025899280575539568,1.939671160350057,0.002786883851077668,1.4367816091954022,4.978676954502907,0.00037584343121347953,0.40497665312387643,0.36764911818275126,0.5266657206173687,0.10568516119988006,0.5266657206173687,,
OXFORD,OXFORD_450663_BCG_3AXIS_seg0001,OXFORD_450663_BCG_3AXIS_seg0001_c0011,164.912,166.146,1.2339999999999804,618,82456,83074,0.0978846176810315,0.0446090744317042,True,,450663,450663,BCG_3AXIS,0,0.04386426050231593,0.09788461768103153,0.09370751997113196,0.020051429101285146,0.00040205980900386484,0.019448946515397084,1.1890773299384905,0.001924073349415033,8.090614886731393,6.304620706194289,8.108721685642392e-05,0.4445851404214204,0.4442398952554473,0.4008054723043856,0.154954632440167,0.4442398952554473,,
OXFORD,OXFORD_450663_BCG_3AXIS_seg0001,OXFORD_450663_BCG_3AXIS_seg0001_c0012,168.336,169.4,1.063999999999993,533,84168,84701,0.0710395947118693,0.0446090744317042,True,,450663,450663,BCG_3AXIS,0,0.034116278166785134,0.07103959471186931,0.06799876517522001,0.015791530571181746,0.0002493724377805677,0.03759398496240601,0.6203695923631941,0.00116392043595346,11.278195488721805,9.505362633007755,7.481906667804842e-05,0.4724496545672267,0.12417751868515857,0.4892060672126513,0.38661641410219005,0.4892060672126513,,
OXFORD,OXFORD_450663_BCG_3AXIS_seg0001,OXFORD_450663_BCG_3AXIS_seg0001_c0013,177.208,177.846,0.6380000000000052,320,88604,88924,0.093908882927486,0.0446090744317042,True,,450663,450663,BCG_3AXIS,0,0.05318805392813983,0.093908882927486,0.08713700620881583,0.021380544743176903,0.00045712769351498957,0.025078369905956112,0.9052701058120673,0.0028289690806627106,3.125,6.604089757849909,0.00014505836701318814,0.3465766563206099,0.5652377303900356,0.36397195233317886,0.0707903172767855,0.5652377303900356,,
OXFORD,OXFORD_450663_BCG_3AXIS_seg0001,OXFORD_450663_BCG_3AXIS_seg0001_c0014,198.112,199.698,1.5860000000000127,794,99056,99850,0.1464686582007735,0.0446090744317042,True,,450663,450663,BCG_3AXIS,0,0.05180982199378479,0.1464686582007735,0.14419169645423227,0.027477763421813576,0.0007550274826651561,0.025220680958385876,2.131300578091967,0.0026842576550276664,5.037783375314861,6.293249167483304,0.00032558238114817605,0.38557110955978446,0.11724227628628422,0.363570416873266,0.5191873068404497,0.5191873068404497,,
OXFORD,OXFORD_450663_BCG_3AXIS_seg0001,OXFORD_450663_BCG_3AXIS_seg0001_c0015,209.332,209.704,0.3720000000000141,187,104666,104853,0.0677701449822093,0.0446090744317042,True,,450663,450663,BCG_3AXIS,0,0.04727958363273514,0.06777014498220933,0.06280692195231555,0.013773971966261726,0.00018972230372736395,0.043010752688172046,0.41801213832665696,0.0022353590284847967,16.129032258064516,13.582328761568746,2.6444951085643204e-05,0.4169093239152499,0.2729207140855748,0.20015618521158096,0.5269231007028442,0.5269231007028442,,
OXFORD,OXFORD_450663_BCG_3AXIS_seg0001,OXFORD_450663_BCG_3AXIS_seg0001_c0016,218.2,218.994,0.7940000000000111,398,109100,109498,0.062707094984814,0.0446090744317042,True,,450663,450663,BCG_3AXIS,0,0.039776838823551285,0.062707094984814,0.05950973533505313,0.013166501608416044,0.00017335676460442228,0.03526448362720403,0.6297143689043212,0.001582196906794777,7.537688442211055,10.320357350095863,4.2455398038299016e-05,0.46510680995693077,0.3735942229160998,0.37293644336717646,0.2534693337167237,0.3735942229160998,,
OXFORD,OXFORD_450663_BCG_3AXIS_seg0001,OXFORD_450663_BCG_3AXIS_seg0001_c0017,236.346,236.698,0.3520000000000038,177,118173,118350,0.059252572915687,0.0446090744317042,True,,450663,450663,BCG_3AXIS,0,0.035214262881652976,0.05925257291568706,0.05444020978472347,0.011823887913526449,0.00013980432539163683,0.03409090909090909,0.21948784292277473,0.0012400443102981624,5.6818181818181825,11.928992785556506,1.396004306942473e-05,0.45964308311751045,0.08711489669957233,0.3983965760502463,0.5144885272501813,0.5144885272501813,,
OXFORD,OXFORD_450663_BCG_3AXIS_seg0001,OXFORD_450663_BCG_3AXIS_seg0001_c0018,274.032,274.944,0.9120000000000346,457,137016,137473,0.0550179543874991,0.0446090744317042,True,,450663,450663,BCG_3AXIS,0,0.029973038415553276,0.055017954387499186,0.05075490951760984,0.010818386234743533,0.00011703748072408836,0.039473684210526314,0.41056104556012624,0.0008983830318602324,10.964912280701753,9.68157390455055,4.066718578408897e-05,0.5081427737371581,0.31376778589387566,0.36635599903030514,0.3198762150758192,0.36635599903030514,,
OXFORD,OXFORD_450663_BCG_3AXIS_seg0001,OXFORD_450663_BCG_3AXIS_seg0001_c0019,282.326,282.704,0.3779999999999859,190,141163,141353,0.0561259698593596,0.0446090744317042,True,,450663,450663,BCG_3AXIS,0,0.02994182262673957,0.05612596985935966,0.053466346273390974,0.013925570881795054,0.00019392152438389829,0.021164021164021163,0.1703374210201154,0.0008965127422111337,10.526315789473685,9.809803332731885,3.5343858555346246e-05,0.3337571317732554,0.207073835746804,0.15183649112744657,0.6410896731257495,0.6410896731257495,,
OXFORD,OXFORD_450663_BCG_3AXIS_seg0001,OXFORD_450663_BCG_3AXIS_seg0001_c0020,283.576,284.92,1.343999999999994,673,141788,142461,0.1883300835335531,0.0446090744317042,True,,450663,450663,BCG_3AXIS,0,0.0701240874416824,0.18833008353355318,0.1802728302578699,0.040015289965858916,0.0016012234310517693,0.020833333333333332,3.3094018814028274,0.004917387639528719,1.488095238095238,5.78215961488562,0.0006945079461074056,0.392193252322577,0.25813609147441147,0.165542665882222,0.5763212426433665,0.5763212426433665,,
OXFORD,OXFORD_450663_BCG_3AXIS_seg0001,OXFORD_450663_BCG_3AXIS_seg0001_c0021,293.898,295.138,1.2399999999999525,621,146949,147570,0.1149871286219665,0.0446090744317042,True,,450663,450663,BCG_3AXIS,0,0.05121975461191883,0.1149871286219665,0.11339977113666551,0.02513170379570541,0.0006316025356750737,0.02258064516129032,1.6291706860157167,0.00262346326250518,1.6129032258064517,5.307756137152391,0.0001787531257885604,0.4045649115029649,0.43982393536166303,0.47243078041960834,0.08774528421872865,0.47243078041960834,,
OXFORD,OXFORD_450663_BCG_3AXIS_seg0001,OXFORD_450663_BCG_3AXIS_seg0001_c0022,297.084,301.092,4.007999999999981,2005,148542,150547,0.1553833454936848,0.0446090744317042,True,,450663,450663,BCG_3AXIS,0,0.05462780554540373,0.1553833454936848,0.15249160149484847,0.028163658437444495,0.0007931916565810385,0.020958083832335328,5.983315263106417,0.0029841971387064422,0.499001996007984,3.614694807483994,0.0009828990555696762,0.4655973648544631,0.3717841779902429,0.4292875101312322,0.1989283118785249,0.4292875101312322,,
OXFORD,OXFORD_450663_BCG_3AXIS_seg0001,OXFORD_450663_BCG_3AXIS_seg0001_c0023,308.632,309.064,0.4320000000000163,217,154316,154533,0.0535954545955909,0.0446090744317042,True,,450663,450663,BCG_3AXIS,0,0.03599985884896065,0.053595454595590994,0.048253755764538483,0.011384566572939684,0.0001296083560536956,0.037037037037037035,0.28122979466048453,0.00129598983714509,9.25925925925926,10.64450521344142,1.94831104820007e-05,0.33418391739325076,0.2955830102801214,0.5899778726619376,0.11443911705794112,0.5899778726619376,,
OXFORD,OXFORD_450663_BCG_3AXIS_seg0001,OXFORD_450663_BCG_3AXIS_seg0001_c0024,314.624,315.706,1.0819999999999936,542,157312,157854,0.0581809225549003,0.0446090744317042,True,,450663,450663,BCG_3AXIS,0,0.028467326146654794,0.058180922554900365,0.054732246634851905,0.011359328888264556,0.00012903435279176166,0.029574861367837338,0.4392306526034885,0.0008103886579400156,1.8450184501845017,6.283036962243269,5.408228887980011e-05,0.44206843291470543,0.19049319231506887,0.5108560588697337,0.29865074881519726,0.5108560588697337,,
OXFORD,OXFORD_450663_BCG_3AXIS_seg0001,OXFORD_450663_BCG_3AXIS_seg0001_c0025,322.558,323.16,0.6020000000000323,302,161279,161581,0.0701796806624395,0.0446090744317042,True,,450663,450663,BCG_3AXIS,0,0.04599575177626109,0.07017968066243957,0.05365333482738459,0.01347112824370601,0.0001814712961583738,0.026578073089700997,0.6389139728019544,0.002115609181463425,3.3112582781456954,5.316681858582137,5.7977802202383586e-05,0.25673065119670746,0.3866481114280729,0.4174376363463489,0.19591425222557823,0.4174376363463489,,
OXFORD,OXFORD_450663_BCG_3AXIS_seg0001,OXFORD_450663_BCG_3AXIS_seg0001_c0026,341.282,341.85,0.5680000000000405,285,170641,170926,0.0517648932494089,0.0446090744317042,True,,450663,450663,BCG_3AXIS,0,0.02789123547664272,0.05176489324940898,0.04808989816916864,0.011325658772342847,0.00012827054662754647,0.035211267605633804,0.22170748967785703,0.0007779210164135334,7.04225352112676,9.673716509027098,1.8059985411531387e-05,0.4099981306060822,0.22166339675808666,0.537886454541568,0.2404501487003453,0.537886454541568,,
OXFORD,OXFORD_450663_BCG_3AXIS_seg0001,OXFORD_450663_BCG_3AXIS_seg0001_c0027,433.502,436.104,2.6019999999999754,1302,216751,218053,0.1563978545319334,0.0446090744317042,True,,450663,450663,BCG_3AXIS,0,0.04748209887880015,0.15639785453193344,0.15501425537129532,0.02424193048291062,0.000587671193538271,0.03228285933897002,2.935423727544874,0.0022545497139361548,0.7680491551459293,7.210951824386459,0.0009967233208771195,0.5192336101035602,0.1860725646980095,0.6169212483062415,0.1970061869957489,0.6169212483062415,,
OXFORD,OXFORD_450663_BCG_3AXIS_seg0001,OXFORD_450663_BCG_3AXIS_seg0001_c0028,469.306,470.37,1.0640000000000214,533,234653,235186,0.0899885237076598,0.0446090744317042,True,,450663,450663,BCG_3AXIS,0,0.05039943948317556,0.0899885237076598,0.08408977982358819,0.020797630558794775,0.00043254143686011426,0.03759398496240601,1.353875165616341,0.002540103500218276,1.8796992481203008,7.111059227958691,0.00024002242783905143,0.3908595424566061,0.1519847581972666,0.7555031332870008,0.09251210851573259,0.7555031332870008,,
OXFORD,OXFORD_450663_BCG_3AXIS_seg0001,OXFORD_450663_BCG_3AXIS_seg0001_c0029,491.444,492.218,0.7740000000000009,388,245722,246110,0.0930622720708153,0.0446090744317042,True,,450663,450663,BCG_3AXIS,0,0.04883501614717282,0.09306227207081533,0.08087218496664983,0.019923963485163242,0.0003969643209581182,0.015503875968992248,0.9253252152127164,0.00238485880209463,2.5773195876288657,6.268526584253921,0.00010182244855281571,0.36856825245822017,0.140505277173619,0.5183232317531293,0.3411714910732516,0.5183232317531293,,
OXFORD,OXFORD_450663_BCG_3AXIS_seg0001,OXFORD_450663_BCG_3AXIS_seg0001_c0030,518.218,519.564,1.3460000000000036,674,259109,259783,0.0909684094210571,0.0446090744317042,True,,450663,450663,BCG_3AXIS,0,0.04829855338634446,0.09096840942105715,0.0838496113216211,0.019550950500055137,0.00038223966545560624,0.0237741456166419,1.5722736747099433,0.0023327502592135657,1.4836795252225519,4.263466578517485,0.00016923627783073183,0.37531658691556635,0.6316977716852048,0.22290138641872873,0.14540084189606645,0.6316977716852048,,
OXFORD,OXFORD_450663_BCG_3AXIS_seg0001,OXFORD_450663_BCG_3AXIS_seg0001_c0031,542.538,543.024,0.48599999999999,244,271269,271513,0.0495791551393887,0.0446090744317042,True,,450663,450663,BCG_3AXIS,0,0.031104890067936285,0.049579155139388716,0.036044046121713066,0.009370355564173647,8.780356339904003e-05,0.0411522633744856,0.23607346141776991,0.0009675141861384013,8.19672131147541,7.847051606856554,1.6450348644128274e-05,0.3892489964539998,0.58496353027839,0.22583276305957395,0.18920370666203618,0.58496353027839,,
OXFORD,OXFORD_450663_BCG_3AXIS_seg0001,OXFORD_450663_BCG_3AXIS_seg0001_c0032,544.984,545.758,0.7740000000000009,388,272492,272880,0.051586365642231,0.0446090744317042,True,,450663,450663,BCG_3AXIS,0,0.0322501205557286,0.05158636564223109,0.046088483246525785,0.011435461105961739,0.00013076977070596368,0.031007751937984496,0.40354726703330307,0.0010400702758590285,2.5773195876288657,7.384859899204734,4.3736525726282524e-05,0.44615578642332526,0.17055489974186652,0.4975349418285326,0.331910158429601,0.4975349418285326,,
OXFORD,OXFORD_450663_BCG_3AXIS_seg0001,OXFORD_450663_BCG_3AXIS_seg0001_c0033,547.038,548.582,1.5439999999999827,773,273519,274292,0.0627741203647503,0.0446090744317042,True,,450663,450663,BCG_3AXIS,0,0.0261756156796045,0.06277412036475033,0.06079163439436119,0.011893335143748513,0.00014145142084152345,0.03626943005181347,0.5296308878475139,0.0006851628562063569,1.2953367875647668,6.452114784646724,8.409397043044101e-05,0.47670080125108394,0.11371445269516903,0.290013500397405,0.5962720469074261,0.5962720469074261,,
OXFORD,OXFORD_450663_BCG_3AXIS_seg0001,OXFORD_450663_BCG_3AXIS_seg0001_c0034,564.338,564.908,0.57000000000005,286,282169,282455,0.1677636150449231,0.0446090744317042,True,,450663,450663,BCG_3AXIS,0,0.058901517949315106,0.16776361504492315,0.16225918203853607,0.035691556489066224,0.0012738872046122055,0.03508771929824561,0.992245201585778,0.0034693888167334893,6.9930069930069925,9.616849434074345,8.15671057637311e-05,0.44688196546671033,0.07684258234511344,0.1260913914699877,0.7970660261848987,0.7970660261848987,,
OXFORD,OXFORD_450663_BCG_3AXIS_seg0001,OXFORD_450663_BCG_3AXIS_seg0001_c0035,571.348,572.042,0.6940000000000737,348,285674,286022,0.0566454650716915,0.0446090744317042,True,,450663,450663,BCG_3AXIS,0,0.033319521206960086,0.056645465071691575,0.04877595112014327,0.011703467423011068,0.00013697114972148133,0.04610951008645533,0.38634629172444984,0.0011101904934610629,5.747126436781609,7.797084789247037,3.5626962162872556e-05,0.39068118706321325,0.34578291126236993,0.27611316390374413,0.37810392483388594,0.37810392483388594,,
OXFORD,OXFORD_450663_BCG_3AXIS_seg0001,OXFORD_450663_BCG_3AXIS_seg0001_c0036,572.628,573.896,1.2679999999999154,635,286314,286949,0.0704575125460483,0.0446090744317042,True,,450663,450663,BCG_3AXIS,0,0.031957407266332546,0.07045751254604832,0.06218538747249599,0.012282818276675126,0.00015086762481782452,0.031545741324921134,0.6485101832832652,0.0010212758791862443,1.5772870662460567,6.620240167775941,6.707353923773046e-05,0.4512944229255238,0.26244231642286275,0.36194186451314747,0.3756158190639897,0.3756158190639897,,
OXFORD,OXFORD_450663_BCG_3AXIS_seg0001,OXFORD_450663_BCG_3AXIS_seg0001_c0037,589.128,589.948,0.8199999999999363,411,294564,294975,0.0767221256198232,0.0446090744317042,True,,450663,450663,BCG_3AXIS,0,0.032421848258108,0.07672212561982328,0.07024175193412306,0.014618477017686963,0.00021369987031664192,0.04878048780487805,0.43203343647790193,0.001051176244471781,2.4390243902439024,8.684392896525399,4.284874343702982e-05,0.4705487442998745,0.14269536010054665,0.23779027675624642,0.6195143631432068,0.6195143631432068,,
OXFORD,OXFORD_450663_BCG_3AXIS_seg0001,OXFORD_450663_BCG_3AXIS_seg0001_c0038,614.822,615.202,0.3799999999999954,191,307411,307602,0.063241121538681,0.0446090744317042,True,,450663,450663,BCG_3AXIS,0,0.03401509244076975,0.06324112153868104,0.059287474189934034,0.013401971192530135,0.00017961283184540758,0.05263157894736842,0.22099206412703531,0.0011570265137541115,21.05263157894737,13.909284832864078,1.5023659901160773e-05,0.44921493995803163,0.0991980445072077,0.19816096955385168,0.7026409859389405,0.7026409859389405,,
OXFORD,OXFORD_450663_BCG_3AXIS_seg0001,OXFORD_450663_BCG_3AXIS_seg0001_c0039,622.306,625.9,3.593999999999937,1798,311153,312951,0.1300694290191193,0.0446090744317042,True,,450663,450663,BCG_3AXIS,0,0.046913807928162465,0.13006942901911936,0.12591786464600158,0.0190111958787827,0.0003614255687414443,0.03672787979966611,3.957227863028294,0.0022009053743205194,3.89321468298109,5.291837318379377,0.0003500960208617917,0.48261167915556974,0.33837116677414925,0.42427279292045617,0.23735604030539462,0.42427279292045617,,
OXFORD,OXFORD_450663_BCG_3AXIS_seg0001,OXFORD_450663_BCG_3AXIS_seg0001_c0040,626.924,628.794,1.8700000000000043,936,313462,314398,0.0936052673441773,0.0446090744317042,True,,450663,450663,BCG_3AXIS,0,0.03942247124443997,0.09360526734417739,0.0891205949074259,0.016380664668448557,0.0002683261749801588,0.03208556149732621,1.4546668397215,0.0015541312390186964,1.0683760683760684,6.4144670804956085,0.00020491834459805732,0.49262034054881937,0.14654839686006232,0.4044862292542241,0.44896537388571356,0.44896537388571356,,
OXFORD,OXFORD_450663_BCG_3AXIS_seg0001,OXFORD_450663_BCG_3AXIS_seg0001_c0041,661.832,662.178,0.3460000000000036,174,330916,331090,0.0543284211445116,0.0446090744317042,True,,450663,450663,BCG_3AXIS,0,0.0414501290168604,0.05432842114451168,0.025719492437013682,0.007321933880864186,5.361071575574689e-05,0.03468208092485549,0.2989516960195008,0.0017181131955143723,5.747126436781609,8.3751089579181,1.1137388379337334e-05,0.31971568428351904,0.3873949646892282,0.48832506391738734,0.12427997139338448,0.48832506391738734,,
OXFORD,OXFORD_450663_BCG_3AXIS_seg0001,OXFORD_450663_BCG_3AXIS_seg0001_c0042,670.59,671.026,0.4359999999999218,219,335295,335514,0.0470974347479893,0.0446090744317042,True,,450663,450663,BCG_3AXIS,0,0.02331886036581874,0.047097434747989324,0.04335304871452686,0.011765424795943334,0.00013842522062899824,0.009174311926605505,0.11908546547856093,0.0005437692487605521,4.587155963302752,7.057878318207008,7.690747460420894e-06,0.33445698484710823,0.17286710758504745,0.47559846439318904,0.35153442802176343,0.47559846439318904,,
OXFORD,OXFORD_450663_BCG_3AXIS_seg0001,OXFORD_450663_BCG_3AXIS_seg0001_c0043,674.228,674.726,0.4980000000000473,250,337114,337364,0.0595710395702926,0.0446090744317042,True,,450663,450663,BCG_3AXIS,0,0.029486610150172864,0.059571039570292666,0.05636505630126244,0.01517090732827791,0.00023015642916319635,0.01606425702811245,0.21736504453706934,0.0008694601781482773,4.0,6.109063532194235,1.82835380719512e-05,0.3350778964768914,0.2002047184750809,0.21355455607147425,0.5862407254534449,0.5862407254534449,,
OXFORD,OXFORD_450663_BCG_3AXIS_seg0001,OXFORD_450663_BCG_3AXIS_seg0001_c0044,683.276,683.674,0.3980000000000245,200,341638,341838,0.1991701310588655,0.0446090744317042,True,,450663,450663,BCG_3AXIS,0,0.07968904928394877,0.1991701310588655,0.19181450159374053,0.04842360890527465,0.002344845899410994,0.03015075376884422,1.2700689151559232,0.006350344575779616,5.0,9.07416897123774,0.00034724299856997106,0.3395396200599166,0.05172103836603746,0.15733811886463714,0.7909408427693254,0.7909408427693254,,
OXFORD,OXFORD_450663_BCG_3AXIS_seg0001,OXFORD_450663_BCG_3AXIS_seg0001_c0045,733.384,739.434,6.0499999999999545,3026,366692,369718,0.177457192158925,0.0446090744317042,True,,450663,450663,BCG_3AXIS,0,0.061866034370084075,0.17745719215892505,0.17684368982365944,0.033511163110742,0.0011229980530347557,0.02181818181818182,11.581731187466962,0.003827406208680424,0.33046926635822865,6.005684323821622,0.0012413296990083733,0.5420082037321378,0.381331213429808,0.3423307259849528,0.2763380605852393,0.381331213429808,,
OXFORD,OXFORD_450663_BCG_3AXIS_seg0001,OXFORD_450663_BCG_3AXIS_seg0001_c0046,765.198,766.97,1.7720000000000482,887,382599,383486,0.0940736994366128,0.0446090744317042,True,,450663,450663,BCG_3AXIS,0,0.0374813275486375,0.09407369943661288,0.0899420525858916,0.015881496271888992,0.000252221923834024,0.02708803611738149,1.2461018744349195,0.001404849914808252,4.514672686230249,6.38716581114696,0.00020706459745106125,0.47702532030197803,0.22833426594147557,0.4169269667190742,0.35473876733945015,0.4169269667190742,,
OXFORD,OXFORD_450663_BCG_3AXIS_seg0001,OXFORD_450663_BCG_3AXIS_seg0001_c0047,768.308,769.17,0.8619999999999663,432,384154,384586,0.081948884041612,0.0446090744317042,True,,450663,450663,BCG_3AXIS,0,0.035472455970555754,0.08194888404161202,0.0799499955747784,0.017860160650496483,0.000318985338461543,0.04176334106728538,0.5435834972758632,0.0012582951325830166,4.62962962962963,7.382852886526142,9.077922782071724e-05,0.42623681844057953,0.08425945164058507,0.33321576624619414,0.5825247821132208,0.5825247821132208,,
OXFORD,OXFORD_450663_BCG_3AXIS_seg0001,OXFORD_450663_BCG_3AXIS_seg0001_c0048,777.302,781.132,3.8299999999999272,1916,388651,390567,0.1021546607915628,0.0446090744317042,True,,450663,450663,BCG_3AXIS,0,0.039509905302764416,0.10215466079156287,0.09775905603813641,0.016948830739243224,0.00028726286342751605,0.031331592689295036,2.990938494236017,0.0015610326170334117,1.04384133611691,6.184813524912347,0.0005951512748026066,0.5400513719614173,0.39947271773479537,0.23689139826300132,0.3636358840022033,0.39947271773479537,,
OXFORD,OXFORD_450663_BCG_3AXIS_seg0001,OXFORD_450663_BCG_3AXIS_seg0001_c0049,782.582,783.604,1.0220000000000482,512,391291,391803,0.1054169829826773,0.0446090744317042,True,,450663,450663,BCG_3AXIS,0,0.04256471246064451,0.1054169829826773,0.09881248940010287,0.019821170555656735,0.00039287880219643345,0.03913894324853229,0.9276184303909614,0.0018117547468573464,1.953125,6.368217347848179,0.0001693130539914966,0.43530708415267616,0.199980978614333,0.4084194608039696,0.39159956058169737,0.4084194608039696,,
OXFORD,OXFORD_450663_BCG_3AXIS_seg0001,OXFORD_450663_BCG_3AXIS_seg0001_c0050,800.32,802.828,2.5079999999999245,1255,400160,401415,0.1104457164832824,0.0446090744317042,True,,450663,450663,BCG_3AXIS,0,0.053161384617041535,0.11044571648328246,0.10360273978371884,0.024766765411786046,0.0006133926689624417,0.022328548644338118,3.54679668207328,0.00282613281440102,0.7974481658692185,3.712910059658275,0.000719404862467243,0.4156609284702805,0.5535699494377054,0.3236117419853552,0.12281830857693947,0.5535699494377054,,
OXFORD,OXFORD_450663_BCG_3AXIS_seg0001,OXFORD_450663_BCG_3AXIS_seg0001_c0051,809.876,810.394,0.5180000000000291,260,404938,405198,0.058971064722577,0.0446090744317042,True,,450663,450663,BCG_3AXIS,0,0.023840819824249793,0.058971064722577085,0.05832456691300928,0.01474035303774082,0.00021727800767723502,0.015444015444015444,0.1477800193720089,0.0005683846898923419,3.846153846153846,7.032363623906336,7.78786173475895e-06,0.3835518236349706,0.1250783236158152,0.3369701599375489,0.537951516446636,0.537951516446636,,
OXFORD,OXFORD_450663_BCG_3AXIS_seg0001,OXFORD_450663_BCG_3AXIS_seg0001_c0052,830.426,833.378,2.951999999999998,1477,415213,416690,0.1793476074968807,0.0446090744317042,True,,450663,450663,BCG_3AXIS,0,0.0625637944281077,0.17934760749688072,0.17642151834846043,0.03378988102527474,0.001141756059702222,0.017615176151761516,5.781315307279201,0.00391422837324252,0.6775067750677507,4.7932108757688985,0.0012753400358912227,0.4834162313292667,0.3932233006436545,0.5113158151520923,0.09546088420425322,0.5113158151520923,,
OXFORD,OXFORD_450663_BCG_3AXIS_seg0001,OXFORD_450663_BCG_3AXIS_seg0001_c0053,835.368,837.34,1.97199999999998,987,417684,418671,0.1250738500237829,0.0446090744317042,True,,450663,450663,BCG_3AXIS,0,0.05406827748673518,0.1250738500237829,0.12379585437943937,0.02469829490150125,0.0006100057710415228,0.02434077079107505,2.88537470818762,0.002923378630382594,3.0425963488843815,5.675348954526134,0.00047142835858200374,0.4611145760613884,0.35083842452422226,0.4446597808983276,0.20450179457745013,0.4446597808983276,,
OXFORD,OXFORD_450663_BCG_3AXIS_seg0001,OXFORD_450663_BCG_3AXIS_seg0001_c0054,838.694,840.436,1.7420000000000757,872,419347,420219,0.1192710272788939,0.0446090744317042,True,,450663,450663,BCG_3AXIS,0,0.048838034077262824,0.1192710272788939,0.11357894283025827,0.025932442221765373,0.0006724915595851994,0.013777267508610792,2.0798539152478037,0.002385153572531885,3.4403669724770642,4.215099435674886,0.0005785332384570304,0.4058765688664863,0.15031234271838909,0.4987370645623071,0.35095059271930373,0.4987370645623071,,
OXFORD,OXFORD_450663_BCG_3AXIS_seg0001,OXFORD_450663_BCG_3AXIS_seg0001_c0055,841.35,842.03,0.67999999999995,341,420675,421016,0.0653982842609412,0.0446090744317042,True,,450663,450663,BCG_3AXIS,0,0.03633549662576178,0.0653982842609412,0.05241994654299327,0.01430367312221496,0.00020459506478717466,0.023529411764705882,0.4502114954288943,0.0013202683150407458,5.88235294117647,5.84943500703004,5.750017022505729e-05,0.33947917225714436,0.12232220371568431,0.35968669713266893,0.5179910991516468,0.5179910991516468,,
OXFORD,OXFORD_450663_BCG_3AXIS_seg0001,OXFORD_450663_BCG_3AXIS_seg0001_c0056,856.508,856.906,0.3979999999999108,200,428254,428454,0.0643058931304349,0.0446090744317042,True,,450663,450663,BCG_3AXIS,0,0.044993029783426425,0.06430589313043493,0.04727282830908142,0.010641019819154848,0.00011323130279164628,0.03015075376884422,0.40487454581845944,0.0020243727290922974,10.0,8.5603300904621,2.184764255590212e-05,0.3031901632576651,0.22961010375749755,0.36790819781447637,0.4024816984280261,0.4024816984280261,,
OXFORD,OXFORD_450663_BCG_3AXIS_seg0001,OXFORD_450663_BCG_3AXIS_seg0001_c0057,861.19,861.552,0.3619999999999663,182,430595,430777,0.0545607245813401,0.0446090744317042,True,,450663,450663,BCG_3AXIS,0,0.031062935441890684,0.05456072458134015,0.044783157693656754,0.013948983681573443,0.00019457414574880223,0.022099447513812154,0.17561288440460643,0.0009649059582670683,5.4945054945054945,7.842040752235685,8.60041395379193e-06,0.251220934405662,0.3199271046134748,0.4082291184961825,0.2718437768903427,0.4082291184961825,,
OXFORD,OXFORD_450663_BCG_3AXIS_seg0001,OXFORD_450663_BCG_3AXIS_seg0001_c0058,863.066,863.772,0.7060000000000173,354,431533,431887,0.0820900467348593,0.0446090744317042,True,,450663,450663,BCG_3AXIS,0,0.04693957683712513,0.08209004673485935,0.07245948076810865,0.017575472663499566,0.0003088972393454205,0.0339943342776204,0.7799766512715243,0.002203323873648374,2.824858757062147,7.665610150219876,0.00010723599728775459,0.38025964541810064,0.3339881168444339,0.34673136103737606,0.31928052211818997,0.34673136103737606,,
OXFORD,OXFORD_450663_BCG_3AXIS_seg0001,OXFORD_450663_BCG_3AXIS_seg0001_c0059,872.682,874.69,2.008000000000038,1005,436341,437346,0.1494396571688751,0.0446090744317042,True,,450663,450663,BCG_3AXIS,0,0.04791103355867038,0.14943965716887517,0.1432587146957622,0.02342070893692737,0.0005485296071082695,0.025896414342629483,2.306944472343339,0.002295467136660039,1.9920318725099602,5.620269883412816,0.000607836024030365,0.4704205473018982,0.28467939502582207,0.5100905748399278,0.20523003013425017,0.5100905748399278,,
OXFORD,OXFORD_450663_BCG_3AXIS_seg0001,OXFORD_450663_BCG_3AXIS_seg0001_c0060,875.9,876.28,0.3799999999999954,191,437950,438141,0.0475179767158478,0.0446090744317042,True,,450663,450663,BCG_3AXIS,0,0.025680547347468666,0.047517976715847815,0.04407951218298851,0.011895968974439225,0.00014151407784082062,0.031578947368421054,0.12596268780452577,0.0006594905120655799,5.2631578947368425,8.815777315943002,1.3053276979323839e-05,0.3777004766082022,0.1126674167288566,0.5190334246163578,0.36829915865478563,0.5190334246163578,,
OXFORD,OXFORD_450663_BCG_3AXIS_seg0001,OXFORD_450663_BCG_3AXIS_seg0001_c0061,878.51,879.504,0.9940000000000282,498,439255,439753,0.0789714307500091,0.0446090744317042,True,,450663,450663,BCG_3AXIS,0,0.04042503305455859,0.07897143075000916,0.06771814356499593,0.012646847653175322,0.00015994275556262613,0.03621730382293763,0.8138232821361531,0.0016341832974621547,4.016064257028113,7.535128748212834,0.00011938514984365526,0.4474260847169774,0.3715686064294641,0.49485784502208463,0.13357354854845122,0.49485784502208463,,
OXFORD,OXFORD_450663_BCG_3AXIS_seg0001,OXFORD_450663_BCG_3AXIS_seg0001_c0062,880.402,880.732,0.3299999999999272,166,440201,440367,0.0694038064572512,0.0446090744317042,True,,450663,450663,BCG_3AXIS,0,0.04666457723479731,0.06940380645725125,0.04970551685902134,0.013347616658347891,0.00017815887045820615,0.024242424242424242,0.3614787395713923,0.0021775827685023633,12.048192771084336,11.375916965762393,2.473717667993452e-05,0.38029110340172784,0.08127887754886638,0.23221848054851063,0.686502641902623,0.686502641902623,,
OXFORD,OXFORD_450663_BCG_3AXIS_seg0001,OXFORD_450663_BCG_3AXIS_seg0001_c0063,883.986,886.166,2.180000000000064,1091,441993,443084,0.141088928569027,0.0446090744317042,True,,450663,450663,BCG_3AXIS,0,0.0471908436747541,0.14108892856902708,0.13737084226577048,0.02475833507469804,0.0006129751556710231,0.025688073394495414,2.429630517867972,0.0022269757267350796,0.9174311926605504,5.392400704060778,0.0006175248048326775,0.46475307384903214,0.35334897165775936,0.3655302785792023,0.28112074976303836,0.3655302785792023,,
OXFORD,OXFORD_450663_BCG_3AXIS_seg0001,OXFORD_450663_BCG_3AXIS_seg0001_c0064,887.81,890.11,2.300000000000068,1151,443905,445056,0.2062132214587093,0.0446090744317042,True,,450663,450663,BCG_3AXIS,0,0.06504822066028192,0.20621322145870938,0.1963434602748078,0.03677340521422523,0.0013522833310496073,0.02608695652173913,4.870192933740105,0.0042312710110687275,0.8695652173913042,6.3566455838769045,0.001119931697248887,0.48616575178253885,0.42439743653143275,0.26739182903004693,0.3082107344385202,0.42439743653143275,,
OXFORD,OXFORD_451043_BCG_3AXIS_seg0001,OXFORD_451043_BCG_3AXIS_seg0001_c0001,0.002,4.384,4.382000000000001,2192,1,2193,16.64708020067057,0.0375192028138016,True,,451043,451043,BCG_3AXIS,0,3.102227184476875,16.64708020067057,16.64511431798138,2.7810333996824474,7.7341467701493105,0.0013692377909630307,21095.39920100325,9.623813504107321,0.0,0.4728772793639403,0.3452448723098966,0.21480072363713296,0.9074885172409359,0.04739733353567911,0.045114149223385,0.9074885172409359,,
OXFORD,OXFORD_451043_BCG_3AXIS_seg0001,OXFORD_451043_BCG_3AXIS_seg0001_c0002,5.342,5.754,0.4119999999999999,207,2671,2878,0.0596665493697811,0.0375192028138016,True,,451043,451043,BCG_3AXIS,0,0.039979703092133625,0.05966654936978119,0.045793244689853345,0.013253619713199202,0.0001756584355021025,0.019417475728155338,0.33086396848237787,0.0015983766593351588,4.854368932038835,6.272955451610628,2.4527651895002244e-05,0.180008914385948,0.28986479185649666,0.5998041048156263,0.11033110332787704,0.5998041048156263,,
OXFORD,OXFORD_451043_BCG_3AXIS_seg0001,OXFORD_451043_BCG_3AXIS_seg0001_c0003,9.182,10.556,1.3739999999999988,688,4591,5279,0.1040004375721386,0.0375192028138016,True,,451043,451043,BCG_3AXIS,0,0.05056057108813737,0.1040004375721386,0.09559322908757552,0.02267518125437233,0.0005141638449186383,0.017467248908296942,1.7587834879459114,0.0025563713487585923,4.3604651162790695,3.8547021392303904,0.0002494042641691072,0.370404515021364,0.49929530175792575,0.3549670732062248,0.1457376250358494,0.49929530175792575,,
OXFORD,OXFORD_451043_BCG_3AXIS_seg0001,OXFORD_451043_BCG_3AXIS_seg0001_c0004,12.802,15.1,2.298,1150,6401,7551,0.1351952322027634,0.0375192028138016,True,,451043,451043,BCG_3AXIS,0,0.04772631425299849,0.13519523220276342,0.12933925436414237,0.023624934378180078,0.000558137524373315,0.018276762402088774,2.6194712330023617,0.002277801072175967,3.478260869565217,4.741511471600674,0.0006555280040308128,0.4033126334170304,0.4639001634777144,0.3665705527054883,0.16952928381679727,0.4639001634777144,,
OXFORD,OXFORD_451043_BCG_3AXIS_seg0001,OXFORD_451043_BCG_3AXIS_seg0001_c0005,42.428,42.828,0.4000000000000057,201,21214,21415,0.0438969067281508,0.0375192028138016,True,,451043,451043,BCG_3AXIS,0,0.024787571997734396,0.04389690672815084,0.0376036674749527,0.010093853835710296,0.00010188588525668346,0.03,0.12349916883411613,0.0006144237255428664,10.0,9.17214559599643,1.1358912741620043e-05,0.3528525796545543,0.15128358852144827,0.589980652962559,0.25873575851599284,0.589980652962559,,
OXFORD,OXFORD_451043_BCG_3AXIS_seg0001,OXFORD_451043_BCG_3AXIS_seg0001_c0006,49.756,51.864,2.107999999999997,1055,24878,25933,0.0612978513292283,0.0375192028138016,True,,451043,451043,BCG_3AXIS,0,0.035603092047173615,0.061297851329228374,0.05764616964424494,0.012544551182937038,0.00015736576438132706,0.030360531309297913,1.3372970723020905,0.0012675801633195171,5.692599620493358,5.803963181491864,0.00013182197351486796,0.47422091105477066,0.5959996526910236,0.24917010860667613,0.15483023870230017,0.5959996526910236,,
OXFORD,OXFORD_451043_BCG_3AXIS_seg0001,OXFORD_451043_BCG_3AXIS_seg0001_c0007,59.518,60.93,1.411999999999999,707,29759,30466,0.0685099876450795,0.0375192028138016,True,,451043,451043,BCG_3AXIS,0,0.038942414823306466,0.06850998764507951,0.06192788983087826,0.014813117689575835,0.0002194284556852245,0.019830028328611898,1.0721737522952286,0.001516511672270479,4.2492917847025495,5.10453083075574,0.0001443520622876482,0.3719004115200962,0.6416078512680771,0.2850737919649638,0.07331835676695925,0.6416078512680771,,
OXFORD,OXFORD_451043_BCG_3AXIS_seg0001,OXFORD_451043_BCG_3AXIS_seg0001_c0008,87.106,87.724,0.6180000000000092,310,43553,43863,0.0517971498543234,0.0375192028138016,True,,451043,451043,BCG_3AXIS,0,0.03427158808184182,0.051797149854323404,0.04459820326766589,0.01013041876980386,0.00010262538445159434,0.032362459546925564,0.364107942391947,0.001174541749651442,3.2258064516129035,5.655188375599955,3.9458010057284596e-05,0.3326819759785087,0.2128952252130413,0.5968452887377033,0.19025948604925533,0.5968452887377033,,
OXFORD,OXFORD_451043_BCG_3AXIS_seg0001,OXFORD_451043_BCG_3AXIS_seg0001_c0009,96.382,97.904,1.5219999999999914,762,48191,48953,0.0738079580630195,0.0375192028138016,True,,451043,451043,BCG_3AXIS,0,0.0335132393730853,0.07380795806301953,0.06826579682864643,0.012596778158727825,0.00015867881998020238,0.026281208935611037,0.8558305565176187,0.001123137213277715,3.937007874015748,4.6768616395384495,0.00010912547538367131,0.3964647889691707,0.4674417875809718,0.4130173879279509,0.11954082449107735,0.4674417875809718,,
OXFORD,OXFORD_451043_BCG_3AXIS_seg0001,OXFORD_451043_BCG_3AXIS_seg0001_c0010,100.676,101.664,0.9879999999999995,495,50338,50833,0.1028900238770377,0.0375192028138016,True,,451043,451043,BCG_3AXIS,0,0.04327167642398729,0.10289002387703779,0.09243303252366238,0.017523897225170438,0.00030708697395833616,0.020242914979757085,0.9268568003684176,0.0018724379805422576,4.048582995951417,6.098776367776538,0.00012258421837997558,0.3893281577373221,0.3259951646864484,0.5672981758281359,0.10670665948541565,0.5672981758281359,,
OXFORD,OXFORD_451043_BCG_3AXIS_seg0001,OXFORD_451043_BCG_3AXIS_seg0001_c0011,114.164,115.448,1.2839999999999918,643,57082,57725,0.1130804390858044,0.0375192028138016,True,,451043,451043,BCG_3AXIS,0,0.0496847496499855,0.11308043908580448,0.11123646652814846,0.020924309211085488,0.00043782671596111704,0.021806853582554516,1.5872933056236551,0.0024685743477817343,4.672897196261682,5.062445172000859,0.00017848475410041443,0.4027462401008564,0.32013162546535673,0.5781196161487405,0.10174875838590272,0.5781196161487405,,
OXFORD,OXFORD_451043_BCG_3AXIS_seg0001,OXFORD_451043_BCG_3AXIS_seg0001_c0012,121.638,122.88,1.2419999999999902,622,60819,61441,0.078162325232181,0.0375192028138016,True,,451043,451043,BCG_3AXIS,0,0.04049036984332008,0.078162325232181,0.06570239614191946,0.015484108566047332,0.00023975761808514036,0.02254428341384863,1.0197503711303808,0.0016394700500488438,4.823151125401929,6.442625476105906,0.00014243513115922422,0.39798444988325965,0.6606671799751347,0.24456727812911577,0.09476554189574962,0.6606671799751347,,
OXFORD,OXFORD_451043_BCG_3AXIS_seg0001,OXFORD_451043_BCG_3AXIS_seg0001_c0013,125.974,126.606,0.6319999999999908,317,62987,63304,0.044286314879169,0.0375192028138016,True,,451043,451043,BCG_3AXIS,0,0.021284530448818846,0.04428631487916907,0.04196938946499902,0.011155347131499266,0.00012444176962424892,0.03164556962025317,0.14361090194726284,0.00045303123642669664,6.329113924050633,7.434934380690123,1.9826238114679463e-05,0.406767096877408,0.3345052199052137,0.4941590970563052,0.17133568303848123,0.4941590970563052,,
OXFORD,OXFORD_451043_BCG_3AXIS_seg0001,OXFORD_451043_BCG_3AXIS_seg0001_c0014,132.0,137.22,5.219999999999999,2611,66000,68611,0.121241928769598,0.0375192028138016,True,,451043,451043,BCG_3AXIS,0,0.04834334322754516,0.12124192876959804,0.11803860841580213,0.02238863253549774,0.0005012508668095478,0.022222222222222223,6.102112836660793,0.0023370788344162364,4.980842911877395,4.554798825142279,0.0011792195394461776,0.49591386461093173,0.4843418696930119,0.36067611069720634,0.1549820196097818,0.4843418696930119,,
OXFORD,OXFORD_451043_BCG_3AXIS_seg0001,OXFORD_451043_BCG_3AXIS_seg0001_c0015,138.004,139.284,1.2800000000000011,641,69002,69643,0.0543362893123251,0.0375192028138016,True,,451043,451043,BCG_3AXIS,0,0.032333155270333556,0.0543362893123251,0.04936235910888871,0.012970088759298759,0.000168223202424088,0.021875,0.6701225079604547,0.0010454329297354987,6.25,7.262803955202086,9.925135071306994e-05,0.43799950287267186,0.22843420525140698,0.5976494250716253,0.17391636967696764,0.5976494250716253,,
OXFORD,OXFORD_451043_BCG_3AXIS_seg0001,OXFORD_451043_BCG_3AXIS_seg0001_c0016,142.546,143.128,0.5819999999999936,292,71273,71565,0.058708501130438,0.0375192028138016,True,,451043,451043,BCG_3AXIS,0,0.034147000757899275,0.05870850113043801,0.055747798685246985,0.0144787585754083,0.0002096344498849594,0.020618556701030927,0.3404771569419123,0.0011660176607599735,3.4246575342465757,4.1689883312285545,5.675723320905126e-05,0.2717469965507004,0.7161711246279551,0.18410483572364655,0.09972403964839835,0.7161711246279551,,
OXFORD,OXFORD_451043_BCG_3AXIS_seg0001,OXFORD_451043_BCG_3AXIS_seg0001_c0017,166.702,167.518,0.8160000000000025,409,83351,83760,0.0437192884364299,0.0375192028138016,True,,451043,451043,BCG_3AXIS,0,0.024922903763041328,0.04371928843642996,0.04034642586877324,0.008720603484260485,7.60489251296961e-05,0.024509803921568627,0.2540508129805642,0.0006211511319818196,4.901960784313725,7.725645099727036,2.4668018331424613e-05,0.4188871416565906,0.5638982675442936,0.32172475388421445,0.11437697857149194,0.5638982675442936,,
OXFORD,OXFORD_451043_BCG_3AXIS_seg0001,OXFORD_451043_BCG_3AXIS_seg0001_c0018,168.61,169.338,0.7279999999999802,365,84305,84670,0.0411943712004261,0.0375192028138016,True,,451043,451043,BCG_3AXIS,0,0.02639286106923799,0.04119437120042615,0.03288247427096851,0.007132603732828352,5.0874036009556944e-05,0.03296703296703297,0.25425283712833585,0.0006965831154200983,5.4945054945054945,9.157320585466302,1.1916688410356153e-05,0.4543607838139314,0.5970882990139049,0.2983838976179791,0.10452780336811605,0.5970882990139049,,
OXFORD,OXFORD_451043_BCG_3AXIS_seg0001,OXFORD_451043_BCG_3AXIS_seg0001_c0019,175.226,175.68,0.4540000000000077,228,87613,87841,0.0510737402190058,0.0375192028138016,True,,451043,451043,BCG_3AXIS,0,0.034334839632869076,0.0510737402190058,0.044956788587204616,0.011747419448788243,0.00013800186370576826,0.01762114537444934,0.26878491647618286,0.001178881212614837,4.385964912280701,7.133086779589266,1.385836564275358e-05,0.31865402248038427,0.6425086118086838,0.27028608937178183,0.08720529881953436,0.6425086118086838,,
OXFORD,OXFORD_451043_BCG_3AXIS_seg0001,OXFORD_451043_BCG_3AXIS_seg0001_c0020,181.56,183.914,2.353999999999985,1178,90780,91958,0.0531444490701731,0.0375192028138016,True,,451043,451043,BCG_3AXIS,0,0.027282551939236063,0.05314444907017318,0.04698201369203997,0.009629262448607241,9.272269530415754e-05,0.022090059473237042,0.8768297402935596,0.0007443376403171134,4.244482173174873,5.6702007376434,9.906281605279136e-05,0.43496691523875913,0.5124629197193911,0.33092852462934486,0.15660855565126405,0.5124629197193911,,
OXFORD,OXFORD_451043_BCG_3AXIS_seg0001,OXFORD_451043_BCG_3AXIS_seg0001_c0021,194.458,194.974,0.5159999999999911,259,97229,97488,0.0471375527548506,0.0375192028138016,True,,451043,451043,BCG_3AXIS,0,0.026475200543131575,0.047137552754850605,0.044368922784255166,0.010604857366886716,0.00011246299977201146,0.023255813953488372,0.18154248714394994,0.0007009362437990345,3.875968992248062,8.341519147600104,1.6465145473535567e-05,0.4401240044078228,0.4149860652868232,0.40637082450140377,0.17864311021177304,0.4149860652868232,,
OXFORD,OXFORD_451043_BCG_3AXIS_seg0001,OXFORD_451043_BCG_3AXIS_seg0001_c0022,281.732,283.326,1.593999999999994,798,140866,141664,0.1243735679313147,0.0375192028138016,True,,451043,451043,BCG_3AXIS,0,0.0413857031752173,0.12437356793131472,0.12247751342472557,0.022722447955264274,0.0005163096410796935,0.04265997490589712,1.3667955889911387,0.0017127764273071914,1.2531328320802004,10.040493399985287,0.0002860850598048498,0.5428662814756239,0.17017426855375992,0.1488156882712313,0.6810100431750088,0.6810100431750088,,
OXFORD,OXFORD_451043_BCG_3AXIS_seg0001,OXFORD_451043_BCG_3AXIS_seg0001_c0023,301.91,303.066,1.155999999999949,579,150955,151534,0.1034875053429843,0.0375192028138016,True,,451043,451043,BCG_3AXIS,0,0.04291036799321562,0.10348750534298434,0.09690562826713829,0.02126111686689153,0.0004520350904276195,0.01730103806228374,1.066112515480333,0.0018412996813131832,1.7301038062283738,5.432636621110452,0.000216464279178161,0.3657890396065615,0.3264705771951837,0.5371843705108883,0.13634505229392802,0.5371843705108883,,
OXFORD,OXFORD_451043_BCG_3AXIS_seg0001,OXFORD_451043_BCG_3AXIS_seg0001_c0024,303.924,305.346,1.4220000000000257,712,151962,152674,0.1021018488938944,0.0375192028138016,True,,451043,451043,BCG_3AXIS,0,0.04586513759636498,0.1021018488938944,0.1006088911066887,0.021730720765801556,0.00047222422500123903,0.016877637130801686,1.4977709228742464,0.002103610846733492,1.404494382022472,4.554021153267829,0.00018890123593007818,0.39588053923706706,0.35931383093085234,0.5286384387109226,0.11204773035822507,0.5286384387109226,,
OXFORD,OXFORD_451043_BCG_3AXIS_seg0001,OXFORD_451043_BCG_3AXIS_seg0001_c0025,311.442,311.772,0.3299999999999841,166,155721,155887,0.0407217264371196,0.0375192028138016,True,,451043,451043,BCG_3AXIS,0,0.029173925356725926,0.04072172643711964,0.033660129686667775,0.009413598759341169,8.861584160186959e-05,0.012121212121212121,0.14128557483948945,0.0008511179207198159,6.024096385542168,6.790141104616798,7.281146289720557e-06,0.27098435693504147,0.5170673393679054,0.30730420485580034,0.17562845577629418,0.5170673393679054,,
OXFORD,OXFORD_451043_BCG_3AXIS_seg0001,OXFORD_451043_BCG_3AXIS_seg0001_c0026,354.68,356.558,1.877999999999986,940,177340,178280,0.0577451947264545,0.0375192028138016,True,,451043,451043,BCG_3AXIS,0,0.03400839320627072,0.057745194726454535,0.053246224690673825,0.013993881980850966,0.00019582873289398535,0.014909478168264111,1.0871765599639813,0.0011565708084723206,4.25531914893617,4.146887273791342,0.00017887267932312188,0.3350704010042659,0.5516466272769951,0.27904047204246674,0.16931290068053817,0.5516466272769951,,
OXFORD,OXFORD_451043_BCG_3AXIS_seg0001,OXFORD_451043_BCG_3AXIS_seg0001_c0027,358.908,359.286,0.3779999999999859,190,179454,179644,0.1610333048551251,0.0375192028138016,True,,451043,451043,BCG_3AXIS,0,0.08394046308370154,0.16103330485512518,0.15151281609586584,0.03375469353239303,0.0011393793354657756,0.021164021164021163,1.3387402551141896,0.007046001342706261,5.2631578947368425,7.807446041002966,9.534039832169151e-05,0.3642334107370391,0.04432512139013121,0.510051821033023,0.4456230575768458,0.510051821033023,,
OXFORD,OXFORD_451043_BCG_3AXIS_seg0001,OXFORD_451043_BCG_3AXIS_seg0001_c0028,374.022,375.034,1.0120000000000005,507,187011,187518,0.0727304520995011,0.0375192028138016,True,,451043,451043,BCG_3AXIS,0,0.033355423005783695,0.07273045209950114,0.07067620385721499,0.014772973579501452,0.00021824074838064795,0.02766798418972332,0.5640802116546455,0.0011125842438947642,1.976284584980237,4.754350614375994,9.25931896492965e-05,0.34021213458193206,0.39030599446629555,0.46007951261133806,0.1496144929223664,0.46007951261133806,,
OXFORD,OXFORD_451043_BCG_3AXIS_seg0001,OXFORD_451043_BCG_3AXIS_seg0001_c0029,380.358,380.968,0.6100000000000136,306,190179,190485,0.0541490770009386,0.0375192028138016,True,,451043,451043,BCG_3AXIS,0,0.032002610238055174,0.05414907700093869,0.047616050352556165,0.012426357175023665,0.0001544143526412621,0.013114754098360656,0.31339512098695543,0.001024167062048874,3.2679738562091503,3.562471313798458,5.234292129965482e-05,0.26845977993361697,0.5845518763533404,0.2845767488375567,0.1308713748091029,0.5845518763533404,,
OXFORD,OXFORD_451043_BCG_3AXIS_seg0001,OXFORD_451043_BCG_3AXIS_seg0001_c0030,384.538,385.012,0.4739999999999895,238,192269,192507,0.0401992138922165,0.0375192028138016,True,,451043,451043,BCG_3AXIS,0,0.025540347629283127,0.04019921389221653,0.033893001380225114,0.010517088575999516,0.00011060915211541954,0.016877637130801686,0.1552496269718615,0.0006523093570246282,4.201680672268907,4.125491596315956,1.6859631813652936e-05,0.2827913056749807,0.7161854640009818,0.19475984413663716,0.08905469186238102,0.7161854640009818,,
OXFORD,OXFORD_451043_BCG_3AXIS_seg0001,OXFORD_451043_BCG_3AXIS_seg0001_c0031,437.396,439.816,2.419999999999959,1211,218698,219909,0.0705653981250696,0.0375192028138016,True,,451043,451043,BCG_3AXIS,0,0.03189997064204466,0.07056539812506966,0.06721406993594058,0.013702032294498283,0.00018774568899947386,0.021487603305785124,1.23232344175257,0.0010176081269633113,5.785123966942149,4.968579941846876,0.0002048206046953482,0.4423797948806772,0.5116510666945898,0.32510321425864097,0.1632457190467692,0.5116510666945898,,
OXFORD,OXFORD_451043_BCG_3AXIS_seg0001,OXFORD_451043_BCG_3AXIS_seg0001_c0032,457.176,458.74,1.5640000000000214,783,228588,229371,0.0625568725795332,0.0375192028138016,True,,451043,451043,BCG_3AXIS,0,0.03596676927305153,0.06255687257953321,0.05766807767339282,0.013421432504911283,0.00018013485048388916,0.030690537084398978,1.012895449189743,0.0012936084919409235,3.836317135549872,4.980210818396887,0.00010985688855398346,0.3556061181497845,0.45949017634369266,0.34926072214141346,0.191249101514894,0.45949017634369266,,
OXFORD,OXFORD_451043_BCG_3AXIS_seg0001,OXFORD_451043_BCG_3AXIS_seg0001_c0033,459.58,464.786,5.206000000000017,2604,229790,232394,0.1181106067629681,0.0375192028138016,True,,451043,451043,BCG_3AXIS,0,0.049497469662811336,0.11811060676296815,0.11524862449753158,0.024732558920284746,0.0006116994707453565,0.012293507491356128,6.379798705866497,0.0024499995030209283,0.38402457757296465,3.3343432368049015,0.0012145322361679534,0.4717111440629457,0.4807500315704873,0.3708799432532039,0.1483700251763089,0.4807500315704873,,
OXFORD,OXFORD_451043_BCG_3AXIS_seg0001,OXFORD_451043_BCG_3AXIS_seg0001_c0034,466.55,467.658,1.108000000000004,555,233275,233830,0.0836007831484066,0.0375192028138016,True,,451043,451043,BCG_3AXIS,0,0.04072027885191481,0.08360078314840666,0.07474041095091886,0.01649019990661598,0.00027192669296015765,0.02527075812274368,0.9202683159266238,0.0016581411097777005,3.6101083032490973,5.316408210277618,0.00018494588536944792,0.38303355181838156,0.38511621005071184,0.466663998715195,0.14821979123409318,0.466663998715195,,
OXFORD,OXFORD_451043_BCG_3AXIS_seg0001,OXFORD_451043_BCG_3AXIS_seg0001_c0035,468.926,471.088,2.1620000000000346,1082,234463,235545,0.0563959994594098,0.0375192028138016,True,,451043,451043,BCG_3AXIS,0,0.031426411550092216,0.05639599945940982,0.05266725194293251,0.013153098397208608,0.00017300399744665164,0.020351526364477335,1.0686041290348625,0.0009876193429157695,2.77264325323475,4.129351181555726,0.00018250368347876716,0.2955303142210006,0.3629512050602349,0.422890682496117,0.2141581124436481,0.422890682496117,,
OXFORD,OXFORD_451043_BCG_3AXIS_seg0001,OXFORD_451043_BCG_3AXIS_seg0001_c0036,473.328,474.112,0.7840000000000487,393,236664,237057,0.0493769183222396,0.0375192028138016,True,,451043,451043,BCG_3AXIS,0,0.03316738273450581,0.049376918322239643,0.034949021199223385,0.008897154195789504,7.915935278365477e-05,0.025510204081632654,0.43232958404067745,0.0011000752774571944,10.204081632653061,8.651167979702999,2.1069079137144884e-05,0.3926615101343965,0.32952105748705196,0.45055041241324223,0.21992853009970584,0.45055041241324223,,
OXFORD,OXFORD_451043_BCG_3AXIS_seg0001,OXFORD_451043_BCG_3AXIS_seg0001_c0037,475.04,476.112,1.0720000000000027,537,237520,238057,0.0510188469019379,0.0375192028138016,True,,451043,451043,BCG_3AXIS,0,0.029212328825095737,0.051018846901937975,0.04693424182960061,0.011899629856901565,0.00014160119073126318,0.018656716417910446,0.45825440344202384,0.0008533601553855193,3.731343283582089,4.629915575891085,6.989922697226354e-05,0.33623038982837883,0.2251739559218442,0.4540719066423811,0.3207541374357747,0.4540719066423811,,
OXFORD,OXFORD_451043_BCG_3AXIS_seg0001,OXFORD_451043_BCG_3AXIS_seg0001_c0038,477.736,478.134,0.3980000000000245,200,238868,239068,0.0915622477108667,0.0375192028138016,True,,451043,451043,BCG_3AXIS,0,0.05230256009160256,0.09156224771086674,0.06762281632145084,0.017801089456907934,0.00031687878585283884,0.03015075376884422,0.5471115584271393,0.0027355577921356965,5.0,10.390671723383146,4.638018883099915e-05,0.3946834970928678,0.0705510513745361,0.7224661267707925,0.20698282185467134,0.7224661267707925,,
OXFORD,OXFORD_451043_BCG_3AXIS_seg0001,OXFORD_451043_BCG_3AXIS_seg0001_c0039,480.022,480.756,0.7339999999999804,368,240011,240379,0.0793291677992043,0.0375192028138016,True,,451043,451043,BCG_3AXIS,0,0.043834955501467675,0.07932916779920439,0.07149805439160622,0.020463818266583916,0.0004187678580477735,0.013623978201634877,0.7071132231641597,0.0019215033238156513,2.717391304347826,3.6703357899524565,0.00013124305764331798,0.27501408386690535,0.3900244031647736,0.4256181612780302,0.18435743555719616,0.4256181612780302,,
OXFORD,OXFORD_451043_BCG_3AXIS_seg0001,OXFORD_451043_BCG_3AXIS_seg0001_c0040,482.262,482.564,0.3020000000000209,152,241131,241283,0.0416403941205988,0.0375192028138016,True,,451043,451043,BCG_3AXIS,0,0.026939077512761932,0.04164039412059888,0.04030843827950367,0.012330712183328516,0.0001520464629480863,0.026490066225165563,0.11030851238026654,0.0007257138972385956,6.578947368421053,6.734976724758396,8.148129759732944e-06,0.2886474580481828,0.29247500379984964,0.3250815580720385,0.38244343812811177,0.38244343812811177,,
OXFORD,OXFORD_451043_BCG_3AXIS_seg0001,OXFORD_451043_BCG_3AXIS_seg0001_c0041,490.472,493.012,2.5400000000000205,1271,245236,246507,0.0752565742331723,0.0375192028138016,True,,451043,451043,BCG_3AXIS,0,0.03990081150965583,0.07525657423317236,0.0693627488345619,0.01415154056783705,0.0002002661004431378,0.02047244094488189,2.0235270188530645,0.0015920747591290831,5.511811023622046,5.796848146591685,0.00017107772581821836,0.49142894523465397,0.5071887048496516,0.34886595084987104,0.14394534430047734,0.5071887048496516,,
OXFORD,OXFORD_451043_BCG_3AXIS_seg0001,OXFORD_451043_BCG_3AXIS_seg0001_c0042,493.516,494.666,1.1499999999999773,576,246758,247334,0.0654658389191764,0.0375192028138016,True,,451043,451043,BCG_3AXIS,0,0.033842887588451824,0.06546583891917644,0.06204008937172739,0.014762848488519886,0.0002179416954949939,0.017391304347826087,0.6597164392269618,0.0011453410403245864,3.472222222222222,4.1182580845629735,0.00011985363865521752,0.35596853307698195,0.26045291418345506,0.4113424201548924,0.3282046656616525,0.4113424201548924,,
OXFORD,OXFORD_451043_BCG_3AXIS_seg0001,OXFORD_451043_BCG_3AXIS_seg0001_c0043,498.028,500.44,2.4119999999999777,1207,249014,250221,0.0830599008599284,0.0375192028138016,True,,451043,451043,BCG_3AXIS,0,0.04337564085776924,0.08305990085992848,0.08023525471567992,0.016142334319575697,0.00026057495728495136,0.026533996683250415,2.2709055873253714,0.0018814462198221801,5.804311774461028,5.366623421623359,0.00028791826848855075,0.4637350536560308,0.475643960840574,0.35927694167595214,0.16507909748347396,0.475643960840574,,
OXFORD,OXFORD_451043_BCG_3AXIS_seg0001,OXFORD_451043_BCG_3AXIS_seg0001_c0044,501.294,504.058,2.76400000000001,1383,250647,252030,0.0625394290718591,0.0375192028138016,True,,451043,451043,BCG_3AXIS,0,0.03385022797574429,0.06253942907185916,0.06137218341173775,0.012350259752211101,0.00015252891594708543,0.023154848046309694,1.5846938627356382,0.0011458379340098612,2.170767004341534,4.495796322190731,0.00023428722263055919,0.45916338911447085,0.4856030264735297,0.34091650149243957,0.1734804720340308,0.4856030264735297,,
OXFORD,OXFORD_451043_BCG_3AXIS_seg0001,OXFORD_451043_BCG_3AXIS_seg0001_c0045,520.456,521.21,0.7540000000000191,378,260228,260606,0.0613981843677494,0.0375192028138016,True,,451043,451043,BCG_3AXIS,0,0.040140692240814,0.06139818436774945,0.056363337895820424,0.013640423077954317,0.00018606114174558874,0.021220159151193633,0.6090620156101196,0.001611275173571745,2.6455026455026456,5.396648929587288,7.881137121183268e-05,0.3355125886985377,0.6419293624392175,0.2950932687751936,0.06297736878558885,0.6419293624392175,,
OXFORD,OXFORD_451043_BCG_3AXIS_seg0001,OXFORD_451043_BCG_3AXIS_seg0001_c0046,532.618,536.1,3.481999999999971,1742,266309,268051,0.1205396374298409,0.0375192028138016,True,,451043,451043,BCG_3AXIS,0,0.043080081682220175,0.12053963742984095,0.11769172908240184,0.02108475623478816,0.00044456694548043827,0.018380241240666284,3.2329663685548597,0.0018558934377467622,0.574052812858783,2.610103234090015,0.0005138796003922771,0.3772570518648999,0.40413865343172684,0.4448146687811466,0.1510466777871265,0.4448146687811466,,
OXFORD,OXFORD_451043_BCG_3AXIS_seg0001,OXFORD_451043_BCG_3AXIS_seg0001_c0047,536.884,541.03,4.145999999999958,2074,268442,270516,0.1090136224125994,0.0375192028138016,True,,451043,451043,BCG_3AXIS,0,0.046859636079081335,0.10901362241259947,0.1075241659443215,0.0218492824151123,0.0004773911420553355,0.017366136034732273,4.554142073444213,0.002195825493463941,3.857280617164899,3.86043396750631,0.00089904763881102,0.44051301270071347,0.5168036362850352,0.35569599066045093,0.12750037305451378,0.5168036362850352,,
OXFORD,OXFORD_451043_BCG_3AXIS_seg0001,OXFORD_451043_BCG_3AXIS_seg0001_c0048,548.292,549.044,0.7519999999999527,377,274146,274523,0.0679318952126943,0.0375192028138016,True,,451043,451043,BCG_3AXIS,0,0.035403285870101414,0.06793189521269437,0.05905740241851203,0.015655234476421708,0.0002450863665117428,0.02127659574468085,0.4725290292008461,0.0012533926504001223,10.638297872340425,8.641480806208753,4.373359014592719e-05,0.4062616081810175,0.5262926550062276,0.3155018743114899,0.15820547068228244,0.5262926550062276,,
OXFORD,OXFORD_451043_BCG_3AXIS_seg0001,OXFORD_451043_BCG_3AXIS_seg0001_c0049,550.7,551.76,1.0599999999999454,531,275350,275881,0.0474205627876888,0.0375192028138016,True,,451043,451043,BCG_3AXIS,0,0.031020170527974723,0.04742056278768889,0.04483399458119041,0.010884468673690868,0.00011847165830855786,0.018867924528301886,0.5109552701594393,0.0009622509795846315,3.773584905660377,5.533837082494456,5.2541298189474364e-05,0.3875930314386798,0.47135587903670284,0.3415403258846116,0.18710379507868555,0.47135587903670284,,
OXFORD,OXFORD_451043_BCG_3AXIS_seg0001,OXFORD_451043_BCG_3AXIS_seg0001_c0050,558.11,558.784,0.6739999999999782,338,279055,279393,0.0728068369027246,0.0375192028138016,True,,451043,451043,BCG_3AXIS,0,0.042629754128043894,0.0728068369027246,0.06919685691979216,0.017810459824958852,0.0003172124791764733,0.017804154302670624,0.6142460267119066,0.0018172959370174754,2.9585798816568047,2.858317098819745,0.00012832822870069194,0.23423410575469128,0.5454646779612186,0.3314801405985538,0.1230551814402276,0.5454646779612186,,
OXFORD,OXFORD_451043_BCG_3AXIS_seg0001,OXFORD_451043_BCG_3AXIS_seg0001_c0051,569.562,570.618,1.05600000000004,529,284781,285310,0.0850900886541123,0.0375192028138016,True,,451043,451043,BCG_3AXIS,0,0.049129394520492996,0.0850900886541123,0.07322288085915715,0.02056440857167475,0.00042289489990276986,0.015151515151515152,1.2768459277476807,0.002413697405950247,3.7878787878787876,4.227945582173256,0.000223984821188348,0.2977085116105927,0.6729165211278534,0.2181326524497631,0.10895082642238355,0.6729165211278534,,
OXFORD,OXFORD_451043_BCG_3AXIS_seg0001,OXFORD_451043_BCG_3AXIS_seg0001_c0052,577.434,578.07,0.636000000000081,319,288717,289036,0.0412758640923635,0.0375192028138016,True,,451043,451043,BCG_3AXIS,0,0.027900197460628152,0.041275864092363536,0.03769853188396223,0.008372851176450875,7.01046368229948e-05,0.031446540880503145,0.24831630485111128,0.0007784210183420416,9.433962264150942,8.575089696028737,1.4057375506053755e-05,0.4034210581290468,0.28467738188522335,0.5038872501254438,0.21143536798933293,0.5038872501254438,,
OXFORD,OXFORD_451043_BCG_3AXIS_seg0001,OXFORD_451043_BCG_3AXIS_seg0001_c0053,601.82,603.154,1.3339999999999463,668,300910,301578,0.0886730976031876,0.0375192028138016,True,,451043,451043,BCG_3AXIS,0,0.03858689958419419,0.08867309760318766,0.0837938764929317,0.019463962798628744,0.00037884584782640364,0.014992503748125937,0.9946178114398179,0.0014889488195206854,1.497005988023952,3.7209969243259686,0.00025714783278010616,0.3650009391534963,0.3406629333871957,0.4803375527163486,0.17899951389645571,0.4803375527163486,,
OXFORD,OXFORD_451043_BCG_3AXIS_seg0001,OXFORD_451043_BCG_3AXIS_seg0001_c0054,604.288,604.598,0.3099999999999454,156,302144,302300,0.0628927099596545,0.0375192028138016,True,,451043,451043,BCG_3AXIS,0,0.03169288983194117,0.0628927099596545,0.05544826971860197,0.014371879805383212,0.00020655092914038177,0.03870967741935484,0.15669252548033136,0.00100443926589956,6.410256410256411,9.320364154582798,3.104584035854019e-05,0.34255831659599406,0.07615807654746432,0.671733516433303,0.25210840701923265,0.671733516433303,,
OXFORD,OXFORD_451043_BCG_3AXIS_seg0001,OXFORD_451043_BCG_3AXIS_seg0001_c0055,605.908,606.742,0.8339999999999463,418,302954,303372,0.0527364599283118,0.0375192028138016,True,,451043,451043,BCG_3AXIS,0,0.024794123409203724,0.052736459928311885,0.04956306023955939,0.012009931469540006,0.00014423845390304737,0.03357314148681055,0.25696489625368446,0.000614748555630824,4.784688995215311,9.535345863038307,4.509703178954112e-05,0.44136774662497963,0.26287517448893255,0.6359761942158485,0.10114863129521898,0.6359761942158485,,
OXFORD,OXFORD_451043_BCG_3AXIS_seg0001,OXFORD_451043_BCG_3AXIS_seg0001_c0056,607.254,607.906,0.65199999999993,327,303627,303954,0.0485629178621536,0.0375192028138016,True,,451043,451043,BCG_3AXIS,0,0.03337390621971678,0.048562917862153686,0.040211486160524196,0.010559070210465848,0.0001114939637095473,0.018404907975460124,0.36421836055052126,0.0011138176163624502,3.067484662576687,5.913931998728673,2.3692950790868014e-05,0.3901342660005779,0.502326134133791,0.3853687083635189,0.11230515750269014,0.502326134133791,,
OXFORD,OXFORD_451043_BCG_3AXIS_seg0001,OXFORD_451043_BCG_3AXIS_seg0001_c0057,615.638,619.852,4.213999999999942,2108,307819,309927,0.0899524536344906,0.0375192028138016,True,,451043,451043,BCG_3AXIS,0,0.03909688646562317,0.08995245363449063,0.0872571395609662,0.019214876828517875,0.0003692114915351131,0.0170859041290935,3.2222182479926857,0.0015285665313058282,0.47438330170777987,3.3189865359398842,0.0005964837251745176,0.4520933209269852,0.49993629900897113,0.36475350580654586,0.13531019518448298,0.49993629900897113,,
OXFORD,OXFORD_451043_BCG_3AXIS_seg0001,OXFORD_451043_BCG_3AXIS_seg0001_c0058,691.784,693.86,2.076000000000022,1039,345892,346931,0.0658757135155322,0.0375192028138016,True,,451043,451043,BCG_3AXIS,0,0.034517965022942465,0.06587571351553223,0.06302162984928578,0.01351865652825094,0.00018275407432882178,0.023121387283236993,1.2379580157887573,0.0011914899093250792,1.9267822736030829,4.536359677533802,0.00012540015259199832,0.4521007472495349,0.4753697973367484,0.34699616034627,0.17763404231698166,0.4753697973367484,,
OXFORD,OXFORD_451043_BCG_3AXIS_seg0001,OXFORD_451043_BCG_3AXIS_seg0001_c0059,696.3,698.31,2.009999999999991,1006,348150,349156,0.0712346918465333,0.0375192028138016,True,,451043,451043,BCG_3AXIS,0,0.03614329199553133,0.07123469184653332,0.07054650996145685,0.015755826258016276,0.0002482460610727952,0.025870646766169153,1.314175581611885,0.0013063375562742394,4.970178926441352,5.45461038192387,0.00023461628145479395,0.41455192596780344,0.33692563388673996,0.49583757187963284,0.16723679423362717,0.49583757187963284,,
OXFORD,OXFORD_451043_BCG_3AXIS_seg0001,OXFORD_451043_BCG_3AXIS_seg0001_c0060,714.15,715.08,0.9300000000000636,466,357075,357541,0.0448467834789956,0.0375192028138016,True,,451043,451043,BCG_3AXIS,0,0.027216088883057613,0.044846783478995636,0.04002555560741735,0.010252887223811475,0.00010512169642419656,0.025806451612903226,0.34517342024616937,0.0007407154940904922,2.1459227467811157,5.853440892093266,4.7082924005988606e-05,0.39132568019774416,0.39170919252730846,0.4847457290193816,0.12354507845330999,0.4847457290193816,,
OXFORD,OXFORD_451043_BCG_3AXIS_seg0001,OXFORD_451043_BCG_3AXIS_seg0001_c0061,721.544,722.26,0.7160000000000082,359,360772,361131,0.0424376296956046,0.0375192028138016,True,,451043,451043,BCG_3AXIS,0,0.022507558063251155,0.04243762969560462,0.03977483317276903,0.010495806888551359,0.00011016196224176216,0.027932960893854747,0.1818658710194533,0.000506590169970622,2.793296089385475,7.018856500283267,2.1747622529314983e-05,0.43380068001907146,0.20926117943289205,0.5117660208826227,0.2789727996844853,0.5117660208826227,,
OXFORD,OXFORD_451043_BCG_3AXIS_seg0001,OXFORD_451043_BCG_3AXIS_seg0001_c0062,725.652,726.714,1.0620000000000118,532,362826,363358,0.050085050922731,0.0375192028138016,True,,451043,451043,BCG_3AXIS,0,0.03173858400797509,0.05008505092273107,0.04497280121017546,0.012242998266472644,0.00014989100655285215,0.011299435028248588,0.5359036642902474,0.0010073377148312921,3.7593984962406015,3.7873809777676573,6.722008748526618e-05,0.29120407974316936,0.5019615141106392,0.348598683484483,0.14943980240487792,0.5019615141106392,,
OXFORD,OXFORD_451043_BCG_3AXIS_seg0001,OXFORD_451043_BCG_3AXIS_seg0001_c0063,742.066,742.594,0.52800000000002,265,371033,371298,0.0434895555803045,0.0375192028138016,True,,451043,451043,BCG_3AXIS,0,0.027635997065873184,0.043489555580304574,0.035026894655638824,0.009491576382215145,9.009002221942434e-05,0.022727272727272728,0.2023933084636121,0.0007637483338249513,3.7878787878787876,6.224265626308518,1.1511785581309345e-05,0.30916890219836957,0.41969485584372257,0.44903273315988584,0.13127241099639153,0.44903273315988584,,
OXFORD,OXFORD_451043_BCG_3AXIS_seg0001,OXFORD_451043_BCG_3AXIS_seg0001_c0064,743.824,744.662,0.8380000000000791,420,371912,372332,0.0416457764705857,0.0375192028138016,True,,451043,451043,BCG_3AXIS,0,0.02639063291000329,0.04164577647058579,0.035124391402724976,0.010372698480859517,0.00010759287377482532,0.01909307875894988,0.2925155122640304,0.0006964655053905486,4.761904761904762,5.128654760629486,3.7956863428460694e-05,0.3271940501427819,0.5282850386833765,0.30563783266334005,0.16607712865328353,0.5282850386833765,,
OXFORD,OXFORD_451043_BCG_3AXIS_seg0001,OXFORD_451043_BCG_3AXIS_seg0001_c0065,759.536,759.874,0.3380000000000791,170,379768,379938,0.049017754490477,0.0375192028138016,True,,451043,451043,BCG_3AXIS,0,0.03320648853362392,0.04901775449047702,0.04040010703821386,0.01173427522063144,0.00013769321495352504,0.011834319526627219,0.18745404972472848,0.001102670880733697,5.88235294117647,6.185678514866922,8.320774750546774e-06,0.2396823786201659,0.7434804119859325,0.19461278031987456,0.06190680769419289,0.7434804119859325,,
OXFORD,OXFORD_451043_BCG_3AXIS_seg0001,OXFORD_451043_BCG_3AXIS_seg0001_c0066,772.998,776.56,3.561999999999898,1782,386499,388281,0.0987392318546133,0.0375192028138016,True,,451043,451043,BCG_3AXIS,0,0.03912199180860273,0.09873923185461336,0.09289548558281198,0.017376255976538794,0.00030193427176220016,0.02021336327905671,2.7274048931549792,0.0015305302430723788,2.8058361391694726,5.531796668269915,0.0004214249030416676,0.50610451062369,0.4391919177713325,0.430799022752754,0.13000905947591349,0.4391919177713325,,
OXFORD,OXFORD_451043_BCG_3AXIS_seg0001,OXFORD_451043_BCG_3AXIS_seg0001_c0067,782.592,783.466,0.8740000000000236,438,391296,391734,0.0510528865530268,0.0375192028138016,True,,451043,451043,BCG_3AXIS,0,0.032554134955058316,0.05105288655302686,0.04756471276065995,0.011186069930351601,0.00012512816048671627,0.02288329519450801,0.4641800057704016,0.0010597717026721498,2.2831050228310503,3.855228057716738,8.223934524777126e-05,0.29152858720260433,0.6902394410845394,0.22747485140852663,0.08228570750693405,0.6902394410845394,,
OXFORD,OXFORD_451043_BCG_3AXIS_seg0001,OXFORD_451043_BCG_3AXIS_seg0001_c0068,797.496,798.882,1.3859999999999673,694,398748,399442,0.0682948180164741,0.0375192028138016,True,,451043,451043,BCG_3AXIS,0,0.03791418560665655,0.06829481801647415,0.062306285766753976,0.014314312707778625,0.00020489954829607264,0.017316017316017316,0.9976149163299057,0.0014374854702160025,2.881844380403458,4.046403893460555,0.00012325998913398782,0.3488979847092428,0.4734508123903647,0.4018201625816814,0.1247290250279539,0.4734508123903647,,
OXFORD,OXFORD_451043_BCG_3AXIS_seg0001,OXFORD_451043_BCG_3AXIS_seg0001_c0069,800.396,802.776,2.3799999999999955,1191,400198,401389,0.0744968157500687,0.0375192028138016,True,,451043,451043,BCG_3AXIS,0,0.03514677170669148,0.07449681575006875,0.07163986832720576,0.01501025154955667,0.00022530765158096838,0.020168067226890758,1.4712370136301258,0.0012352955614022888,4.201680672268908,5.068031088744458,0.00024838828766697324,0.46700741048951944,0.5708682259483431,0.32776375643702527,0.10136801761463171,0.5708682259483431,,
OXFORD,OXFORD_451043_BCG_3AXIS_seg0001,OXFORD_451043_BCG_3AXIS_seg0001_c0070,803.652,806.558,2.905999999999949,1454,401826,403280,0.0713536546806615,0.0375192028138016,True,,451043,451043,BCG_3AXIS,0,0.03617377449378117,0.07135365468066159,0.06973099924038467,0.014447338696017024,0.0002087255953974309,0.02615278733654508,1.9026200114785605,0.001308541961126933,4.126547455295736,3.772373202396054,0.00035265920838241675,0.42502140739502603,0.44985189140939785,0.4422570260928287,0.10789108249777354,0.44985189140939785,,
OXFORD,OXFORD_451043_BCG_3AXIS_seg0001,OXFORD_451043_BCG_3AXIS_seg0001_c0071,813.774,814.098,0.3239999999999554,163,406887,407050,0.0505037514909268,0.0375192028138016,True,,451043,451043,BCG_3AXIS,0,0.034388650013762415,0.05050375149092686,0.0319101752540178,0.01013372561024696,0.00010269239474377511,0.024691358024691357,0.1927604177123538,0.0011825792497690418,6.172839506172839,8.71060587995758,1.109483965300234e-05,0.3029688504183038,0.13045466622975843,0.7172115275443774,0.15233380622586415,0.7172115275443774,,
OXFORD,OXFORD_451043_BCG_3AXIS_seg0001,OXFORD_451043_BCG_3AXIS_seg0001_c0072,819.592,819.978,0.3859999999999672,194,409796,409990,0.0512760225614391,0.0375192028138016,True,,451043,451043,BCG_3AXIS,0,0.028749537831331943,0.05127602256143915,0.046180342624403015,0.0125029570938656,0.00015632393609104413,0.010362694300518135,0.16034796954994618,0.0008265359255151865,5.154639175257731,8.924425465692831,6.770495743890845e-06,0.311412316901803,0.7369276816566571,0.18761007294801227,0.07546224539533065,0.7369276816566571,,
OXFORD,OXFORD_451043_BCG_3AXIS_seg0001,OXFORD_451043_BCG_3AXIS_seg0001_c0073,822.052,822.448,0.3959999999999581,199,411026,411225,0.0458934983022636,0.0375192028138016,True,,451043,451043,BCG_3AXIS,0,0.0318375460963283,0.04589349830226367,0.030942388629698506,0.008290598711342677,6.873402699251687e-05,0.030303030303030304,0.2017122389457301,0.0010136293414358295,5.05050505050505,6.76802600750867,8.634719799626488e-06,0.3073639884901879,0.6976212816601713,0.23186567821469725,0.07051304012513138,0.6976212816601713,,
OXFORD,OXFORD_451043_BCG_3AXIS_seg0001,OXFORD_451043_BCG_3AXIS_seg0001_c0074,838.232,840.254,2.022000000000048,1012,419116,420128,0.0535085683100559,0.0375192028138016,True,,451043,451043,BCG_3AXIS,0,0.031465686228291746,0.053508568310055946,0.050058653213681616,0.011215516765036092,0.00012578781630680566,0.019782393669634024,1.0019704827351168,0.000990089409817309,3.952569169960474,5.150565754545271,0.00012196109690353274,0.3993165295368207,0.47294415441205784,0.39781023100831847,0.12924561457962372,0.47294415441205784,,
OXFORD,OXFORD_451043_BCG_3AXIS_seg0001,OXFORD_451043_BCG_3AXIS_seg0001_c0075,843.302,844.402,1.1000000000000227,551,421651,422202,0.0506041275950061,0.0375192028138016,True,,451043,451043,BCG_3AXIS,0,0.030781446214197164,0.050604127595006154,0.04296945748233805,0.009896834555319855,9.794733421537315e-05,0.03272727272727273,0.5220710845016696,0.0009474974310375129,7.2727272727272725,7.931505741755468,4.4097606298733287e-05,0.4553317806013337,0.3059809021015776,0.5473303515339895,0.14668874636443305,0.5473303515339895,,
OXFORD,OXFORD_451043_BCG_3AXIS_seg0001,OXFORD_451043_BCG_3AXIS_seg0001_c0076,849.102,849.692,0.5900000000000318,296,424551,424847,0.0756827835847128,0.0375192028138016,True,,451043,451043,BCG_3AXIS,0,0.034077235666205595,0.07568278358471288,0.0734317107006877,0.018540838403250052,0.0003437626886954319,0.02711864406779661,0.343732365232434,0.0011612579906501148,3.3783783783783785,7.121834304536575,4.594626370262786e-05,0.3687046703088512,0.19742213177554355,0.44769221536051124,0.35488565286394513,0.44769221536051124,,
OXFORD,OXFORD_451043_BCG_3AXIS_seg0001,OXFORD_451043_BCG_3AXIS_seg0001_c0077,859.934,860.238,0.3040000000000873,153,429967,430120,0.0463975855526679,0.0375192028138016,True,,451043,451043,BCG_3AXIS,0,0.03544045061785525,0.04639758555266798,0.041550794644694085,0.011383254533769666,0.00012957848378058768,0.039473684210526314,0.19217190761948544,0.0012560255399966368,6.578947368421053,8.394985819605056,1.3914968043155042e-05,0.22063763091096905,0.670322475941757,0.16761501195116665,0.16206251210707634,0.670322475941757,,
OXFORD,OXFORD_451043_BCG_3AXIS_seg0001,OXFORD_451043_BCG_3AXIS_seg0001_c0078,882.198,882.578,0.3799999999999954,191,441099,441290,0.040950478528915,0.0375192028138016,True,,451043,451043,BCG_3AXIS,0,0.02175501997232335,0.040950478528915,0.03352574318364232,0.008051318037292367,6.482372213762941e-05,0.031578947368421054,0.09039665075327188,0.00047328089399618786,10.526315789473685,9.860699336943732,2.9853541933226048e-06,0.3773645014049795,0.4567042327276149,0.3147529745131707,0.22854279275921432,0.4567042327276149,,
OXFORD,OXFORD_451043_BCG_3AXIS_seg0001,OXFORD_451043_BCG_3AXIS_seg0001_c0079,887.88,889.888,2.008000000000038,1005,443940,444945,0.1616505194662798,0.0375192028138016,True,,451043,451043,BCG_3AXIS,0,0.037857177424170205,0.16165051946627984,0.1566440423358674,0.02120226446592739,0.0004495360184831272,0.035856573705179286,1.4403317119377277,0.0014331658825251022,2.9880478087649402,8.779572082440248,0.0004263388817092369,0.5520384144196819,0.17498806843469514,0.2533912112301305,0.5716207203351744,0.5716207203351744,,
OXFORD,OXFORD_451049_BCG_3AXIS_seg0001,OXFORD_451049_BCG_3AXIS_seg0001_c0001,0.016,1.628,1.612,807,8,815,1.6619766242473395,0.0341844676913523,True,,451049,451049,BCG_3AXIS,0,0.19481555679271376,1.6619766242473395,1.6601700034203013,0.1835241476633317,0.03368111277555237,0.01488833746898263,30.62815264294325,0.03795310116845508,2.4813895781637716,8.864305743923449,0.029272780016133447,0.551310117015242,0.17020101843396637,0.23810559365907782,0.5916933879069557,0.5916933879069557,,
OXFORD,OXFORD_451049_BCG_3AXIS_seg0001,OXFORD_451049_BCG_3AXIS_seg0001_c0002,37.738,38.6,0.8620000000000019,432,18869,19301,0.0481416663444495,0.0341844676913523,True,,451049,451049,BCG_3AXIS,0,0.024539937783537025,0.04814166634444952,0.04366264848481281,0.01027475959552632,0.00010557068474586021,0.02320185614849188,0.260154092053383,0.0006022085464198681,9.25925925925926,7.423097981274139,3.3518413793747375e-05,0.4191468122296167,0.07542157234142711,0.6448119148975191,0.27976651276105385,0.6448119148975191,,
OXFORD,OXFORD_451049_BCG_3AXIS_seg0001,OXFORD_451049_BCG_3AXIS_seg0001_c0003,44.548,45.84,1.2920000000000016,647,22274,22921,0.0500608984975091,0.0341844676913523,True,,451049,451049,BCG_3AXIS,0,0.02734965108672472,0.05006089849750911,0.047463524667886975,0.011519493732591741,0.0001326987358552204,0.015479876160990712,0.48395820922393196,0.0007480034145655826,3.095975232198142,4.968627686238815,7.281194975682573e-05,0.38291125866746073,0.3342654347795888,0.5047867396708839,0.16094782554952713,0.5047867396708839,,
OXFORD,OXFORD_451049_BCG_3AXIS_seg0001,OXFORD_451049_BCG_3AXIS_seg0001_c0004,71.726,72.478,0.7519999999999953,377,35863,36240,0.0636254109808179,0.0341844676913523,True,,451049,451049,BCG_3AXIS,0,0.02718241927926581,0.06362541098081799,0.060159743611048866,0.013029216188894922,0.00016976047449696153,0.0425531914893617,0.2785592370384232,0.0007388839178738017,2.6595744680851063,13.317098537999001,3.231968269261431e-05,0.5077822261718404,0.04771305175082587,0.2835526999132704,0.6687342483359037,0.6687342483359037,,
OXFORD,OXFORD_451049_BCG_3AXIS_seg0001,OXFORD_451049_BCG_3AXIS_seg0001_c0005,82.122,83.106,0.9839999999999948,493,41061,41554,0.0568584009676942,0.0341844676913523,True,,451049,451049,BCG_3AXIS,0,0.024989501226278427,0.0568584009676942,0.05375118072714731,0.01231953272883326,0.00015177088665679388,0.036585365853658534,0.3078662595683183,0.000624475171538171,10.162601626016261,9.718069841964446,4.615319484447158e-05,0.4819643750962872,0.41898291607770966,0.40371974723067905,0.1772973366916112,0.41898291607770966,,
OXFORD,OXFORD_451049_BCG_3AXIS_seg0001,OXFORD_451049_BCG_3AXIS_seg0001_c0006,83.87,87.798,3.927999999999997,1965,41935,43900,0.0829928109389831,0.0341844676913523,True,,451049,451049,BCG_3AXIS,0,0.03681646363754218,0.08299281093898318,0.08108295385880937,0.01557251425486887,0.00024250320021809414,0.024439918533604887,2.663463169731825,0.0013554519947744656,3.054989816700611,5.010734952694293,0.0004500163050084566,0.5040763606103239,0.28987730631656505,0.4077231661142596,0.3023995275691753,0.4077231661142596,,
OXFORD,OXFORD_451049_BCG_3AXIS_seg0001,OXFORD_451049_BCG_3AXIS_seg0001_c0007,88.446,92.114,3.6680000000000064,1835,44223,46058,0.0998183038448223,0.0341844676913523,True,,451049,451049,BCG_3AXIS,0,0.032542876783821735,0.09981830384482239,0.09633422200131606,0.015573256935263612,0.00024252633157173617,0.021810250817884406,1.9433362518884518,0.0010590388293670037,2.1810250817884405,4.243613937151121,0.00047387490708472997,0.4870164976103059,0.3009836440055402,0.33308092946972534,0.3659354265247346,0.3659354265247346,,
OXFORD,OXFORD_451049_BCG_3AXIS_seg0001,OXFORD_451049_BCG_3AXIS_seg0001_c0008,92.79,93.34,0.5499999999999972,276,46395,46671,0.0613679553434471,0.0341844676913523,True,,451049,451049,BCG_3AXIS,0,0.041734021095341745,0.06136795534344712,0.05442931290457356,0.014248170160242215,0.00020301035291521663,0.03636363636363636,0.4807170706330547,0.00174172851678643,7.246376811594202,7.623314557050462,5.48921008279886e-05,0.352078779554276,0.11160863948160012,0.7399360932763358,0.14845526724206407,0.7399360932763358,,
OXFORD,OXFORD_451049_BCG_3AXIS_seg0001,OXFORD_451049_BCG_3AXIS_seg0001_c0009,94.008,96.306,2.298000000000002,1150,47004,48154,0.4077092697682581,0.0341844676913523,True,,451049,451049,BCG_3AXIS,0,0.14973374173305845,0.4077092697682581,0.3993164576987628,0.10538765746798763,0.01110655834658989,0.010443864229765013,25.78322242538958,0.022420193413382247,0.8695652173913042,3.7700242915260733,0.01359851318938459,0.31390432887449327,0.06037842193521387,0.917038651793125,0.022582926271661082,0.917038651793125,,
OXFORD,OXFORD_451049_BCG_3AXIS_seg0001,OXFORD_451049_BCG_3AXIS_seg0001_c0010,100.354,101.07,0.715999999999994,359,50177,50536,0.0500631330200525,0.0341844676913523,True,,451049,451049,BCG_3AXIS,0,0.022283370060990373,0.050063133020052594,0.047426919358855436,0.010144273811059144,0.00010290629115374042,0.0335195530726257,0.17826094067774012,0.0004965485812750421,8.379888268156424,8.01035395328023,1.8054129954474638e-05,0.4261926940177355,0.054932459964865954,0.6164488474449114,0.32861869259022275,0.6164488474449114,,
OXFORD,OXFORD_451049_BCG_3AXIS_seg0001,OXFORD_451049_BCG_3AXIS_seg0001_c0011,120.924,121.596,0.671999999999997,337,60462,60799,0.0424381933707967,0.0341844676913523,True,,451049,451049,BCG_3AXIS,0,0.0203150085332078,0.04243819337079672,0.03877136184295098,0.010565168117159641,0.00011162277734384658,0.017857142857142856,0.13907975566435105,0.0004126995717043058,5.952380952380952,7.2029057026997245,2.0500168772879912e-05,0.41261065241637035,0.1286392737385916,0.6805621212461297,0.1907986050152788,0.6805621212461297,,
OXFORD,OXFORD_451049_BCG_3AXIS_seg0001,OXFORD_451049_BCG_3AXIS_seg0001_c0012,137.572,137.988,0.4159999999999968,209,68786,68995,0.0471737737603893,0.0341844676913523,True,,451049,451049,BCG_3AXIS,0,0.024212451107354125,0.04717377376038933,0.041387411774871645,0.011964848885422008,0.00014315760885098426,0.019230769230769232,0.12252474282283692,0.0005862427886260139,4.8076923076923075,7.446343782999206,1.1426614247153933e-05,0.3125860843471712,0.12932064880258812,0.32719571836860645,0.5434836328288054,0.5434836328288054,,
OXFORD,OXFORD_451049_BCG_3AXIS_seg0001,OXFORD_451049_BCG_3AXIS_seg0001_c0013,153.804,154.274,0.4699999999999988,236,76902,77138,0.0473860476729052,0.0341844676913523,True,,451049,451049,BCG_3AXIS,0,0.0266001038295791,0.04738604767290525,0.03930712759070428,0.009323961554850152,8.693625907632366e-05,0.03404255319148936,0.16698546360367572,0.0007075655237443886,8.47457627118644,9.996666923908746,1.067002952151854e-05,0.33744789350912807,0.11690438780786691,0.7155781209258696,0.16751749126626359,0.7155781209258696,,
OXFORD,OXFORD_451049_BCG_3AXIS_seg0001,OXFORD_451049_BCG_3AXIS_seg0001_c0014,155.754,156.412,0.6580000000000155,330,77877,78207,0.0422289642878154,0.0341844676913523,True,,451049,451049,BCG_3AXIS,0,0.02479239898712278,0.04222896428781545,0.03746640344723225,0.010020111291474792,0.00010040263029354062,0.030395136778115502,0.20283880568710658,0.0006146630475366866,3.0303030303030303,7.697112324374584,2.036085121075331e-05,0.3965629711201273,0.06076288090947891,0.48489924658484257,0.45433787250567853,0.48489924658484257,,
OXFORD,OXFORD_451049_BCG_3AXIS_seg0001,OXFORD_451049_BCG_3AXIS_seg0001_c0015,158.694,159.182,0.4879999999999995,245,79347,79592,0.0366339308388122,0.0341844676913523,True,,451049,451049,BCG_3AXIS,0,0.020620240126046973,0.03663393083881223,0.03216827053918046,0.00803956370394711,6.463458454982378e-05,0.03278688524590164,0.10417260419968025,0.00042519430285583773,12.295081967213115,9.17917949452942,9.065700059140757e-06,0.3509927086580642,0.10274193126082413,0.6516970637001923,0.24556100503898357,0.6516970637001923,,
OXFORD,OXFORD_451049_BCG_3AXIS_seg0001,OXFORD_451049_BCG_3AXIS_seg0001_c0016,170.514,171.1,0.5859999999999843,294,85257,85551,0.0400094336026578,0.0341844676913523,True,,451049,451049,BCG_3AXIS,0,0.02045775621311247,0.040009433602657844,0.03570502162776006,0.009408660131936093,8.852288547828372e-05,0.034129692832764506,0.1230448180468917,0.00041851978927514183,6.802721088435375,8.798030947345449,5.308988584999634e-06,0.4237924744706613,0.10432622830067556,0.7100851562445637,0.18558861545476085,0.7100851562445637,,
OXFORD,OXFORD_451049_BCG_3AXIS_seg0001,OXFORD_451049_BCG_3AXIS_seg0001_c0017,178.02,178.548,0.5279999999999916,265,89010,89275,0.0400146570657126,0.0341844676913523,True,,451049,451049,BCG_3AXIS,0,0.02322103595088113,0.0400146570657126,0.03594673872784494,0.009302592728830276,8.65382314784859e-05,0.022727272727272728,0.14289237531751015,0.0005392165106321138,3.7878787878787876,8.85705871217769,1.2048130371965773e-05,0.4086455039001035,0.0992546971184153,0.5222433144604202,0.37850198842116456,0.5222433144604202,,
OXFORD,OXFORD_451049_BCG_3AXIS_seg0001,OXFORD_451049_BCG_3AXIS_seg0001_c0018,182.188,183.048,0.8600000000000136,431,91094,91525,0.0451235002066461,0.0341844676913523,True,,451049,451049,BCG_3AXIS,0,0.02162407191017681,0.04512350020664619,0.043100510146773664,0.010155297336474842,0.00010313006399221301,0.027906976744186046,0.20153580945587055,0.0004676004859764978,9.30232558139535,8.381843871509698,1.6406873924144286e-05,0.41923194098430083,0.10505511413429171,0.6295690817726988,0.2653758040930094,0.6295690817726988,,
OXFORD,OXFORD_451049_BCG_3AXIS_seg0001,OXFORD_451049_BCG_3AXIS_seg0001_c0019,188.432,188.934,0.5020000000000095,252,94216,94468,0.04150552217056,0.0341844676913523,True,,451049,451049,BCG_3AXIS,0,0.02219599296298564,0.04150552217056008,0.038076502601877754,0.009450961354586153,8.932067052588092e-05,0.0398406374501992,0.12415085011045285,0.0004926621036129081,7.936507936507937,9.705179486865406,7.06498583498037e-06,0.41196595278032005,0.08069073074113642,0.6032529826389722,0.3160562866198913,0.6032529826389722,,
OXFORD,OXFORD_451049_BCG_3AXIS_seg0001,OXFORD_451049_BCG_3AXIS_seg0001_c0020,200.062,201.138,1.0759999999999934,539,100031,100570,0.0478470089435015,0.0341844676913523,True,,451049,451049,BCG_3AXIS,0,0.02325203894025934,0.047847008943501544,0.04416086926680337,0.010300945908853089,0.0001061094866171172,0.01858736059479554,0.29141429271996244,0.0005406573148793366,1.858736059479554,5.8307186078071584,4.302413440777162e-05,0.38914142648305944,0.05062428656416189,0.658377075916166,0.2909986375196721,0.658377075916166,,
OXFORD,OXFORD_451049_BCG_3AXIS_seg0001,OXFORD_451049_BCG_3AXIS_seg0001_c0021,211.076,211.592,0.5160000000000196,259,105538,105797,0.0375102031607722,0.0341844676913523,True,,451049,451049,BCG_3AXIS,0,0.018902643043085546,0.03751020316077225,0.033227642227287114,0.008801187030180124,7.746089314021083e-05,0.023255813953488372,0.09254326772970639,0.0003573099140143104,3.875968992248062,7.192901854878685,4.830669354097258e-06,0.4138452564362939,0.10957328319483554,0.7190171343230342,0.17140958248213028,0.7190171343230342,,
OXFORD,OXFORD_451049_BCG_3AXIS_seg0001,OXFORD_451049_BCG_3AXIS_seg0001_c0022,294.296,295.838,1.54200000000003,772,147148,147920,0.0661050531686966,0.0341844676913523,True,,451049,451049,BCG_3AXIS,0,0.029576047951865407,0.06610505316869661,0.061272538849030576,0.011245997363570704,0.0001264724567014392,0.02594033722438392,0.6753012968122043,0.0008747426124510419,7.7720207253886,6.647054396231678,9.094110121692244e-05,0.43056749280025625,0.1802744139212418,0.6632405508106912,0.15648503526806704,0.6632405508106912,,
OXFORD,OXFORD_451049_BCG_3AXIS_seg0001,OXFORD_451049_BCG_3AXIS_seg0001_c0023,296.46,296.766,0.30600000000004,154,148230,148384,0.0403653100949043,0.0341844676913523,True,,451049,451049,BCG_3AXIS,0,0.026028439009049456,0.040365310094904336,0.036592333968539635,0.009074492324221925,8.234641094236263e-05,0.0392156862745098,0.10433186413616234,0.0006774796372478074,6.4935064935064934,8.927723835711399,8.160833763470423e-06,0.34272655669071733,0.058538659347509577,0.5285883835565176,0.41287295709597277,0.5285883835565176,,
OXFORD,OXFORD_451049_BCG_3AXIS_seg0001,OXFORD_451049_BCG_3AXIS_seg0001_c0024,313.128,314.002,0.8740000000000236,438,156564,157002,0.0513674315576965,0.0341844676913523,True,,451049,451049,BCG_3AXIS,0,0.029534577738405562,0.05136743155769652,0.04941923080341629,0.012369162758740062,0.00015299618735220205,0.02745995423340961,0.38206358159743353,0.0008722912821859213,4.566210045662101,5.829057330238286,5.214299733474171e-05,0.3565624919618217,0.153595946821892,0.5812703826936235,0.26513367048448444,0.5812703826936235,,
OXFORD,OXFORD_451049_BCG_3AXIS_seg0001,OXFORD_451049_BCG_3AXIS_seg0001_c0025,317.476,318.704,1.2280000000000086,615,158738,159353,0.0849830755993519,0.0341844676913523,True,,451049,451049,BCG_3AXIS,0,0.036829938039643795,0.08498307559935192,0.08056188487554009,0.01721172135758089,0.00029624335209100616,0.026058631921824105,0.8342132666424605,0.001356444336004001,1.6286644951140066,6.712296211243634,0.00016291189499011938,0.4628041056532588,0.10285724653673661,0.4796266590702354,0.417516094393028,0.4796266590702354,,
OXFORD,OXFORD_451049_BCG_3AXIS_seg0001,OXFORD_451049_BCG_3AXIS_seg0001_c0026,322.646,323.14,0.4939999999999713,248,161323,161571,0.0536622747252402,0.0341844676913523,True,,451049,451049,BCG_3AXIS,0,0.026338236444989706,0.05366227472524023,0.0521204046629079,0.011948776306086565,0.00014277325521289572,0.024291497975708502,0.17203826935998162,0.000693702699032184,4.032258064516129,8.9804351399897,2.484353644067286e-05,0.42214474427096077,0.2048260764096065,0.18696449992434752,0.608209423666046,0.608209423666046,,
OXFORD,OXFORD_451049_BCG_3AXIS_seg0001,OXFORD_451049_BCG_3AXIS_seg0001_c0027,334.704,335.036,0.3319999999999936,167,167352,167519,0.0620973312422836,0.0341844676913523,True,,451049,451049,BCG_3AXIS,0,0.0366208337504036,0.062097331242283636,0.055126206563208255,0.013070601754137982,0.0001708406302152749,0.03614457831325301,0.22396127258397483,0.0013410854645746996,6.024096385542168,9.447798154972828,3.065838752259597e-05,0.2944644038216184,0.08087298751705646,0.766302472952142,0.1528245395308014,0.766302472952142,,
OXFORD,OXFORD_451049_BCG_3AXIS_seg0001,OXFORD_451049_BCG_3AXIS_seg0001_c0028,342.96,343.476,0.5160000000000196,259,171480,171739,0.03674034831819,0.0341844676913523,True,,451049,451049,BCG_3AXIS,0,0.017155113046465022,0.03674034831819009,0.032581755513218735,0.007405997349154637,5.484879673568551e-05,0.031007751937984496,0.07622315704198156,0.00029429790363699445,7.751937984496124,8.309292212594675,3.4544291930185236e-06,0.391767882126134,0.13577007487916984,0.5441115813391961,0.32011834378163406,0.5441115813391961,,
OXFORD,OXFORD_451049_BCG_3AXIS_seg0001,OXFORD_451049_BCG_3AXIS_seg0001_c0029,376.752,377.224,0.47199999999998,237,188376,188613,0.3755674798773677,0.0341844676913523,True,,451049,451049,BCG_3AXIS,0,0.13538023512317013,0.37556747987736777,0.34545946521359816,0.08289406052479399,0.00687142527028821,0.0423728813559322,4.3436905106951444,0.01832780806200483,4.23728813559322,11.600711592119675,0.0006059213872147115,0.4650570815581048,0.05742716121633399,0.18192440676615002,0.760648432017516,0.760648432017516,,
OXFORD,OXFORD_451049_BCG_3AXIS_seg0001,OXFORD_451049_BCG_3AXIS_seg0001_c0030,378.312,378.708,0.396000000000015,199,189156,189355,0.1105608571759603,0.0341844676913523,True,,451049,451049,BCG_3AXIS,0,0.0437286276007995,0.11056085717596033,0.10569257949500362,0.022242241537014408,0.000494717308590889,0.045454545454545456,0.38052638149803136,0.001912192871849404,10.1010101010101,14.03664156654262,3.353166428520283e-05,0.45308046117031514,0.03266301637010527,0.2615853669206122,0.7057516167092825,0.7057516167092825,,
OXFORD,OXFORD_451049_BCG_3AXIS_seg0001,OXFORD_451049_BCG_3AXIS_seg0001_c0031,395.218,396.106,0.8879999999999768,445,197609,198054,0.1252164905322825,0.0341844676913523,True,,451049,451049,BCG_3AXIS,0,0.0383253143403564,0.1252164905322825,0.12204088866194832,0.0236035923736932,0.0005571295729434678,0.03153153153153153,0.653629225082772,0.0014688297192871282,2.2522522522522523,8.632803135299563,7.830606746620803e-05,0.4606370763334565,0.055075773375287136,0.17418168313543342,0.7707425434892795,0.7707425434892795,,
OXFORD,OXFORD_451049_BCG_3AXIS_seg0001,OXFORD_451049_BCG_3AXIS_seg0001_c0032,425.248,425.958,0.7100000000000364,356,212624,212980,0.1075361798333548,0.0341844676913523,True,,451049,451049,BCG_3AXIS,0,0.045636443428009765,0.10753617983335481,0.10121269317449097,0.023588399990086172,0.0005564126140922974,0.03380281690140845,0.741435848877825,0.0020826849687579354,2.808988764044944,7.643139292635995,0.00016532578994241182,0.4192319918944091,0.2868112164730324,0.5771137380213657,0.1360750455056018,0.5771137380213657,,
OXFORD,OXFORD_451049_BCG_3AXIS_seg0001,OXFORD_451049_BCG_3AXIS_seg0001_c0033,453.178,453.694,0.5160000000000196,259,226589,226848,0.0479291589560556,0.0341844676913523,True,,451049,451049,BCG_3AXIS,0,0.022586352668738253,0.04792915895605564,0.044187358132295344,0.010787840943398377,0.00011637751222006239,0.031007751937984496,0.13212712166104446,0.0005101433268766195,7.751937984496124,7.606570373292531,1.0809971875744708e-05,0.3559868963314134,0.10698739759167253,0.6824481388220041,0.2105644635863235,0.6824481388220041,,
OXFORD,OXFORD_451049_BCG_3AXIS_seg0001,OXFORD_451049_BCG_3AXIS_seg0001_c0034,472.63,473.16,0.5300000000000296,266,236315,236581,0.0508581353769925,0.0341844676913523,True,,451049,451049,BCG_3AXIS,0,0.02550469057819647,0.05085813537699255,0.04643689357562259,0.008684790708463968,7.542558964982207e-05,0.03773584905660377,0.17303013823621866,0.0006504892414895438,11.278195488721805,11.901874826101263,1.7561620755338225e-05,0.3922109622166468,0.27871336045643114,0.43134059072729425,0.2899460488162746,0.43134059072729425,,
OXFORD,OXFORD_451049_BCG_3AXIS_seg0001,OXFORD_451049_BCG_3AXIS_seg0001_c0035,478.594,481.23,2.636000000000024,1319,239297,240616,0.1015803903698474,0.0341844676913523,True,,451049,451049,BCG_3AXIS,0,0.04600448840588074,0.10158039036984745,0.10096059863854513,0.023455711125101253,0.0005501703843841987,0.018209408194233688,2.7915486856491096,0.0021164129534868154,0.7587253414264036,4.734962285321663,0.0005384857037651768,0.45835792109764467,0.12949316007510686,0.7807539368626517,0.08975290306224135,0.7807539368626517,,
OXFORD,OXFORD_451049_BCG_3AXIS_seg0001,OXFORD_451049_BCG_3AXIS_seg0001_c0036,504.93,505.278,0.3480000000000132,175,252465,252640,0.0419605318953225,0.0341844676913523,True,,451049,451049,BCG_3AXIS,0,0.02453454600964762,0.041960531895322575,0.03325525744428561,0.009495358457163882,9.016183223003367e-05,0.022988505747126436,0.1053401908824153,0.000601943947899516,11.494252873563218,11.160866216062908,6.093222197862809e-06,0.38342090841540205,0.13769626740986735,0.7281382558098446,0.13416547678028806,0.7281382558098446,,
OXFORD,OXFORD_451049_BCG_3AXIS_seg0001,OXFORD_451049_BCG_3AXIS_seg0001_c0037,533.064,533.686,0.6220000000000709,312,266532,266844,0.0468209841652077,0.0341844676913523,True,,451049,451049,BCG_3AXIS,0,0.024368273059877835,0.04682098416520777,0.04542285130505628,0.011748496072512953,0.00013802715996585226,0.02572347266881029,0.18526957235927954,0.0005938127319207678,3.2051282051282053,6.868724207361532,3.6099527876045224e-05,0.36494678709784834,0.11486548721482905,0.8192378495878121,0.06589666319735886,0.8192378495878121,,
OXFORD,OXFORD_451049_BCG_3AXIS_seg0001,OXFORD_451049_BCG_3AXIS_seg0001_c0038,538.372,538.724,0.3520000000000891,177,269186,269363,0.0504599590685921,0.0341844676913523,True,,451049,451049,BCG_3AXIS,0,0.0336163502160301,0.050459959068592124,0.04169377829426914,0.010183563226352528,0.00010370495998511951,0.03409090909090909,0.20002044332688124,0.0011300590018467867,5.6818181818181825,7.443633173400534,1.644337878694119e-05,0.2881826818665621,0.11107392492379937,0.5558379887863452,0.3330880862898555,0.5558379887863452,,
OXFORD,OXFORD_451049_BCG_3AXIS_seg0001,OXFORD_451049_BCG_3AXIS_seg0001_c0039,622.22,625.108,2.88799999999992,1445,311110,312555,0.0966529026810841,0.0341844676913523,True,,451049,451049,BCG_3AXIS,0,0.048046139331760135,0.09665290268108416,0.0940489551948025,0.020384851908950032,0.00041554218734982383,0.02077562326869806,3.335683524272582,0.0023084315046869083,0.6925207756232687,4.60770545749667,0.0005958109397977142,0.4462952895372943,0.22925815729560545,0.7039783509690007,0.06676349173539381,0.7039783509690007,,
OXFORD,OXFORD_451049_BCG_3AXIS_seg0001,OXFORD_451049_BCG_3AXIS_seg0001_c0040,625.852,626.38,0.52800000000002,265,312926,313191,0.0508056718759666,0.0341844676913523,True,,451049,451049,BCG_3AXIS,0,0.03241860111396407,0.050805671875966636,0.048284050909186416,0.010671496037439745,0.00011388082767709217,0.030303030303030304,0.27850591001937286,0.0010509656981863126,11.363636363636363,7.997348157091885,2.6116810172878684e-05,0.3002938516007966,0.09436337169932474,0.5195106187632783,0.38612600953739706,0.5195106187632783,,
OXFORD,OXFORD_451049_BCG_3AXIS_seg0001,OXFORD_451049_BCG_3AXIS_seg0001_c0041,632.722,633.44,0.7180000000000746,360,316361,316721,0.0384981648733596,0.0341844676913523,True,,451049,451049,BCG_3AXIS,0,0.021238865697466636,0.03849816487335964,0.03638938877068438,0.00947015491820463,8.968383417479535e-05,0.027855153203342618,0.162392189801409,0.000451089416115025,2.7777777777777777,5.9390258831161695,2.249114236518086e-05,0.3778697203018391,0.08505370177712317,0.7799156564616103,0.1350306417612664,0.7799156564616103,,
OXFORD,OXFORD_451049_BCG_3AXIS_seg0001,OXFORD_451049_BCG_3AXIS_seg0001_c0042,696.842,697.612,0.7699999999999818,386,348421,348807,0.0409615507645674,0.0341844676913523,True,,451049,451049,BCG_3AXIS,0,0.026378708985422727,0.04096155076456747,0.03765067880270955,0.0077407395415900766,5.991904865073615e-05,0.03636363636363636,0.268592807066722,0.0006958362877376217,5.181347150259067,8.710367384862225,1.8417980527160778e-05,0.42055367717177133,0.4378578854402944,0.46309335081392283,0.09904876374578273,0.46309335081392283,,
OXFORD,OXFORD_451049_BCG_3AXIS_seg0001,OXFORD_451049_BCG_3AXIS_seg0001_c0043,722.04,723.252,1.211999999999989,607,361020,361627,0.0396659863242115,0.0341844676913523,True,,451049,451049,BCG_3AXIS,0,0.019221606121051442,0.03966598632421152,0.03744088678522336,0.008734878106480562,7.629809553507344e-05,0.0297029702970297,0.22426837611681524,0.00036947014187284225,13.201320132013201,8.446062008244049,2.64082184051194e-05,0.486309057985515,0.17409972217588068,0.605864525994273,0.22003575182984625,0.605864525994273,,
OXFORD,OXFORD_451049_BCG_3AXIS_seg0001,OXFORD_451049_BCG_3AXIS_seg0001_c0044,757.69,758.424,0.7339999999999236,368,378845,379213,0.0437083407400016,0.0341844676913523,True,,451049,451049,BCG_3AXIS,0,0.021804570863759497,0.043708340740001676,0.040485213549290536,0.009894715751985262,9.790539981258528e-05,0.03814713896457766,0.17496166628339713,0.0004754393105527096,8.152173913043478,8.884985205629148,2.6704901111258108e-05,0.40968893201795265,0.1733648316642423,0.5883985351083798,0.23823663322737798,0.5883985351083798,,
OXFORD,OXFORD_451049_BCG_3AXIS_seg0001,OXFORD_451049_BCG_3AXIS_seg0001_c0045,760.316,760.7,0.3840000000000145,193,380158,380351,0.0379070092527391,0.0341844676913523,True,,451049,451049,BCG_3AXIS,0,0.021417471173547007,0.037907009252739134,0.035902404645354796,0.00881164329943991,7.764505763656426e-05,0.041666666666666664,0.08853065779365539,0.000458708071469717,10.416666666666666,10.824039814314505,6.1035703462615884e-06,0.3437257970588874,0.14634087653890288,0.5684364954320624,0.2852226280290347,0.5684364954320624,,
OXFORD,OXFORD_451049_BCG_3AXIS_seg0001,OXFORD_451049_BCG_3AXIS_seg0001_c0046,762.762,763.302,0.5400000000000773,271,381381,381652,0.0414118640090028,0.0341844676913523,True,,451049,451049,BCG_3AXIS,0,0.024225107264061706,0.04141186400900286,0.03814276762778837,0.010259416922552233,0.00010525563559075113,0.022222222222222223,0.159037927749885,0.0005868558219552952,3.7037037037037033,9.559235562530887,1.1269409768911882e-05,0.4271628668008428,0.031540171210237146,0.5445283450512671,0.4239314837384958,0.5445283450512671,,
OXFORD,OXFORD_451049_BCG_3AXIS_seg0001,OXFORD_451049_BCG_3AXIS_seg0001_c0047,794.704,795.542,0.8380000000000791,420,397352,397772,0.0414928441805838,0.0341844676913523,True,,451049,451049,BCG_3AXIS,0,0.022902210596127678,0.0414928441805838,0.04028357272773378,0.010735843422919812,0.0001152583340014506,0.01909307875894988,0.2202947250795408,0.0005245112501893828,2.380952380952381,5.020313880885058,3.958479634937522e-05,0.348812954188247,0.2874845054549783,0.5156782101872976,0.1968372843577241,0.5156782101872976,,
OXFORD,OXFORD_451049_BCG_3AXIS_seg0001,OXFORD_451049_BCG_3AXIS_seg0001_c0048,799.414,799.986,0.5720000000000027,287,399707,399994,0.0607839070862619,0.0341844676913523,True,,451049,451049,BCG_3AXIS,0,0.03200091125942896,0.06078390708626195,0.057444441360984755,0.014291145633474073,0.00020423684351716505,0.013986013986013986,0.29390473825151414,0.0010240583214338472,3.4965034965034962,5.4342358833111275,3.756505570676507e-05,0.30799740704380835,0.3191792938079873,0.534055095368069,0.14676561082394363,0.534055095368069,,
OXFORD,OXFORD_451049_BCG_3AXIS_seg0001,OXFORD_451049_BCG_3AXIS_seg0001_c0049,844.734,845.896,1.1619999999999209,582,422367,422949,0.05765757816807,0.0341844676913523,True,,451049,451049,BCG_3AXIS,0,0.026498843861221495,0.05765757816807004,0.05570371194651299,0.011587520244768088,0.0001342706254229103,0.03442340791738382,0.40867383852117256,0.0007021887259813962,6.872852233676976,8.984939911024243,8.708522200895428e-05,0.47186210845607196,0.21838422296961263,0.42770999412564836,0.353905782904739,0.42770999412564836,,
OXFORD,OXFORD_451049_BCG_3AXIS_seg0001,OXFORD_451049_BCG_3AXIS_seg0001_c0050,848.29,848.826,0.5360000000000582,269,424145,424414,0.0497117222279296,0.0341844676913523,True,,451049,451049,BCG_3AXIS,0,0.026330226601478633,0.04971172222792964,0.04393718582141612,0.011706281297916427,0.00013703702182594788,0.014925373134328358,0.1864925440461223,0.0006932808328852131,3.731343283582089,7.66748124950375,1.3519469332990773e-05,0.3821305089968564,0.1950225395890656,0.7224300870718274,0.08254737333910699,0.7224300870718274,,
OXFORD,OXFORD_451049_BCG_3AXIS_seg0001,OXFORD_451049_BCG_3AXIS_seg0001_c0051,850.242,851.288,1.0460000000000491,524,425121,425645,0.0625150853401027,0.0341844676913523,True,,451049,451049,BCG_3AXIS,0,0.034077204588271806,0.06251508534010276,0.0562675484546374,0.013610748551615676,0.00018525247613530822,0.019120458891013385,0.6084980772166889,0.0011612558725509331,7.633587786259541,6.369846594031793,6.417465777910192e-05,0.38065955457495015,0.26881978569042053,0.6230256129892875,0.10815460132029202,0.6230256129892875,,
OXFORD,OXFORD_451280_BCG_3AXIS_seg0001,OXFORD_451280_BCG_3AXIS_seg0001_c0001,4.086,4.566,0.4799999999999995,241,2043,2284,0.0839374292417668,0.0501683137582091,True,,451280,451280,BCG_3AXIS,0,0.04945703631923316,0.08393742924176689,0.06917797310852308,0.017773683041031333,0.0003159038088430448,0.041666666666666664,0.5894856243971495,0.002445998441481948,12.5,12.41273281948624,4.5968347694517394e-05,0.469941802512927,0.3073766174657391,0.16730263205054638,0.5253207504837146,0.5253207504837146,,
OXFORD,OXFORD_451280_BCG_3AXIS_seg0001,OXFORD_451280_BCG_3AXIS_seg0001_c0002,5.998,6.52,0.5219999999999994,262,2999,3261,0.1090818134006269,0.0501683137582091,True,,451280,451280,BCG_3AXIS,0,0.04367298368750184,0.10908181340062693,0.10659420881328115,0.025165707647464102,0.0006333128413976332,0.03065134099616858,0.499720330092226,0.0019073295041688015,3.8167938931297707,9.670381206744327,6.619952184551601e-05,0.39764585212738124,0.2020626295307294,0.1271480640347617,0.6707893064345088,0.6707893064345088,,
OXFORD,OXFORD_451280_BCG_3AXIS_seg0001,OXFORD_451280_BCG_3AXIS_seg0001_c0003,7.472,7.782,0.3099999999999996,156,3736,3892,0.0813505195916779,0.0501683137582091,True,,451280,451280,BCG_3AXIS,0,0.050478500229084365,0.0813505195916779,0.0599833535764511,0.013146675347236354,0.0001728350726856321,0.05161290322580645,0.3975003217189166,0.0025480789853776706,6.410256410256411,11.599668343388817,1.1799369239521074e-05,0.41379473120158294,0.15203443080881313,0.31419033458311507,0.5337752346080717,0.5337752346080717,,
OXFORD,OXFORD_451280_BCG_3AXIS_seg0001,OXFORD_451280_BCG_3AXIS_seg0001_c0004,10.252,11.956,1.7039999999999988,853,5126,5979,0.1226795522476946,0.0501683137582091,True,,451280,451280,BCG_3AXIS,0,0.052964074462533095,0.12267955224769461,0.11562952459528437,0.024318227704060398,0.0005913761986665307,0.03990610328638498,2.3928297856728564,0.0028051931836727507,2.347417840375587,8.962808391264192,0.0005414771985946017,0.5470718160587672,0.17837371443789554,0.24216987015185804,0.5794564154102464,0.5794564154102464,,
OXFORD,OXFORD_451280_BCG_3AXIS_seg0001,OXFORD_451280_BCG_3AXIS_seg0001_c0005,12.84,13.146,0.3060000000000009,154,6420,6574,0.084106798696351,0.0501683137582091,True,,451280,451280,BCG_3AXIS,0,0.051519761961111306,0.08410679869635108,0.08055478896759782,0.017484925372650433,0.0003057226152871549,0.05228758169934641,0.40876002436955405,0.0026542858725295717,12.987012987012987,13.448826468844988,5.17082490414769e-05,0.3824401438189467,0.16772566927383306,0.2795743597364574,0.5526999709897095,0.5526999709897095,,
OXFORD,OXFORD_451280_BCG_3AXIS_seg0001,OXFORD_451280_BCG_3AXIS_seg0001_c0006,15.704,18.414,2.710000000000001,1356,7852,9208,0.2031788173812724,0.0501683137582091,True,,451280,451280,BCG_3AXIS,0,0.05412806640704306,0.20317881738127244,0.20194353970736048,0.031351179105387365,0.0009828964312980774,0.025092250922509225,3.9728733089408976,0.0029298475729652635,0.7374631268436578,6.2095104195766,0.0013060199624726633,0.49289416755044896,0.10737136810876519,0.35970161987532057,0.5329270120159142,0.5329270120159142,,
OXFORD,OXFORD_451280_BCG_3AXIS_seg0001,OXFORD_451280_BCG_3AXIS_seg0001_c0007,24.106,24.446,0.3399999999999998,171,12053,12224,0.0531768032889671,0.0501683137582091,True,,451280,451280,BCG_3AXIS,0,0.027139888727312086,0.053176803288967116,0.04863326469597834,0.012480768950826207,0.0001557695936039075,0.047058823529411764,0.12595407878238077,0.0007365735601308817,17.64705882352941,14.92551177198588,8.269225624662096e-06,0.4110715152893192,0.16874614505716476,0.5131797591882846,0.3180740957545507,0.5131797591882846,,
OXFORD,OXFORD_451280_BCG_3AXIS_seg0001,OXFORD_451280_BCG_3AXIS_seg0001_c0008,29.02,29.342,0.3219999999999992,162,14510,14672,0.0933967036253756,0.0501683137582091,True,,451280,451280,BCG_3AXIS,0,0.054142881138731655,0.09339670362537561,0.07801296201729162,0.014806365004077858,0.00021922844463398148,0.08074534161490683,0.47489515563645746,0.002931451578002824,12.345679012345679,15.361559223420748,2.855320539539449e-05,0.4338603607117743,0.05309342945771292,0.28809877778577214,0.6588077927565149,0.6588077927565149,,
OXFORD,OXFORD_451280_BCG_3AXIS_seg0001,OXFORD_451280_BCG_3AXIS_seg0001_c0009,34.132,34.484,0.3520000000000038,177,17066,17243,0.0618875044709944,0.0501683137582091,True,,451280,451280,BCG_3AXIS,0,0.036898675388972096,0.0618875044709944,0.04831842700715365,0.012117098136649193,0.00014682406725318736,0.056818181818181816,0.24098766744655015,0.0013615122454607353,11.363636363636365,14.820950789617884,9.557788840220909e-06,0.46388820879224457,0.10179795153321168,0.4207695368933198,0.47743251157346855,0.47743251157346855,,
OXFORD,OXFORD_451280_BCG_3AXIS_seg0001,OXFORD_451280_BCG_3AXIS_seg0001_c0010,39.092,39.742,0.6499999999999986,326,19546,19872,0.0685189545913227,0.0501683137582091,True,,451280,451280,BCG_3AXIS,0,0.037717416962536825,0.06851895459132275,0.06301781868825757,0.015498447240800078,0.00024020186687586357,0.03076923076923077,0.4637687547982306,0.0014226035423258608,3.067484662576687,11.10847952276165,4.3420713865095564e-05,0.5183322255487506,0.16428578731768034,0.5111192673140776,0.32459494536824207,0.5111192673140776,,
OXFORD,OXFORD_451280_BCG_3AXIS_seg0001,OXFORD_451280_BCG_3AXIS_seg0001_c0011,40.462,40.79,0.3279999999999958,165,20231,20396,0.1446610668324389,0.0501683137582091,True,,451280,451280,BCG_3AXIS,0,0.06790112374087984,0.1446610668324389,0.1309618524704605,0.02761640822287329,0.0007626660031323836,0.07317073170731707,0.7607428298702557,0.004610562605274276,18.29268292682927,14.093048846048152,8.691104530350152e-05,0.4165339580566206,0.04869760507011648,0.1643747576720156,0.786927637257868,0.786927637257868,,
OXFORD,OXFORD_451280_BCG_3AXIS_seg0001,OXFORD_451280_BCG_3AXIS_seg0001_c0012,41.9,42.264,0.3640000000000043,183,20950,21133,0.107237602252361,0.0501683137582091,True,,451280,451280,BCG_3AXIS,0,0.058906216502622476,0.10723760225236101,0.09237814465052152,0.020122420365958946,0.00040491180138435936,0.054945054945054944,0.6349994487056514,0.0034699423426538326,16.483516483516482,15.056120889857185,4.7600496664521865e-05,0.4287027100385721,0.02297207846317837,0.2472626608462224,0.7297652606905992,0.7297652606905992,,
OXFORD,OXFORD_451280_BCG_3AXIS_seg0001,OXFORD_451280_BCG_3AXIS_seg0001_c0013,43.106,44.034,0.9279999999999972,465,21553,22018,0.0707759104572738,0.0501683137582091,True,,451280,451280,BCG_3AXIS,0,0.04249972415443586,0.07077591045727386,0.06652109562919925,0.017862715920816626,0.0003190766200677957,0.021551724137931036,0.8398953472394597,0.001806226553203139,4.310344827586206,6.260293947821226,0.00011038213380308385,0.41674932467429276,0.32953826170770745,0.4452741360836038,0.22518760220868883,0.4452741360836038,,
OXFORD,OXFORD_451280_BCG_3AXIS_seg0001,OXFORD_451280_BCG_3AXIS_seg0001_c0014,44.868,45.226,0.357999999999997,180,22434,22614,0.0825348403187458,0.0501683137582091,True,,451280,451280,BCG_3AXIS,0,0.047551808529292035,0.08253484031874582,0.07996433986415534,0.01694326967250703,0.00028707438719529645,0.055865921787709494,0.40701140899316113,0.0022611744944064506,16.666666666666664,15.392849888999164,4.665864940607072e-05,0.428588378954633,0.0817081147182716,0.23992375659034332,0.6783681286913851,0.6783681286913851,,
OXFORD,OXFORD_451280_BCG_3AXIS_seg0001,OXFORD_451280_BCG_3AXIS_seg0001_c0015,47.016,48.342,1.3260000000000003,664,23508,24172,0.1182937001902238,0.0501683137582091,True,,451280,451280,BCG_3AXIS,0,0.052442650261066585,0.11829370019022387,0.10330105435808042,0.021988816434937917,0.0004835080482093958,0.033182503770739065,1.8261537600926196,0.0027502315664045475,1.506024096385542,7.187243359374725,0.0002500211735942049,0.44993823562022495,0.10746016961873267,0.418742604422594,0.47379722595867335,0.47379722595867335,,
OXFORD,OXFORD_451280_BCG_3AXIS_seg0001,OXFORD_451280_BCG_3AXIS_seg0001_c0016,61.32,62.64,1.3200000000000005,661,30660,31321,0.1218820468432888,0.0501683137582091,True,,451280,451280,BCG_3AXIS,0,0.05472815774474174,0.1218820468432888,0.11426852824755171,0.020190868144271734,0.00040767115641936706,0.06060606060606061,1.9798081963381344,0.002995171250133335,15.151515151515152,13.807877735026606,0.0002672268733677861,0.5067484377818191,0.14833627239763714,0.2705239659987472,0.5811397616036157,0.5811397616036157,,
OXFORD,OXFORD_451280_BCG_3AXIS_seg0001,OXFORD_451280_BCG_3AXIS_seg0001_c0017,94.552,95.266,0.7139999999999986,358,47276,47634,0.0803725338810932,0.0501683137582091,True,,451280,451280,BCG_3AXIS,0,0.03677038984821703,0.0803725338810932,0.07708649055536795,0.020710223775344223,0.0004289133688248331,0.03361344537815126,0.4840380419131706,0.0013520615695898621,2.793296089385475,6.697262793643923,0.00017840515894036453,0.358782259936183,0.20775327102022018,0.29217775002070306,0.5000689789590768,0.5000689789590768,,
OXFORD,OXFORD_451280_BCG_3AXIS_seg0001,OXFORD_451280_BCG_3AXIS_seg0001_c0018,96.356,97.856,1.5,751,48178,48929,0.3160126570628688,0.0501683137582091,True,,451280,451280,BCG_3AXIS,0,0.07222986684196327,0.3160126570628688,0.3127621367305657,0.05275058193479715,0.0027826238944597473,0.021333333333333333,3.9180824016698166,0.005217153664007745,1.3333333333333333,5.062166724341493,0.0006931380546292857,0.40328947215991184,0.1278739396724486,0.10114353911629924,0.7709825212112522,0.7709825212112522,,
OXFORD,OXFORD_451280_BCG_3AXIS_seg0001,OXFORD_451280_BCG_3AXIS_seg0001_c0019,99.076,99.63,0.554000000000002,278,49538,49816,0.063942086899779,0.0501683137582091,True,,451280,451280,BCG_3AXIS,0,0.030492004698639788,0.063942086899779,0.061377968738269395,0.015143710623580735,0.000229331971450752,0.02888086642599278,0.25847393345064007,0.0009297623505418708,3.597122302158273,6.361238771846586,1.885384424605248e-05,0.3716454881516967,0.13953850447296726,0.43890871625063416,0.42155277927639867,0.43890871625063416,,
OXFORD,OXFORD_451280_BCG_3AXIS_seg0001,OXFORD_451280_BCG_3AXIS_seg0001_c0020,101.55,102.31,0.7600000000000051,381,50775,51156,0.1007413967085834,0.0501683137582091,True,,451280,451280,BCG_3AXIS,0,0.04688979371251594,0.10074139670858342,0.0968801132211254,0.021190421107120442,0.00044903394669709555,0.05263157894736842,0.837686699427276,0.0021986527544022995,2.6315789473684212,10.138318914039301,0.00012818493444149328,0.4847927738266452,0.1339909527281607,0.1279049627252736,0.7381040845465656,0.7381040845465656,,
OXFORD,OXFORD_451280_BCG_3AXIS_seg0001,OXFORD_451280_BCG_3AXIS_seg0001_c0021,105.74,106.274,0.534000000000006,268,52870,53138,0.0962396236562769,0.0501683137582091,True,,451280,451280,BCG_3AXIS,0,0.04387565382063563,0.0962396236562769,0.09516880027662576,0.01951445539381597,0.00038081396931723317,0.0449438202247191,0.5159195635144531,0.0019250729981882579,18.656716417910445,12.777974934817133,7.114607759375377e-05,0.4669162626673131,0.07532325349252623,0.25538293029950654,0.6692938162079671,0.6692938162079671,,
OXFORD,OXFORD_451280_BCG_3AXIS_seg0001,OXFORD_451280_BCG_3AXIS_seg0001_c0022,111.252,111.708,0.456000000000003,229,55626,55855,0.0562182149850136,0.0501683137582091,True,,451280,451280,BCG_3AXIS,0,0.030458653635405026,0.05621821498501367,0.04649827860861901,0.01036682058417693,0.0001074709690245145,0.05263157894736842,0.21245007411347994,0.0009277295812815718,4.385964912280701,10.153611467478267,8.391221602737777e-06,0.4479271515556931,0.1302173013576656,0.3168467160757262,0.5529359825666083,0.5529359825666083,,
OXFORD,OXFORD_451280_BCG_3AXIS_seg0001,OXFORD_451280_BCG_3AXIS_seg0001_c0023,121.382,122.256,0.8739999999999952,438,60691,61129,0.0709565716544334,0.0501683137582091,True,,451280,451280,BCG_3AXIS,0,0.032224434664035004,0.07095657165443348,0.06791286118485096,0.015318940729206813,0.00023466994506495133,0.04576659038901602,0.45482541496449747,0.0010384141894166608,4.566210045662101,10.356603736794035,5.8638970661219794e-05,0.4792957549760999,0.15125069049997072,0.2377628921859828,0.6109864173140465,0.6109864173140465,,
OXFORD,OXFORD_451280_BCG_3AXIS_seg0001,OXFORD_451280_BCG_3AXIS_seg0001_c0024,125.686,126.728,1.0419999999999874,522,62843,63365,0.162685186260819,0.0501683137582091,True,,451280,451280,BCG_3AXIS,0,0.06486138711919791,0.162685186260819,0.15828952143270372,0.037850196258874653,0.001432637356835329,0.046065259117082535,2.196053759371808,0.004206999539026452,1.9157088122605364,12.237363598092061,0.000319207384152741,0.40947795947426446,0.035664750662169786,0.14947875511601597,0.8148564942218143,0.8148564942218143,,
OXFORD,OXFORD_451280_BCG_3AXIS_seg0001,OXFORD_451280_BCG_3AXIS_seg0001_c0025,129.98,130.408,0.4279999999999972,215,64990,65205,0.0745108231420932,0.0501683137582091,True,,451280,451280,BCG_3AXIS,0,0.048122439673481655,0.07451082314209326,0.0712656267867047,0.015032521170850842,0.00022597669275207876,0.056074766355140186,0.4978903780274944,0.002315769200127881,9.345794392523365,12.26654441707869,2.4695106688648533e-05,0.4533482749095222,0.08683695163880148,0.3314079925669172,0.5817550557942812,0.5817550557942812,,
OXFORD,OXFORD_451280_BCG_3AXIS_seg0001,OXFORD_451280_BCG_3AXIS_seg0001_c0026,134.384,134.808,0.4240000000000066,213,67192,67405,0.118713932613226,0.0501683137582091,True,,451280,451280,BCG_3AXIS,0,0.055455377511662775,0.11871393261322606,0.11414473782370076,0.02759188318796305,0.0007613120178581979,0.04716981132075472,0.6550386646267001,0.0030752988949610334,4.716981132075472,10.418088136967683,0.00012016568495046835,0.4449438549931569,0.15521020970909452,0.07533262961637147,0.769457160674534,0.769457160674534,,
OXFORD,OXFORD_451280_BCG_3AXIS_seg0001,OXFORD_451280_BCG_3AXIS_seg0001_c0027,137.24,137.616,0.3760000000000048,189,68620,68809,0.0768857925524311,0.0501683137582091,True,,451280,451280,BCG_3AXIS,0,0.043672989660086724,0.07688579255243115,0.061389154013326175,0.01392654931276257,0.00019394877576080758,0.06382978723404255,0.3604853748856579,0.0019073300258500418,5.319148936170213,15.143421057739925,1.6579256671614133e-05,0.4730739990706477,0.11479766920331365,0.3417292745516433,0.543473056245043,0.543473056245043,,
OXFORD,OXFORD_451280_BCG_3AXIS_seg0001,OXFORD_451280_BCG_3AXIS_seg0001_c0028,140.496,141.368,0.8719999999999857,437,70248,70685,0.3780683170015621,0.0501683137582091,True,,451280,451280,BCG_3AXIS,0,0.1237059271163427,0.3780683170015621,0.36898386449623594,0.08615559973476443,0.007422787365656941,0.01834862385321101,6.687479348422972,0.015303156403713894,2.293577981651376,6.6105016389577225,0.002678649553701839,0.40694067731049904,0.048364601931640404,0.08857742808635644,0.8630579699820031,0.8630579699820031,,
OXFORD,OXFORD_451280_BCG_3AXIS_seg0001,OXFORD_451280_BCG_3AXIS_seg0001_c0029,145.166,146.072,0.906000000000006,454,72583,73037,0.0996191026741406,0.0501683137582091,True,,451280,451280,BCG_3AXIS,0,0.04713681059231206,0.09961910267414062,0.09427725599593183,0.02610806278497079,0.0006816309423839768,0.03090507726269316,1.0087330264182381,0.0022218789128155025,2.202643171806167,6.369218349145762,0.00012658769592757956,0.39490802767846284,0.14033629265221004,0.2336632498890037,0.6260004574587863,0.6260004574587863,,
OXFORD,OXFORD_451280_BCG_3AXIS_seg0001,OXFORD_451280_BCG_3AXIS_seg0001_c0030,153.972,154.288,0.3160000000000025,159,76986,77145,0.0765567602023676,0.0501683137582091,True,,451280,451280,BCG_3AXIS,0,0.04657978294669637,0.0765567602023676,0.058078085641355054,0.015516215990140208,0.00024075295865268266,0.05063291139240506,0.344978512518454,0.002169676179361346,12.658227848101266,12.460474192016235,3.369829072287232e-05,0.3713190019037405,0.11469943258623383,0.30241734958174804,0.5828832178320181,0.5828832178320181,,
OXFORD,OXFORD_451280_BCG_3AXIS_seg0001,OXFORD_451280_BCG_3AXIS_seg0001_c0031,163.622,164.398,0.775999999999982,389,81811,82200,0.2588989675885171,0.0501683137582091,True,,451280,451280,BCG_3AXIS,0,0.07982498692622848,0.25889896758851716,0.24809954693668704,0.04437430076589703,0.00196907856846229,0.041237113402061855,2.478719101193521,0.006372028537772548,2.5773195876288657,9.876957713948809,0.0005967972770677351,0.471185690402871,0.06873489641912339,0.20805376902743114,0.7232113345534456,0.7232113345534456,,
OXFORD,OXFORD_451280_BCG_3AXIS_seg0001,OXFORD_451280_BCG_3AXIS_seg0001_c0032,182.446,192.962,10.515999999999991,5259,91223,96482,0.2971507465519165,0.0501683137582091,True,,451280,451280,BCG_3AXIS,0,0.06704346473464845,0.2971507465519165,0.29456145112193455,0.037194921346033215,0.0013834621739375972,0.026816279954355267,23.638290794509402,0.004494826163626051,0.3803727653100038,5.510016058332512,0.004594808030855558,0.5621531385988182,0.2018364230948908,0.337934401108478,0.4602291757966312,0.4602291757966312,,
OXFORD,OXFORD_451280_BCG_3AXIS_seg0001,OXFORD_451280_BCG_3AXIS_seg0001_c0033,193.536,198.188,4.651999999999987,2327,96768,99095,0.3872020512828489,0.0501683137582091,True,,451280,451280,BCG_3AXIS,0,0.0983750091852605,0.3872020512828489,0.3835681540179947,0.06221564499825549,0.003870786482548954,0.015477214101461736,22.519873939729603,0.009677642432200087,0.42992261392949266,3.045450130957,0.005975051584835059,0.401475781120831,0.1409428504921399,0.44451301234462526,0.4145441371632349,0.44451301234462526,,
OXFORD,OXFORD_451280_BCG_3AXIS_seg0001,OXFORD_451280_BCG_3AXIS_seg0001_c0034,225.9,226.324,0.4240000000000066,213,112950,113163,0.1481504100331408,0.0501683137582091,True,,451280,451280,BCG_3AXIS,0,0.07294883121270083,0.14815041003314086,0.132646371748636,0.02819324699413307,0.0007948591760721933,0.05660377358490566,1.1334863107387116,0.005321531975299116,18.867924528301888,12.60746856626315,7.613519081844564e-05,0.4499951453668038,0.07578109320321104,0.24605740702824497,0.678161499768544,0.678161499768544,,
OXFORD,OXFORD_451280_BCG_3AXIS_seg0001,OXFORD_451280_BCG_3AXIS_seg0001_c0035,228.756,229.166,0.4099999999999966,206,114378,114584,0.0882577986481444,0.0501683137582091,True,,451280,451280,BCG_3AXIS,0,0.039196100768909975,0.08825779864814448,0.08464179791263991,0.017665245837070468,0.00031206091048413553,0.03902439024390244,0.3164848689902283,0.0015363343154865452,4.854368932038835,12.159356648863332,1.5046708972081863e-05,0.4342197970596885,0.11517459063801413,0.3980564692115787,0.4867689401504071,0.4867689401504071,,
OXFORD,OXFORD_451280_BCG_3AXIS_seg0001,OXFORD_451280_BCG_3AXIS_seg0001_c0036,238.198,238.5,0.3019999999999925,152,119099,119251,0.0586158688366653,0.0501683137582091,True,,451280,451280,BCG_3AXIS,0,0.038386341591802535,0.05861586883666534,0.04663424932432737,0.01278823213316129,0.00016353888109161893,0.052980132450331126,0.22397370556198748,0.0014735112208025493,6.578947368421053,10.760435551849113,1.763114252695801e-05,0.3648340336660556,0.08660082769237207,0.37217954331667286,0.5412196289909551,0.5412196289909551,,
OXFORD,OXFORD_451280_BCG_3AXIS_seg0001,OXFORD_451280_BCG_3AXIS_seg0001_c0037,243.412,243.842,0.4300000000000068,216,121706,121922,0.0627172427490402,0.0501683137582091,True,,451280,451280,BCG_3AXIS,0,0.03591018559472037,0.06271724274904025,0.04889619791218724,0.01113333244515722,0.00012395109133439043,0.046511627906976744,0.27854094876060864,0.0012895414294472622,4.62962962962963,9.312496165853362,1.5861122770315404e-05,0.40201132505175574,0.16611859501149778,0.3962236078185823,0.4376577971699199,0.4376577971699199,,
OXFORD,OXFORD_451280_BCG_3AXIS_seg0001,OXFORD_451280_BCG_3AXIS_seg0001_c0038,247.824,248.17,0.3459999999999752,174,123912,124086,0.07043815578503,0.0501683137582091,True,,451280,451280,BCG_3AXIS,0,0.03863237081449101,0.07043815578503004,0.05843286160239163,0.01643721096899553,0.000270181904439267,0.057803468208092484,0.25968805300621056,0.0014924600747483366,17.241379310344826,18.109534623364198,2.3053196739874583e-05,0.377622385155816,0.16273566363456746,0.2161836157792346,0.621080720586198,0.621080720586198,,
OXFORD,OXFORD_451280_BCG_3AXIS_seg0001,OXFORD_451280_BCG_3AXIS_seg0001_c0039,253.032,253.394,0.3619999999999947,182,126516,126698,0.0659841324771666,0.0501683137582091,True,,451280,451280,BCG_3AXIS,0,0.03841674559899037,0.06598413247716668,0.06114323668052354,0.013074088752596422,0.00017093179671076825,0.06629834254143646,0.26860403431999336,0.001475846342417546,21.978021978021978,16.633757756400957,1.4910546867504432e-05,0.4250834193159302,0.08490219601208018,0.21877988791443861,0.6963179160734811,0.6963179160734811,,
OXFORD,OXFORD_451280_BCG_3AXIS_seg0001,OXFORD_451280_BCG_3AXIS_seg0001_c0040,259.574,259.896,0.3220000000000027,162,129787,129949,0.0729167320318168,0.0501683137582091,True,,451280,451280,BCG_3AXIS,0,0.046357186437775234,0.07291673203181681,0.04206385200800562,0.009254368501757445,8.564333636632033e-05,0.049689440993788817,0.34813617497711763,0.002148988734426652,6.172839506172839,13.505634310680792,1.931790147124957e-06,0.4498179358383212,0.1280188618021373,0.31658638539467,0.5553947528031927,0.5553947528031927,,
OXFORD,OXFORD_451280_BCG_3AXIS_seg0001,OXFORD_451280_BCG_3AXIS_seg0001_c0041,260.776,261.164,0.3879999999999768,195,130388,130583,0.0763946403696196,0.0501683137582091,True,,451280,451280,BCG_3AXIS,0,0.05043973898605766,0.07639464036961961,0.07046424349475777,0.018150358502220795,0.00032943551375913874,0.041237113402061855,0.4961126174514168,0.0025441672689816247,5.154639175257731,8.156782317759532,4.8170448495082714e-05,0.3862523832265915,0.2521214798192174,0.40666666960253034,0.3412118505782523,0.40666666960253034,,
OXFORD,OXFORD_451280_BCG_3AXIS_seg0001,OXFORD_451280_BCG_3AXIS_seg0001_c0042,264.864,265.192,0.3280000000000314,165,132432,132597,0.0967528968606691,0.0501683137582091,True,,451280,451280,BCG_3AXIS,0,0.04820430227098402,0.09675289686066918,0.0869223008503006,0.017697108276398758,0.0003131876413465814,0.07317073170731707,0.38340303497634515,0.0023236547574323947,18.29268292682927,17.28277452961864,2.4553163641523536e-05,0.43091360277141766,0.09265666889676397,0.15120353836420775,0.7561397927390283,0.7561397927390283,,
OXFORD,OXFORD_451280_BCG_3AXIS_seg0001,OXFORD_451280_BCG_3AXIS_seg0001_c0043,272.95,273.382,0.4320000000000163,217,136475,136692,0.0592251372031683,0.0501683137582091,True,,451280,451280,BCG_3AXIS,0,0.03326886582705528,0.05922513720316831,0.05449259245817177,0.01353172801820201,0.00018310766315859326,0.046296296296296294,0.2401793830518376,0.0011068174334186065,13.88888888888889,12.975088631364239,1.1178482856837034e-05,0.4196744281822962,0.15143333905824433,0.23725465512804328,0.6113120058137124,0.6113120058137124,,
OXFORD,OXFORD_451280_BCG_3AXIS_seg0001,OXFORD_451280_BCG_3AXIS_seg0001_c0044,274.502,274.926,0.4239999999999781,213,137251,137464,0.0762507541582034,0.0501683137582091,True,,451280,451280,BCG_3AXIS,0,0.04166558852671336,0.07625075415820341,0.07350715302537177,0.01745974959939166,0.00030484285607345734,0.04716981132075472,0.3697725299300836,0.0017360212672773876,4.716981132075472,10.671528960517962,3.355539052708973e-05,0.4389542490766983,0.20667184662211238,0.16365843322026413,0.6296697201576235,0.6296697201576235,,
OXFORD,OXFORD_451280_BCG_3AXIS_seg0001,OXFORD_451280_BCG_3AXIS_seg0001_c0045,276.246,276.546,0.3000000000000113,151,138123,138274,0.0854869081279415,0.0501683137582091,True,,451280,451280,BCG_3AXIS,0,0.05079038966551244,0.08548690812794152,0.07903746215291642,0.018527591583133902,0.0003432716498714142,0.04,0.38952921603856355,0.002579663682374593,20.0,18.217886880972454,2.423914319353088e-05,0.4079395592152913,0.16501634768632603,0.10868204422473557,0.7263016080889384,0.7263016080889384,,
OXFORD,OXFORD_451280_BCG_3AXIS_seg0001,OXFORD_451280_BCG_3AXIS_seg0001_c0046,288.672,290.492,1.8199999999999927,911,144336,145247,0.224009030700986,0.0501683137582091,True,,451280,451280,BCG_3AXIS,0,0.09105607949369095,0.22400903070098602,0.22010062982569942,0.04782031078977579,0.0022867821240307473,0.015384615384615385,7.553291957225603,0.008291209612761365,1.0989010989010988,4.656894574103872,0.0019898691927398037,0.41853186169432044,0.16238343964778934,0.47894758097995777,0.35866897937225295,0.47894758097995777,,
OXFORD,OXFORD_451280_BCG_3AXIS_seg0001,OXFORD_451280_BCG_3AXIS_seg0001_c0047,296.404,296.922,0.5180000000000291,260,148202,148462,0.1070558530953196,0.0501683137582091,True,,451280,451280,BCG_3AXIS,0,0.04484702217963966,0.10705585309531968,0.09724238757640466,0.019983954183966392,0.0003993584248268679,0.04633204633204633,0.5229264035790837,0.002011255398381091,7.692307692307692,13.479262766949255,6.668231503621644e-05,0.49748547017379424,0.22918253405316139,0.16445318290695884,0.6063642830398798,0.6063642830398798,,
OXFORD,OXFORD_451280_BCG_3AXIS_seg0001,OXFORD_451280_BCG_3AXIS_seg0001_c0048,300.626,301.154,0.52800000000002,265,150313,150578,0.0664216299758143,0.0501683137582091,True,,451280,451280,BCG_3AXIS,0,0.027707982218260298,0.06642162997581431,0.06297307484011444,0.014053492779854937,0.00019750065931343485,0.03787878787878788,0.20344905383096867,0.0007677322786074289,3.7878787878787876,9.614680109744539,9.75185122587544e-06,0.47075371174102065,0.42877146640965336,0.32156024394006066,0.2496682896502859,0.42877146640965336,,
OXFORD,OXFORD_451280_BCG_3AXIS_seg0001,OXFORD_451280_BCG_3AXIS_seg0001_c0049,342.142,342.444,0.3020000000000209,152,171071,171223,0.0707889542726989,0.0501683137582091,True,,451280,451280,BCG_3AXIS,0,0.036783872766385846,0.07078895427269899,0.06515278550801444,0.015022827248335025,0.00022568533853331728,0.026490066225165563,0.20566410094543663,0.0013530532956936622,6.578947368421053,8.116601718757028,1.4851901634778478e-05,0.3168095703778141,0.2465930309607897,0.3630568792530522,0.3903500897861582,0.3903500897861582,,
OXFORD,OXFORD_451280_BCG_3AXIS_seg0001,OXFORD_451280_BCG_3AXIS_seg0001_c0050,343.676,344.014,0.3380000000000223,170,171838,172008,0.0731191713320988,0.0501683137582091,True,,451280,451280,BCG_3AXIS,0,0.038241070077353875,0.07311917133209887,0.06492344624369437,0.01608162380902148,0.0002586186243348866,0.03550295857988166,0.24860450491238528,0.0014623794406610898,11.76470588235294,11.807491606847206,4.097881515946075e-05,0.3417513782465365,0.20857303231271232,0.41051085037713486,0.3809161173101528,0.41051085037713486,,
OXFORD,OXFORD_451280_BCG_3AXIS_seg0001,OXFORD_451280_BCG_3AXIS_seg0001_c0051,344.636,345.552,0.9159999999999968,459,172318,172777,0.0877803743693626,0.0501683137582091,True,,451280,451280,BCG_3AXIS,0,0.04133733119474505,0.0877803743693626,0.08445172359047812,0.02088355551959195,0.0004361228911398795,0.03056768558951965,0.7843277021895554,0.0017087749503040422,2.1834061135371177,7.785731183851871,0.00010239497960027824,0.4655820568757567,0.21698048075402182,0.20380696138437723,0.579212557861601,0.579212557861601,,
OXFORD,OXFORD_451280_BCG_3AXIS_seg0001,OXFORD_451280_BCG_3AXIS_seg0001_c0052,392.958,393.508,0.5499999999999545,276,196479,196755,0.0518284118526836,0.0501683137582091,True,,451280,451280,BCG_3AXIS,0,0.03127377247452652,0.05182841185268365,0.04353773211922724,0.012079365559317698,0.00014591107231563057,0.02909090909090909,0.26994148116161293,0.0009780488447884525,3.623188405797101,8.31348860545758,1.9887947091433817e-05,0.4005421237973376,0.20749935520032395,0.6682681367373668,0.12423250806230912,0.6682681367373668,,
OXFORD,OXFORD_451280_BCG_3AXIS_seg0001,OXFORD_451280_BCG_3AXIS_seg0001_c0053,398.526,400.474,1.947999999999979,975,199263,200238,0.083609308236335,0.0501683137582091,True,,451280,451280,BCG_3AXIS,0,0.03321994482162745,0.08360930823633504,0.08247550578800626,0.016130263216374,0.0002601853914295081,0.0513347022587269,1.075975615603173,0.0011035647339519724,1.026694045174538,8.121529527436866,0.00020468862460569265,0.5400200098423169,0.13237593393558114,0.16560465002860758,0.7020194160358113,0.7020194160358113,,
OXFORD,OXFORD_451280_BCG_3AXIS_seg0001,OXFORD_451280_BCG_3AXIS_seg0001_c0054,409.758,416.918,7.160000000000025,3581,204879,208460,0.128237421163886,0.0501683137582091,True,,451280,451280,BCG_3AXIS,0,0.055522523498799464,0.12823742116388606,0.12503486381780518,0.02527869525175818,0.0006390124336312616,0.0329608938547486,11.03932995473124,0.003082750615674739,1.1173184357541899,7.867825658420862,0.0019517475237946615,0.6021880600563404,0.46868963544927567,0.3119556843541529,0.21935468019657145,0.46868963544927567,,
OXFORD,OXFORD_451280_BCG_3AXIS_seg0001,OXFORD_451280_BCG_3AXIS_seg0001_c0055,420.058,422.97,2.9120000000000346,1457,210029,211486,0.1121766865119766,0.0501683137582091,True,,451280,451280,BCG_3AXIS,0,0.05194906777770278,0.11217668651197661,0.10804025918121157,0.021907638659076953,0.00047994463161668305,0.03708791208791209,3.9320141218107247,0.0026987056429723572,0.6868131868131868,7.644262488293377,0.0006784189443437108,0.5461642224234436,0.47776765192290005,0.36280302006330556,0.15942932801379445,0.47776765192290005,,
OXFORD,OXFORD_451280_BCG_3AXIS_seg0001,OXFORD_451280_BCG_3AXIS_seg0001_c0056,423.484,423.868,0.3840000000000145,193,211742,211935,0.0527317780300049,0.0501683137582091,True,,451280,451280,BCG_3AXIS,0,0.028597488809682225,0.05273177803000492,0.04773111792722407,0.010609203658654698,0.00011255520227081222,0.0625,0.15783855868044072,0.0008178163662199001,15.625,14.972704675559806,4.561261978861469e-06,0.4860841035801382,0.4200363665361191,0.24336018623175118,0.33660344723212965,0.4200363665361191,,
OXFORD,OXFORD_451280_BCG_3AXIS_seg0001,OXFORD_451280_BCG_3AXIS_seg0001_c0057,433.514,433.938,0.4239999999999781,213,216757,216970,0.1459604378892859,0.0501683137582091,True,,451280,451280,BCG_3AXIS,0,0.06411921169999005,0.1459604378892859,0.14196916480954141,0.03501708183992496,0.0012261960205840025,0.0660377358490566,0.875701214822994,0.004111273309028141,23.58490566037736,18.894544788095665,8.82662817408861e-05,0.43659800982897956,0.05065883421468932,0.04954747009886618,0.8997936956864445,0.8997936956864445,,
OXFORD,OXFORD_451280_BCG_3AXIS_seg0001,OXFORD_451280_BCG_3AXIS_seg0001_c0058,434.844,435.288,0.4440000000000168,223,217422,217645,0.0724633454704104,0.0501683137582091,True,,451280,451280,BCG_3AXIS,0,0.04059798645816872,0.07246334547041042,0.06814110018252366,0.016348184311059683,0.000267263130268378,0.05405405405405406,0.3675478204940561,0.0016481965044576508,9.00900900900901,13.444633389965986,2.7350542176900883e-05,0.48029948688498497,0.07832257830454961,0.22553574194078213,0.6961416797546682,0.6961416797546682,,
OXFORD,OXFORD_451280_BCG_3AXIS_seg0001,OXFORD_451280_BCG_3AXIS_seg0001_c0059,436.886,438.15,1.2639999999999532,633,218443,219076,0.1097246399339087,0.0501683137582091,True,,451280,451280,BCG_3AXIS,0,0.05543353519673467,0.10972463993390873,0.10492322071501055,0.019904114235257078,0.00039617376349016344,0.03164556962025317,1.9451310298500242,0.003072876824407621,1.5822784810126582,6.928192708242743,0.00017184897766021206,0.4847500949484442,0.1076994119506172,0.4782796819340423,0.41402090611534054,0.4782796819340423,,
OXFORD,OXFORD_451280_BCG_3AXIS_seg0001,OXFORD_451280_BCG_3AXIS_seg0001_c0060,448.526,448.922,0.396000000000015,199,224263,224462,0.1274214363882942,0.0501683137582091,True,,451280,451280,BCG_3AXIS,0,0.06395858137078589,0.12742143638829423,0.11551429485111245,0.02329539028545669,0.0005426752085517498,0.04040404040404041,0.8140493260617243,0.004090700130963439,10.1010101010101,12.686219769047542,3.2778036525773234e-05,0.4447577565735648,0.14227671817633747,0.12765286806008563,0.730070413763577,0.730070413763577,,
OXFORD,OXFORD_451280_BCG_3AXIS_seg0001,OXFORD_451280_BCG_3AXIS_seg0001_c0061,498.682,499.106,0.4239999999999781,213,249341,249554,0.0619916969356236,0.0501683137582091,True,,451280,451280,BCG_3AXIS,0,0.030510623352471275,0.06199169693562363,0.05151058232091285,0.01075405388720067,0.00011564967500881584,0.04716981132075472,0.19828130325690585,0.0009308981373563655,4.716981132075472,8.25513937475562,7.82957926225304e-06,0.40819154112240097,0.15844453263705316,0.3199006010348379,0.521654866328109,0.521654866328109,,
OXFORD,OXFORD_451280_BCG_3AXIS_seg0001,OXFORD_451280_BCG_3AXIS_seg0001_c0062,504.688,504.996,0.3079999999999927,155,252344,252499,0.0552273938374895,0.0501683137582091,True,,451280,451280,BCG_3AXIS,0,0.03694210846450434,0.05522739383748953,0.04831780755345657,0.014625903483701224,0.0002139170527145436,0.05194805194805195,0.21153150355949651,0.0013647193778032034,6.4935064935064934,9.699067871151644,3.570827657502317e-05,0.35141266205194915,0.07174074083883897,0.42656206468887986,0.5016971944722811,0.5016971944722811,,
OXFORD,OXFORD_451280_BCG_3AXIS_seg0001,OXFORD_451280_BCG_3AXIS_seg0001_c0063,509.562,510.17,0.6080000000000041,305,254781,255086,0.0608105496015748,0.0501683137582091,True,,451280,451280,BCG_3AXIS,0,0.03427932670007516,0.060810549601574844,0.04894785416345458,0.011385276979021171,0.00012962453188902943,0.039473684210526314,0.3583970328981983,0.0011750722390104862,6.578947368421053,9.307236004210228,3.277633277399416e-05,0.41467881484633157,0.11034626718378525,0.3924044887340642,0.4972492440821506,0.4972492440821506,,
OXFORD,OXFORD_451280_BCG_3AXIS_seg0001,OXFORD_451280_BCG_3AXIS_seg0001_c0064,517.666,517.992,0.3259999999999081,164,258833,258997,0.0568410979117382,0.0501683137582091,True,,451280,451280,BCG_3AXIS,0,0.03613764414531279,0.056841097911738296,0.05072715060707521,0.014626961826787974,0.00021394801228231258,0.049079754601226995,0.21417240919721459,0.0013059293243732598,12.195121951219512,12.754242501851223,2.9209468668735027e-05,0.4002905095542507,0.07221851090785511,0.2043820761750352,0.7233994129171096,0.7233994129171096,,
OXFORD,OXFORD_451280_BCG_3AXIS_seg0001,OXFORD_451280_BCG_3AXIS_seg0001_c0065,518.856,519.546,0.6900000000000546,346,259428,259774,0.0705020865308007,0.0501683137582091,True,,451280,451280,BCG_3AXIS,0,0.04109100037830332,0.07050208653080071,0.05679200123426433,0.012950545822405407,0.00016771663709822215,0.06376811594202898,0.5842107279830443,0.0016884703120897235,23.12138728323699,15.704519301220161,2.613730588833256e-05,0.5146498152000215,0.09211694298706817,0.401160234747871,0.5067228222650607,0.5067228222650607,,
OXFORD,OXFORD_451280_BCG_3AXIS_seg0001,OXFORD_451280_BCG_3AXIS_seg0001_c0066,520.166,520.548,0.3819999999999481,192,260083,260275,0.0906594546444577,0.0501683137582091,True,,451280,451280,BCG_3AXIS,0,0.0475477123241892,0.09065945464445772,0.08160443217268375,0.01597166142982927,0.000255093968829096,0.06282722513089005,0.4340707098746599,0.002260784947263854,26.041666666666664,17.72499427617307,1.3584852241931183e-05,0.4782599043791559,0.062449003841101074,0.359812115451184,0.5777388807077148,0.5777388807077148,,
OXFORD,OXFORD_451280_BCG_3AXIS_seg0001,OXFORD_451280_BCG_3AXIS_seg0001_c0067,521.894,522.44,0.5460000000000491,274,260947,261221,0.0661396879015757,0.0501683137582091,True,,451280,451280,BCG_3AXIS,0,0.039587265725438754,0.06613968790157577,0.056943383168409675,0.014710878446009044,0.00021640994465325347,0.04395604395604396,0.4293995404869204,0.0015671516076164978,7.2992700729927,10.585073062736784,4.6460023468090216e-05,0.42447510560438706,0.05147077797784894,0.4459658066411047,0.5025634153810463,0.5025634153810463,,
OXFORD,OXFORD_451280_BCG_3AXIS_seg0001,OXFORD_451280_BCG_3AXIS_seg0001_c0068,538.934,539.3,0.3659999999999854,184,269467,269651,0.0698064310591168,0.0501683137582091,True,,451280,451280,BCG_3AXIS,0,0.038759090272735094,0.06980643105911682,0.05937661963549865,0.014911341158037193,0.00022234809513137395,0.04371584699453552,0.2764171424936852,0.0015022670787700283,10.869565217391305,8.972419974417447,2.9880976399931883e-05,0.3305652739502701,0.48152835502588104,0.4208630201763383,0.09760862479778076,0.48152835502588104,,
OXFORD,OXFORD_451280_BCG_3AXIS_seg0001,OXFORD_451280_BCG_3AXIS_seg0001_c0069,553.152,553.654,0.5019999999999527,252,276576,276828,0.066741766874729,0.0501683137582091,True,,451280,451280,BCG_3AXIS,0,0.0295135091669129,0.06674176687472909,0.06168499572965993,0.014966229944508466,0.00022398803875190189,0.03187250996015936,0.21950390028305383,0.0008710472233454517,19.841269841269842,14.365804335109205,1.8928657254170955e-05,0.4646025128001037,0.11715152285197289,0.2608105138182671,0.6220379633297601,0.6220379633297601,,
OXFORD,OXFORD_451280_BCG_3AXIS_seg0001,OXFORD_451280_BCG_3AXIS_seg0001_c0070,554.34,556.892,2.552000000000021,1277,277170,278447,0.1302634132922364,0.0501683137582091,True,,451280,451280,BCG_3AXIS,0,0.041993126986459225,0.13026341329223642,0.1282398961812064,0.022160553800826686,0.0004910901447593341,0.034482758620689655,2.2518908059068368,0.0017634227141008901,2.3510971786833856,8.047977111041389,0.0005720275375068765,0.5600515243024204,0.10166865877938959,0.20505159944796758,0.6932797417726428,0.6932797417726428,,
OXFORD,OXFORD_451280_BCG_3AXIS_seg0001,OXFORD_451280_BCG_3AXIS_seg0001_c0071,557.398,557.804,0.405999999999949,204,278699,278903,0.1575056808656746,0.0501683137582091,True,,451280,451280,BCG_3AXIS,0,0.05825185894032998,0.15750568086567462,0.1540405438177553,0.037138157079385885,0.00137924271125314,0.04926108374384237,0.6922289302808368,0.003393279070004102,4.901960784313725,10.192025793264596,0.00020987766274045477,0.4359027235809745,0.03896695280582555,0.12723666161871727,0.8337963855754572,0.8337963855754572,,
OXFORD,OXFORD_451280_BCG_3AXIS_seg0001,OXFORD_451280_BCG_3AXIS_seg0001_c0072,566.126,567.068,0.9420000000000072,472,283063,283535,0.1006306119661898,0.0501683137582091,True,,451280,451280,BCG_3AXIS,0,0.043379533038566426,0.10063061196618985,0.09192335651723336,0.019736136152227697,0.00038951507021926915,0.03821656050955414,0.8882019944960038,0.0018817838866440758,2.11864406779661,8.590163736736763,9.53283573478247e-05,0.4737680911496552,0.2671341890472671,0.2962078364221138,0.4366579745306191,0.4366579745306191,,
OXFORD,OXFORD_451280_BCG_3AXIS_seg0001,OXFORD_451280_BCG_3AXIS_seg0001_c0073,568.816,569.884,1.0679999999999836,535,284408,284943,0.0786729562927786,0.0501683137582091,True,,451280,451280,BCG_3AXIS,0,0.0393943490583051,0.07867295629277866,0.07297917610938774,0.014514037877964854,0.00021065729552299851,0.04119850187265917,0.8302743846842575,0.001551914737727584,3.745318352059925,9.7444989582075,0.00010971491174284141,0.5048313717931289,0.14060215317367727,0.5274820801093689,0.33191576671695383,0.5274820801093689,,
OXFORD,OXFORD_451280_BCG_3AXIS_seg0001,OXFORD_451280_BCG_3AXIS_seg0001_c0074,605.928,607.856,1.9279999999999973,965,302964,303929,0.1349656495293623,0.0501683137582091,True,,451280,451280,BCG_3AXIS,0,0.04273330501246787,0.13496564952936238,0.13109806003903365,0.020483340494275543,0.0004195672378044282,0.043568464730290454,1.7622206197835106,0.001826135357288612,1.037344398340249,8.03109305374728,0.0003403241165906543,0.5223626209684757,0.3931206708102017,0.27121435516525777,0.3356649740245405,0.3931206708102017,,
OXFORD,OXFORD_451280_BCG_3AXIS_seg0001,OXFORD_451280_BCG_3AXIS_seg0001_c0075,608.694,609.104,0.4100000000000818,206,304347,304553,0.0634176909892942,0.0501683137582091,True,,451280,451280,BCG_3AXIS,0,0.031462676075879534,0.06341769098929423,0.05637235934138181,0.01279637320804648,0.00016374716727960976,0.05853658536585366,0.20391939708627882,0.0009898999858557224,9.70873786407767,11.588975817125462,1.6064953094974312e-05,0.4194715656227725,0.06470161099578381,0.3654446762873995,0.5698537127168167,0.5698537127168167,,
OXFORD,OXFORD_451280_BCG_3AXIS_seg0001,OXFORD_451280_BCG_3AXIS_seg0001_c0076,617.178,617.65,0.47199999999998,237,308589,308826,0.0636914948371992,0.0501683137582091,True,,451280,451280,BCG_3AXIS,0,0.033362464430906895,0.06369149483719926,0.054649583101560165,0.013349236742306668,0.00017820212160215036,0.025423728813559324,0.26379380579813605,0.0011130540329035276,4.23728813559322,7.396551263374694,1.731694877355704e-05,0.3859882177554835,0.0978498474596285,0.6028761908643794,0.2992739616759921,0.6028761908643794,,
OXFORD,OXFORD_451280_BCG_3AXIS_seg0001,OXFORD_451280_BCG_3AXIS_seg0001_c0077,628.542,630.33,1.788000000000011,895,314271,315166,0.3206320339205166,0.0501683137582091,True,,451280,451280,BCG_3AXIS,0,0.08391686352646228,0.32063203392051665,0.31317719427034096,0.046114432932719274,0.002126540924706264,0.035794183445190156,6.302625785786413,0.0070420399841188966,1.1185682326621924,8.937431192351164,0.001218352548460003,0.5397607431622737,0.08720417502390707,0.26965623604636785,0.6431395889297251,0.6431395889297251,,
OXFORD,OXFORD_451280_BCG_3AXIS_seg0001,OXFORD_451280_BCG_3AXIS_seg0001_c0078,644.906,646.728,1.8220000000000027,912,322453,323365,0.1831085509380048,0.0501683137582091,True,,451280,451280,BCG_3AXIS,0,0.062180547156018756,0.18310855093800488,0.18119015372577182,0.035743983641736345,0.0012776323665807153,0.024149286498353458,3.5261754454951477,0.0038664204446218725,1.0964912280701753,6.4427685765715115,0.0007683026420806912,0.4659329394939471,0.2222415207102361,0.36697987546616656,0.4107786038235974,0.4107786038235974,,
OXFORD,OXFORD_451280_BCG_3AXIS_seg0001,OXFORD_451280_BCG_3AXIS_seg0001_c0079,681.976,682.4,0.4239999999999781,213,340988,341201,0.0843510015927687,0.0501683137582091,True,,451280,451280,BCG_3AXIS,0,0.03951958142328711,0.08435100159276879,0.08191263259942548,0.01923042741797661,0.0003698093386780665,0.03773584905660377,0.33266282828069765,0.00156179731587182,4.716981132075472,8.175585005590184,3.956358338145941e-05,0.4105385134018589,0.0961694150227264,0.1461403373866196,0.7576902475906541,0.7576902475906541,,
OXFORD,OXFORD_451280_BCG_3AXIS_seg0001,OXFORD_451280_BCG_3AXIS_seg0001_c0080,688.008,688.586,0.5779999999999745,290,344004,344294,0.0851060310618991,0.0501683137582091,True,,451280,451280,BCG_3AXIS,0,0.043658818381462676,0.08510603106189918,0.0713771321435107,0.01658476423158568,0.00027505440461728374,0.02768166089965398,0.5527668025150076,0.0019060924224655435,3.4482758620689657,7.624866173306519,7.274703524773253e-05,0.3833352244586656,0.2901443106848118,0.23921451178883613,0.4706411775263521,0.4706411775263521,,
OXFORD,OXFORD_451280_BCG_3AXIS_seg0001,OXFORD_451280_BCG_3AXIS_seg0001_c0081,693.432,693.842,0.4099999999999681,206,346716,346922,0.0630415408158923,0.0501683137582091,True,,451280,451280,BCG_3AXIS,0,0.03111171668348875,0.06304154081589235,0.05961067646052686,0.014707055825117029,0.00021629749104310871,0.04878048780487805,0.19939541648869646,0.0009679389149936722,9.70873786407767,9.885193231887804,1.6206137175531832e-05,0.3968758845906351,0.3545083834261339,0.20792568873349346,0.43756592784037257,0.43756592784037257,,
OXFORD,OXFORD_451280_BCG_3AXIS_seg0001,OXFORD_451280_BCG_3AXIS_seg0001_c0082,696.778,697.994,1.2160000000000082,609,348389,348998,0.1187319870176145,0.0501683137582091,True,,451280,451280,BCG_3AXIS,0,0.04135467072247982,0.11873198701761456,0.11612121858966919,0.021462389987806838,0.0004606341839887112,0.029605263157894735,1.0415171534539205,0.00171020879056473,1.6447368421052633,8.406136551709402,0.00011085296817775027,0.5119141341752482,0.13390431823513618,0.3009328154197487,0.5651628663451151,0.5651628663451151,,
OXFORD,OXFORD_451280_BCG_3AXIS_seg0001,OXFORD_451280_BCG_3AXIS_seg0001_c0083,698.754,699.064,0.3099999999999454,156,349377,349533,0.0901091753124512,0.0501683137582091,True,,451280,451280,BCG_3AXIS,0,0.04966271271291012,0.09010917531245127,0.06833652738200546,0.014899410981422962,0.00022199244759334714,0.05161290322580645,0.3847560653047869,0.002466385034005044,19.230769230769234,14.093846137661428,1.4015816305979755e-05,0.4450591464056848,0.09466591892476248,0.322336119105215,0.5829979619700226,0.5829979619700226,,
OXFORD,OXFORD_451280_BCG_3AXIS_seg0001,OXFORD_451280_BCG_3AXIS_seg0001_c0084,703.364,703.714,0.3500000000000227,176,351682,351858,0.0688739356034394,0.0501683137582091,True,,451280,451280,BCG_3AXIS,0,0.0300792025306333,0.06887393560343946,0.06539965156606829,0.015222260925330798,0.0002317172276788528,0.03428571428571429,0.15923748277867877,0.0009047584248788567,5.6818181818181825,12.287503190187564,1.2146900737703215e-05,0.4380909522499971,0.2013394874169951,0.17992890585885574,0.6187316067241492,0.6187316067241492,,
OXFORD,OXFORD_451280_BCG_3AXIS_seg0001,OXFORD_451280_BCG_3AXIS_seg0001_c0085,708.294,708.71,0.4160000000000536,209,354147,354356,0.083695297020522,0.0501683137582091,True,,451280,451280,BCG_3AXIS,0,0.04600812095193892,0.08369529702052209,0.07471316471461355,0.01637550834289252,0.00026815727348814255,0.04807692307692308,0.4424001634474025,0.0021167471935282416,9.615384615384615,13.273772291551914,3.9279589304891955e-05,0.39617414237734244,0.11930486718200362,0.20104448047305332,0.6796506523449432,0.6796506523449432,,
OXFORD,OXFORD_451280_BCG_3AXIS_seg0001,OXFORD_451280_BCG_3AXIS_seg0001_c0086,716.414,716.794,0.3799999999999954,191,358207,358398,0.1058991538067841,0.0501683137582091,True,,451280,451280,BCG_3AXIS,0,0.05916751433636523,0.10589915380678412,0.08917958209518817,0.02342236657612349,0.0005486072560263068,0.06315789473684211,0.6686517977741011,0.003500794752743985,15.789473684210527,13.85896386839957,8.49995988322699e-05,0.40975943357362626,0.4505278295400769,0.3292996380890098,0.22017253237091336,0.4505278295400769,,
OXFORD,OXFORD_451280_BCG_3AXIS_seg0001,OXFORD_451280_BCG_3AXIS_seg0001_c0087,718.728,719.644,0.9160000000000535,459,359364,359823,0.1066281723465095,0.0501683137582091,True,,451280,451280,BCG_3AXIS,0,0.04590078380156468,0.10662817234650952,0.10156030175200016,0.022347064222008148,0.0004993912793425566,0.026200873362445413,0.9670588167014742,0.002106881953597983,2.1834061135371177,5.579891877206489,0.00021283574680806955,0.4121455595751109,0.21618151704999364,0.5038244895683526,0.27999399338165376,0.5038244895683526,,
OXFORD,OXFORD_451280_BCG_3AXIS_seg0001,OXFORD_451280_BCG_3AXIS_seg0001_c0088,781.036,781.466,0.4300000000000636,216,390518,390734,0.0633359639502111,0.0501683137582091,True,,451280,451280,BCG_3AXIS,0,0.03367282463475121,0.06333596395021118,0.05579523651231374,0.015355771204065932,0.00023579970927162046,0.05581395348837209,0.24491356967866484,0.0011338591188827076,4.62962962962963,15.129656078567209,2.528246356130571e-05,0.4783504344378237,0.13422763728954226,0.17329164970984984,0.6924807130006079,0.6924807130006079,,
OXFORD,OXFORD_451280_BCG_3AXIS_seg0001,OXFORD_451280_BCG_3AXIS_seg0001_c0089,787.018,787.504,0.48599999999999,244,393509,393753,0.0959315949236738,0.0501683137582091,True,,451280,451280,BCG_3AXIS,0,0.03705482558683236,0.09593159492367383,0.08878205212769943,0.02122552586365511,0.000450522948188692,0.03292181069958848,0.33502666422201816,0.0013730600992705661,4.098360655737705,8.450608965345683,3.594464422681528e-05,0.4110495058356183,0.15469600920430654,0.20992964807992714,0.6353743427157664,0.6353743427157664,,
OXFORD,OXFORD_451280_BCG_3AXIS_seg0001,OXFORD_451280_BCG_3AXIS_seg0001_c0090,798.0,798.348,0.3479999999999563,175,399000,399175,0.0734182270783457,0.0501683137582091,True,,451280,451280,BCG_3AXIS,0,0.03189874083145744,0.07341822707834579,0.06936416970238324,0.018908545138789885,0.0003575330792656546,0.04597701149425287,0.17806769166068576,0.00101752966663249,5.747126436781609,11.031420372475909,2.1336061520312306e-05,0.3998353151640818,0.1161326568451995,0.09343029032320181,0.7904370528315988,0.7904370528315988,,
OXFORD,OXFORD_451280_BCG_3AXIS_seg0001,OXFORD_451280_BCG_3AXIS_seg0001_c0091,812.71,813.154,0.44399999999996,223,406355,406578,0.1087741623079219,0.0501683137582091,True,,451280,451280,BCG_3AXIS,0,0.05278879529361809,0.10877416230792192,0.0983206832075834,0.023857314515883847,0.0005691714559098021,0.05405405405405406,0.6214244906069879,0.002786656908551515,9.00900900900901,11.655966622282358,7.886494857527499e-05,0.38527859390256786,0.09615766688490318,0.22786301061652378,0.6759793224985731,0.6759793224985731,,
OXFORD,OXFORD_451280_BCG_3AXIS_seg0001,OXFORD_451280_BCG_3AXIS_seg0001_c0092,823.714,824.238,0.5240000000000009,263,411857,412120,0.0735460313873545,0.0501683137582091,True,,451280,451280,BCG_3AXIS,0,0.032207147502877426,0.07354603138735451,0.06885287437891248,0.014898689548746992,0.00022197095026994283,0.05343511450381679,0.27280999212156326,0.0010373003502721038,3.8167938931297707,11.177978061357305,2.6945868919647616e-05,0.4832655431805491,0.20631445914320803,0.17084285774852714,0.6228426831082647,0.6228426831082647,,
OXFORD,OXFORD_451280_BCG_3AXIS_seg0001,OXFORD_451280_BCG_3AXIS_seg0001_c0093,827.786,828.376,0.5900000000000318,296,413893,414189,0.1403928750324587,0.0501683137582091,True,,451280,451280,BCG_3AXIS,0,0.061151255600857504,0.1403928750324587,0.1317207611061448,0.030944158521725225,0.0009575409466176598,0.04745762711864407,1.1068849142221762,0.003739476061561406,3.3783783783783785,9.674676057990254,0.0002044539358716136,0.4718280142289707,0.11092041506467858,0.2949278713192685,0.5941517136160529,0.5941517136160529,,
OXFORD,OXFORD_451280_BCG_3AXIS_seg0001,OXFORD_451280_BCG_3AXIS_seg0001_c0094,833.648,835.96,2.312000000000012,1157,416824,417981,0.1704210752141865,0.0501683137582091,True,,451280,451280,BCG_3AXIS,0,0.05887849950090438,0.17042107521418653,0.16318836111232593,0.03051293427325214,0.0009310391579638052,0.03460207612456748,4.010946102924043,0.0034666777034779977,0.8650519031141869,7.025864337752016,0.0009008325115057047,0.5368763427609611,0.16316074072380435,0.3500219444035671,0.48681731487262847,0.48681731487262847,,
OXFORD,OXFORD_451280_BCG_3AXIS_seg0001,OXFORD_451280_BCG_3AXIS_seg0001_c0095,837.076,837.588,0.5119999999999436,257,418538,418795,0.1002398148156993,0.0501683137582091,True,,451280,451280,BCG_3AXIS,0,0.04274606730447591,0.10023981481569938,0.09354057347170948,0.018532605410697872,0.00034345746330862804,0.0546875,0.4695971513896875,0.0018272262699987841,15.625,12.663044862425686,5.6777789383487594e-05,0.4545238702962735,0.24169737027866547,0.1745001446206692,0.5838024851006653,0.5838024851006653,,
OXFORD,OXFORD_451280_BCG_3AXIS_seg0001,OXFORD_451280_BCG_3AXIS_seg0001_c0096,841.388,844.646,3.2579999999999245,1630,420694,422324,0.1526425851351888,0.0501683137582091,True,,451280,451280,BCG_3AXIS,0,0.06785321927654893,0.15264258513518889,0.14662613790036855,0.031559998900524494,0.0009960335306011072,0.029465930018416207,7.504616766892032,0.004604059366191431,0.6134969325153374,4.598990834165329,0.0018370469788547695,0.45099223964976803,0.11550181256215615,0.4445531076702206,0.4399450797676233,0.4445531076702206,,
OXFORD,OXFORD_451280_BCG_3AXIS_seg0001,OXFORD_451280_BCG_3AXIS_seg0001_c0097,847.398,847.832,0.4339999999999691,218,423699,423917,0.11513450334789,0.0501683137582091,True,,451280,451280,BCG_3AXIS,0,0.06782672143570588,0.11513450334789005,0.10503636637904225,0.02379934604590635,0.0005664088722127983,0.03686635944700461,1.002901182676272,0.004600464140716844,4.587155963302752,6.917809241420185,8.961624179900191e-05,0.24594902124586743,0.1985306531188462,0.3350551694290332,0.4664141774521207,0.4664141774521207,,
OXFORD,OXFORD_451280_BCG_3AXIS_seg0001,OXFORD_451280_BCG_3AXIS_seg0001_c0098,850.234,851.404,1.169999999999959,586,425117,425703,0.1673623300962052,0.0501683137582091,True,,451280,451280,BCG_3AXIS,0,0.06334364680558761,0.16736233009620527,0.15802288127808256,0.03267019674555567,0.0010673417553933163,0.02735042735042735,2.3512767081097836,0.00401241759063103,1.7064846416382253,4.71478854596912,0.0005702990682725541,0.33380025900248794,0.184229023429374,0.3655180204279291,0.45025295614269684,0.45025295614269684,,
OXFORD,OXFORD_451280_BCG_3AXIS_seg0001,OXFORD_451280_BCG_3AXIS_seg0001_c0099,854.96,855.492,0.5319999999999254,267,427480,427747,0.0838243703135842,0.0501683137582091,True,,451280,451280,BCG_3AXIS,0,0.040518174558626704,0.08382437031358421,0.0782120244130925,0.018570860868477614,0.00034487687339635316,0.03007518796992481,0.438339899373413,0.0016417224695633446,3.7593984962406015,7.223948748710829,5.4283919752335134e-05,0.33100180415706293,0.26309770373060987,0.3394100331965183,0.3974922630728719,0.3974922630728719,,
OXFORD,OXFORD_451280_BCG_3AXIS_seg0001,OXFORD_451280_BCG_3AXIS_seg0001_c0100,859.418,860.316,0.8980000000000246,450,429709,430159,0.0707469937961223,0.0501683137582091,True,,451280,451280,BCG_3AXIS,0,0.03903409937618834,0.07074699379612237,0.06849397423569825,0.01592800770575424,0.0002537014294745665,0.035634743875278395,0.6856474113495662,0.0015236609141101472,2.2222222222222223,11.614138417407501,0.00010022193387481415,0.5147053195609412,0.27379293127818954,0.24140970593963598,0.4847973627821745,0.4847973627821745,,
OXFORD,OXFORD_451280_BCG_3AXIS_seg0001,OXFORD_451280_BCG_3AXIS_seg0001_c0101,875.426,875.89,0.4639999999999418,233,437713,437946,0.0813850399962449,0.0501683137582091,True,,451280,451280,BCG_3AXIS,0,0.03877659376892794,0.08138503999624494,0.07750015894781309,0.01787065946268417,0.0003193604696312232,0.05172413793103448,0.35034444426666744,0.0015036242243204611,8.620689655172413,11.641489885365864,6.150975978109311e-05,0.4220327882457491,0.20085711467754702,0.08111196189805255,0.7180309234244004,0.7180309234244004,,
OXFORD,OXFORD_451280_BCG_3AXIS_seg0001,OXFORD_451280_BCG_3AXIS_seg0001_c0102,879.32,879.722,0.4019999999999299,202,439660,439862,0.0878292252903032,0.0501683137582091,True,,451280,451280,BCG_3AXIS,0,0.04289026117615431,0.08782922529030325,0.07558758536881478,0.01624733376283374,0.00026397585440091716,0.04975124378109453,0.37159404975926347,0.0018395745037587301,4.9504950495049505,12.8703073186479,2.2768155053544304e-05,0.4430354454592894,0.1116831948029111,0.16577532373798748,0.7225414814591014,0.7225414814591014,,
OXFORD,OXFORD_451280_BCG_3AXIS_seg0001,OXFORD_451280_BCG_3AXIS_seg0001_c0103,884.13,884.428,0.2980000000000018,150,442065,442215,0.0837272921572127,0.0501683137582091,True,,451280,451280,BCG_3AXIS,0,0.04294344952232111,0.0837272921572127,0.07387085952521205,0.018491747777628187,0.00034194473587141703,0.040268456375838924,0.2766209785314212,0.0018441398568761413,6.666666666666667,10.051768816265584,5.3389161643043575e-05,0.31791152849776505,0.14405555282711394,0.21703241251501632,0.6389120346578697,0.6389120346578697,,
OXFORD,OXFORD_451280_BCG_3AXIS_seg0001,OXFORD_451280_BCG_3AXIS_seg0001_c0104,892.728,893.194,0.4660000000000082,234,446364,446598,0.0555031096417808,0.0501683137582091,True,,451280,451280,BCG_3AXIS,0,0.02651591938827752,0.05550310964178083,0.048396900873987875,0.01272055419562412,0.0001618124990438104,0.02575107296137339,0.16452399155531783,0.0007030939810056318,4.273504273504273,9.424503960579344,2.4644569116799036e-06,0.45964844474852695,0.12249215998254644,0.21636520264204376,0.6611426373754098,0.6611426373754098,,
OXFORD,OXFORD_451280_BCG_3AXIS_seg0001,OXFORD_451280_BCG_3AXIS_seg0001_c0105,895.502,895.894,0.3920000000000527,197,447751,447948,0.0573959871350318,0.0501683137582091,True,,451280,451280,BCG_3AXIS,0,0.03376496411872217,0.057395987135031835,0.04898347921241594,0.013799215062808961,0.00019041833634965373,0.05102040816326531,0.22459434198190334,0.0011400728019385956,10.204081632653061,14.618546297719426,2.0444100549198727e-05,0.4553705534417474,0.21673008360179696,0.13661770974306942,0.6466522066551337,0.6466522066551337,,
OXFORD,OXFORD_451280_BCG_3AXIS_seg0001,OXFORD_451280_BCG_3AXIS_seg0001_c0106,898.084,899.138,1.054000000000087,528,449042,449570,0.0813154405226142,0.0501683137582091,True,,451280,451280,BCG_3AXIS,0,0.03696113823093054,0.0813154405226142,0.07740878279084087,0.013699835488850495,0.0001876854924215675,0.04554079696394687,0.7213143903641044,0.0013661257393259552,1.8939393939393938,8.643949768985562,6.674747224744773e-05,0.5085282630044996,0.23551921309252688,0.3094366716480901,0.45504411525938304,0.45504411525938304,,
OXFORD,OXFORD_451377_BCG_3AXIS_seg0001,OXFORD_451377_BCG_3AXIS_seg0001_c0001,1.492,2.006,0.5139999999999998,258,746,1004,1.0481120208038763,0.0530232931023956,True,,451377,451377,BCG_3AXIS,0,0.21696491562391992,1.0481120208038763,1.0432838852142585,0.19249506126661664,0.0370543486120385,0.023346303501945526,12.145033849817231,0.047073774611694694,3.875968992248062,8.408590196002363,0.0030947627203534193,0.3879196275520189,0.7652286266263537,0.010269692907641587,0.2245016804660048,0.7652286266263537,,
OXFORD,OXFORD_451377_BCG_3AXIS_seg0001,OXFORD_451377_BCG_3AXIS_seg0001_c0002,3.302,3.884,0.5819999999999999,292,1651,1943,0.080448359391756,0.0530232931023956,True,,451377,451377,BCG_3AXIS,0,0.035636388638931746,0.08044835939175606,0.07223887927691999,0.01866159931195704,0.0003482552888800355,0.027491408934707903,0.37082604100569516,0.0012699521952249835,10.273972602739727,11.114275708275724,2.8547884563564086e-05,0.48639446333378666,0.140982871770973,0.5082001174574533,0.3508170107715737,0.5082001174574533,,
OXFORD,OXFORD_451377_BCG_3AXIS_seg0001,OXFORD_451377_BCG_3AXIS_seg0001_c0003,5.712,7.494,1.782,892,2856,3748,0.0978362186869125,0.0530232931023956,True,,451377,451377,BCG_3AXIS,0,0.0368790899301395,0.09783621868691254,0.0956689073740531,0.019849709400500442,0.00039401096328431557,0.031425364758698095,1.2131800084751823,0.0013600672740753164,1.1210762331838564,6.804994258393964,0.00027803686198392717,0.49303648968787506,0.39005046973132484,0.4798419402453823,0.1301075900232929,0.4798419402453823,,
OXFORD,OXFORD_451377_BCG_3AXIS_seg0001,OXFORD_451377_BCG_3AXIS_seg0001_c0004,9.262,10.646,1.3840000000000003,693,4631,5324,0.0545550944027135,0.0530232931023956,True,,451377,451377,BCG_3AXIS,0,0.028886381708839424,0.05455509440271353,0.049367015405121194,0.01376429709712361,0.00018945587457788542,0.03468208092485549,0.5782551724225395,0.0008344230482287728,1.445086705202312,6.911284470776293,0.00010626391488008995,0.48552547098082693,0.16423777843836573,0.5932741655340121,0.24248805602762208,0.5932741655340121,,
OXFORD,OXFORD_451377_BCG_3AXIS_seg0001,OXFORD_451377_BCG_3AXIS_seg0001_c0005,15.918,17.008,1.09,546,7959,8505,0.0612944182162288,0.0530232931023956,True,,451377,451377,BCG_3AXIS,0,0.027754557657990928,0.06129441821622888,0.05790631422002402,0.014820146959688528,0.0002196367559067651,0.025688073394495414,0.4205922470517456,0.0007703154707907428,1.8315018315018314,7.1631132149808066,8.345576436868695e-05,0.4749419909386152,0.13889575073030103,0.6236909055828208,0.23741334368687816,0.6236909055828208,,
OXFORD,OXFORD_451377_BCG_3AXIS_seg0001,OXFORD_451377_BCG_3AXIS_seg0001_c0006,18.76,20.054,1.293999999999997,648,9380,10028,0.1137275985759092,0.0530232931023956,True,,451377,451377,BCG_3AXIS,0,0.041545484241657916,0.11372759857590925,0.11110035191614072,0.02613657416756748,0.0006831205092167557,0.030911901081916538,1.1184656650462523,0.0017260272608738462,1.5432098765432098,6.441962990371801,0.00019674909889440387,0.4045927017228817,0.0951085632256494,0.7631815988103272,0.14170983796402353,0.7631815988103272,,
OXFORD,OXFORD_451377_BCG_3AXIS_seg0001,OXFORD_451377_BCG_3AXIS_seg0001_c0007,32.968,33.42,0.4519999999999982,227,16484,16711,0.0834185754488029,0.0530232931023956,True,,451377,451377,BCG_3AXIS,0,0.034219499830076536,0.08341857544880298,0.0758176801572388,0.017575955265794068,0.00030891420350519417,0.017699115044247787,0.265811136276878,0.0011709741686206081,4.424778761061947,5.533459181162844,2.6845976733402242e-05,0.3411518017786418,0.6202036461669749,0.22407269703888796,0.1557236567941372,0.6202036461669749,,
OXFORD,OXFORD_451377_BCG_3AXIS_seg0001,OXFORD_451377_BCG_3AXIS_seg0001_c0008,34.896,35.432,0.5360000000000014,269,17448,17717,0.0616466896340135,0.0530232931023956,True,,451377,451377,BCG_3AXIS,0,0.03000170221346616,0.061646689634013534,0.05826188706890402,0.016201520844035915,0.00026248927765973025,0.029850746268656716,0.24212747450477956,0.0009001021357055002,7.462686567164178,8.380360151462746,2.563713689715757e-05,0.3974940381202201,0.1259622210753409,0.5660453178237507,0.3079924611009084,0.5660453178237507,,
OXFORD,OXFORD_451377_BCG_3AXIS_seg0001,OXFORD_451377_BCG_3AXIS_seg0001_c0009,40.726,41.372,0.6460000000000008,324,20363,20687,0.0621734617626227,0.0530232931023956,True,,451377,451377,BCG_3AXIS,0,0.03175843082084047,0.06217346176262274,0.05754974720817566,0.016582427964238353,0.00027497691718915407,0.02476780185758514,0.32678572873748357,0.0010085979282021098,3.0864197530864197,9.595046957867972,3.850535535504348e-05,0.46441491777384986,0.23495376186709405,0.5105005977732346,0.25454564035967137,0.5105005977732346,,
OXFORD,OXFORD_451377_BCG_3AXIS_seg0001,OXFORD_451377_BCG_3AXIS_seg0001_c0010,117.308,118.552,1.2439999999999998,623,58654,59277,0.4793121968920533,0.0530232931023956,True,,451377,451377,BCG_3AXIS,0,0.10134465536891196,0.4793121968920533,0.4741730269144741,0.07403905945948536,0.005481782325645207,0.03858520900321544,6.398670504058524,0.010270739171843537,1.607717041800643,7.926628819069972,0.0011741513194003781,0.45523117286799075,0.14897608742248547,0.12220482696330237,0.7288190856142122,0.7288190856142122,,
OXFORD,OXFORD_451377_BCG_3AXIS_seg0001,OXFORD_451377_BCG_3AXIS_seg0001_c0011,121.924,123.394,1.4699999999999989,736,60962,61698,0.364305264125513,0.0530232931023956,True,,451377,451377,BCG_3AXIS,0,0.08557941309549581,0.364305264125513,0.3616395769290366,0.055904560161665035,0.0031253198468692255,0.0380952380952381,5.390343256086367,0.00732383594576952,1.358695652173913,6.815567482161339,0.0009214439552139377,0.4856145075869976,0.19654525427292965,0.11335386890028006,0.6901008768267903,0.6901008768267903,,
OXFORD,OXFORD_451377_BCG_3AXIS_seg0001,OXFORD_451377_BCG_3AXIS_seg0001_c0012,126.574,128.962,2.387999999999991,1195,63287,64482,0.1103548393228897,0.0530232931023956,True,,451377,451377,BCG_3AXIS,0,0.04899323937140917,0.11035483932288977,0.10793890882790994,0.01883652109348205,0.0003548145269051942,0.04522613065326633,2.868403317404516,0.0024003375041041974,1.6750418760469012,11.585842392031655,0.0003959620961196665,0.5867478615201487,0.38610032306989595,0.21185422976571613,0.40204544716438784,0.40204544716438784,,
OXFORD,OXFORD_451377_BCG_3AXIS_seg0001,OXFORD_451377_BCG_3AXIS_seg0001_c0013,146.136,148.682,2.5459999999999923,1274,73068,74342,0.149776143838872,0.0530232931023956,True,,451377,451377,BCG_3AXIS,0,0.04992786892356215,0.149776143838872,0.14643384136492452,0.023153887174078097,0.0005361024912699381,0.02670856245090338,3.1758171293464654,0.002492792095248403,0.7849293563579278,8.796603116525949,0.0005153769927100673,0.5493949671767817,0.24509166948636046,0.41472908824645555,0.34017924226718405,0.41472908824645555,,
OXFORD,OXFORD_451377_BCG_3AXIS_seg0001,OXFORD_451377_BCG_3AXIS_seg0001_c0014,151.942,153.4,1.4579999999999984,730,75971,76701,0.0825520085385303,0.0530232931023956,True,,451377,451377,BCG_3AXIS,0,0.04079522328422946,0.08255200853853037,0.07797998684346592,0.018748676912178505,0.0003515128859572553,0.038408779149519894,1.2149026772514002,0.0016642502428101374,5.47945205479452,7.170643159681281,0.00022956962326524497,0.47392050170100103,0.2578849225966007,0.3526510198949546,0.3894640575084446,0.3894640575084446,,
OXFORD,OXFORD_451377_BCG_3AXIS_seg0001,OXFORD_451377_BCG_3AXIS_seg0001_c0015,163.748,166.894,3.146000000000015,1574,81874,83448,0.1872347560486657,0.0530232931023956,True,,451377,451377,BCG_3AXIS,0,0.06691362827482975,0.18723475604866574,0.1854853863936309,0.029107265850458492,0.0008472329252892671,0.030514939605848695,7.047480563371898,0.0044774336489020955,1.2706480304955527,6.826887867575428,0.001522895561106421,0.48794689689603504,0.4105465720835453,0.2753559474451588,0.314097480471296,0.4105465720835453,,
OXFORD,OXFORD_451377_BCG_3AXIS_seg0001,OXFORD_451377_BCG_3AXIS_seg0001_c0016,168.152,169.168,1.0160000000000196,509,84076,84585,0.0641120977672791,0.0530232931023956,True,,451377,451377,BCG_3AXIS,0,0.030815440551096536,0.06411209776727912,0.06271444020632212,0.014415096816695198,0.00020779501623469603,0.023622047244094488,0.48334201056630594,0.0009495913763581649,1.968503937007874,7.184136381933259,7.597054102538762e-05,0.43559687802775987,0.29423760851847186,0.45004867892022943,0.25571371256129877,0.45004867892022943,,
OXFORD,OXFORD_451377_BCG_3AXIS_seg0001,OXFORD_451377_BCG_3AXIS_seg0001_c0017,169.702,170.908,1.2059999999999889,604,84851,85455,0.1178753874833801,0.0530232931023956,True,,451377,451377,BCG_3AXIS,0,0.056096296464655124,0.11787538748338018,0.11198755043726971,0.02146518250656884,0.00046075406004030884,0.03316749585406302,1.900663864138489,0.0031467944770504786,3.3112582781456954,7.1648002358523195,0.0002786870332108696,0.45787803089097856,0.37511519923959785,0.4257117238254009,0.19917307693500125,0.4257117238254009,,
OXFORD,OXFORD_451377_BCG_3AXIS_seg0001,OXFORD_451377_BCG_3AXIS_seg0001_c0018,174.096,174.766,0.6699999999999875,336,87048,87384,0.0681736643521192,0.0530232931023956,True,,451377,451377,BCG_3AXIS,0,0.03276295898197085,0.06817366435211925,0.06176081486333425,0.014597843063755004,0.00021309702211402007,0.041791044776119404,0.3606662577014461,0.001073411481254304,2.976190476190476,9.642076547290532,4.229694462607027e-05,0.46089768238753365,0.3625382393263256,0.42279158366483904,0.21467017700883528,0.42279158366483904,,
OXFORD,OXFORD_451377_BCG_3AXIS_seg0001,OXFORD_451377_BCG_3AXIS_seg0001_c0019,219.246,219.588,0.3419999999999845,172,109623,109795,0.0658042493443723,0.0530232931023956,True,,451377,451377,BCG_3AXIS,0,0.036262130638671,0.06580424934437239,0.05436312631079659,0.01233807046030827,0.00015222798268353153,0.04678362573099415,0.22617004437443927,0.0013149421184560422,5.813953488372093,10.017429274291157,1.387632127172475e-05,0.3980119636662334,0.39151740912416816,0.41374937156417974,0.19473321931165213,0.41374937156417974,,
OXFORD,OXFORD_451377_BCG_3AXIS_seg0001,OXFORD_451377_BCG_3AXIS_seg0001_c0020,228.096,230.554,2.4579999999999984,1230,114048,115278,0.1664082692021871,0.0530232931023956,True,,451377,451377,BCG_3AXIS,0,0.05137574822807364,0.16640826920218713,0.16596871971479207,0.026541616690520995,0.0007044574165465427,0.029292107404393815,3.2465450323731266,0.002639467505994412,4.878048780487805,7.336026581442198,0.0008141119687338184,0.5452707922708087,0.21256183288757505,0.30051683973323645,0.48692132737918853,0.48692132737918853,,
OXFORD,OXFORD_451377_BCG_3AXIS_seg0001,OXFORD_451377_BCG_3AXIS_seg0001_c0021,232.282,233.17,0.8879999999999768,445,116141,116586,0.0845173440463758,0.0530232931023956,True,,451377,451377,BCG_3AXIS,0,0.04223802060337436,0.08451734404637586,0.0749536160874863,0.01806916373852417,0.00032649467820959686,0.02252252252252252,0.7939024210985293,0.001784050384491077,6.756756756756757,7.540374697892671,0.00010674573000511083,0.4071377520446397,0.30990830438271794,0.3543963352710562,0.33569536034622594,0.3543963352710562,,
OXFORD,OXFORD_451377_BCG_3AXIS_seg0001,OXFORD_451377_BCG_3AXIS_seg0001_c0022,233.74,235.97,2.2299999999999898,1116,116870,117986,0.2115577535024092,0.0530232931023956,True,,451377,451377,BCG_3AXIS,0,0.06438501453478092,0.2115577535024092,0.20545770266623448,0.03341297195862702,0.0011164266951079953,0.028699551569506727,4.626299987854647,0.004145430096643949,0.8960573476702508,5.762975087333464,0.0011099757861507938,0.4706177424765145,0.28781021785515415,0.19388841043176844,0.5183013717130773,0.5183013717130773,,
OXFORD,OXFORD_451377_BCG_3AXIS_seg0001,OXFORD_451377_BCG_3AXIS_seg0001_c0023,239.046,239.77,0.724000000000018,363,119523,119886,0.0947416429859193,0.0530232931023956,True,,451377,451377,BCG_3AXIS,0,0.041659430399276436,0.0947416429859193,0.08946595324128317,0.017212704696475022,0.00029627720296805324,0.04419889502762431,0.6299894552527533,0.0017355081411921578,2.7624309392265194,11.01832291719147,8.318595205328106e-05,0.492500985222145,0.12110859935246616,0.33505300638109065,0.5438383942664432,0.5438383942664432,,
OXFORD,OXFORD_451377_BCG_3AXIS_seg0001,OXFORD_451377_BCG_3AXIS_seg0001_c0024,242.98,243.286,0.3060000000000116,154,121490,121644,0.0591223891062508,0.0530232931023956,True,,451377,451377,BCG_3AXIS,0,0.032808925902545076,0.05912238910625089,0.052269373724539006,0.012183090061866627,0.00014842768345555338,0.05228758169934641,0.16576954530731874,0.001076425618878693,19.48051948051948,15.153150175678768,6.853533677349044e-06,0.3982124050149575,0.08644164117446186,0.36439473568522884,0.5491636231403093,0.5491636231403093,,
OXFORD,OXFORD_451377_BCG_3AXIS_seg0001,OXFORD_451377_BCG_3AXIS_seg0001_c0025,248.278,248.956,0.6779999999999973,340,124139,124479,0.0751429225368053,0.0530232931023956,True,,451377,451377,BCG_3AXIS,0,0.03558392329662193,0.07514292253680531,0.07095267125699603,0.015261929757546937,0.00023292649992429673,0.04129793510324484,0.43051330304115687,0.001266215597179873,8.823529411764705,11.570759415147222,3.9361569156332515e-05,0.46754153936708365,0.12209760298797537,0.2240358228208594,0.6538665741911652,0.6538665741911652,,
OXFORD,OXFORD_451377_BCG_3AXIS_seg0001,OXFORD_451377_BCG_3AXIS_seg0001_c0026,255.522,256.978,1.4560000000000173,729,127761,128490,0.1206041724746876,0.0530232931023956,True,,451377,451377,BCG_3AXIS,0,0.050588395170430664,0.12060417247468763,0.11418582161784514,0.02278830791868979,0.0005193069777970199,0.03571428571428571,1.8656463941954267,0.0025591857259196524,1.3736263736263736,7.447603189812621,0.0003172133267996027,0.49997351752460134,0.22492310124581125,0.2652226742643827,0.5098542244898061,0.5098542244898061,,
OXFORD,OXFORD_451377_BCG_3AXIS_seg0001,OXFORD_451377_BCG_3AXIS_seg0001_c0027,315.782,316.2,0.4180000000000063,210,157891,158101,0.0613756848107399,0.0530232931023956,True,,451377,451377,BCG_3AXIS,0,0.04101682590244608,0.061375684810739975,0.04787044367085864,0.013931222214501389,0.00019407895238981697,0.03827751196172249,0.3532998014934301,0.001682380007111572,14.285714285714285,13.602382356179296,2.911618348085534e-05,0.3603985755196238,0.17779783721218165,0.37328474557860686,0.4489174172092116,0.4489174172092116,,
OXFORD,OXFORD_451377_BCG_3AXIS_seg0001,OXFORD_451377_BCG_3AXIS_seg0001_c0028,318.282,318.68,0.3980000000000245,200,159141,159341,0.0774721063866279,0.0530232931023956,True,,451377,451377,BCG_3AXIS,0,0.03883097194724646,0.07747210638662799,0.07396160685506821,0.017132315717287086,0.0002935162418368021,0.07035175879396985,0.30156887647356834,0.0015078443823678418,5.0,14.486660707225198,2.4907940429437968e-05,0.49323298310188424,0.5274553559378843,0.19640465485979858,0.2761399892023171,0.5274553559378843,,
OXFORD,OXFORD_451377_BCG_3AXIS_seg0001,OXFORD_451377_BCG_3AXIS_seg0001_c0029,333.566,334.416,0.8500000000000227,426,166783,167209,0.1223458579333146,0.0530232931023956,True,,451377,451377,BCG_3AXIS,0,0.04895645774725627,0.1223458579333146,0.11303281894756255,0.0244628704467509,0.0005984320304945186,0.03294117647058824,1.0210090056976866,0.0023967347551588887,2.347417840375587,5.020544316987906,8.631363598742315e-05,0.3582075599349387,0.18023604237290963,0.26147191499268146,0.5582920426344089,0.5582920426344089,,
OXFORD,OXFORD_451377_BCG_3AXIS_seg0001,OXFORD_451377_BCG_3AXIS_seg0001_c0030,337.62,338.298,0.6779999999999973,340,168810,169150,0.0699978796571217,0.0530232931023956,True,,451377,451377,BCG_3AXIS,0,0.0371597482869997,0.06999787965712177,0.062959463881492,0.017162693404870217,0.0002945580449095756,0.029498525073746312,0.46948794353608025,0.0013808468927531772,2.941176470588235,8.585897669120307,5.2950748432603476e-05,0.43405840063477424,0.2062696420207817,0.37662324319249174,0.4171071147867265,0.4171071147867265,,
OXFORD,OXFORD_451377_BCG_3AXIS_seg0001,OXFORD_451377_BCG_3AXIS_seg0001_c0031,426.418,426.882,0.4639999999999986,233,213209,213442,0.0768634503439395,0.0530232931023956,True,,451377,451377,BCG_3AXIS,0,0.039945825867651705,0.07686345034393952,0.0733910412568017,0.017975891741322584,0.00032313268389574945,0.034482758620689655,0.37179087798995925,0.001595669004248752,8.620689655172413,9.258969327741923,8.394888989655998e-05,0.3438067213219297,0.39729679466657125,0.45130792594764246,0.15139527938578629,0.45130792594764246,,
OXFORD,OXFORD_451377_BCG_3AXIS_seg0001,OXFORD_451377_BCG_3AXIS_seg0001_c0032,433.216,433.726,0.5099999999999909,256,216608,216864,0.0655679401490078,0.0530232931023956,True,,451377,451377,BCG_3AXIS,0,0.030045292131030674,0.0655679401490078,0.06319296976153005,0.017652145412899903,0.00031159823767816313,0.023529411764705882,0.2310962122851773,0.0009027195792389738,7.8125,9.931731835874706,2.408169801859788e-05,0.4366604023901703,0.12726149270335177,0.6352023874474223,0.23753611984922596,0.6352023874474223,,
OXFORD,OXFORD_451377_BCG_3AXIS_seg0001,OXFORD_451377_BCG_3AXIS_seg0001_c0033,456.944,458.494,1.5500000000000114,776,228472,229248,0.1241287349045322,0.0530232931023956,True,,451377,451377,BCG_3AXIS,0,0.046611128198562286,0.1241287349045322,0.11924355182794166,0.020731972808495765,0.0004298146965322077,0.05161290322580645,1.6859354830276194,0.0021725972719428086,1.2886597938144329,10.546623621563556,0.00022732317925317074,0.5643924889286124,0.2553970252758967,0.3685527556266741,0.3760502190974292,0.3760502190974292,,
OXFORD,OXFORD_451377_BCG_3AXIS_seg0001,OXFORD_451377_BCG_3AXIS_seg0001_c0034,462.642,463.146,0.5040000000000191,253,231321,231574,0.0621428601327802,0.0530232931023956,True,,451377,451377,BCG_3AXIS,0,0.026156164711851615,0.06214286013278023,0.06016618415225949,0.01499492613838609,0.00022484780989565436,0.023809523809523808,0.17308867296567848,0.0006841449524335118,3.9682539682539684,8.164602873587882,1.6009411729360806e-05,0.4130671064485814,0.18225274082993786,0.5850762403828128,0.23267101878724936,0.5850762403828128,,
OXFORD,OXFORD_451377_BCG_3AXIS_seg0001,OXFORD_451377_BCG_3AXIS_seg0001_c0035,468.248,468.982,0.7340000000000373,368,234124,234492,0.0871652150356982,0.0530232931023956,True,,451377,451377,BCG_3AXIS,0,0.036981504556044466,0.08716521503569827,0.0838815291246208,0.01883616910417762,0.00035480126652117554,0.03814713896457766,0.5032884579561755,0.0013676316792287377,2.717391304347826,7.50499046888951,8.71203489620977e-05,0.43498279030268566,0.38377090605274794,0.3453029801990443,0.2709261137482078,0.38377090605274794,,
OXFORD,OXFORD_451377_BCG_3AXIS_seg0001,OXFORD_451377_BCG_3AXIS_seg0001_c0036,472.072,472.828,0.7559999999999718,379,236036,236415,0.0631573218639744,0.0530232931023956,True,,451377,451377,BCG_3AXIS,0,0.03414730694104046,0.06315732186397442,0.05967657849421801,0.01643059418489817,0.0002699644252688095,0.042328042328042326,0.44192861853241383,0.0011660385713256301,10.582010582010582,8.054607608278973,6.792944942372895e-05,0.40166928145340985,0.1192436923459867,0.5801732503508807,0.3005830573031326,0.5801732503508807,,
OXFORD,OXFORD_451377_BCG_3AXIS_seg0001,OXFORD_451377_BCG_3AXIS_seg0001_c0037,484.57,485.126,0.5559999999999832,279,242285,242564,0.0595439367025373,0.0530232931023956,True,,451377,451377,BCG_3AXIS,0,0.032460406138068235,0.05954393670253739,0.054598956767356155,0.012989025390289418,0.00016871478058958316,0.04316546762589928,0.29397615269488625,0.0010536779666483378,14.388489208633093,14.209947421282175,1.207701392435849e-05,0.5290335584060915,0.19524960093230737,0.280041194884569,0.5247092041831235,0.5247092041831235,,
OXFORD,OXFORD_451377_BCG_3AXIS_seg0001,OXFORD_451377_BCG_3AXIS_seg0001_c0038,491.092,491.42,0.3280000000000314,165,245546,245711,0.0608720337193071,0.0530232931023956,True,,451377,451377,BCG_3AXIS,0,0.039574283879688685,0.06087203371930718,0.05733970320148297,0.013140688163372842,0.00017267768540700712,0.04878048780487805,0.258410450857381,0.001566123944590188,12.195121951219512,11.389057621902017,2.2096448369372e-05,0.3752546489642489,0.23231041027138732,0.49705279783305123,0.27063679189556145,0.49705279783305123,,
OXFORD,OXFORD_451377_BCG_3AXIS_seg0001,OXFORD_451377_BCG_3AXIS_seg0001_c0039,495.8,497.056,1.2559999999999718,629,247900,248529,0.1344447002953682,0.0530232931023956,True,,451377,451377,BCG_3AXIS,0,0.05575199327402672,0.13444470029536823,0.13064438187096006,0.02934712429199798,0.000861253704209978,0.01910828025477707,1.9551111102830585,0.00310828475402712,1.5923566878980893,5.811764350499316,0.00042922433626319743,0.38457139374842814,0.28498745817291143,0.26980194397811824,0.4452105978489704,0.4452105978489704,,
OXFORD,OXFORD_451377_BCG_3AXIS_seg0001,OXFORD_451377_BCG_3AXIS_seg0001_c0040,497.9,498.422,0.5220000000000482,262,248950,249212,0.0828131010969645,0.0530232931023956,True,,451377,451377,BCG_3AXIS,0,0.043189383217529166,0.0828131010969645,0.07247356658463135,0.018087694855832916,0.0003271647051977245,0.038314176245210725,0.4887145795501746,0.0018653228227105902,7.633587786259541,11.347810085819452,4.8046603874140356e-05,0.4633896819834094,0.4880216959303696,0.2899740851017359,0.22200421896789455,0.4880216959303696,,
OXFORD,OXFORD_451377_BCG_3AXIS_seg0001,OXFORD_451377_BCG_3AXIS_seg0001_c0041,539.56,540.272,0.7120000000001028,357,269780,270137,0.0708942111577851,0.0530232931023956,True,,451377,451377,BCG_3AXIS,0,0.028938948592524483,0.07089421115778514,0.0693118407749411,0.014679516995411234,0.0002154882192185673,0.05056179775280899,0.2989742001937566,0.0008374627456407748,8.426966292134832,8.960943015312285,4.027326364662668e-05,0.43459825255707185,0.2709085163336125,0.40521864392571205,0.3238728397406753,0.40521864392571205,,
OXFORD,OXFORD_451377_BCG_3AXIS_seg0001,OXFORD_451377_BCG_3AXIS_seg0001_c0042,586.788,587.184,0.3959999999999581,199,293394,293593,0.0884701567815873,0.0530232931023956,True,,451377,451377,BCG_3AXIS,0,0.052544444321709974,0.0884701567815873,0.0669423915412044,0.015840476142349107,0.0002509206844163313,0.030303030303030304,0.5494228071863786,0.002760918629077279,5.05050505050505,10.530729041187284,2.2670560634651636e-05,0.42512957664445244,0.09817557823451407,0.41949307409934744,0.48233134766613844,0.48233134766613844,,
OXFORD,OXFORD_451377_BCG_3AXIS_seg0001,OXFORD_451377_BCG_3AXIS_seg0001_c0043,639.99,640.83,0.8400000000000318,421,319995,320416,0.0923979746646171,0.0530232931023956,True,,451377,451377,BCG_3AXIS,0,0.04802786356502287,0.09239797466461716,0.08910380363692473,0.01871567546667099,0.00035027650817375037,0.02857142857142857,0.97111046069921,0.0023066756786204513,2.380952380952381,6.307193153837686,0.00010483127918265348,0.42157731415529864,0.2257630877922984,0.3935755494539037,0.38066136275379786,0.3935755494539037,,
OXFORD,OXFORD_451377_BCG_3AXIS_seg0001,OXFORD_451377_BCG_3AXIS_seg0001_c0044,684.652,684.954,0.3019999999999072,152,342326,342478,0.0563238100790014,0.0530232931023956,True,,451377,451377,BCG_3AXIS,0,0.02869286539969905,0.056323810079001446,0.04649446397115322,0.012652720382787934,0.00016009133308501726,0.026490066225165563,0.12513863977647752,0.0008232805248452468,6.578947368421053,7.310460486062642,1.1110521791175477e-05,0.345470895170272,0.22177594772787124,0.3520405511750134,0.42618350109711534,0.42618350109711534,,
OXFORD,OXFORD_451377_BCG_3AXIS_seg0001,OXFORD_451377_BCG_3AXIS_seg0001_c0045,690.726,692.066,1.3400000000000318,671,345363,346034,0.1405282806364965,0.0530232931023956,True,,451377,451377,BCG_3AXIS,0,0.05104240817843044,0.14052828063649656,0.13509946404612053,0.024491926115437632,0.0005998544448440559,0.03582089552238806,1.7481747073105005,0.002605327432653503,2.9850746268656714,9.000609718309056,0.00032266863254697543,0.4945753872336423,0.31154926041613484,0.24081177387392017,0.447638965709945,0.447638965709945,,
OXFORD,OXFORD_451377_BCG_3AXIS_seg0001,OXFORD_451377_BCG_3AXIS_seg0001_c0046,692.606,693.782,1.1760000000000446,589,346303,346892,0.0808858071854181,0.0530232931023956,True,,451377,451377,BCG_3AXIS,0,0.03764780476549384,0.08088580718541813,0.07619404571907278,0.017244096572532307,0.00029735886660282044,0.034013605442176874,0.8348233929561764,0.0014173572036607408,1.7006802721088436,6.691171015788471,0.0001612321804075264,0.46866515808008385,0.1504726644036348,0.3760432844857482,0.47348405111061703,0.47348405111061703,,
OXFORD,OXFORD_451377_BCG_3AXIS_seg0001,OXFORD_451377_BCG_3AXIS_seg0001_c0047,695.048,695.676,0.6280000000000427,315,347524,347839,0.1052942839801383,0.0530232931023956,True,,451377,451377,BCG_3AXIS,0,0.04152742845615022,0.10529428398013836,0.10185852267455861,0.01885639750991191,0.00035556372705181197,0.044585987261146494,0.5432261039669126,0.001724527314180675,3.1847133757961785,10.597311172739637,9.12691086893966e-05,0.48300670186743966,0.10696874386568186,0.265687990460325,0.6273432656739932,0.6273432656739932,,
OXFORD,OXFORD_451377_BCG_3AXIS_seg0001,OXFORD_451377_BCG_3AXIS_seg0001_c0048,704.848,708.982,4.134000000000015,2068,352424,354492,0.3651001162557279,0.0530232931023956,True,,451377,451377,BCG_3AXIS,0,0.06847068808728751,0.36510011625572797,0.35981678612098505,0.042507779604545985,0.0018069113269086555,0.02177068214804064,9.695270242939202,0.004688235127146616,0.48355899419729204,6.369445917384352,0.0023444892682025972,0.516386528307098,0.2318928863379671,0.16493965627906249,0.6031674573829705,0.6031674573829705,,
OXFORD,OXFORD_451377_BCG_3AXIS_seg0001,OXFORD_451377_BCG_3AXIS_seg0001_c0049,736.1,736.432,0.3319999999999936,167,368050,368217,0.074351523940462,0.0530232931023956,True,,451377,451377,BCG_3AXIS,0,0.04118289310972328,0.07435152394046206,0.0603056696732724,0.015132713738396213,0.00022899902508824547,0.03614457831325301,0.2832371243761111,0.0016960306848868927,6.024096385542168,11.244389984073258,3.20333696383736e-05,0.366463494071377,0.42409579485346116,0.42701201209238915,0.14889219305414966,0.42701201209238915,,
OXFORD,OXFORD_451377_BCG_3AXIS_seg0001,OXFORD_451377_BCG_3AXIS_seg0001_c0050,738.854,739.388,0.5339999999999918,268,369427,369695,0.0627964679563628,0.0530232931023956,True,,451377,451377,BCG_3AXIS,0,0.0282435633627778,0.0627964679563628,0.05671510453579635,0.013753627932689829,0.0001891622813108659,0.03745318352059925,0.21378329754250153,0.0007976988714272445,3.731343283582089,12.021876768082661,1.3534206747106971e-05,0.49462400874757834,0.3092555556782385,0.46801165058158295,0.22273279374017854,0.46801165058158295,,
OXFORD,OXFORD_451377_BCG_3AXIS_seg0001,OXFORD_451377_BCG_3AXIS_seg0001_c0051,772.866,773.324,0.45799999999997,230,386433,386663,0.0641852612919342,0.0530232931023956,True,,451377,451377,BCG_3AXIS,0,0.02822556982262075,0.06418526129193426,0.05344902504230225,0.012362397500279348,0.0001528288719549131,0.034934497816593885,0.18323704211667702,0.0007966827918116392,4.3478260869565215,6.009470349971765,5.33672215163132e-06,0.36729498248056675,0.2809956410964419,0.4713871999208561,0.2476171589827021,0.4713871999208561,,
OXFORD,OXFORD_451377_BCG_3AXIS_seg0001,OXFORD_451377_BCG_3AXIS_seg0001_c0052,851.03,851.568,0.5380000000000109,270,425515,425785,0.060323469734311,0.0530232931023956,True,,451377,451377,BCG_3AXIS,0,0.029164020878699175,0.06032346973431102,0.055384886165826486,0.014025740899390746,0.00019672140777684234,0.022304832713754646,0.2296458307295644,0.0008505401138132015,7.4074074074074066,9.559158516201757,1.4366478304043788e-05,0.4054855260996207,0.2558234542920233,0.5573518557846137,0.18682468992336315,0.5573518557846137,,
OXFORD,OXFORD_451421_BCG_3AXIS_seg0001,OXFORD_451421_BCG_3AXIS_seg0001_c0001,2.082,2.532,0.4500000000000002,226,1041,1267,1.3615192291932787,0.0470245009789231,True,,451421,451421,BCG_3AXIS,0,0.29843590637990963,1.3615192291932787,1.3588556787390844,0.26962323524855863,0.07269668898589958,0.02666666666666667,20.12846178899639,0.08906399021679819,8.849557522123893,11.138129351088681,0.02524809715815879,0.4537516677991782,0.6127100786357992,0.36129211937098127,0.025997801993219584,0.6127100786357992,,
OXFORD,OXFORD_451421_BCG_3AXIS_seg0001,OXFORD_451421_BCG_3AXIS_seg0001_c0002,16.774,19.888,3.1140000000000008,1558,8387,9945,0.4755604349843303,0.0470245009789231,True,,451421,451421,BCG_3AXIS,0,0.07110708630750937,0.4755604349843303,0.4690728826705094,0.05264015833991044,0.002770986270050843,0.03468208092485549,7.8775872126577084,0.005056217723143587,1.2836970474967908,5.012738297049165,0.005618700962650937,0.47185195582474687,0.13722969156284606,0.25532046636166017,0.6074498420754937,0.6074498420754937,,
OXFORD,OXFORD_451421_BCG_3AXIS_seg0001,OXFORD_451421_BCG_3AXIS_seg0001_c0003,21.946,22.346,0.3999999999999986,201,10973,11174,0.0603702803234336,0.0470245009789231,True,,451421,451421,BCG_3AXIS,0,0.04064748708862867,0.06037028032343366,0.0517167175801327,0.01222900404171406,0.00014954853985225882,0.04,0.3320958595306671,0.0016522182066202344,10.0,10.683765165929916,2.2560178917001837e-05,0.40344903981612545,0.4787589534723235,0.3727650020703846,0.14847604445729196,0.4787589534723235,,
OXFORD,OXFORD_451421_BCG_3AXIS_seg0001,OXFORD_451421_BCG_3AXIS_seg0001_c0004,24.372,25.166,0.7940000000000005,398,12186,12584,0.0631842162035975,0.0470245009789231,True,,451421,451421,BCG_3AXIS,0,0.03632469443875956,0.06318421620359756,0.05683718267930528,0.013077883252246104,0.00017103103035937914,0.03526448362720403,0.5251544035755614,0.0013194834260692497,10.050251256281406,8.404177645669652,5.720886714928635e-05,0.3645220658455491,0.43729313248122104,0.4127980307003779,0.14990883681840098,0.43729313248122104,,
OXFORD,OXFORD_451421_BCG_3AXIS_seg0001,OXFORD_451421_BCG_3AXIS_seg0001_c0005,76.846,78.85,2.0039999999999907,1003,38423,39426,0.097521745768216,0.0470245009789231,True,,451421,451421,BCG_3AXIS,0,0.040479630218861425,0.09752174576821601,0.09532578979849593,0.017269010251807375,0.00029821871507702824,0.04790419161676647,1.6435162640437262,0.001638600462655759,2.9940119760479043,10.164679679240358,0.00027794952749140856,0.5663295024518405,0.10836086130591198,0.42044885147290234,0.47119028722118567,0.47119028722118567,,
OXFORD,OXFORD_451421_BCG_3AXIS_seg0001,OXFORD_451421_BCG_3AXIS_seg0001_c0006,97.83,100.102,2.2720000000000056,1137,48915,50052,0.1188009739511577,0.0470245009789231,True,,451421,451421,BCG_3AXIS,0,0.0411181976153007,0.1188009739511577,0.11631056762550017,0.020760360509342744,0.0004309925684778777,0.02640845070422535,1.9223329211238565,0.0016907061751309203,0.880281690140845,5.0239941739764316,0.0004994607752065313,0.46417880507409265,0.4871198140383621,0.2885203719400293,0.22435981402160865,0.4871198140383621,,
OXFORD,OXFORD_451421_BCG_3AXIS_seg0001,OXFORD_451421_BCG_3AXIS_seg0001_c0007,107.836,109.446,1.6099999999999994,806,53918,54724,0.2056968644154249,0.0470245009789231,True,,451421,451421,BCG_3AXIS,0,0.0619499016619415,0.2056968644154249,0.20185957065877058,0.03353152187234204,0.0011243629590753526,0.04472049689440994,3.0932589946349234,0.0038377903159242228,1.2406947890818858,10.175256264981085,0.00026767342899396655,0.5323025546624556,0.11752268754407047,0.37953682910565906,0.5029404833502705,0.5029404833502705,,
OXFORD,OXFORD_451421_BCG_3AXIS_seg0001,OXFORD_451421_BCG_3AXIS_seg0001_c0008,148.29,150.814,2.524000000000001,1263,74145,75408,0.131928860293322,0.0470245009789231,True,,451421,451421,BCG_3AXIS,0,0.054344491868899183,0.13192886029332204,0.12899072459686925,0.02569168449291901,0.0006600626520836952,0.03882725832012678,3.730047954965417,0.0029533237964888496,0.7923930269413629,8.60677696015914,0.0005418009861498507,0.5080578540468407,0.0866854524732302,0.3701344747982662,0.5431800727285035,0.5431800727285035,,
OXFORD,OXFORD_451421_BCG_3AXIS_seg0001,OXFORD_451421_BCG_3AXIS_seg0001_c0009,154.838,155.502,0.6640000000000157,333,77419,77752,0.0586575463629606,0.0470245009789231,True,,451421,451421,BCG_3AXIS,0,0.033523729489224316,0.05865754636296066,0.049152561816153524,0.010717914323103843,0.0001148736874373945,0.05421686746987952,0.37423886614260715,0.001123840438866688,21.08433734939759,15.578945471726152,1.874788947808911e-05,0.4673432075114673,0.20301194948623405,0.4428255599775754,0.35416249053619053,0.4428255599775754,,
OXFORD,OXFORD_451421_BCG_3AXIS_seg0001,OXFORD_451421_BCG_3AXIS_seg0001_c0010,167.55,168.232,0.681999999999988,342,83775,84117,0.2688825561341398,0.0470245009789231,True,,451421,451421,BCG_3AXIS,0,0.07263962740348481,0.26888255613413986,0.2654176662024136,0.054308193287770895,0.0029493798581818834,0.020527859237536656,1.8045682905064488,0.0052765154693171015,2.923976608187134,7.644014000131325,2.330700949147602e-05,0.4230349835555887,0.05252146058560636,0.22976756443045282,0.7177109749839409,0.7177109749839409,,
OXFORD,OXFORD_451421_BCG_3AXIS_seg0001,OXFORD_451421_BCG_3AXIS_seg0001_c0011,171.44,171.76,0.3199999999999932,161,85720,85881,0.0491982868463758,0.0470245009789231,True,,451421,451421,BCG_3AXIS,0,0.026837993031461494,0.04919828684637581,0.04646816231742445,0.01154001129342245,0.0001331718606523177,0.025,0.11596473706304088,0.0007202778699567756,6.25,7.936834221189644,8.581291081674172e-06,0.3500575303802524,0.3824331896273493,0.3861485724189431,0.2314182379537076,0.3861485724189431,,
OXFORD,OXFORD_451421_BCG_3AXIS_seg0001,OXFORD_451421_BCG_3AXIS_seg0001_c0012,235.834,236.808,0.9739999999999897,488,117917,118405,0.2195917459294089,0.0470245009789231,True,,451421,451421,BCG_3AXIS,0,0.05975762490654826,0.21959174592940897,0.21187330120095765,0.035899395105890866,0.0012887665689688612,0.02053388090349076,1.7426351824221977,0.003570973734471717,2.0491803278688523,6.960720194533065,0.00046534162643889997,0.4382887297615167,0.055965737718118885,0.2345747534533891,0.7094595088284921,0.7094595088284921,,
OXFORD,OXFORD_451421_BCG_3AXIS_seg0001,OXFORD_451421_BCG_3AXIS_seg0001_c0013,259.522,260.016,0.4940000000000282,248,129761,130009,0.0485828168069119,0.0470245009789231,True,,451421,451421,BCG_3AXIS,0,0.02041280367304653,0.04858281680691192,0.04728015256112607,0.010989361254036415,0.00012076606077171682,0.04048582995951417,0.10333727334099678,0.00041668255379434185,12.096774193548388,9.64824766216188,7.05998403527894e-06,0.418802340071224,0.35214304201222413,0.31494582389047904,0.3329111340972968,0.35214304201222413,,
OXFORD,OXFORD_451421_BCG_3AXIS_seg0001,OXFORD_451421_BCG_3AXIS_seg0001_c0014,359.286,364.012,4.725999999999999,2364,179643,182007,0.3088342907681561,0.0470245009789231,True,,451421,451421,BCG_3AXIS,0,0.04726045775338483,0.30883429076815616,0.3030520840290854,0.027852815747440408,0.0007757793450608644,0.034701650444350404,5.280114249728593,0.0022335508670594723,2.1150592216582065,7.888072965906813,0.0015114763279646666,0.5698317653084312,0.12486714097029933,0.2610831650314211,0.6140496939982797,0.6140496939982797,,
OXFORD,OXFORD_451421_BCG_3AXIS_seg0001,OXFORD_451421_BCG_3AXIS_seg0001_c0015,366.37,367.26,0.8899999999999864,446,183185,183631,0.0699568154293404,0.0470245009789231,True,,451421,451421,BCG_3AXIS,0,0.03271388897174506,0.06995681542934044,0.06344219582728275,0.014041148093326773,0.0001971538397787341,0.02696629213483146,0.47730854511842585,0.0010701985316556634,2.242152466367713,7.228221241207217,4.151005469680207e-05,0.40342764573978834,0.31031919507811045,0.3095920522505887,0.3800887526713008,0.3800887526713008,,
OXFORD,OXFORD_451421_BCG_3AXIS_seg0001,OXFORD_451421_BCG_3AXIS_seg0001_c0016,377.054,377.582,0.52800000000002,265,188527,188792,0.0586739871609589,0.0470245009789231,True,,451421,451421,BCG_3AXIS,0,0.024870217764495516,0.058673987160958965,0.05301790002940776,0.011259216964307471,0.00012676996664934915,0.022727272727272728,0.16390984888815852,0.0006185277316534284,3.7878787878787876,7.237899568505042,6.949175384220782e-06,0.4040403529624083,0.5265363548648764,0.2939439586128328,0.17951968652229094,0.5265363548648764,,
OXFORD,OXFORD_451421_BCG_3AXIS_seg0001,OXFORD_451421_BCG_3AXIS_seg0001_c0017,389.004,389.794,0.7899999999999636,396,194502,194898,0.2640933758888907,0.0470245009789231,True,,451421,451421,BCG_3AXIS,0,0.06680943085512621,0.2640933758888907,0.25357592016997843,0.04737804540857667,0.0022446791867371534,0.030379746835443037,1.767546020269612,0.004463500051185889,2.525252525252525,8.091432177981964,0.0001445603195999022,0.41329748917781517,0.13311206144413623,0.11806261919970469,0.7488253193561591,0.7488253193561591,,
OXFORD,OXFORD_451421_BCG_3AXIS_seg0001,OXFORD_451421_BCG_3AXIS_seg0001_c0018,399.458,400.492,1.0339999999999918,518,199729,200247,0.2147454001025765,0.0470245009789231,True,,451421,451421,BCG_3AXIS,0,0.05174605454458069,0.21474540010257656,0.21196357827701043,0.034390829633345325,0.0011827291628697827,0.0425531914893617,1.3870248553621132,0.0026776541609307204,7.722007722007722,11.866114267786653,4.9438677057104734e-05,0.525783858030613,0.1316538858484522,0.3271814854737631,0.5411646286777847,0.5411646286777847,,
OXFORD,OXFORD_451421_BCG_3AXIS_seg0001,OXFORD_451421_BCG_3AXIS_seg0001_c0019,427.438,428.142,0.7040000000000077,353,213719,214072,0.3369877637381642,0.0470245009789231,True,,451421,451421,BCG_3AXIS,0,0.08837852329725085,0.33698776373816425,0.33206624214110125,0.06690682680945963,0.004476523473711026,0.011363636363636364,2.757199473211557,0.007810763380202711,2.8409090909090913,8.835674647920388,0.0004264159936646806,0.36551001285030055,0.08466475059903031,0.1793780740672827,0.735957175333687,0.735957175333687,,
OXFORD,OXFORD_451421_BCG_3AXIS_seg0001,OXFORD_451421_BCG_3AXIS_seg0001_c0020,435.732,436.43,0.6979999999999791,350,217866,218216,0.0494263684264706,0.0470245009789231,True,,451421,451421,BCG_3AXIS,0,0.023653389234189207,0.049426368426470656,0.044664051342693266,0.009812002647053213,9.627539594577927e-05,0.034383954154727794,0.19581898779242027,0.0005594828222640579,2.8571428571428568,9.29197012809914,2.894787882586384e-05,0.4649321782304998,0.2627386470214015,0.36457412137709405,0.3726872316015045,0.3726872316015045,,
OXFORD,OXFORD_451421_BCG_3AXIS_seg0001,OXFORD_451421_BCG_3AXIS_seg0001_c0021,437.986,438.864,0.8779999999999859,440,218993,219433,0.0593591606970902,0.0470245009789231,True,,451421,451421,BCG_3AXIS,0,0.029746859704220033,0.059359160697090234,0.05417943506631055,0.013039361920533305,0.000170024959294654,0.03189066059225513,0.38934529139552176,0.0008848756622625495,11.363636363636365,8.86942095450595,5.2890415409745004e-05,0.4736014140663252,0.14662768373782487,0.3633010550425293,0.49007126121964584,0.49007126121964584,,
OXFORD,OXFORD_451421_BCG_3AXIS_seg0001,OXFORD_451421_BCG_3AXIS_seg0001_c0022,440.674,442.922,2.2480000000000477,1125,220337,221462,0.0672375467519518,0.0470245009789231,True,,451421,451421,BCG_3AXIS,0,0.03246679051430977,0.06723754675195187,0.06533421307163272,0.012719902339992862,0.00016179591553895588,0.046263345195729534,1.1858540470875845,0.001054092486300075,1.779359430604982,10.882370386464242,0.00014363729528775216,0.5933771916435893,0.17679041814046365,0.4658235247799611,0.35738605707957527,0.4658235247799611,,
OXFORD,OXFORD_451421_BCG_3AXIS_seg0001,OXFORD_451421_BCG_3AXIS_seg0001_c0023,444.378,446.092,1.7139999999999986,858,222189,223047,0.1620956901892596,0.0470245009789231,True,,451421,451421,BCG_3AXIS,0,0.0429203172430369,0.1620956901892596,0.15618773242028766,0.022073446478869458,0.00048723703945551455,0.051341890315052506,1.5805678164644346,0.0018421536322429308,2.331002331002331,7.107120607076501,0.000587388834574531,0.48821430487637235,0.14354158371993503,0.329832489906374,0.526625926373691,0.526625926373691,,
OXFORD,OXFORD_451421_BCG_3AXIS_seg0001,OXFORD_451421_BCG_3AXIS_seg0001_c0024,446.91,447.46,0.5499999999999545,276,223455,223731,0.0944687543741726,0.0470245009789231,True,,451421,451421,BCG_3AXIS,0,0.04244307275673645,0.09446875437417261,0.08580200342519581,0.01869994334663383,0.0003496878811673148,0.04363636363636364,0.4971903813092802,0.001801414425033624,3.623188405797101,12.625994994992576,4.855185157715433e-05,0.46273185865973915,0.10388797960315692,0.37393163285945513,0.5221803875373879,0.5221803875373879,,
OXFORD,OXFORD_451421_BCG_3AXIS_seg0001,OXFORD_451421_BCG_3AXIS_seg0001_c0025,447.982,449.286,1.3039999999999736,653,223991,224644,0.069799219621318,0.0470245009789231,True,,451421,451421,BCG_3AXIS,0,0.03155749417059443,0.06979921962131809,0.06582482936967558,0.014194766058911481,0.00020149138346722538,0.049079754601226995,0.6503066612275974,0.0009958754383271016,1.5337423312883436,11.102164681453205,9.158836706528093e-05,0.5554494841853442,0.21037087803192578,0.35649377299732066,0.4331353489707535,0.4331353489707535,,
OXFORD,OXFORD_451421_BCG_3AXIS_seg0001,OXFORD_451421_BCG_3AXIS_seg0001_c0026,476.872,477.312,0.4399999999999977,221,238436,238657,0.1124415000898359,0.0470245009789231,True,,451421,451421,BCG_3AXIS,0,0.041287450647299426,0.11244150008983592,0.1045414499709977,0.02207451765266737,0.0004872843295979234,0.03636363636363636,0.37672844139065403,0.0017046535809531857,4.545454545454546,7.8083458571012345,4.530574676581416e-05,0.2927025845235457,0.13715598906787815,0.28948354849069835,0.5733604624414236,0.5733604624414236,,
OXFORD,OXFORD_451421_BCG_3AXIS_seg0001,OXFORD_451421_BCG_3AXIS_seg0001_c0027,483.17,483.736,0.5659999999999741,284,241585,241869,0.0972098677166509,0.0470245009789231,True,,451421,451421,BCG_3AXIS,0,0.032482302924837,0.09720986771665098,0.09371521771721851,0.0198494066185032,0.00039399894310667864,0.02120141342756184,0.2996484009374484,0.0010551000033008746,3.52112676056338,7.340256431926574,3.557248877359132e-05,0.36758407279229816,0.10862817400417532,0.29437707239392824,0.5969947536018965,0.5969947536018965,,
OXFORD,OXFORD_451421_BCG_3AXIS_seg0001,OXFORD_451421_BCG_3AXIS_seg0001_c0028,494.71,495.252,0.54200000000003,272,247355,247627,0.0955672282954261,0.0470245009789231,True,,451421,451421,BCG_3AXIS,0,0.03212222885457796,0.09556722829542612,0.09448660473349234,0.01930637138273087,0.0003727359759679295,0.014760147601476014,0.2806598235513596,0.0010318375865858809,3.676470588235294,6.508878803781289,4.081934774511355e-05,0.3227954576442966,0.19351394379938072,0.20611218229655268,0.6003738739040665,0.6003738739040665,,
OXFORD,OXFORD_451421_BCG_3AXIS_seg0001,OXFORD_451421_BCG_3AXIS_seg0001_c0029,533.818,534.282,0.4640000000000555,233,266909,267142,0.0943363012288755,0.0470245009789231,True,,451421,451421,BCG_3AXIS,0,0.04944233248743276,0.09433630122887558,0.0837555878742119,0.019884700984825462,0.0003954013332559187,0.017241379310344827,0.5695788083388988,0.002444544241797849,4.310344827586206,7.245096996208791,6.983160256109866e-05,0.3580106979555889,0.3034043071305829,0.35961517417484273,0.33698051869457446,0.35961517417484273,,
OXFORD,OXFORD_451421_BCG_3AXIS_seg0001,OXFORD_451421_BCG_3AXIS_seg0001_c0030,542.598,542.962,0.3640000000000327,183,271299,271482,0.0517980070887802,0.0470245009789231,True,,451421,451421,BCG_3AXIS,0,0.02350050341065828,0.05179800708878023,0.04658165029423304,0.0112578356273061,0.00012673886301144255,0.04395604395604396,0.10106607988144814,0.0005522736605543615,5.4945054945054945,9.77477652805871,6.217500728199811e-06,0.41503101997306413,0.34834491492015984,0.3648709232902033,0.2867841617896368,0.3648709232902033,,
OXFORD,OXFORD_451421_BCG_3AXIS_seg0001,OXFORD_451421_BCG_3AXIS_seg0001_c0031,545.256,545.676,0.4200000000000727,211,272628,272839,0.0493878202524086,0.0470245009789231,True,,451421,451421,BCG_3AXIS,0,0.027656302192495808,0.04938782025240861,0.04491265770954065,0.009124111616072617,8.324941278255125e-05,0.047619047619047616,0.1613877917531188,0.0007648710509626484,4.761904761904762,12.18286749680834,7.807143604822078e-06,0.43811065976316205,0.3565359810879656,0.2167111934683118,0.42675282544372267,0.42675282544372267,,
OXFORD,OXFORD_451421_BCG_3AXIS_seg0001,OXFORD_451421_BCG_3AXIS_seg0001_c0032,560.994,561.618,0.6240000000000236,313,280497,280810,0.0993850439619138,0.0470245009789231,True,,451421,451421,BCG_3AXIS,0,0.05908230932368518,0.09938504396191382,0.08896171505726783,0.02202385942124166,0.00048505038380661507,0.038461538461538464,1.09259513308114,0.003490719275019617,3.2051282051282053,7.190371021360949,0.00011182695273515345,0.366168823290602,0.2266199775216241,0.26916546632434557,0.5042145561540304,0.5042145561540304,,
OXFORD,OXFORD_451421_BCG_3AXIS_seg0001,OXFORD_451421_BCG_3AXIS_seg0001_c0033,564.074,564.602,0.52800000000002,265,282037,282302,0.2122171998564845,0.0470245009789231,True,,451421,451421,BCG_3AXIS,0,0.07119823107991721,0.21221719985648455,0.2093581810068131,0.048815080398156525,0.0023829120742784858,0.011363636363636364,1.3433348488609613,0.005069188108909288,3.7878787878787876,7.31784268496218,0.00025998546961909254,0.32475561538748154,0.11953795500649027,0.3604722571351211,0.5199897878583887,0.5199897878583887,,
OXFORD,OXFORD_451421_BCG_3AXIS_seg0001,OXFORD_451421_BCG_3AXIS_seg0001_c0034,567.824,568.668,0.8440000000000509,423,283912,284335,0.0695563130812431,0.0470245009789231,True,,451421,451421,BCG_3AXIS,0,0.030289701674467467,0.06955631308124317,0.06670172304730447,0.014015279714755581,0.00019642806548283927,0.02843601895734597,0.3880881296444444,0.0009174660275282373,2.3696682464454977,6.469606541579968,6.425805519760497e-05,0.39972842664816877,0.3026163179195076,0.23487705973784073,0.4625066223426516,0.4625066223426516,,
OXFORD,OXFORD_451421_BCG_3AXIS_seg0001,OXFORD_451421_BCG_3AXIS_seg0001_c0035,581.15,581.556,0.4060000000000627,204,290575,290779,0.0605595555206252,0.0470245009789231,True,,451421,451421,BCG_3AXIS,0,0.029278458028653274,0.06055955552062525,0.05291182288950134,0.014260554359822354,0.00020336341064944836,0.019704433497536946,0.1748745333252647,0.0008572281045356113,4.901960784313725,7.26722632260287,1.0236277204506653e-05,0.35266940640199995,0.2651191829586924,0.30781372444509675,0.42706709259621084,0.42706709259621084,,
OXFORD,OXFORD_451421_BCG_3AXIS_seg0001,OXFORD_451421_BCG_3AXIS_seg0001_c0036,593.14,593.74,0.6000000000000227,301,296570,296871,0.0583000943765151,0.0470245009789231,True,,451421,451421,BCG_3AXIS,0,0.02990575506949021,0.05830009437651518,0.054113046504645906,0.011262232300307951,0.0001268378763860997,0.05333333333333334,0.26920061006917817,0.0008943541862763394,3.3333333333333335,10.249139747715242,1.7598339714297525e-05,0.47147045639045254,0.24666855051968475,0.31935780386671686,0.43397364561359836,0.43397364561359836,,
OXFORD,OXFORD_451421_BCG_3AXIS_seg0001,OXFORD_451421_BCG_3AXIS_seg0001_c0037,599.998,602.236,2.2379999999999427,1120,299999,301119,0.3090444700621556,0.0470245009789231,True,,451421,451421,BCG_3AXIS,0,0.07362568919720809,0.30904447006215563,0.3065818059416201,0.052466962966338015,0.002752782202911085,0.02680965147453083,6.0712311629355495,0.005420742109763884,0.8928571428571428,8.329956402310815,0.0032008864898169015,0.5351775700649211,0.11153753422576604,0.10117218551602378,0.7872902802582102,0.7872902802582102,,
OXFORD,OXFORD_451421_BCG_3AXIS_seg0001,OXFORD_451421_BCG_3AXIS_seg0001_c0038,603.388,603.91,0.5219999999999345,262,301694,301956,0.0772186799942568,0.0470245009789231,True,,451421,451421,BCG_3AXIS,0,0.03748667609937501,0.07721867999425687,0.07479813567366468,0.01872108736550801,0.0003504791121469837,0.038314176245210725,0.36817573186461694,0.001405250884979454,3.8167938931297707,8.7371599291195,3.1366754551078606e-05,0.4422736191097753,0.3993770259714842,0.22059441243345995,0.3800285615950559,0.3993770259714842,,
OXFORD,OXFORD_451421_BCG_3AXIS_seg0001,OXFORD_451421_BCG_3AXIS_seg0001_c0039,609.17,609.676,0.5060000000000855,254,304585,304839,0.0657183253936142,0.0470245009789231,True,,451421,451421,BCG_3AXIS,0,0.03350681144180725,0.0657183253936142,0.06366302165498938,0.014381928550738313,0.00020683986883854183,0.039525691699604744,0.28516742890119356,0.0011227064129968251,7.874015748031496,7.5109542585555555,5.398932333258961e-05,0.3084114092606247,0.19251944903025672,0.43101739113199034,0.3764631598377529,0.43101739113199034,,
OXFORD,OXFORD_451421_BCG_3AXIS_seg0001,OXFORD_451421_BCG_3AXIS_seg0001_c0040,612.362,612.928,0.5660000000000309,284,306181,306465,0.0993404556827715,0.0470245009789231,True,,451421,451421,BCG_3AXIS,0,0.04482547038896025,0.09934045568277153,0.08920636601130548,0.02035135992335387,0.00041417785072989403,0.0353356890459364,0.5706476739480009,0.0020093227955915523,3.52112676056338,11.24886793869967,7.293082204347816e-05,0.4938463786546257,0.12174888864461511,0.26286391779069057,0.6153871935646943,0.6153871935646943,,
OXFORD,OXFORD_451421_BCG_3AXIS_seg0001,OXFORD_451421_BCG_3AXIS_seg0001_c0041,651.188,651.854,0.6660000000000537,334,325594,325928,0.0689229344433931,0.0470245009789231,True,,451421,451421,BCG_3AXIS,0,0.03407852279526223,0.06892293444339312,0.06486185094972044,0.016684630273995887,0.00027837688737994014,0.042042042042042045,0.38788946911300737,0.0011613457159072077,2.994011976047904,7.630257544709019,5.793952125983025e-05,0.4212124793852147,0.0619466957567711,0.3441708027388526,0.5938825015043763,0.5938825015043763,,
OXFORD,OXFORD_451421_BCG_3AXIS_seg0001,OXFORD_451421_BCG_3AXIS_seg0001_c0042,668.15,668.502,0.3519999999999754,177,334075,334252,0.0574719776478414,0.0470245009789231,True,,451421,451421,BCG_3AXIS,0,0.03066993174803808,0.05747197764784145,0.05222024678405227,0.015428413179435716,0.0002380359332353857,0.03409090909090909,0.16649411427698863,0.0009406447134293142,5.6818181818181825,10.358014723609546,1.4827230390708251e-05,0.41971391596115026,0.1317585898771728,0.3514068025730101,0.5168346075498171,0.5168346075498171,,
OXFORD,OXFORD_451421_BCG_3AXIS_seg0001,OXFORD_451421_BCG_3AXIS_seg0001_c0043,698.152,698.678,0.5259999999999536,264,349076,349340,0.0644146129855772,0.0470245009789231,True,,451421,451421,BCG_3AXIS,0,0.030352257395362677,0.06441461298557724,0.061517782203829696,0.01256831310063131,0.00015796249419550062,0.045627376425855515,0.24321251565450794,0.0009212595289943482,11.363636363636363,13.542970228330661,1.7422256052019767e-05,0.4853081315498914,0.08783207794073933,0.35888073010601484,0.5532871919532458,0.5532871919532458,,
OXFORD,OXFORD_451421_BCG_3AXIS_seg0001,OXFORD_451421_BCG_3AXIS_seg0001_c0044,704.472,705.952,1.4800000000000182,741,352236,352977,0.5012407962508683,0.0470245009789231,True,,451421,451421,BCG_3AXIS,0,0.11211074546045906,0.5012407962508683,0.5006565465941892,0.08707243944654237,0.007581609711171789,0.024324324324324326,9.31349506254558,0.01256881924769984,1.3513513513513513,6.529533669231476,0.004559951881673861,0.4169361468024105,0.09230147825853618,0.08464496312359561,0.8230535586178682,0.8230535586178682,,
OXFORD,OXFORD_451421_BCG_3AXIS_seg0001,OXFORD_451421_BCG_3AXIS_seg0001_c0045,723.734,724.868,1.1340000000000146,568,361867,362435,0.0763015878429039,0.0470245009789231,True,,451421,451421,BCG_3AXIS,0,0.03367120413483342,0.07630158784290393,0.07503551826636155,0.01434091934624106,0.00020566196769539113,0.03527336860670194,0.6439699931213059,0.001133749987889623,7.04225352112676,10.304690052829319,5.9336914655901964e-05,0.5383532778519668,0.22049545094142023,0.2924631461601344,0.4870414028984453,0.4870414028984453,,
OXFORD,OXFORD_451421_BCG_3AXIS_seg0001,OXFORD_451421_BCG_3AXIS_seg0001_c0046,780.908,781.42,0.5119999999999436,257,390454,390711,0.0666528839784973,0.0470245009789231,True,,451421,451421,BCG_3AXIS,0,0.043149058606931204,0.06665288397849736,0.06173402389563081,0.014911494161310969,0.0002223526581228111,0.015625,0.4784932034767467,0.001861841258664384,3.90625,7.03264226896916,3.3791009597357545e-05,0.3118908344119021,0.5195312179720364,0.22340704002229034,0.2570617420056733,0.5195312179720364,,
OXFORD,OXFORD_451421_BCG_3AXIS_seg0001,OXFORD_451421_BCG_3AXIS_seg0001_c0047,808.664,809.188,0.5240000000000009,263,404332,404595,0.0527875736043939,0.0470245009789231,True,,451421,451421,BCG_3AXIS,0,0.025879403853142906,0.05278757360439391,0.051837679928475454,0.014044974206783571,0.00019726130046921579,0.030534351145038167,0.17614255201783985,0.0006697435437940678,11.450381679389313,9.316009995119432,2.477368289725032e-05,0.37463145267562414,0.37680361612601077,0.45666350488695123,0.16653287898703803,0.45666350488695123,,
OXFORD,OXFORD_451421_BCG_3AXIS_seg0001,OXFORD_451421_BCG_3AXIS_seg0001_c0048,829.884,831.216,1.3319999999999936,667,414942,415609,0.2672445773175458,0.0470245009789231,True,,451421,451421,BCG_3AXIS,0,0.06792970995471992,0.26724457731754586,0.2587290500676815,0.04455447821766482,0.001985101529248369,0.03003003003003003,3.0778351448530943,0.004614445494532375,3.003003003003003,6.919555541706311,0.001651299441153219,0.47030876474264055,0.14646403461235813,0.13818413155469692,0.715351833832945,0.715351833832945,,
OXFORD,OXFORD_451421_BCG_3AXIS_seg0001,OXFORD_451421_BCG_3AXIS_seg0001_c0049,831.76,834.79,3.0299999999999727,1516,415880,417396,0.5994397713376827,0.0470245009789231,True,,451421,451421,BCG_3AXIS,0,0.12735106488211845,0.5994397713376827,0.5917109477897927,0.0983279342566321,0.009668382655176564,0.025082508250825083,24.586933289540067,0.01621829372660954,1.9788918205804749,7.542921566943464,0.010120921966418988,0.5526311469329932,0.08304713931936143,0.08917662213581581,0.8277762385448227,0.8277762385448227,,
OXFORD,OXFORD_451421_BCG_3AXIS_seg0001,OXFORD_451421_BCG_3AXIS_seg0001_c0050,837.056,838.264,1.20799999999997,605,418528,419133,0.165749781213448,0.0470245009789231,True,,451421,451421,BCG_3AXIS,0,0.07140805061036848,0.165749781213448,0.15379285677013393,0.03173739889827931,0.0010072624888285008,0.019867549668874173,3.0849613636436324,0.005099109691972946,1.6556291390728477,3.4184699184276632,0.0005222393521119034,0.3465395837731732,0.1982887625644984,0.3093874702426334,0.49232376719286813,0.49232376719286813,,
OXFORD,OXFORD_451421_BCG_3AXIS_seg0001,OXFORD_451421_BCG_3AXIS_seg0001_c0051,840.552,843.968,3.41599999999994,1709,420276,421985,0.2573383596074298,0.0470245009789231,True,,451421,451421,BCG_3AXIS,0,0.06345388243352758,0.2573383596074298,0.25441198646679836,0.039027092021198376,0.0015231139116310861,0.02576112412177986,6.881109389772488,0.004026395195887939,1.17096018735363,4.890285334139798,0.0025298571284271083,0.47564118975194936,0.17512166517184594,0.1487642277447965,0.6761141070833575,0.6761141070833575,,
OXFORD,OXFORD_451421_BCG_3AXIS_seg0001,OXFORD_451421_BCG_3AXIS_seg0001_c0052,844.898,845.566,0.6680000000000064,335,422449,422784,0.060587242376289,0.0470245009789231,True,,451421,451421,BCG_3AXIS,0,0.03454224201764513,0.06058724237628902,0.049577742591024765,0.012578648698170469,0.00015822240307198564,0.03592814371257485,0.3997107720078655,0.0011931664836055686,11.976047904191615,11.722790326423505,3.1073758140540295e-05,0.4310464265408936,0.4775841787976786,0.2920371623797701,0.23037865882255126,0.4775841787976786,,
OXFORD,OXFORD_451421_BCG_3AXIS_seg0001,OXFORD_451421_BCG_3AXIS_seg0001_c0053,857.006,857.54,0.5339999999999918,268,428503,428771,0.4564256345809854,0.0470245009789231,True,,451421,451421,BCG_3AXIS,0,0.14341128244219029,0.45642563458098545,0.4518891772285744,0.10743683676834125,0.0115426738947872,0.02247191011235955,5.511901309699265,0.020566795931713677,3.731343283582089,7.748301356408389,0.0018914445583914374,0.3538704469310795,0.06606423701102698,0.03421652440104221,0.8997192385879308,0.8997192385879308,,
OXFORD,OXFORD_451421_BCG_3AXIS_seg0001,OXFORD_451421_BCG_3AXIS_seg0001_c0054,862.874,864.888,2.01400000000001,1008,431437,432445,0.6696215852756536,0.0470245009789231,True,,451421,451421,BCG_3AXIS,0,0.20316089254881553,0.6696215852756536,0.6612254920183761,0.1358576045094129,0.01845728870303605,0.011916583912611719,41.60454304732122,0.04127434826123137,0.9920634920634921,3.377328617702538,0.012640019141166095,0.3841827195219116,0.2301319361785064,0.06991181707213515,0.6999562467493585,0.6999562467493585,,
OXFORD,OXFORD_451421_BCG_3AXIS_seg0001,OXFORD_451421_BCG_3AXIS_seg0001_c0055,865.852,867.432,1.580000000000041,791,432926,433717,0.5194207767700374,0.0470245009789231,True,,451421,451421,BCG_3AXIS,0,0.17659865672984462,0.5194207767700374,0.5180326504762914,0.11958380136237186,0.01430028554827521,0.017721518987341773,24.668984676999326,0.031187085558785493,1.2658227848101264,6.653997902476964,0.009667739805757898,0.46907262679561357,0.18303393070354823,0.20615258400166933,0.6108134852947824,0.6108134852947824,,
OXFORD,OXFORD_451421_BCG_3AXIS_seg0001,OXFORD_451421_BCG_3AXIS_seg0001_c0056,868.224,869.902,1.6779999999999973,840,434112,434952,0.3111995188530193,0.0470245009789231,True,,451421,451421,BCG_3AXIS,0,0.08488790154917539,0.31119951885301933,0.3003046615434733,0.05741752154990764,0.003296771780934108,0.011918951132300357,6.053002896714894,0.0072059558294224925,1.1904761904761905,3.658637700831014,0.0024326436438443324,0.3864939834693111,0.17295107330371964,0.3336304505950189,0.49341847610126144,0.49341847610126144,,
OXFORD,OXFORD_451421_BCG_3AXIS_seg0001,OXFORD_451421_BCG_3AXIS_seg0001_c0057,893.96,894.746,0.7859999999999445,394,446980,447374,0.1342148669364229,0.0470245009789231,True,,451421,451421,BCG_3AXIS,0,0.049690796557017546,0.1342148669364229,0.1302501533081547,0.026678512240169726,0.0007117430153488859,0.020356234096692113,0.9728550534135374,0.002469175262470907,2.5380710659898478,8.61903028709391,0.000128292307258991,0.41830164103716283,0.1678939665064271,0.20801470587286103,0.6240913276207118,0.6240913276207118,,
OXFORD,OXFORD_451609_BCG_3AXIS_seg0001,OXFORD_451609_BCG_3AXIS_seg0001_c0001,1.146,2.548,1.402,702,573,1275,2.5205288615671133,0.040778164879074,True,,451609,451609,BCG_3AXIS,0,0.37553677539420255,2.5205288615671133,2.4997404826694694,0.33985239007069146,0.11549964703676144,0.017118402282453638,99.00156451077997,0.14102786967347575,2.849002849002849,9.301180196709574,0.0870601473641516,0.5398318790079776,0.29099224373154103,0.0545711108890293,0.6544366453794297,0.6544366453794297,,
OXFORD,OXFORD_451609_BCG_3AXIS_seg0001,OXFORD_451609_BCG_3AXIS_seg0001_c0002,63.248,63.69,0.4420000000000001,222,31624,31846,0.0445153853971977,0.040778164879074,True,,451609,451609,BCG_3AXIS,0,0.020557825515562126,0.04451538539719779,0.041789030468974385,0.010035407362773967,0.00010070940093681794,0.01809954751131222,0.09382257016408196,0.0004226241899282971,4.504504504504505,10.371487801620304,3.0960628106970885e-06,0.4686023242884202,0.2862639656522893,0.4701154609028224,0.24362057344488836,0.4701154609028224,,
OXFORD,OXFORD_451609_BCG_3AXIS_seg0001,OXFORD_451609_BCG_3AXIS_seg0001_c0003,133.232,135.23,1.9979999999999905,1000,66616,67616,0.1076799920230206,0.040778164879074,True,,451609,451609,BCG_3AXIS,0,0.045524251235026056,0.10767999202302067,0.10296293869418328,0.021282806665808455,0.00045295785957418086,0.02002002002002002,2.0724574505097713,0.002072457450509771,5.0,4.760549746620028,0.00045380270078588847,0.40780133094592275,0.5656684079831019,0.3242172475040563,0.11011434451284191,0.5656684079831019,,
OXFORD,OXFORD_451609_BCG_3AXIS_seg0001,OXFORD_451609_BCG_3AXIS_seg0001_c0004,155.204,156.0,0.7959999999999923,399,77602,78001,0.1022674807741004,0.040778164879074,True,,451609,451609,BCG_3AXIS,0,0.04665280915478854,0.1022674807741004,0.09512259796436365,0.02560883376136514,0.0006558123666172349,0.01507537688442211,0.8684173562112155,0.0021764846020331215,2.5125628140703515,4.145250350084102,9.58185017437568e-05,0.29691893203349884,0.14191980479108654,0.6631942355328598,0.19488595967605365,0.6631942355328598,,
OXFORD,OXFORD_451609_BCG_3AXIS_seg0001,OXFORD_451609_BCG_3AXIS_seg0001_c0005,160.7,164.478,3.77800000000002,1890,80350,82240,0.3857558474592841,0.040778164879074,True,,451609,451609,BCG_3AXIS,0,0.10987004278743884,0.3857558474592841,0.38212174066027643,0.07510964900395538,0.005641459373497375,0.008470089994706194,22.814995710994783,0.012071426302113641,0.5291005291005291,3.0190026980215707,0.004716887855305103,0.3922126336136182,0.39219662246727105,0.45315501569842004,0.1546483618343089,0.45315501569842004,,
OXFORD,OXFORD_451609_BCG_3AXIS_seg0001,OXFORD_451609_BCG_3AXIS_seg0001_c0006,218.902,219.238,0.3360000000000127,169,109451,109620,0.0575332871455561,0.040778164879074,True,,451609,451609,BCG_3AXIS,0,0.03553568189473168,0.057533287145556174,0.04872532083126901,0.01375591572198154,0.0001892252173502589,0.023809523809523808,0.2134106122252818,0.001262784687723561,5.952380952380952,12.008296861261023,1.05687164388617e-05,0.3783982638534045,0.4686125837644598,0.43435228959034394,0.09703512664519623,0.4686125837644598,,
OXFORD,OXFORD_451609_BCG_3AXIS_seg0001,OXFORD_451609_BCG_3AXIS_seg0001_c0007,219.804,221.208,1.4039999999999964,703,109902,110605,0.1201809603366626,0.040778164879074,True,,451609,451609,BCG_3AXIS,0,0.05101655824372394,0.12018096033666263,0.11859863450101153,0.025942170854955576,0.0006729962286677065,0.02564102564102564,1.8296905181697996,0.002602689215035277,1.4245014245014245,5.027577249182115,0.0003567265309095304,0.3976453954975445,0.32618979279629473,0.5741526293739864,0.09965757782971892,0.5741526293739864,,
OXFORD,OXFORD_451609_BCG_3AXIS_seg0001,OXFORD_451609_BCG_3AXIS_seg0001_c0008,234.264,235.372,1.108000000000004,555,117132,117687,0.0605078035809894,0.040778164879074,True,,451609,451609,BCG_3AXIS,0,0.0361591564225179,0.06050780358098946,0.05631254559230731,0.013231533038424627,0.00017507346654692244,0.02888086642599278,0.7256539492194052,0.0013074845931881174,5.415162454873646,6.031690952832621,9.856661744271942e-05,0.4015450224282696,0.5975493876437561,0.30010276179595025,0.10234785056029358,0.5975493876437561,,
OXFORD,OXFORD_451609_BCG_3AXIS_seg0001,OXFORD_451609_BCG_3AXIS_seg0001_c0009,245.46,245.914,0.4539999999999793,228,122730,122958,0.0632652154243101,0.040778164879074,True,,451609,451609,BCG_3AXIS,0,0.03650031382927613,0.06326521542431017,0.05866801589004938,0.014128269854926918,0.00019960800909363667,0.04405286343612335,0.3037582233969274,0.0013322729096356463,4.385964912280701,10.963276531990045,2.9203606127054233e-05,0.4572989758689584,0.14355998568985162,0.6311167869723362,0.22532322733781213,0.6311167869723362,,
OXFORD,OXFORD_451609_BCG_3AXIS_seg0001,OXFORD_451609_BCG_3AXIS_seg0001_c0010,255.41,258.666,3.256,1629,127705,129334,0.1498042389077759,0.040778164879074,True,,451609,451609,BCG_3AXIS,0,0.059381174877410875,0.14980423890777597,0.1447543436506059,0.03361653499864062,0.0011300714253148294,0.01597051597051597,5.744055881679472,0.0035261239298216528,0.6142506142506142,4.069069537051613,0.0013276277641726692,0.46728745102468233,0.3653165572096097,0.4292173903999574,0.20546605239043286,0.4292173903999574,,
OXFORD,OXFORD_451609_BCG_3AXIS_seg0001,OXFORD_451609_BCG_3AXIS_seg0001_c0011,343.778,345.194,1.4159999999999968,709,171889,172598,0.3086919903509857,0.040778164879074,True,,451609,451609,BCG_3AXIS,0,0.13003960772590611,0.30869199035098577,0.29781471382567914,0.07160084756370061,0.005126681371840291,0.022598870056497175,11.989402400452846,0.016910299577507542,1.4124293785310735,5.727174908123092,0.002822933489800828,0.3997441658429351,0.19186360436959332,0.7245028604541107,0.08363353517629592,0.7245028604541107,,
OXFORD,OXFORD_451609_BCG_3AXIS_seg0001,OXFORD_451609_BCG_3AXIS_seg0001_c0012,415.058,415.978,0.920000000000016,461,207529,207990,0.080312275285595,0.040778164879074,True,,451609,451609,BCG_3AXIS,0,0.04189519033822771,0.08031227528559504,0.07614378481342746,0.017212474932530277,0.0002962692933029832,0.030434782608695653,0.8091504147725874,0.0017552069734763285,4.3478260869565215,5.65781057618772,0.00011170551455617122,0.3552288478437308,0.5578964633629288,0.2926246730256582,0.14947886361141305,0.5578964633629288,,
OXFORD,OXFORD_451609_BCG_3AXIS_seg0001,OXFORD_451609_BCG_3AXIS_seg0001_c0013,416.706,417.298,0.5919999999999845,297,208353,208650,0.056978654695164,0.040778164879074,True,,451609,451609,BCG_3AXIS,0,0.03059807942361795,0.05697865469516407,0.0540254584457722,0.012667017304795329,0.0001604533273999843,0.04054054054054054,0.2780640119309675,0.0009362424644140321,10.135135135135135,9.822674822907812,2.3528125496664197e-05,0.4361186256756581,0.6465616083999384,0.14273736930332878,0.2107010222967329,0.6465616083999384,,
OXFORD,OXFORD_451609_BCG_3AXIS_seg0001,OXFORD_451609_BCG_3AXIS_seg0001_c0014,424.204,424.824,0.6200000000000045,311,212102,212413,0.0511729506034767,0.040778164879074,True,,451609,451609,BCG_3AXIS,0,0.021923476167229162,0.051172950603476736,0.04642590513547441,0.009993267105383003,9.986538743953e-05,0.025806451612903226,0.14947866905632523,0.00048063880725506507,3.2258064516129035,6.254939720178345,1.838928818916997e-05,0.34862527028609874,0.39140365736688587,0.26875621875637573,0.33984012387673845,0.39140365736688587,,
OXFORD,OXFORD_451609_BCG_3AXIS_seg0001,OXFORD_451609_BCG_3AXIS_seg0001_c0015,426.158,426.878,0.7199999999999704,361,213079,213440,0.0522472525904457,0.040778164879074,True,,451609,451609,BCG_3AXIS,0,0.02655500433435511,0.052247252590445756,0.04711780191017566,0.013603392325350279,0.00018505228275739885,0.027777777777777776,0.2545657401263403,0.0007051682551976186,2.7777777777777777,5.844035392206153,5.163267718145294e-05,0.39305970206434737,0.395518132247469,0.36077783027213667,0.24370403748039435,0.395518132247469,,
OXFORD,OXFORD_451609_BCG_3AXIS_seg0001,OXFORD_451609_BCG_3AXIS_seg0001_c0016,473.662,474.996,1.3340000000000032,668,236831,237499,0.0980824289185139,0.040778164879074,True,,451609,451609,BCG_3AXIS,0,0.03905053471067844,0.09808242891851394,0.09535891144855554,0.020263200875194325,0.0004105973097084761,0.026986506746626688,1.0186627664748542,0.0015249442611899016,8.982035928143711,7.164854409779844,0.000238813021816469,0.4405036906013311,0.2475776881867648,0.6277078343693185,0.12471447744391677,0.6277078343693185,,
OXFORD,OXFORD_451609_BCG_3AXIS_seg0001,OXFORD_451609_BCG_3AXIS_seg0001_c0017,508.008,508.608,0.6000000000000227,301,254004,254305,0.0589176733646,0.040778164879074,True,,451609,451609,BCG_3AXIS,0,0.033667754230158956,0.05891767336460001,0.055898553135995004,0.013459402657454989,0.0001811555198955064,0.04,0.34118882014561824,0.0011335176749023863,6.666666666666667,11.231149289555114,3.2216928669025914e-05,0.47175575113131424,0.2608844212379806,0.6113671423889517,0.12774843637306754,0.6113671423889517,,
OXFORD,OXFORD_451609_BCG_3AXIS_seg0001,OXFORD_451609_BCG_3AXIS_seg0001_c0018,509.124,509.902,0.7779999999999632,390,254562,254952,0.0601250457168609,0.040778164879074,True,,451609,451609,BCG_3AXIS,0,0.03420034130248961,0.06012504571686091,0.05791620718704253,0.012653838614678004,0.00016011963168631612,0.03598971722365039,0.4561687046306431,0.001169663345206777,5.128205128205128,7.481894581035413,4.891053365100403e-05,0.4024224410494089,0.613909224876042,0.24611155254110076,0.13997922258285725,0.613909224876042,,
OXFORD,OXFORD_451609_BCG_3AXIS_seg0001,OXFORD_451609_BCG_3AXIS_seg0001_c0019,517.844,519.106,1.2619999999999436,632,258922,259554,0.0522430493657368,0.040778164879074,True,,451609,451609,BCG_3AXIS,0,0.024840214108483777,0.05224304936573685,0.05126294222059009,0.011172423281019537,0.00012482304197026736,0.03486529318541997,0.38996690175576,0.0006170362369553164,3.1645569620253164,7.362386937604253,6.452726088940843e-05,0.469851319699192,0.2783725890918771,0.3937238537517867,0.32790355715633623,0.3937238537517867,,
OXFORD,OXFORD_451609_BCG_3AXIS_seg0001,OXFORD_451609_BCG_3AXIS_seg0001_c0020,522.982,523.776,0.7939999999999827,398,261491,261889,0.0660390344237095,0.040778164879074,True,,451609,451609,BCG_3AXIS,0,0.03196499892709456,0.0660390344237095,0.05862321680196367,0.011887783254264012,0.00014131939070035983,0.03526448362720403,0.4066609402508442,0.0010217611564091564,5.025125628140703,6.352891612941236,5.0335970384312304e-05,0.28958029228811283,0.5517416302566278,0.2836644269157665,0.16459394282760584,0.5517416302566278,,
OXFORD,OXFORD_451609_BCG_3AXIS_seg0001,OXFORD_451609_BCG_3AXIS_seg0001_c0021,527.76,528.548,0.7880000000000109,395,263880,264275,0.059769365893872,0.040778164879074,True,,451609,451609,BCG_3AXIS,0,0.03242188570944579,0.059769365893872,0.058478364491059455,0.013042301401708947,0.00017010162585301915,0.03553299492385787,0.41521557581776425,0.0010511786729563652,5.0761421319796955,9.222478804497868,4.492837484246322e-05,0.44902348861131464,0.3959400574926505,0.3907051356852902,0.21335480682205935,0.3959400574926505,,
OXFORD,OXFORD_451609_BCG_3AXIS_seg0001,OXFORD_451609_BCG_3AXIS_seg0001_c0022,539.276,539.944,0.6680000000000064,335,269638,269973,0.0509014123780938,0.040778164879074,True,,451609,451609,BCG_3AXIS,0,0.022011285921676414,0.05090141237809387,0.048258730770445554,0.012356974443084165,0.0001526948173870352,0.023952095808383235,0.16230639715513978,0.00048449670792579037,2.994011976047904,4.456962892065049,3.2596834665235654e-05,0.3318988320034559,0.2137790425534391,0.3860266916949208,0.40019426575163997,0.40019426575163997,,
OXFORD,OXFORD_451609_BCG_3AXIS_seg0001,OXFORD_451609_BCG_3AXIS_seg0001_c0023,586.11,586.666,0.55600000000004,279,293055,293334,0.0525114575048121,0.040778164879074,True,,451609,451609,BCG_3AXIS,0,0.03136584677344613,0.052511457504812196,0.04846481989040215,0.012361131179730105,0.00015279756404249577,0.02158273381294964,0.27448475992446897,0.0009838163438153009,7.194244604316546,7.87879746202614,3.843687195472149e-05,0.35067675303271356,0.5931870234963468,0.3475673332236562,0.05924564327999704,0.5931870234963468,,
OXFORD,OXFORD_451609_BCG_3AXIS_seg0001,OXFORD_451609_BCG_3AXIS_seg0001_c0024,587.2,588.16,0.9599999999999228,481,293600,294081,0.1314675738085274,0.040778164879074,True,,451609,451609,BCG_3AXIS,0,0.05564068628729591,0.13146757380852744,0.11992789468441706,0.027933894931716823,0.0007803024860561947,0.025,1.4891211518207352,0.0030958859705212793,6.25,7.594753534218521,0.00023953179967680792,0.442274911067201,0.645851755065672,0.23307452251730612,0.12107372241702186,0.645851755065672,,
OXFORD,OXFORD_451609_BCG_3AXIS_seg0001,OXFORD_451609_BCG_3AXIS_seg0001_c0025,589.328,590.216,0.8880000000000337,445,294664,295109,0.1099248444820026,0.040778164879074,True,,451609,451609,BCG_3AXIS,0,0.044974853305115345,0.1099248444820026,0.10214052535196631,0.021033767078669094,0.00044241935751970383,0.02252252252252252,0.900118156268407,0.0020227374298166447,4.504504504504505,6.63756511708798,9.27726404459816e-05,0.36769277439383063,0.32201719046426636,0.517147567431418,0.16083524210431574,0.517147567431418,,
OXFORD,OXFORD_451609_BCG_3AXIS_seg0001,OXFORD_451609_BCG_3AXIS_seg0001_c0026,622.564,623.222,0.6580000000000155,330,311282,311612,0.048247788547065,0.040778164879074,True,,451609,451609,BCG_3AXIS,0,0.026290729216146707,0.04824778854706501,0.04541828189116884,0.012080055491590686,0.00014592774067991027,0.030395136778115502,0.22809680609652755,0.0006912024427167501,3.0303030303030303,7.161838915058029,4.18384143438129e-05,0.4372848402436667,0.40033854683361575,0.21650585714765386,0.3831555960187305,0.40033854683361575,,
OXFORD,OXFORD_451609_BCG_3AXIS_seg0001,OXFORD_451609_BCG_3AXIS_seg0001_c0027,629.872,635.014,5.142000000000053,2572,314936,317508,0.1400544547496735,0.040778164879074,True,,451609,451609,BCG_3AXIS,0,0.046636333410910835,0.14005445474967357,0.13614013375166847,0.02087351086961241,0.00043570345602382754,0.026059898872034228,5.593965211803077,0.002174947594013638,0.7776049766718507,5.725310975619001,0.0007715072995877812,0.5455284437860509,0.44743299170243034,0.38562735262685977,0.1669396556707099,0.44743299170243034,,
OXFORD,OXFORD_451609_BCG_3AXIS_seg0001,OXFORD_451609_BCG_3AXIS_seg0001_c0028,640.31,641.754,1.4440000000000737,723,320155,320878,0.1429246260256554,0.040778164879074,True,,451609,451609,BCG_3AXIS,0,0.06095727154625282,0.14292462602565548,0.1344649866712523,0.027353574702078255,0.0007482180489821755,0.027700831024930747,2.6865154140048855,0.0037157889543636036,1.3850415512465375,5.510546833291646,0.0003891824842730354,0.43476025085624376,0.2570388614576543,0.5465602814351013,0.19640085710724448,0.5465602814351013,,
OXFORD,OXFORD_451609_BCG_3AXIS_seg0001,OXFORD_451609_BCG_3AXIS_seg0001_c0029,645.094,646.172,1.0779999999999743,540,322547,323087,0.0707266564944082,0.040778164879074,True,,451609,451609,BCG_3AXIS,0,0.0341348725536911,0.07072665649440828,0.06840171071282741,0.015142630135920869,0.0002292992474332989,0.03339517625231911,0.6292023430986362,0.0011651895242567338,5.555555555555555,7.917322815979089,9.234436735745108e-05,0.4953070900397657,0.2559949924788654,0.5698989562317646,0.1741060512893699,0.5698989562317646,,
OXFORD,OXFORD_451609_BCG_3AXIS_seg0001,OXFORD_451609_BCG_3AXIS_seg0001_c0030,686.0,687.134,1.1340000000000146,568,343000,343568,0.1002978461775193,0.040778164879074,True,,451609,451609,BCG_3AXIS,0,0.0400639959886287,0.1002978461775193,0.09866919541418216,0.024214548470405012,0.0005863443576255938,0.014109347442680775,0.9117103039596544,0.0016051237745768562,1.76056338028169,5.661988747865575,0.00010528746578078254,0.3919017991896237,0.14029273108027562,0.3794021398652761,0.4803051290544483,0.4803051290544483,,
OXFORD,OXFORD_451609_BCG_3AXIS_seg0001,OXFORD_451609_BCG_3AXIS_seg0001_c0031,690.092,690.464,0.3720000000000709,187,345046,345233,0.0438066718374187,0.040778164879074,True,,451609,451609,BCG_3AXIS,0,0.022236468232549145,0.043806671837418786,0.0430312794023625,0.01280985291853967,0.00016409233179461927,0.03225806451612903,0.09246411713849029,0.0004944605194571673,5.376344086021505,13.618612970945605,4.225706540861866e-06,0.4628047108916209,0.14681123986599895,0.31288267766404604,0.540306082469955,0.540306082469955,,
OXFORD,OXFORD_451609_BCG_3AXIS_seg0001,OXFORD_451609_BCG_3AXIS_seg0001_c0032,702.148,702.588,0.4399999999999409,221,351074,351295,0.0739664974155484,0.040778164879074,True,,451609,451609,BCG_3AXIS,0,0.037480784621083105,0.07396649741554845,0.06481554518722489,0.019517391969520223,0.0003809285892918925,0.01818181818181818,0.3104628366944564,0.0014048092158120199,9.090909090909092,8.809917277201178,2.897602240186978e-05,0.35537944015302514,0.7163453463945956,0.15224207345685342,0.1314125801485511,0.7163453463945956,,
OXFORD,OXFORD_451609_BCG_3AXIS_seg0001,OXFORD_451609_BCG_3AXIS_seg0001_c0033,703.426,704.784,1.3579999999999472,680,351713,352393,0.0720272321781671,0.040778164879074,True,,451609,451609,BCG_3AXIS,0,0.03454809107130286,0.07202723217816716,0.06938627747046085,0.01698041356930566,0.00028833444498465986,0.029455081001472753,0.811628005736305,0.0011935705966710367,1.4705882352941175,6.672327365593665,0.00014715466266882116,0.45421887267603167,0.3238905747002869,0.4863131650910502,0.18979626020866294,0.4863131650910502,,
OXFORD,OXFORD_451609_BCG_3AXIS_seg0001,OXFORD_451609_BCG_3AXIS_seg0001_c0034,705.416,706.026,0.6099999999999,306,352708,353014,0.0529447057551208,0.040778164879074,True,,451609,451609,BCG_3AXIS,0,0.02785556936169771,0.05294470575512082,0.04439840301463078,0.011127493031120877,0.00012382110115764368,0.02622950819672131,0.23743541980609176,0.0007759327444643522,6.5359477124183005,6.733603490940889,4.220240095560535e-05,0.3176566223070046,0.44222126139531187,0.38112407490020755,0.17665466370448069,0.44222126139531187,,
OXFORD,OXFORD_451609_BCG_3AXIS_seg0001,OXFORD_451609_BCG_3AXIS_seg0001_c0035,713.092,713.796,0.7040000000000646,353,356546,356899,0.0514064036441708,0.040778164879074,True,,451609,451609,BCG_3AXIS,0,0.02597251280193249,0.051406403644170845,0.04500224046437014,0.010445899505960997,0.00010911681648863621,0.03977272727272727,0.23812371170003113,0.0006745714212465471,5.6818181818181825,8.429382520516825,2.676036410659374e-05,0.4450373318462124,0.2694733226564422,0.45871581968871133,0.27181085765484647,0.45871581968871133,,
OXFORD,OXFORD_451609_BCG_3AXIS_seg0001,OXFORD_451609_BCG_3AXIS_seg0001_c0036,718.376,720.572,2.1960000000000264,1099,359188,360287,0.1141354677021859,0.040778164879074,True,,451609,451609,BCG_3AXIS,0,0.04240745036176247,0.11413546770218595,0.1111143545299526,0.018645910434293745,0.00034766997592370437,0.029143897996357013,1.9764326389576974,0.001798391846185348,0.9107468123861566,5.548535068944711,0.0003542757438393676,0.4818540260382462,0.2154940028391147,0.6692990471811098,0.11520694997977556,0.6692990471811098,,
OXFORD,OXFORD_451609_BCG_3AXIS_seg0001,OXFORD_451609_BCG_3AXIS_seg0001_c0037,722.52,723.28,0.7599999999999909,381,361260,361641,0.0896986479726291,0.040778164879074,True,,451609,451609,BCG_3AXIS,0,0.03858522024882153,0.08969864797262914,0.08855001725137616,0.021760039923624047,0.0004734993374777124,0.02631578947368421,0.5672401234486756,0.0014888192216500672,2.6315789473684212,8.280139387327516,9.389040613348369e-05,0.41934326343947687,0.24760881169851964,0.5674476305075173,0.18494355779396301,0.5674476305075173,,
OXFORD,OXFORD_451609_BCG_3AXIS_seg0001,OXFORD_451609_BCG_3AXIS_seg0001_c0038,751.726,752.308,0.5819999999999936,292,375863,376155,0.0462418651915744,0.040778164879074,True,,451609,451609,BCG_3AXIS,0,0.02181466429562426,0.046241865191574485,0.04287833366461062,0.011624901457997555,0.00013513833390815366,0.027491408934707903,0.13895683687258886,0.0004758795783307838,3.4246575342465757,7.372210829287669,1.1702074734772391e-05,0.3669115605460743,0.36647549656163303,0.37777654274833683,0.2557479606900302,0.37777654274833683,,
OXFORD,OXFORD_451609_BCG_3AXIS_seg0001,OXFORD_451609_BCG_3AXIS_seg0001_c0039,780.056,780.836,0.7799999999999727,391,390028,390419,0.0480859403143253,0.040778164879074,True,,451609,451609,BCG_3AXIS,0,0.028796554610303008,0.04808594031432534,0.044515573225661235,0.010601217607939604,0.0001123858147708887,0.046153846153846156,0.3242334489528479,0.0008292415574241635,2.564102564102564,7.661887350683584,3.604315527964569e-05,0.455345424735984,0.2994000699420099,0.270495425907054,0.43010450415093604,0.43010450415093604,,
OXFORD,OXFORD_451609_BCG_3AXIS_seg0001,OXFORD_451609_BCG_3AXIS_seg0001_c0040,871.314,872.044,0.7300000000000182,366,435657,436023,0.1051585190747473,0.040778164879074,True,,451609,451609,BCG_3AXIS,0,0.051424482714604605,0.10515851907474737,0.09675087833330981,0.023626186550801006,0.0005581966909332503,0.0273972602739726,0.9678787366220682,0.0026444774224646675,5.46448087431694,5.420256339458474,0.00015131789349925287,0.3711358857048524,0.5325870225980326,0.3441517064663195,0.12326127093564797,0.5325870225980326,,
OXFORD,OXFORD_451609_BCG_3AXIS_seg0001,OXFORD_451609_BCG_3AXIS_seg0001_c0041,872.664,873.884,1.2200000000000273,611,436332,436943,0.1652341911524041,0.040778164879074,True,,451609,451609,BCG_3AXIS,0,0.05063129041670702,0.16523419115240412,0.15959762746386497,0.028459411597571767,0.0008099381084800024,0.027868852459016394,1.5663153448184273,0.0025635275692609282,1.639344262295082,5.524056726800374,0.0006117546971839164,0.4203854783455455,0.5405758436538041,0.29360558752630395,0.16581856881989207,0.5405758436538041,,
OXFORD,OXFORD_451625_BCG_3AXIS_seg0001,OXFORD_451625_BCG_3AXIS_seg0001_c0001,0.774,2.822,2.048,1025,387,1412,1.5838257294814142,0.0369091275613002,True,,451625,451625,BCG_3AXIS,0,0.16906716432903712,1.5838257294814142,1.5807350217562277,0.1553786636405038,0.024142529114708815,0.015625,29.298298705618183,0.02858370605426164,1.953125,8.729259149573592,0.0341319278919802,0.5704640442371126,0.154561567715404,0.23496173768278547,0.6104766946018105,0.6104766946018105,,
OXFORD,OXFORD_451625_BCG_3AXIS_seg0001,OXFORD_451625_BCG_3AXIS_seg0001_c0002,4.182,7.114,2.9319999999999995,1467,2091,3558,0.0959201992209933,0.0369091275613002,True,,451625,451625,BCG_3AXIS,0,0.03267672277329017,0.09592019922099339,0.09380052195498531,0.01519438167200358,0.00023086923439451828,0.02455661664392906,1.5664159658340098,0.0010677682112024607,0.6821282401091405,4.64168655315151,0.0003293982822847775,0.47933617203004525,0.2565198409124391,0.33732833036967086,0.40615182871788996,0.40615182871788996,,
OXFORD,OXFORD_451625_BCG_3AXIS_seg0001,OXFORD_451625_BCG_3AXIS_seg0001_c0003,45.206,45.668,0.4619999999999962,232,22603,22835,0.0418067078605746,0.0369091275613002,True,,451625,451625,BCG_3AXIS,0,0.02213329939481123,0.0418067078605746,0.04077244271402392,0.010810094377905475,0.00011685814045922358,0.025974025974025976,0.11365284256728149,0.0004898829421003513,8.620689655172413,7.475540235631397,1.0097291870766495e-05,0.3474982637990227,0.23611672111448256,0.5413261067451982,0.22255717214031923,0.5413261067451982,,
OXFORD,OXFORD_451625_BCG_3AXIS_seg0001,OXFORD_451625_BCG_3AXIS_seg0001_c0004,51.994,52.366,0.3719999999999999,187,25997,26184,0.0374617027428136,0.0369091275613002,True,,451625,451625,BCG_3AXIS,0,0.02162151456203935,0.03746170274281363,0.035728555125769584,0.008643810697055181,7.471546336652559e-05,0.03225806451612903,0.08742060979586169,0.0004674898919564796,10.75268817204301,9.55662832668179,7.072434108960148e-06,0.38602374722898,0.2720356408552297,0.5205916622167838,0.20737269692798643,0.5205916622167838,,
OXFORD,OXFORD_451625_BCG_3AXIS_seg0001,OXFORD_451625_BCG_3AXIS_seg0001_c0005,59.588,60.398,0.8100000000000023,406,29794,30200,0.0453031157126859,0.0369091275613002,True,,451625,451625,BCG_3AXIS,0,0.02330301101543984,0.045303115712685936,0.04177186361018096,0.011216074586336729,0.0001258003291262686,0.024691358024691357,0.22047031088859848,0.0005430303223857105,2.463054187192118,5.201331612251874,4.399607548512532e-05,0.3610639040304678,0.2554158930415714,0.5665261695464631,0.17805793741196543,0.5665261695464631,,
OXFORD,OXFORD_451625_BCG_3AXIS_seg0001,OXFORD_451625_BCG_3AXIS_seg0001_c0006,69.544,69.886,0.3419999999999987,172,34772,34944,0.0401122315960555,0.0369091275613002,True,,451625,451625,BCG_3AXIS,0,0.021190516360801798,0.040112231596055585,0.035388891829853775,0.011421393520269585,0.00013044822994485607,0.023391812865497075,0.07723453318563428,0.0004490379836374086,5.813953488372093,7.022845476184431,4.888256357444166e-06,0.2548711008102361,0.1631444444519054,0.6499259670408549,0.18692958850723973,0.6499259670408549,,
OXFORD,OXFORD_451625_BCG_3AXIS_seg0001,OXFORD_451625_BCG_3AXIS_seg0001_c0007,74.848,75.236,0.3880000000000052,195,37424,37619,0.0783918503486507,0.0369091275613002,True,,451625,451625,BCG_3AXIS,0,0.039854516173528455,0.07839185034865075,0.07583067412114104,0.022350692728141098,0.0004995534654277793,0.010309278350515464,0.3097345795880781,0.0015883824594260414,5.154639175257731,6.588083232011901,3.7408084229588614e-05,0.18479666739805248,0.3299768790965772,0.556018830559543,0.1140042903438797,0.556018830559543,,
OXFORD,OXFORD_451625_BCG_3AXIS_seg0001,OXFORD_451625_BCG_3AXIS_seg0001_c0008,75.894,76.41,0.5159999999999911,259,37947,38206,0.044948603005697,0.0369091275613002,True,,451625,451625,BCG_3AXIS,0,0.021223889341779285,0.04494860300569701,0.04120497984969049,0.010076049878388785,0.00010152678115177865,0.03875968992248062,0.11666745100715191,0.0004504534787920923,11.627906976744185,9.044152321228475,8.746200849537845e-06,0.43772724327268386,0.30605804174713863,0.5343707291094656,0.15957122914339583,0.5343707291094656,,
OXFORD,OXFORD_451625_BCG_3AXIS_seg0001,OXFORD_451625_BCG_3AXIS_seg0001_c0009,97.532,97.872,0.3400000000000034,171,48766,48937,0.0379727703244796,0.0369091275613002,True,,451625,451625,BCG_3AXIS,0,0.02152020957768018,0.03797277032447965,0.029687409448173337,0.007451521760292007,5.552517654410529e-05,0.047058823529411764,0.07919342086570451,0.0004631194202672778,17.64705882352941,12.476682366683873,1.8150093926939315e-06,0.4172998510399204,0.2050707022942697,0.5906296348489437,0.20429966285678652,0.5906296348489437,,
OXFORD,OXFORD_451625_BCG_3AXIS_seg0001,OXFORD_451625_BCG_3AXIS_seg0001_c0010,121.588,121.892,0.304000000000002,153,60794,60947,0.0388277006827061,0.0369091275613002,True,,451625,451625,BCG_3AXIS,0,0.01998316842770947,0.038827700682706176,0.03620332637554236,0.00888104158346518,7.88728996072377e-05,0.039473684210526314,0.061097034122761296,0.00039932702041020455,6.578947368421053,12.15814007026513,3.948716235440508e-06,0.4328685907255234,0.17116462284069012,0.4188693633241891,0.4099660138351207,0.4188693633241891,,
OXFORD,OXFORD_451625_BCG_3AXIS_seg0001,OXFORD_451625_BCG_3AXIS_seg0001_c0011,192.03,192.402,0.3719999999999857,187,96015,96202,0.0430188719480111,0.0369091275613002,True,,451625,451625,BCG_3AXIS,0,0.02190555766726606,0.0430188719480111,0.039744627675537464,0.00998653523019149,9.973088590385579e-05,0.021505376344086023,0.08973259640550284,0.00047985345671391894,5.376344086021505,6.584434178371437,8.235026395535297e-06,0.31017183821511446,0.19496983595258413,0.5466913885325363,0.25833877551487966,0.5466913885325363,,
OXFORD,OXFORD_451625_BCG_3AXIS_seg0001,OXFORD_451625_BCG_3AXIS_seg0001_c0012,225.048,225.348,0.3000000000000113,151,112524,112675,0.0378608584677045,0.0369091275613002,True,,451625,451625,BCG_3AXIS,0,0.022954953474056218,0.037860858467704504,0.03428267892013094,0.008562117580489846,7.33098574621333e-05,0.04,0.07956641323840893,0.0005269298889960856,13.333333333333334,12.745885368502215,4.342221950750088e-06,0.4009426719763891,0.2909844678050645,0.4452278342219223,0.2637876979730132,0.4452278342219223,,
OXFORD,OXFORD_451625_BCG_3AXIS_seg0001,OXFORD_451625_BCG_3AXIS_seg0001_c0013,235.852,236.226,0.3739999999999952,188,117926,118114,0.0642745944700224,0.0369091275613002,True,,451625,451625,BCG_3AXIS,0,0.032032465572231654,0.06427459447002248,0.05624362544159783,0.01380558210342184,0.0001905940972143214,0.0213903743315508,0.19290282391960678,0.0010260788506362064,10.638297872340425,10.285142647555075,1.0102185339480431e-05,0.361721219490249,0.10455089250411338,0.6379038772106392,0.2575452302852473,0.6379038772106392,,
OXFORD,OXFORD_451625_BCG_3AXIS_seg0001,OXFORD_451625_BCG_3AXIS_seg0001_c0014,264.398,265.024,0.6259999999999764,314,132199,132513,0.0446622737529926,0.0369091275613002,True,,451625,451625,BCG_3AXIS,0,0.02642823208680995,0.04466227375299269,0.041302650655709025,0.009890467277225309,9.782134296186461e-05,0.03194888178913738,0.21931375568756742,0.0006984514512342911,6.369426751592357,8.323715176468815,1.4336250458876621e-05,0.4297068673755278,0.4411033624687868,0.37712471813690723,0.18177191939430593,0.4411033624687868,,
OXFORD,OXFORD_451625_BCG_3AXIS_seg0001,OXFORD_451625_BCG_3AXIS_seg0001_c0015,273.132,273.696,0.5640000000000214,283,136566,136849,0.0448494561653916,0.0369091275613002,True,,451625,451625,BCG_3AXIS,0,0.023076367793385334,0.04484945616539167,0.040235399017219745,0.010106185735939386,0.0001021349901293047,0.028368794326241134,0.15070280640157252,0.000532518750535592,3.5460992907801416,8.478902037858843,1.0733914642919133e-05,0.4334535000994412,0.29784660043200833,0.42536784541796874,0.27678555415002287,0.42536784541796874,,
OXFORD,OXFORD_451625_BCG_3AXIS_seg0001,OXFORD_451625_BCG_3AXIS_seg0001_c0016,276.562,277.358,0.7959999999999923,399,138281,138680,0.0457528654824423,0.0369091275613002,True,,451625,451625,BCG_3AXIS,0,0.021281093599731373,0.04575286548244231,0.04311132720985915,0.010984963915723485,0.00012066943222974705,0.035175879396984924,0.18070109297541048,0.00045288494480052755,2.5125628140703515,6.861185599911816,2.7776003673921623e-05,0.41496580266425565,0.13974816921406255,0.36709567966941925,0.4931561511165182,0.4931561511165182,,
OXFORD,OXFORD_451625_BCG_3AXIS_seg0001,OXFORD_451625_BCG_3AXIS_seg0001_c0017,293.244,293.916,0.6719999999999686,337,146622,146959,0.0774263602942698,0.0369091275613002,True,,451625,451625,BCG_3AXIS,0,0.03881169959521779,0.07742636029426983,0.07409146556747082,0.017591534298033763,0.00030946207895889827,0.017857142857142856,0.5076392845831975,0.0015063480254694289,5.952380952380952,5.086221032601924,8.048021860804703e-05,0.26641287031869565,0.3036478936005997,0.5037638729603997,0.19258823343900056,0.5037638729603997,,
OXFORD,OXFORD_451625_BCG_3AXIS_seg0001,OXFORD_451625_BCG_3AXIS_seg0001_c0018,298.07,298.626,0.5559999999999832,279,149035,149314,0.0474046223777496,0.0369091275613002,True,,451625,451625,BCG_3AXIS,0,0.020099430964366043,0.047404622377749624,0.04331794073610842,0.010700975419204055,0.0001145108749224094,0.02158273381294964,0.11271240790047729,0.00040398712509131645,3.597122302158273,8.117914351347197,5.724679281811189e-06,0.4297305991558651,0.19876946610169666,0.4993580998186691,0.30187243407963427,0.4993580998186691,,
OXFORD,OXFORD_451625_BCG_3AXIS_seg0001,OXFORD_451625_BCG_3AXIS_seg0001_c0019,308.254,309.916,1.6619999999999775,832,154127,154959,0.1742898584296192,0.0369091275613002,True,,451625,451625,BCG_3AXIS,0,0.05025987088936388,0.1742898584296192,0.1684962379127988,0.03070116200893986,0.0009425613486991721,0.024067388688327317,2.101677445350518,0.0025260546218155264,1.2019230769230769,4.97064734880618,0.000730085509685005,0.4226472068137319,0.32527892297063143,0.3486277049481776,0.32609337208119105,0.3486277049481776,,
OXFORD,OXFORD_451625_BCG_3AXIS_seg0001,OXFORD_451625_BCG_3AXIS_seg0001_c0020,314.192,314.752,0.5600000000000023,281,157096,157377,0.0779444649398112,0.0369091275613002,True,,451625,451625,BCG_3AXIS,0,0.03631538232869573,0.07794446493981126,0.06703880332842883,0.01649935686676915,0.00027222877701700224,0.02142857142857143,0.3705847652238963,0.0013188069936793461,3.571428571428571,5.702513049672483,7.805589988725908e-05,0.28520948188090456,0.16896897123623983,0.49877503086471403,0.33225599789904614,0.49877503086471403,,
OXFORD,OXFORD_451625_BCG_3AXIS_seg0001,OXFORD_451625_BCG_3AXIS_seg0001_c0021,320.566,320.994,0.4280000000000541,215,160283,160498,0.0500975296689183,0.0369091275613002,True,,451625,451625,BCG_3AXIS,0,0.024612019573049308,0.05009752966891838,0.04167236482469957,0.012313264057037226,0.00015161647173832484,0.018691588785046728,0.1302365741047949,0.0006057515074641622,4.672897196261682,6.976970787028789,1.2223606430953198e-05,0.29774980029508796,0.18414810107640822,0.6423072207223597,0.17354467820123207,0.6423072207223597,,
OXFORD,OXFORD_451625_BCG_3AXIS_seg0001,OXFORD_451625_BCG_3AXIS_seg0001_c0022,344.622,344.996,0.3739999999999668,188,172311,172499,0.0426882457973675,0.0369091275613002,True,,451625,451625,BCG_3AXIS,0,0.0205650338554314,0.042688245797367526,0.03943438164688999,0.010552889477173262,0.00011136347631743416,0.0106951871657754,0.07950907608530747,0.0004229206174750397,5.319148936170213,6.882113287299806,5.558962660815245e-06,0.36632103048557946,0.22734811714276168,0.5086342721136606,0.26401761074357777,0.5086342721136606,,
OXFORD,OXFORD_451625_BCG_3AXIS_seg0001,OXFORD_451625_BCG_3AXIS_seg0001_c0023,352.76,353.51,0.75,376,176380,176756,0.0469298879199806,0.0369091275613002,True,,451625,451625,BCG_3AXIS,0,0.020845413513018524,0.04692988791998064,0.045320406823400494,0.010299563114336063,0.00010608100034619199,0.037333333333333336,0.16338375546280445,0.0004345312645287352,10.638297872340425,9.296367052552702,1.8298534158014725e-05,0.44512958411141457,0.23656633243864597,0.3930467809771479,0.37038688658420615,0.3930467809771479,,
OXFORD,OXFORD_451625_BCG_3AXIS_seg0001,OXFORD_451625_BCG_3AXIS_seg0001_c0024,362.752,363.514,0.7620000000000005,382,181376,181758,0.0397853549576676,0.0369091275613002,True,,451625,451625,BCG_3AXIS,0,0.02051796469840811,0.039785354957667635,0.03877838284975781,0.010471540702459484,0.00010965316468326567,0.026246719160104987,0.16081698638947636,0.00042098687536512136,2.6178010471204187,6.194537916550035,1.271028624550779e-05,0.3973182515343848,0.212431460899321,0.5310939747794684,0.2564745643212105,0.5310939747794684,,
OXFORD,OXFORD_451625_BCG_3AXIS_seg0001,OXFORD_451625_BCG_3AXIS_seg0001_c0025,377.836,378.37,0.5339999999999918,268,188918,189186,0.0395545272084898,0.0369091275613002,True,,451625,451625,BCG_3AXIS,0,0.017422474184238673,0.039554527208489815,0.039197131014901,0.010190675535773635,0.00010384986787541528,0.02247191011235955,0.0813494185957241,0.00030354260670046305,7.462686567164178,8.092402468363039,6.507771988484185e-06,0.4103278271623035,0.22464113012342693,0.5637979368614549,0.21156093301511827,0.5637979368614549,,
OXFORD,OXFORD_451625_BCG_3AXIS_seg0001,OXFORD_451625_BCG_3AXIS_seg0001_c0026,389.916,390.322,0.4060000000000059,204,194958,195162,0.0400765960423528,0.0369091275613002,True,,451625,451625,BCG_3AXIS,0,0.0220715587975602,0.04007659604235281,0.03768991881339277,0.009543288254725604,9.107435071278366e-05,0.03940886699507389,0.09937935638184804,0.0004871537077541571,9.80392156862745,12.079482818494014,6.905648958856277e-06,0.4034917772843476,0.14860273780437075,0.5447373741475493,0.30665988804807987,0.5447373741475493,,
OXFORD,OXFORD_451625_BCG_3AXIS_seg0001,OXFORD_451625_BCG_3AXIS_seg0001_c0027,408.268,412.532,4.26400000000001,2133,204134,206267,0.2426097520145156,0.0369091275613002,True,,451625,451625,BCG_3AXIS,0,0.06497724939457011,0.2426097520145156,0.24135983089315205,0.040062536209479076,0.0016050068075358218,0.03189493433395872,9.00561758863992,0.004222042938884163,0.4690431519699812,7.516142361744341,0.0023734636803658367,0.5555803900190767,0.1255672299296387,0.1914868209915465,0.6829459490788148,0.6829459490788148,,
OXFORD,OXFORD_451625_BCG_3AXIS_seg0001,OXFORD_451625_BCG_3AXIS_seg0001_c0028,414.038,414.578,0.5399999999999636,271,207019,207290,0.0514647376536291,0.0369091275613002,True,,451625,451625,BCG_3AXIS,0,0.03393667945421589,0.0514647376536291,0.043499809561034074,0.011586551056137638,0.00013424816537648424,0.02962962962962963,0.3121102155544919,0.001151698212378199,3.7037037037037033,6.308667831081565,3.32996007442057e-05,0.37757977590541997,0.5748802192829457,0.1465851853649697,0.2785345953520846,0.5748802192829457,,
OXFORD,OXFORD_451625_BCG_3AXIS_seg0001,OXFORD_451625_BCG_3AXIS_seg0001_c0029,415.336,416.114,0.7779999999999632,390,207668,208058,0.1462840011931592,0.0369091275613002,True,,451625,451625,BCG_3AXIS,0,0.060413129390092635,0.14628400119315926,0.1410637201406485,0.026032101915701385,0.0006776703301494637,0.05141388174807198,1.4234010190545892,0.0036497462027040746,5.128205128205128,13.796872090927645,0.00018322122914537074,0.5604712287941983,0.06467075479309722,0.3086597908106256,0.6266694543962772,0.6266694543962772,,
OXFORD,OXFORD_451625_BCG_3AXIS_seg0001,OXFORD_451625_BCG_3AXIS_seg0001_c0030,420.278,420.694,0.4159999999999968,209,210139,210348,0.0406352032499012,0.0369091275613002,True,,451625,451625,BCG_3AXIS,0,0.021308460380257497,0.04063520324990121,0.03227529436807061,0.009194438180990536,8.453769346405656e-05,0.028846153846153848,0.09489655110939374,0.00045405048377700354,4.8076923076923075,7.848399523204685,4.86294508096074e-06,0.40523473438820773,0.13605963139464644,0.6872371889396384,0.17670317966571514,0.6872371889396384,,
OXFORD,OXFORD_451625_BCG_3AXIS_seg0001,OXFORD_451625_BCG_3AXIS_seg0001_c0031,430.372,430.782,0.4099999999999681,206,215186,215392,0.0457831552457462,0.0369091275613002,True,,451625,451625,BCG_3AXIS,0,0.02263433327659511,0.045783155245746276,0.04094882552592883,0.009780288164488046,9.565403658042497e-05,0.02926829268292683,0.10553648683245205,0.0005123130428759808,14.563106796116504,10.819761186647705,5.6658559404653015e-06,0.4090385123246395,0.11127330285198545,0.6254119029514638,0.26331479419655074,0.6254119029514638,,
OXFORD,OXFORD_451625_BCG_3AXIS_seg0001,OXFORD_451625_BCG_3AXIS_seg0001_c0032,471.858,472.658,0.8000000000000114,401,235929,236330,0.0465597251717223,0.0369091275613002,True,,451625,451625,BCG_3AXIS,0,0.024867281610617614,0.04655972517172236,0.0411388913786415,0.01031581440705775,0.00010641602688086024,0.05,0.24797105957540616,0.000618381694701761,5.0,10.66051590541474,3.456243742543914e-05,0.49015157464617776,0.2700316388807725,0.3632307257656522,0.36673763535357534,0.36673763535357534,,
OXFORD,OXFORD_451625_BCG_3AXIS_seg0001,OXFORD_451625_BCG_3AXIS_seg0001_c0033,473.712,474.18,0.4680000000000177,235,236856,237091,0.048240461146871,0.0369091275613002,True,,451625,451625,BCG_3AXIS,0,0.027887153048625327,0.04824046114687108,0.04077653419953378,0.011322780573235967,0.0001282053599096498,0.017094017094017096,0.18275792671200142,0.0007776933051574529,4.273504273504273,5.725230942741168,2.3699346598000583e-05,0.3330702399137977,0.33985226158154674,0.5155920718785785,0.14455566653987478,0.5155920718785785,,
OXFORD,OXFORD_451625_BCG_3AXIS_seg0001,OXFORD_451625_BCG_3AXIS_seg0001_c0034,475.42,475.718,0.2980000000000018,150,237710,237860,0.0434936357453625,0.0369091275613002,True,,451625,451625,BCG_3AXIS,0,0.02930377683455835,0.043493635745362594,0.03250796838486711,0.009967459260452931,9.935024410878892e-05,0.026845637583892617,0.1288067005154398,0.0008587113367695986,6.666666666666667,9.651081564990678,8.516780887574512e-06,0.2992926303384946,0.20467082651207022,0.6995813022081983,0.09574787127973157,0.6995813022081983,,
OXFORD,OXFORD_451625_BCG_3AXIS_seg0001,OXFORD_451625_BCG_3AXIS_seg0001_c0035,476.452,477.248,0.7959999999999923,399,238226,238625,0.0481588991956471,0.0369091275613002,True,,451625,451625,BCG_3AXIS,0,0.022706433723266587,0.048158899195647115,0.04367302930729606,0.011730642820087307,0.00013760798097246587,0.02512562814070352,0.20571727083921015,0.0005155821324290982,5.025125628140703,5.933669516981385,3.788675179064387e-05,0.38271011007286687,0.19310012121421888,0.650504781573814,0.15639509721196715,0.650504781573814,,
OXFORD,OXFORD_451625_BCG_3AXIS_seg0001,OXFORD_451625_BCG_3AXIS_seg0001_c0036,484.54,485.018,0.4779999999999518,240,242270,242510,0.0443075797395337,0.0369091275613002,True,,451625,451625,BCG_3AXIS,0,0.023167564309617503,0.044307579739533705,0.03925918492688315,0.010012627420810776,0.00010025270786797185,0.02510460251046025,0.12881664864966305,0.0005367360360402627,4.166666666666667,9.953136716030041,6.612651455913257e-06,0.38873027602172305,0.3533140074657909,0.36094469870797813,0.28574129382623104,0.36094469870797813,,
OXFORD,OXFORD_451625_BCG_3AXIS_seg0001,OXFORD_451625_BCG_3AXIS_seg0001_c0037,495.052,495.478,0.4259999999999877,214,247526,247740,0.0658899356804404,0.0369091275613002,True,,451625,451625,BCG_3AXIS,0,0.029630401830211272,0.06588993568044044,0.06434060507675986,0.0170209522039012,0.0002897128139274892,0.018779342723004695,0.18788359250063452,0.0008779607126197875,4.672897196261682,6.216017203469731,3.946471313418615e-05,0.3157159314452833,0.3143245224108575,0.5974801041965624,0.0881953733925801,0.5974801041965624,,
OXFORD,OXFORD_451625_BCG_3AXIS_seg0001,OXFORD_451625_BCG_3AXIS_seg0001_c0038,496.202,496.964,0.7620000000000005,382,248101,248483,0.0508475143489892,0.0369091275613002,True,,451625,451625,BCG_3AXIS,0,0.024766729160889643,0.050847514348989285,0.046374875935265084,0.011427594406503983,0.0001305899139195611,0.02099737532808399,0.23431531361162505,0.0006133908733288614,2.6178010471204187,5.437684804914837,3.0932709736487525e-05,0.38193786173056965,0.24324906204362357,0.6253163528574199,0.1314345850989565,0.6253163528574199,,
OXFORD,OXFORD_451625_BCG_3AXIS_seg0001,OXFORD_451625_BCG_3AXIS_seg0001_c0039,498.362,498.676,0.3139999999999645,158,249181,249339,0.0497159193216173,0.0369091275613002,True,,451625,451625,BCG_3AXIS,0,0.0298923153290184,0.0497159193216173,0.044241243402717866,0.011701405656199272,0.0001369228943309323,0.025477707006369428,0.14118098148525599,0.0008935505157294683,12.658227848101266,10.808343650413974,9.713740712083066e-06,0.29251408236627396,0.27239088594425925,0.5030897692167866,0.2245193448389541,0.5030897692167866,,
OXFORD,OXFORD_451625_BCG_3AXIS_seg0001,OXFORD_451625_BCG_3AXIS_seg0001_c0040,500.398,500.824,0.4259999999999877,214,250199,250413,0.040310296306717,0.0369091275613002,True,,451625,451625,BCG_3AXIS,0,0.024044250703529932,0.04031029630671702,0.03532193448435207,0.010955172349488706,0.00012001580120700189,0.018779342723004695,0.12371896226535872,0.0005781259918941997,4.672897196261682,8.561554633507555,1.242772013649803e-05,0.32487649994269086,0.12477666321207181,0.7348433925384744,0.1403799442494537,0.7348433925384744,,
OXFORD,OXFORD_451625_BCG_3AXIS_seg0001,OXFORD_451625_BCG_3AXIS_seg0001_c0041,506.818,507.842,1.024000000000001,513,253409,253922,0.0619634723525313,0.0369091275613002,True,,451625,451625,BCG_3AXIS,0,0.025420003055070993,0.06196347235253139,0.0584375275866386,0.011978492959314966,0.00014348429357635822,0.03125,0.33148857287906697,0.0006461765553198186,3.90625,5.97981860264673,8.721660813957533e-05,0.41765936650770796,0.28861435737838326,0.5641690525476927,0.14721659007392407,0.5641690525476927,,
OXFORD,OXFORD_451625_BCG_3AXIS_seg0001,OXFORD_451625_BCG_3AXIS_seg0001_c0042,537.548,537.962,0.4139999999999872,208,268774,268982,0.0452779906055618,0.0369091275613002,True,,451625,451625,BCG_3AXIS,0,0.02494313072994161,0.04527799060556189,0.03738687232482765,0.01085262040303695,0.00011777936961241388,0.028985507246376812,0.12940923228707918,0.0006221597706109576,4.8076923076923075,9.276342062242604,9.71281206699628e-06,0.40088172306133374,0.09754631549420023,0.6605731208790672,0.24188056362673258,0.6605731208790672,,
OXFORD,OXFORD_451625_BCG_3AXIS_seg0001,OXFORD_451625_BCG_3AXIS_seg0001_c0043,548.926,549.606,0.67999999999995,341,274463,274804,0.0430085039857782,0.0369091275613002,True,,451625,451625,BCG_3AXIS,0,0.024718269874427493,0.043008503985778254,0.04014355871828149,0.011000253395089294,0.00012100557475617356,0.03529411764705882,0.20834856716449512,0.0006109928655850297,8.823529411764705,9.87454345910258,3.222782782143152e-05,0.42127624877258835,0.22646810826372432,0.43000480938727115,0.3435270823490046,0.43000480938727115,,
OXFORD,OXFORD_451625_BCG_3AXIS_seg0001,OXFORD_451625_BCG_3AXIS_seg0001_c0044,551.794,552.232,0.4379999999999882,220,275897,276117,0.0453276238285669,0.0369091275613002,True,,451625,451625,BCG_3AXIS,0,0.02442050400207284,0.045327623828566956,0.042970014096154405,0.011668108582422414,0.0001361447578911996,0.0273972602739726,0.13119942345735625,0.0005963610157152557,4.545454545454546,8.041877234428245,1.5614665264142172e-05,0.4054635902349249,0.07557749728761723,0.731486164419727,0.1929363382926556,0.731486164419727,,
OXFORD,OXFORD_451625_BCG_3AXIS_seg0001,OXFORD_451625_BCG_3AXIS_seg0001_c0045,596.378,596.698,0.3199999999999363,161,298189,298350,0.0403571466558092,0.0369091275613002,True,,451625,451625,BCG_3AXIS,0,0.02141884690294205,0.040357146655809265,0.03893505696792704,0.011226885758955347,0.00012604296384463438,0.0375,0.07386148742691892,0.0004587670026516703,6.25,8.308148568849012,1.0296840026051778e-05,0.3622499118999674,0.23309632306484768,0.46902441461022937,0.297879262324923,0.46902441461022937,,
OXFORD,OXFORD_451625_BCG_3AXIS_seg0001,OXFORD_451625_BCG_3AXIS_seg0001_c0046,602.802,603.914,1.1119999999999663,557,301401,301958,0.0559730845778009,0.0369091275613002,True,,451625,451625,BCG_3AXIS,0,0.027212999964910275,0.055973084577800945,0.055448382910374655,0.01447474162488953,0.0002095181451073096,0.025179856115107913,0.41248488346924506,0.0007405473670902066,1.7985611510791366,8.154866473733023,5.5746909052343856e-05,0.497729514377485,0.15912402599281492,0.3108901419766343,0.5299858320305508,0.5299858320305508,,
OXFORD,OXFORD_451625_BCG_3AXIS_seg0001,OXFORD_451625_BCG_3AXIS_seg0001_c0047,628.73,629.386,0.6559999999999491,329,314365,314694,0.1965188799629677,0.0369091275613002,True,,451625,451625,BCG_3AXIS,0,0.06085785019405292,0.19651887996296777,0.1904507850525943,0.041401358838571864,0.0017140725136801926,0.03048780487804878,1.2185100390495478,0.0037036779302417866,3.048780487804878,9.506441206963476,0.00042269075478159674,0.4798687327361893,0.04811011438219353,0.08068865670307,0.8712012289147365,0.8712012289147365,,
OXFORD,OXFORD_451625_BCG_3AXIS_seg0001,OXFORD_451625_BCG_3AXIS_seg0001_c0048,652.984,653.408,0.4239999999999781,213,326492,326705,0.1229262778548548,0.0369091275613002,True,,451625,451625,BCG_3AXIS,0,0.06618072936829043,0.12292627785485481,0.1039938222216095,0.025995089833654186,0.0006757446954597512,0.018867924528301886,0.9329163441601258,0.0043798889397189,4.716981132075472,6.701933902056567,0.0001602345459167718,0.2477633520334536,0.2681939121853279,0.5878696826344035,0.14393640518026857,0.5878696826344035,,
OXFORD,OXFORD_451625_BCG_3AXIS_seg0001,OXFORD_451625_BCG_3AXIS_seg0001_c0049,657.708,658.676,0.9680000000000746,485,328854,329339,0.1004746554168738,0.0369091275613002,True,,451625,451625,BCG_3AXIS,0,0.04264198107615907,0.10047465541687382,0.09137164563239211,0.022227972888965938,0.0004940827787526048,0.024793388429752067,0.8818941967982614,0.0018183385500995081,2.066115702479339,5.042100649312065,0.00019777107056789497,0.38135053912523753,0.35277550875342667,0.30968026796147774,0.33754422328509553,0.35277550875342667,,
OXFORD,OXFORD_451625_BCG_3AXIS_seg0001,OXFORD_451625_BCG_3AXIS_seg0001_c0050,662.31,663.036,0.7259999999999991,364,331155,331519,0.0433259554656992,0.0369091275613002,True,,451625,451625,BCG_3AXIS,0,0.02421488948663929,0.043325955465699215,0.03622615037250281,0.008797532851933248,7.739658428084475e-05,0.02203856749311295,0.2134353577174561,0.0005863608728501541,2.7472527472527473,6.656933975318279,1.4465961721668703e-05,0.4022693803831668,0.2437001912601337,0.45433968236192807,0.3019601263779382,0.45433968236192807,,
OXFORD,OXFORD_451625_BCG_3AXIS_seg0001,OXFORD_451625_BCG_3AXIS_seg0001_c0051,667.108,667.596,0.4880000000000564,245,333554,333799,0.0474546533846293,0.0369091275613002,True,,451625,451625,BCG_3AXIS,0,0.024577234292373875,0.04745465338462932,0.04610614966703736,0.011444519328213073,0.00013097702265384262,0.03278688524590164,0.1479899091382484,0.0006040404454622383,4.098360655737705,8.116444777159147,1.3978656280925028e-05,0.40231228760914933,0.37717893764627114,0.3541433580814296,0.26867770427229914,0.37717893764627114,,
OXFORD,OXFORD_451625_BCG_3AXIS_seg0001,OXFORD_451625_BCG_3AXIS_seg0001_c0052,674.786,675.208,0.4220000000000254,212,337393,337605,0.0394296941525477,0.0369091275613002,True,,451625,451625,BCG_3AXIS,0,0.018877909936086918,0.03942969415254779,0.03470064066644074,0.009345173962411836,8.733227638774014e-05,0.037914691943127965,0.07555160251366196,0.0003563754835550092,4.716981132075472,7.617193970310182,4.923630891108487e-06,0.4107758396669868,0.0870202044681032,0.5929502709876197,0.3200295245442771,0.5929502709876197,,
OXFORD,OXFORD_451625_BCG_3AXIS_seg0001,OXFORD_451625_BCG_3AXIS_seg0001_c0053,700.788,701.2,0.4120000000000345,207,350394,350601,0.0397022063217096,0.0369091275613002,True,,451625,451625,BCG_3AXIS,0,0.01921543890875744,0.03970220632170965,0.03693028648013758,0.010298480286956336,0.00010605869622082826,0.009708737864077669,0.07643125013843118,0.00036923309245618925,4.854368932038835,7.144761018358257,5.0577789303423806e-06,0.39045562775424797,0.3096664115597583,0.45498704806074275,0.23534654037949893,0.45498704806074275,,
OXFORD,OXFORD_451625_BCG_3AXIS_seg0001,OXFORD_451625_BCG_3AXIS_seg0001_c0054,717.09,717.576,0.48599999999999,244,358545,358789,0.0421296404425162,0.0369091275613002,True,,451625,451625,BCG_3AXIS,0,0.025125598822034245,0.04212964044251627,0.03535355610112194,0.010924636068365507,0.00011934767322623257,0.03292181069958848,0.1540361547444573,0.0006312957161658087,4.098360655737705,5.617245953630386,1.4725686656815524e-05,0.3344126605580477,0.14884748589993915,0.6197107992879114,0.2314417148121495,0.6197107992879114,,
OXFORD,OXFORD_451625_BCG_3AXIS_seg0001,OXFORD_451625_BCG_3AXIS_seg0001_c0055,744.44,744.83,0.3899999999999863,196,372220,372416,0.0588704449268275,0.0369091275613002,True,,451625,451625,BCG_3AXIS,0,0.03153582578559804,0.05887044492682753,0.05378652430916594,0.012799673266295875,0.00016383163572392933,0.03076923076923077,0.19492362836399973,0.0009945083079795905,5.1020408163265305,5.53582181343344,1.0285055206356206e-05,0.29373788298383297,0.2113461949935115,0.44196115301338484,0.3466926519931036,0.44196115301338484,,
OXFORD,OXFORD_451625_BCG_3AXIS_seg0001,OXFORD_451625_BCG_3AXIS_seg0001_c0056,777.734,778.034,0.2999999999999545,151,388867,389018,0.0453785277247166,0.0369091275613002,True,,451625,451625,BCG_3AXIS,0,0.024684746028316964,0.04537852772471661,0.04042749521170376,0.010817131256757288,0.00011701032862591551,0.06666666666666667,0.09200983965885903,0.0006093366864825102,6.666666666666667,12.96120545124945,7.835975644620382e-06,0.4297691751155267,0.09959892898052923,0.30122157068594557,0.5991795003335252,0.5991795003335252,,
OXFORD,OXFORD_451625_BCG_3AXIS_seg0001,OXFORD_451625_BCG_3AXIS_seg0001_c0057,818.26,818.782,0.5220000000000482,262,409130,409392,0.0402299300268943,0.0369091275613002,True,,451625,451625,BCG_3AXIS,0,0.01948811414099147,0.04022993002689435,0.03754002208398912,0.00863325543456986,7.453309939853004e-05,0.03065134099616858,0.09950408730634566,0.00037978659277231166,3.8167938931297707,11.470297969689463,5.1681671805544964e-06,0.4737466547525452,0.17326368516323418,0.4789781175360375,0.3477581973007284,0.4789781175360375,,
OXFORD,OXFORD_451625_BCG_3AXIS_seg0001,OXFORD_451625_BCG_3AXIS_seg0001_c0058,827.3,829.6,2.300000000000068,1151,413650,414801,0.1297929657823573,0.0369091275613002,True,,451625,451625,BCG_3AXIS,0,0.037527786996471156,0.12979296578235736,0.12691779646848494,0.017803518967168253,0.0003169652876143197,0.03130434782608696,1.6209933511772388,0.0014083347968525098,1.7391304347826084,6.223706747049863,0.00039202017419503874,0.4936370417212804,0.22070987364334813,0.1971654202059144,0.5821247061507375,0.5821247061507375,,
OXFORD,OXFORD_451625_BCG_3AXIS_seg0001,OXFORD_451625_BCG_3AXIS_seg0001_c0059,830.616,831.008,0.3920000000000527,197,415308,415505,0.0407804127182454,0.0369091275613002,True,,451625,451625,BCG_3AXIS,0,0.02809837544136477,0.04078041271824544,0.03284717232654395,0.0072364444930002065,5.236612890027301e-05,0.04081632653061224,0.15553518438144648,0.0007895187024438907,10.204081632653061,11.508876923823333,4.153847977744481e-06,0.39369058460031264,0.21873436689933154,0.30371391316677815,0.4775517199338904,0.4775517199338904,,
OXFORD,OXFORD_451625_BCG_3AXIS_seg0001,OXFORD_451625_BCG_3AXIS_seg0001_c0060,881.4,882.426,1.0260000000000673,514,440700,441214,0.0941480743224294,0.0369091275613002,True,,451625,451625,BCG_3AXIS,0,0.03962228951600062,0.09414807432242948,0.0893370284184981,0.019164688420128043,0.0003672852822405899,0.03898635477582846,0.8069418748157433,0.001569925826489773,3.8910505836575875,13.21976122061942,9.901145902901435e-05,0.5482051514949987,0.05987681294052437,0.34022297856787187,0.5999002084916037,0.5999002084916037,,
OXFORD,OXFORD_451625_BCG_3AXIS_seg0001,OXFORD_451625_BCG_3AXIS_seg0001_c0061,883.16,883.702,0.54200000000003,272,441580,441852,0.0656528221644778,0.0369091275613002,True,,451625,451625,BCG_3AXIS,0,0.03177043833916087,0.06565282216447785,0.05956180390723737,0.014139494190382101,0.0001999252959598492,0.04428044280442804,0.2745461246153791,0.001009360752262423,11.029411764705882,9.75345334914323,3.0382924030210835e-05,0.41823187897981734,0.17879237539139348,0.20076953124219607,0.6204380933664105,0.6204380933664105,,
OXFORD,OXFORD_451625_BCG_3AXIS_seg0001,OXFORD_451625_BCG_3AXIS_seg0001_c0062,884.49,888.416,3.926000000000045,1964,442245,444209,0.1050256047016355,0.0369091275613002,True,,451625,451625,BCG_3AXIS,0,0.03784433266360868,0.10502560470163554,0.10446444204685036,0.01811328707462472,0.00032809116864776684,0.022414671421293938,2.8128280629766182,0.0014321935147538789,0.5091649694501018,5.483619272946309,0.0004427108040680075,0.526962872676193,0.2108824045707163,0.26471837954240596,0.5243992158868778,0.5243992158868778,,
OXFORD,OXFORD_451625_BCG_3AXIS_seg0001,OXFORD_451625_BCG_3AXIS_seg0001_c0063,888.938,889.662,0.7240000000000464,363,444469,444832,0.0654194615431044,0.0369091275613002,True,,451625,451625,BCG_3AXIS,0,0.037551063442271236,0.06541946154310446,0.05876036886729856,0.014851251646029016,0.00022055967545367956,0.022099447513812154,0.511859898729309,0.0014100823656454794,2.7624309392265194,5.0449199144794425,7.09441216579289e-05,0.35828685945617667,0.36414267268426337,0.3695380585822862,0.26631926873345035,0.3695380585822862,,
OXFORD,OXFORD_451625_BCG_3AXIS_seg0001,OXFORD_451625_BCG_3AXIS_seg0001_c0064,890.216,890.892,0.6760000000000446,339,445108,445447,0.1103547175011287,0.0369091275613002,True,,451625,451625,BCG_3AXIS,0,0.044965983378380106,0.11035471750112871,0.10120579193466826,0.02218832041843703,0.0004923215629912296,0.047337278106508875,0.6854375451416321,0.0020219396611847558,8.875739644970414,9.315140970204114,0.0001048430501514082,0.4076171765656361,0.17859596660694574,0.18739172081585886,0.6340123125771955,0.6340123125771955,,
OXFORD,OXFORD_451625_BCG_3AXIS_seg0001,OXFORD_451625_BCG_3AXIS_seg0001_c0065,902.75,903.23,0.4800000000000182,241,451375,451616,0.0695090797351572,0.0369091275613002,True,,451625,451625,BCG_3AXIS,0,0.03384244352611763,0.06950907973515728,0.06399330655589619,0.014743921208863727,0.0002173832126131816,0.03333333333333333,0.27601994710024913,0.001145310983818461,4.166666666666667,8.4625025788839,3.3050201439004275e-05,0.41990231425450963,0.06516916357831604,0.3091748114574074,0.6256560249642765,0.6256560249642765,,
OXFORD,OXFORD_451743_BCG_3AXIS_seg0001,OXFORD_451743_BCG_3AXIS_seg0001_c0001,3.868,4.186,0.318,160,1934,2094,0.0818993109795546,0.0504808510223494,True,,451743,451743,BCG_3AXIS,0,0.051442694687730044,0.08189931097955461,0.059160081007140985,0.018035257035582994,0.00032527049633954586,0.012578616352201259,0.42341613387760146,0.002646350836735009,6.25,7.631688211550018,2.4311508858965617e-05,0.27293463768906895,0.2665990335694129,0.6171146107835729,0.11628635564701413,0.6171146107835729,,
OXFORD,OXFORD_451743_BCG_3AXIS_seg0001,OXFORD_451743_BCG_3AXIS_seg0001_c0002,29.326,32.334,3.0080000000000027,1505,14663,16168,0.1153374753456394,0.0504808510223494,True,,451743,451743,BCG_3AXIS,0,0.049384078319926805,0.11533747534563943,0.1120743715618301,0.023696995167291426,0.0005615475799586332,0.013297872340425532,3.6703747232205397,0.0024387871915086644,1.3297872340425532,3.300072515709193,0.0009240555737634855,0.3994358283039225,0.21772177999778516,0.5744175990118419,0.20786062099037303,0.5744175990118419,,
OXFORD,OXFORD_451743_BCG_3AXIS_seg0001,OXFORD_451743_BCG_3AXIS_seg0001_c0003,34.772,35.55,0.7779999999999987,390,17386,17776,0.0581288818153208,0.0504808510223494,True,,451743,451743,BCG_3AXIS,0,0.028345210051032882,0.05812888181532082,0.05240313794894732,0.012382805774272185,0.00015333387884334856,0.030848329048843187,0.3133458638064985,0.0008034509328371756,2.564102564102564,5.760836037252678,5.825735216014015e-05,0.3955600874008133,0.31729990041927364,0.35018594657368945,0.3325141530070369,0.35018594657368945,,
OXFORD,OXFORD_451743_BCG_3AXIS_seg0001,OXFORD_451743_BCG_3AXIS_seg0001_c0004,39.914,42.508,2.594000000000001,1298,19957,21255,0.196828835103596,0.0504808510223494,True,,451743,451743,BCG_3AXIS,0,0.07301056955542655,0.196828835103596,0.1939658888706552,0.03607905376692739,0.0013016981207168374,0.026214340786430222,6.919045160316497,0.005330543266807778,1.5408320493066254,6.034332009185113,0.001438696301360157,0.4790783721890534,0.6018893682729428,0.24933785662491928,0.14877277510213788,0.6018893682729428,,
OXFORD,OXFORD_451743_BCG_3AXIS_seg0001,OXFORD_451743_BCG_3AXIS_seg0001_c0005,61.336,62.614,1.2779999999999987,640,30668,31308,0.0716967369671454,0.0504808510223494,True,,451743,451743,BCG_3AXIS,0,0.03759151287870648,0.07169673696714544,0.06937202828272723,0.016288344144122776,0.0002653101549573787,0.025039123630672927,0.9043979779263716,0.0014131218405099555,3.125,5.4222266107887345,0.0001588709890569429,0.39789937932707314,0.3876087007210927,0.3131942825899826,0.2991970166889247,0.3876087007210927,,
OXFORD,OXFORD_451743_BCG_3AXIS_seg0001,OXFORD_451743_BCG_3AXIS_seg0001_c0006,79.16,80.514,1.3539999999999992,678,39580,40258,0.1072956928200474,0.0504808510223494,True,,451743,451743,BCG_3AXIS,0,0.041508792386807034,0.10729569282004744,0.104869171089601,0.020242770975223423,0.0004097697767553478,0.03545051698670606,1.1681803351886917,0.0017229798454110497,2.949852507374631,7.101888537081598,9.119711284454896e-05,0.4776669428093587,0.5518265228525394,0.25036773199381124,0.1978057451536494,0.5518265228525394,,
OXFORD,OXFORD_451743_BCG_3AXIS_seg0001,OXFORD_451743_BCG_3AXIS_seg0001_c0007,95.196,97.062,1.866,934,47598,48532,0.0805076953401835,0.0504808510223494,True,,451743,451743,BCG_3AXIS,0,0.038632188712529804,0.08050769534018352,0.07745459849972432,0.01755765255624038,0.00030827116328565436,0.021436227224008574,1.393944568408961,0.0014924460047205151,3.211991434689507,5.147282229939345,0.0003162755705771115,0.4121164292528516,0.4169359531037342,0.3187901370969041,0.2642739097993616,0.4169359531037342,,
OXFORD,OXFORD_451743_BCG_3AXIS_seg0001,OXFORD_451743_BCG_3AXIS_seg0001_c0008,107.36,108.862,1.5019999999999951,752,53680,54432,0.1017435984312912,0.0504808510223494,True,,451743,451743,BCG_3AXIS,0,0.04618072589882439,0.10174359843129123,0.09973227316741647,0.019788889523386696,0.00039160014856880367,0.02663115845539281,1.603759902295847,0.00213265944454235,3.9893617021276597,4.656736504033776,0.00024004006749547558,0.39378145243288937,0.5097418605315346,0.28466105315143436,0.20559708631703114,0.5097418605315346,,
OXFORD,OXFORD_451743_BCG_3AXIS_seg0001,OXFORD_451743_BCG_3AXIS_seg0001_c0009,110.104,110.536,0.4320000000000021,217,55052,55269,0.1116478255650479,0.0504808510223494,True,,451743,451743,BCG_3AXIS,0,0.051189543662861305,0.11164782556504799,0.09784233637552256,0.01887129657964101,0.00035612583459677054,0.046296296296296294,0.5686201555494005,0.0026203693804119836,9.25925925925926,9.643884061177543,6.580716691277944e-05,0.39179194504987547,0.19360640925268632,0.42584884508307064,0.38054474566424296,0.42584884508307064,,
OXFORD,OXFORD_451743_BCG_3AXIS_seg0001,OXFORD_451743_BCG_3AXIS_seg0001_c0010,158.47,159.538,1.068000000000012,535,79235,79770,0.0899142182166257,0.0504808510223494,True,,451743,451743,BCG_3AXIS,0,0.042255264649423675,0.08991421821662571,0.08845458232726842,0.01821397489712835,0.00033174888155322173,0.033707865168539325,0.9552464539671663,0.0017855073905928343,1.8726591760299625,7.75347109366426,0.00015718734461927093,0.45223996817431844,0.24568466272148531,0.3208369182325878,0.4334784190459269,0.4334784190459269,,
OXFORD,OXFORD_451743_BCG_3AXIS_seg0001,OXFORD_451743_BCG_3AXIS_seg0001_c0011,175.592,176.854,1.2620000000000005,632,87796,88428,0.0832885490481676,0.0504808510223494,True,,451743,451743,BCG_3AXIS,0,0.035017953664387876,0.0832885490481676,0.07916313688898813,0.01665547331634549,0.00027740479139149664,0.04120443740095087,0.7749944738276489,0.0012262570788412165,3.1645569620253164,8.834209211106018,0.0001790965510363615,0.4984748945375278,0.16692415443053635,0.12371397880930345,0.7093618667601601,0.7093618667601601,,
OXFORD,OXFORD_451743_BCG_3AXIS_seg0001,OXFORD_451743_BCG_3AXIS_seg0001_c0012,192.124,192.566,0.4420000000000073,222,96062,96284,0.0798161082879417,0.0504808510223494,True,,451743,451743,BCG_3AXIS,0,0.03946456150008081,0.07981610828794175,0.0774720685773245,0.017500221717133134,0.0003062577601488181,0.04524886877828054,0.34575425839539264,0.0015574516143936606,4.504504504504505,9.37044279725936,6.693447319619603e-05,0.39621576738839787,0.1998880504172261,0.2766067632494117,0.5235051863333621,0.5235051863333621,,
OXFORD,OXFORD_451743_BCG_3AXIS_seg0001,OXFORD_451743_BCG_3AXIS_seg0001_c0013,193.41,194.22,0.8100000000000023,406,96705,97111,0.1252217535380986,0.0504808510223494,True,,451743,451743,BCG_3AXIS,0,0.05575089486451375,0.12522175353809864,0.12062679729569836,0.025490850107481776,0.0006497834392021036,0.044444444444444446,1.2619138849467906,0.0031081622781940653,19.704433497536943,13.441189248728833,0.00022267470475888432,0.5316677759287688,0.15078024879361815,0.22444286322673057,0.6247768879796513,0.6247768879796513,,
OXFORD,OXFORD_451743_BCG_3AXIS_seg0001,OXFORD_451743_BCG_3AXIS_seg0001_c0014,198.53,200.14,1.6099999999999852,806,99265,100071,0.2065079794750226,0.0504808510223494,True,,451743,451743,BCG_3AXIS,0,0.05931820108524605,0.2065079794750226,0.20522758503401037,0.03466846932024728,0.0012019027650089268,0.017391304347826087,2.836031077871686,0.003518648979989685,1.2406947890818858,6.077517452441115,0.000975700086641473,0.44924545982716363,0.28917990988155756,0.1712635742288681,0.5395565158895744,0.5395565158895744,,
OXFORD,OXFORD_451743_BCG_3AXIS_seg0001,OXFORD_451743_BCG_3AXIS_seg0001_c0015,200.892,201.796,0.9039999999999964,453,100446,100899,0.0810523559720607,0.0504808510223494,True,,451743,451743,BCG_3AXIS,0,0.0341389479467916,0.08105235597206079,0.07609804762540762,0.016090991585513775,0.00025892001020507517,0.03982300884955752,0.5279568984119271,0.0011654677669137462,2.2123893805309733,7.431232370901117,7.188087176449392e-05,0.4541686020601202,0.2066734379387802,0.23998978744388663,0.5533367746173332,0.5533367746173332,,
OXFORD,OXFORD_451743_BCG_3AXIS_seg0001,OXFORD_451743_BCG_3AXIS_seg0001_c0016,203.958,204.796,0.8379999999999939,420,101979,102399,0.0670685733207259,0.0504808510223494,True,,451743,451743,BCG_3AXIS,0,0.035352698412739705,0.06706857332072594,0.05843449830630982,0.01429066269435766,0.00020422304024390577,0.03341288782816229,0.524921579726094,0.0012498132850621286,4.761904761904762,8.186804472929724,6.356369345590274e-05,0.4333639285707955,0.25150646029264434,0.3162701430343219,0.43222339667303383,0.43222339667303383,,
OXFORD,OXFORD_451743_BCG_3AXIS_seg0001,OXFORD_451743_BCG_3AXIS_seg0001_c0017,207.848,208.924,1.0759999999999934,539,103924,104463,0.1095827581174058,0.0504808510223494,True,,451743,451743,BCG_3AXIS,0,0.05059256499835476,0.10958275811740585,0.09775808497674263,0.019056272087807087,0.0003631415058845355,0.03345724907063197,1.3796285142477729,0.0025596076331127512,1.858736059479554,7.264151943980937,0.0001811892247722814,0.4737144799737014,0.2570784445281362,0.2911353066661444,0.45178624880571944,0.45178624880571944,,
OXFORD,OXFORD_451743_BCG_3AXIS_seg0001,OXFORD_451743_BCG_3AXIS_seg0001_c0018,210.6,211.4,0.8000000000000114,401,105300,105701,0.0654430877768908,0.0504808510223494,True,,451743,451743,BCG_3AXIS,0,0.036158116203110484,0.0654430877768908,0.05750142257752824,0.012717540692264865,0.0001617358412594127,0.05,0.5242711563104141,0.001307409367357641,12.5,10.64201849790576,4.7360214557199814e-05,0.5254850126495108,0.2825721371781522,0.3744954738478863,0.34293238897396155,0.3744954738478863,,
OXFORD,OXFORD_451743_BCG_3AXIS_seg0001,OXFORD_451743_BCG_3AXIS_seg0001_c0019,227.12,227.704,0.5840000000000032,293,113560,113853,0.0707162071124104,0.0504808510223494,True,,451743,451743,BCG_3AXIS,0,0.037699816551691544,0.07071620711241046,0.06338176234645525,0.016111272284898386,0.00025957309463813487,0.0273972602739726,0.41643391723314027,0.0014212761680311955,3.4246575342465757,7.899555915566295,5.668383320740852e-05,0.4053589768161324,0.3689564484179059,0.2320442806018188,0.3989992709802752,0.3989992709802752,,
OXFORD,OXFORD_451743_BCG_3AXIS_seg0001,OXFORD_451743_BCG_3AXIS_seg0001_c0020,228.466,229.316,0.8499999999999943,426,114233,114659,0.0824677556038731,0.0504808510223494,True,,451743,451743,BCG_3AXIS,0,0.029920427341440282,0.0824677556038731,0.0786599735554457,0.016618906532779486,0.0002761880543452607,0.023529411764705882,0.38136882019741747,0.0008952319722944072,2.347417840375587,5.833863713306806,5.9329725810591154e-05,0.3507230446421713,0.22915064327022114,0.23736692985133095,0.5334824268784479,0.5334824268784479,,
OXFORD,OXFORD_451743_BCG_3AXIS_seg0001,OXFORD_451743_BCG_3AXIS_seg0001_c0021,231.588,231.91,0.3220000000000027,162,115794,115956,0.1000739747475956,0.0504808510223494,True,,451743,451743,BCG_3AXIS,0,0.04330175415749898,0.10007397474759569,0.0913741115788512,0.020852616120876407,0.0004348315990846346,0.049689440993788817,0.30375678992486976,0.00187504191311648,12.345679012345679,12.202645131344081,7.543130889926167e-05,0.3997052479770892,0.28148790989285266,0.11866082008132253,0.5998512700258248,0.5998512700258248,,
OXFORD,OXFORD_451743_BCG_3AXIS_seg0001,OXFORD_451743_BCG_3AXIS_seg0001_c0022,232.456,233.244,0.7880000000000109,395,116228,116623,0.1225623217917055,0.0504808510223494,True,,451743,451743,BCG_3AXIS,0,0.06427793597650401,0.12256232179170552,0.11906884846994865,0.026530034959883434,0.0007038427549726372,0.030456852791878174,1.6320029560928215,0.0041316530533995486,7.614213197969543,8.13038108738541,0.0001759570107347232,0.44230726481307464,0.2417348969226476,0.20392508906562515,0.5543400140117273,0.5543400140117273,,
OXFORD,OXFORD_451743_BCG_3AXIS_seg0001,OXFORD_451743_BCG_3AXIS_seg0001_c0023,234.13,236.9,2.7700000000000102,1386,117065,118451,0.3806490730988393,0.0504808510223494,True,,451743,451743,BCG_3AXIS,0,0.0934932916899508,0.38064907309883933,0.3766181211690928,0.060593753888773735,0.0036716030103332823,0.021660649819494584,12.1150198891568,0.008740995591022222,0.7215007215007214,5.636006946055789,0.005649410094681507,0.5082190515551337,0.15938877810169064,0.15287915711004374,0.6877320647882657,0.6877320647882657,,
OXFORD,OXFORD_451743_BCG_3AXIS_seg0001,OXFORD_451743_BCG_3AXIS_seg0001_c0024,238.326,240.71,2.3840000000000146,1193,119163,120356,0.0682864358348448,0.0504808510223494,True,,451743,451743,BCG_3AXIS,0,0.03377591810040356,0.06828643583484482,0.06535791581544774,0.013402159124044329,0.00017961786918620464,0.031879194630872486,1.3609894837255267,0.001140812643525169,5.033557046979865,8.62144863955904,0.00020723884686907982,0.5611230584511343,0.30219268465793303,0.27230987775549365,0.42549743758657327,0.42549743758657327,,
OXFORD,OXFORD_451743_BCG_3AXIS_seg0001,OXFORD_451743_BCG_3AXIS_seg0001_c0025,241.4,242.98,1.579999999999984,791,120700,121491,0.0850217184892164,0.0504808510223494,True,,451743,451743,BCG_3AXIS,0,0.036221437104521685,0.08502171848921644,0.08211812105178609,0.018577486040688426,0.00034512298759197327,0.02278481012658228,1.0377860721802048,0.0013119925059168203,1.2658227848101264,4.583958926795578,0.00023077343562356766,0.4064628129401387,0.3368777059600754,0.3152562851978765,0.34786600884204816,0.34786600884204816,,
OXFORD,OXFORD_451743_BCG_3AXIS_seg0001,OXFORD_451743_BCG_3AXIS_seg0001_c0026,244.478,248.182,3.7039999999999793,1853,122239,124092,0.1637485860534819,0.0504808510223494,True,,451743,451743,BCG_3AXIS,0,0.0556304424730114,0.16374858605348191,0.16167603813710082,0.03189249571439875,0.0010171312828929427,0.020518358531317494,5.734564578413837,0.003094746129743031,0.5399568034557235,4.016618977902952,0.001680455833497366,0.44802256467680845,0.5761155700515476,0.1718729441124025,0.25201148583605,0.5761155700515476,,
OXFORD,OXFORD_451743_BCG_3AXIS_seg0001,OXFORD_451743_BCG_3AXIS_seg0001_c0027,249.35,252.47,3.1200000000000045,1561,124675,126236,0.1748426122583884,0.0504808510223494,True,,451743,451743,BCG_3AXIS,0,0.06517738624855665,0.1748426122583884,0.17266823577815701,0.0295809531503123,0.0008750327892809713,0.035897435897435895,6.631271109660118,0.004248091678193541,0.641025641025641,6.693429500348462,0.0013736503291794794,0.5500209357690857,0.6068460925170774,0.15260808927268563,0.24054581821023696,0.6068460925170774,,
OXFORD,OXFORD_451743_BCG_3AXIS_seg0001,OXFORD_451743_BCG_3AXIS_seg0001_c0028,253.048,253.702,0.6539999999999964,328,126524,126852,0.0620533621925654,0.0504808510223494,True,,451743,451743,BCG_3AXIS,0,0.03956249613424728,0.06205336219256544,0.056647084058661784,0.01643016747566148,0.0002699504032782844,0.012232415902140673,0.5133826809221247,0.0015651911003723314,3.048780487804878,4.89038424826441,4.3255636522160655e-05,0.35517773933444147,0.3449762265708419,0.37057238616535904,0.28445138726379915,0.37057238616535904,,
OXFORD,OXFORD_451743_BCG_3AXIS_seg0001,OXFORD_451743_BCG_3AXIS_seg0001_c0029,254.316,257.028,2.712000000000017,1357,127158,128515,0.1146054842550212,0.0504808510223494,True,,451743,451743,BCG_3AXIS,0,0.04052483495941342,0.1146054842550212,0.11050885755547464,0.01898541589394915,0.00036044601666621696,0.025073746312684365,2.228549871197804,0.0016422622484876961,1.4749262536873156,6.437347623228719,0.0004104549699600787,0.5221374916141451,0.25427805071135356,0.42710591737066955,0.31861603191797694,0.42710591737066955,,
OXFORD,OXFORD_451743_BCG_3AXIS_seg0001,OXFORD_451743_BCG_3AXIS_seg0001_c0030,265.284,266.194,0.910000000000025,456,132642,133098,0.074065115648918,0.0504808510223494,True,,451743,451743,BCG_3AXIS,0,0.033581193427741005,0.07406511564891805,0.06757377755342509,0.016009189671422373,0.00025629415393557675,0.017582417582417582,0.5142296277262982,0.0011276965520313558,2.1929824561403506,5.417801760615111,6.552579765573746e-05,0.3880159617305568,0.25180530938083634,0.24791711126106147,0.5002775793581021,0.5002775793581021,,
OXFORD,OXFORD_451743_BCG_3AXIS_seg0001,OXFORD_451743_BCG_3AXIS_seg0001_c0031,267.466,268.294,0.8279999999999745,415,133733,134148,0.0981178375513569,0.0504808510223494,True,,451743,451743,BCG_3AXIS,0,0.03937448318930857,0.0981178375513569,0.09488316849672807,0.019639301120978985,0.0003857021485204864,0.03864734299516908,0.6433952194664345,0.0015503499264251433,2.4154589371980673,9.58523573975869,6.222424139758872e-05,0.48823677727586856,0.17573257545108759,0.18094108349036234,0.6433263410585501,0.6433263410585501,,
OXFORD,OXFORD_451743_BCG_3AXIS_seg0001,OXFORD_451743_BCG_3AXIS_seg0001_c0032,270.41,273.036,2.6259999999999764,1314,135205,136519,0.1952449877317381,0.0504808510223494,True,,451743,451743,BCG_3AXIS,0,0.07873554601902498,0.19524498773173812,0.18869030225651606,0.043534519291205234,0.0018952543699163207,0.02284843869002285,8.145862075884995,0.006199286206914,0.76103500761035,3.6787193203599093,0.00142953391565645,0.3969553626480087,0.2809510591625631,0.20569913391291353,0.5133498069245234,0.5133498069245234,,
OXFORD,OXFORD_451743_BCG_3AXIS_seg0001,OXFORD_451743_BCG_3AXIS_seg0001_c0033,274.22,276.014,1.7939999999999827,898,137110,138008,0.5253133077043438,0.0504808510223494,True,,451743,451743,BCG_3AXIS,0,0.10995239162488003,0.5253133077043438,0.5156141501814174,0.07525519219053486,0.005663343951634339,0.022296544035674472,10.856396524779829,0.01208952842403099,1.1135857461024499,5.50798084314647,0.00875146774552798,0.4483091544737834,0.1958143329429336,0.18369595900406813,0.6204897080529983,0.6204897080529983,,
OXFORD,OXFORD_451743_BCG_3AXIS_seg0001,OXFORD_451743_BCG_3AXIS_seg0001_c0034,276.652,277.224,0.5720000000000027,287,138326,138613,0.0585462926050767,0.0504808510223494,True,,451743,451743,BCG_3AXIS,0,0.03325356030128442,0.058546292605076794,0.0516400146113256,0.014699932652778488,0.0002160880199962232,0.027972027972027972,0.3173643912681027,0.0011057992727111592,6.9930069930069925,8.220863220445342,2.825755571214686e-05,0.416857799089824,0.533137531724788,0.12264828503427204,0.34421418324094005,0.533137531724788,,
OXFORD,OXFORD_451743_BCG_3AXIS_seg0001,OXFORD_451743_BCG_3AXIS_seg0001_c0035,279.332,279.66,0.3280000000000314,165,139666,139831,0.0613895724299657,0.0504808510223494,True,,451743,451743,BCG_3AXIS,0,0.034633893045260475,0.06138957242996572,0.057925736084266675,0.015687032925587974,0.0002460830020084812,0.012195121951219513,0.19791858033263937,0.0011995065474705417,6.097560975609756,12.072412411239974,7.016475572105622e-06,0.42987024659351847,0.18755747321968608,0.3221191895395906,0.4903233372407233,0.4903233372407233,,
OXFORD,OXFORD_451743_BCG_3AXIS_seg0001,OXFORD_451743_BCG_3AXIS_seg0001_c0036,298.762,301.772,3.009999999999991,1506,149381,150887,0.1626169001208684,0.0504808510223494,True,,451743,451743,BCG_3AXIS,0,0.049309467545029434,0.16261690012086846,0.15965984555175405,0.026202959285834715,0.0006865950753351118,0.019933554817275746,3.6617239258989125,0.002431423589574311,1.3280212483399734,5.06580877235501,0.0003182472092129976,0.4916390394514296,0.27292030804548556,0.3228370995684845,0.4042425923860299,0.4042425923860299,,
OXFORD,OXFORD_451743_BCG_3AXIS_seg0001,OXFORD_451743_BCG_3AXIS_seg0001_c0037,318.698,319.506,0.8079999999999927,405,159349,159754,0.1325305889938394,0.0504808510223494,True,,451743,451743,BCG_3AXIS,0,0.04210308791787384,0.13253058899383943,0.12829132639271046,0.025918892634150776,0.0006717889953806353,0.019801980198019802,0.7179313549491866,0.0017726700122202138,2.4752475247524752,5.263839130762352,0.00010501287931306112,0.3676967152193526,0.1331418834229685,0.29008902602868136,0.5767690905483501,0.5767690905483501,,
OXFORD,OXFORD_451743_BCG_3AXIS_seg0001,OXFORD_451743_BCG_3AXIS_seg0001_c0038,322.186,322.92,0.7340000000000373,368,161093,161461,0.0777490655290334,0.0504808510223494,True,,451743,451743,BCG_3AXIS,0,0.03994880318121358,0.07774906552903348,0.07265709989166576,0.019816606157136152,0.00039269787958704644,0.03814713896457766,0.587293730224973,0.0015959068756113397,5.434782608695652,7.1853631188030445,8.284150161703273e-05,0.38210610867971906,0.2849986289445311,0.18033361153389224,0.5346677595215766,0.5346677595215766,,
OXFORD,OXFORD_451743_BCG_3AXIS_seg0001,OXFORD_451743_BCG_3AXIS_seg0001_c0039,332.32,333.054,0.7339999999999804,368,166160,166528,0.0884433645356828,0.0504808510223494,True,,451743,451743,BCG_3AXIS,0,0.04734243302358056,0.08844336453568283,0.08232957471198546,0.02076384687770303,0.0004311373371606979,0.043596730245231606,0.8248005949699335,0.0022413059645922107,8.152173913043478,10.13820623370207,6.567657363506462e-05,0.4995803555003788,0.29616138395999736,0.16407580343513758,0.539762812604865,0.539762812604865,,
OXFORD,OXFORD_451743_BCG_3AXIS_seg0001,OXFORD_451743_BCG_3AXIS_seg0001_c0040,333.594,334.92,1.3260000000000218,664,166797,167461,0.0862467626330227,0.0504808510223494,True,,451743,451743,BCG_3AXIS,0,0.034749093611239075,0.08624676263302279,0.08376036725685326,0.019952526405564337,0.00039810330996474215,0.027149321266968326,0.8017796725169637,0.0012074995068026562,1.506024096385542,7.298979603369653,0.00017235694087051418,0.5056723969821231,0.17505691491420872,0.12413651822478486,0.7008065668610064,0.7008065668610064,,
OXFORD,OXFORD_451743_BCG_3AXIS_seg0001,OXFORD_451743_BCG_3AXIS_seg0001_c0041,338.184,338.948,0.7639999999999532,383,169092,169475,0.0753115230772616,0.0504808510223494,True,,451743,451743,BCG_3AXIS,0,0.039605745746768055,0.07531152307726165,0.0711575756890109,0.018767648462548803,0.0003522246288138105,0.03664921465968586,0.6007795818283745,0.0015686150961576359,13.089005235602095,9.693978477237021,6.550325957952686e-05,0.48509791050097334,0.18440861940880582,0.24997637153727575,0.5656150090539184,0.5656150090539184,,
OXFORD,OXFORD_451743_BCG_3AXIS_seg0001,OXFORD_451743_BCG_3AXIS_seg0001_c0042,340.3,342.506,2.2059999999999604,1104,170150,171254,0.0890720222436164,0.0504808510223494,True,,451743,451743,BCG_3AXIS,0,0.03772977847127262,0.08907202224361647,0.08469272294150083,0.01773645630854999,0.00031458188238510273,0.03626473254759746,1.5715839465744026,0.0014235361834913068,0.9057971014492753,5.752186786509629,0.00035007872861012593,0.4690060303280942,0.1756167590835801,0.2625212503429106,0.5618619905735093,0.5618619905735093,,
OXFORD,OXFORD_451743_BCG_3AXIS_seg0001,OXFORD_451743_BCG_3AXIS_seg0001_c0043,345.308,346.028,0.7200000000000273,361,172654,173015,0.1109751856858982,0.0504808510223494,True,,451743,451743,BCG_3AXIS,0,0.04006011528597562,0.1109751856858982,0.10634251822280807,0.02122774234269817,0.0004506170449679807,0.022222222222222223,0.5793374340579622,0.0016048128367256572,8.333333333333332,7.997986340251407,5.456935384162657e-05,0.41237874225833193,0.25962800453961055,0.20342834610400579,0.5369436493563837,0.5369436493563837,,
OXFORD,OXFORD_451743_BCG_3AXIS_seg0001,OXFORD_451743_BCG_3AXIS_seg0001_c0044,346.63,347.352,0.72199999999998,362,173315,173677,0.0772937873042549,0.0504808510223494,True,,451743,451743,BCG_3AXIS,0,0.04254737297520413,0.07729378730425497,0.07058242136658285,0.018257001432016657,0.00033331810128865827,0.027700831024930747,0.6553209788469894,0.0018102789470911308,8.287292817679559,8.355462677902135,6.029054324107793e-05,0.45183338681202984,0.2707131858449722,0.18525181765983734,0.5440349964951905,0.5440349964951905,,
OXFORD,OXFORD_451743_BCG_3AXIS_seg0001,OXFORD_451743_BCG_3AXIS_seg0001_c0045,349.976,350.706,0.7300000000000182,366,174988,175354,0.0778931929457642,0.0504808510223494,True,,451743,451743,BCG_3AXIS,0,0.041040440324897114,0.07789319294576429,0.07187401104920557,0.019639623317887378,0.00038571480406850557,0.021917808219178082,0.6164602935944874,0.001684317742061441,8.19672131147541,7.17993450432224,0.0001101215374226197,0.3902592084279824,0.18680802548044934,0.280605934521413,0.5325860399981376,0.5325860399981376,,
OXFORD,OXFORD_451743_BCG_3AXIS_seg0001,OXFORD_451743_BCG_3AXIS_seg0001_c0046,351.988,353.446,1.4580000000000268,730,175994,176724,0.0662274416985109,0.0504808510223494,True,,451743,451743,BCG_3AXIS,0,0.032102878654530445,0.0662274416985109,0.06232578663329781,0.015698059994384443,0.00024642908758729326,0.03292181069958848,0.7523342170724796,0.0010305948179075064,2.73972602739726,6.459165004575685,0.00016274469246342922,0.4758780366230365,0.2553114136191278,0.20782400646315974,0.5368645799177125,0.5368645799177125,,
OXFORD,OXFORD_451743_BCG_3AXIS_seg0001,OXFORD_451743_BCG_3AXIS_seg0001_c0047,356.202,356.902,0.6999999999999886,351,178101,178452,0.0684853572610293,0.0504808510223494,True,,451743,451743,BCG_3AXIS,0,0.03230248317943512,0.06848535726102935,0.06256464810492438,0.015029998993578502,0.00022590086974697078,0.02857142857142857,0.3662510972647488,0.001043450419557689,2.8571428571428568,7.951177195384662,4.5129818264470424e-05,0.4195684885128295,0.2068216890299103,0.29048339127807105,0.5026949196920186,0.5026949196920186,,
OXFORD,OXFORD_451743_BCG_3AXIS_seg0001,OXFORD_451743_BCG_3AXIS_seg0001_c0048,361.828,362.496,0.6680000000000064,335,180914,181249,0.0737814441193667,0.0504808510223494,True,,451743,451743,BCG_3AXIS,0,0.03217567332795522,0.07378144411936671,0.0690888674955839,0.014410597769308702,0.00020766532806880495,0.04790419161676647,0.34681677462594174,0.0010352739541072888,5.988023952095808,9.434252684436416,4.7988128135758245e-05,0.45303852267687567,0.2683518594916391,0.2676195793984657,0.46402856110989515,0.46402856110989515,,
OXFORD,OXFORD_451743_BCG_3AXIS_seg0001,OXFORD_451743_BCG_3AXIS_seg0001_c0049,363.092,364.71,1.617999999999995,810,181546,182356,0.0773307488560684,0.0504808510223494,True,,451743,451743,BCG_3AXIS,0,0.03203921005718176,0.07733074885606843,0.07472521019924579,0.014473253610664854,0.00020947507007862323,0.04697156983930779,0.8314738946814555,0.0010265109810882168,2.4691358024691357,7.9843830981645745,0.00018666606199201828,0.5103951269418794,0.1546726719742252,0.2596326403320996,0.5856946876936752,0.5856946876936752,,
OXFORD,OXFORD_451743_BCG_3AXIS_seg0001,OXFORD_451743_BCG_3AXIS_seg0001_c0050,365.372,366.114,0.7419999999999618,372,182686,183058,0.0840830317798117,0.0504808510223494,True,,451743,451743,BCG_3AXIS,0,0.051157675854660425,0.0840830317798117,0.06518493910775597,0.0168609196395756,0.0002842906110922261,0.03234501347708895,0.9735641011723882,0.002617107798850506,8.064516129032258,10.893349779603987,5.096021802497207e-05,0.47820254042583227,0.1033695777619038,0.44002852888266863,0.45660189335542756,0.45660189335542756,,
OXFORD,OXFORD_451743_BCG_3AXIS_seg0001,OXFORD_451743_BCG_3AXIS_seg0001_c0051,366.774,368.76,1.98599999999999,994,183387,184381,0.0761275010310625,0.0504808510223494,True,,451743,451743,BCG_3AXIS,0,0.03534119624570461,0.07612750103106256,0.0723959642509086,0.016371777474057454,0.00026803509766005503,0.028197381671701913,1.2415061511649412,0.0012490001520774057,2.0120724346076457,5.352657758461238,0.00022923948855501202,0.4747692720048275,0.1840927202518747,0.38095863892730153,0.4349486408208238,0.4349486408208238,,
OXFORD,OXFORD_451743_BCG_3AXIS_seg0001,OXFORD_451743_BCG_3AXIS_seg0001_c0052,369.402,370.182,0.7800000000000296,391,184701,185092,0.0681204624415789,0.0504808510223494,True,,451743,451743,BCG_3AXIS,0,0.04287585170747558,0.0681204624415789,0.056518263737849656,0.01471877898908583,0.00021664245492955452,0.03076923076923077,0.7187904159198018,0.0018383386596414367,5.128205128205128,6.438683325754381,8.923670743410716e-05,0.3656520600564478,0.23962675996901095,0.3567771834449777,0.40359605658601133,0.40359605658601133,,
OXFORD,OXFORD_451743_BCG_3AXIS_seg0001,OXFORD_451743_BCG_3AXIS_seg0001_c0053,370.722,371.69,0.9680000000000176,485,185361,185846,0.0935771954677618,0.0504808510223494,True,,451743,451743,BCG_3AXIS,0,0.04576413209384226,0.09357719546776182,0.09011022714013733,0.021016950397389014,0.00044171220400631025,0.012396694214876033,1.015762556356782,0.0020943557863026432,2.066115702479339,6.2459648395477,0.00011903443399717685,0.39681102132981977,0.24600354118422452,0.4009928099968096,0.35300364881896595,0.4009928099968096,,
OXFORD,OXFORD_451743_BCG_3AXIS_seg0001,OXFORD_451743_BCG_3AXIS_seg0001_c0054,372.206,373.666,1.4599999999999795,731,186103,186834,0.075414552381204,0.0504808510223494,True,,451743,451743,BCG_3AXIS,0,0.037389377222383044,0.07541455238120409,0.07223572151335299,0.015251376885811933,0.00023260449691307847,0.03287671232876712,1.0219128017557666,0.0013979655290776562,1.36986301369863,7.762873742926226,0.00012021947725298993,0.4807434164193456,0.16318427228936347,0.43013187927153645,0.40668384843910005,0.43013187927153645,,
OXFORD,OXFORD_451743_BCG_3AXIS_seg0001,OXFORD_451743_BCG_3AXIS_seg0001_c0055,374.176,375.054,0.8779999999999859,440,187088,187528,0.0789548753619374,0.0504808510223494,True,,451743,451743,BCG_3AXIS,0,0.03870369010592835,0.07895487536193746,0.07679900972552862,0.017163816729882764,0.00029459660473700347,0.04100227790432802,0.6591092762389237,0.0014979756278157357,4.545454545454546,9.365654762008939,9.601166799506761e-05,0.4792026715328417,0.1679450998570559,0.2712756670004647,0.5607792331424795,0.5607792331424795,,
OXFORD,OXFORD_451743_BCG_3AXIS_seg0001,OXFORD_451743_BCG_3AXIS_seg0001_c0056,377.056,378.406,1.3500000000000227,676,188528,189204,0.0920401997161188,0.0504808510223494,True,,451743,451743,BCG_3AXIS,0,0.033249843851138224,0.09204019971611882,0.08931938272913,0.016619363209937187,0.0002762032335038137,0.02962962962962963,0.7473532305005504,0.0011055521161250745,2.9585798816568047,6.066740484958472,0.00013856342745613683,0.45697896761751516,0.2704591557030691,0.23779167736964388,0.491749166927287,0.491749166927287,,
OXFORD,OXFORD_451743_BCG_3AXIS_seg0001,OXFORD_451743_BCG_3AXIS_seg0001_c0057,379.748,380.504,0.7560000000000286,379,189874,190253,0.0784394762568454,0.0504808510223494,True,,451743,451743,BCG_3AXIS,0,0.03797515319067322,0.07843947625684543,0.07424496269340357,0.016412824974852948,0.00026938082365515666,0.037037037037037035,0.5465605464850822,0.0014421122598550983,5.291005291005291,6.777778919645932,9.046954449353128e-05,0.40283369229656735,0.24466485733528148,0.29541398966570076,0.45992115299901765,0.45992115299901765,,
OXFORD,OXFORD_451743_BCG_3AXIS_seg0001,OXFORD_451743_BCG_3AXIS_seg0001_c0058,386.39,387.21,0.8199999999999932,411,193195,193606,0.0860154963047295,0.0504808510223494,True,,451743,451743,BCG_3AXIS,0,0.03415844198122728,0.08601549630472954,0.0853092025799351,0.017247633694602665,0.0002974808680631932,0.024390243902439025,0.4795544541783817,0.0011667991585848703,2.4390243902439024,4.803132005383742,6.6364104481676e-05,0.3564638645035002,0.18475651122357584,0.30924714831060507,0.5059963404658192,0.5059963404658192,,
OXFORD,OXFORD_451743_BCG_3AXIS_seg0001,OXFORD_451743_BCG_3AXIS_seg0001_c0059,402.02,402.376,0.3559999999999945,179,201010,201189,0.0591268394461489,0.0504808510223494,True,,451743,451743,BCG_3AXIS,0,0.03420355077350653,0.05912683944614893,0.05572954025023616,0.01311293827481921,0.0001719491501992186,0.0449438202247191,0.20940903650733517,0.001169882885515839,5.617977528089888,11.196156039383123,1.5561080223002007e-05,0.4147999528915799,0.4035497054977503,0.18325246300027276,0.41319783150197686,0.41319783150197686,,
OXFORD,OXFORD_451743_BCG_3AXIS_seg0001,OXFORD_451743_BCG_3AXIS_seg0001_c0060,416.37,416.892,0.5219999999999914,262,208185,208447,0.0833956121958107,0.0504808510223494,True,,451743,451743,BCG_3AXIS,0,0.037148023975296735,0.08339561219581074,0.0687185178251565,0.015616679038693524,0.0002438806641975697,0.03065134099616858,0.3615536295405358,0.0013799756852692208,3.8167938931297707,8.324729600861414,1.4102185954007568e-05,0.4027343827182468,0.3386390880894922,0.28343145266872277,0.377929459241785,0.377929459241785,,
OXFORD,OXFORD_451743_BCG_3AXIS_seg0001,OXFORD_451743_BCG_3AXIS_seg0001_c0061,499.036,499.6,0.5640000000000214,283,249518,249801,0.0682412453286166,0.0504808510223494,True,,451743,451743,BCG_3AXIS,0,0.03753596203722152,0.06824124532861665,0.06097434004186169,0.01304640136608269,0.00017020858860492425,0.03546099290780142,0.398732410234905,0.001408948446059735,3.5460992907801416,11.204307415126996,2.83859817838034e-05,0.46216569747176217,0.4519417768921287,0.25469126029888267,0.29336696280898866,0.4519417768921287,,
OXFORD,OXFORD_451743_BCG_3AXIS_seg0001,OXFORD_451743_BCG_3AXIS_seg0001_c0062,536.51,537.36,0.8500000000000227,426,268255,268681,0.2065719392436169,0.0504808510223494,True,,451743,451743,BCG_3AXIS,0,0.06164422108758224,0.20657193924361691,0.20310511715570176,0.03896297146619,0.001518113145475136,0.03294117647058824,1.6188042572287502,0.003800009993494719,2.347417840375587,9.562752677375359,0.0007876803474249572,0.46509444353789836,0.08898394375004241,0.08900163314606119,0.8220144231038965,0.8220144231038965,,
OXFORD,OXFORD_451743_BCG_3AXIS_seg0001,OXFORD_451743_BCG_3AXIS_seg0001_c0063,551.338,551.702,0.3640000000000327,183,275669,275852,0.1073750408927577,0.0504808510223494,True,,451743,451743,BCG_3AXIS,0,0.058967913870872,0.10737504089275772,0.08435199757654954,0.022391565282429714,0.0005013821957973117,0.054945054945054944,0.6363303205297118,0.0034772148662825784,10.989010989010989,11.273154268287318,6.553175174241697e-05,0.3597151951481531,0.09916015052280232,0.2275742873902986,0.673265562086899,0.673265562086899,,
OXFORD,OXFORD_451743_BCG_3AXIS_seg0001,OXFORD_451743_BCG_3AXIS_seg0001_c0064,552.302,552.876,0.5739999999999554,288,276151,276439,0.1201904614664112,0.0504808510223494,True,,451743,451743,BCG_3AXIS,0,0.052912398723462324,0.12019046146641124,0.11195038795171748,0.024283149031090804,0.0005896713268661662,0.03484320557491289,0.8063199183371492,0.002799721938670657,6.944444444444444,13.140533113473195,7.959693846589362e-05,0.4361967695743968,0.156813939723607,0.19328728292965822,0.6498987773467347,0.6498987773467347,,
OXFORD,OXFORD_451743_BCG_3AXIS_seg0001,OXFORD_451743_BCG_3AXIS_seg0001_c0065,589.27,591.344,2.074000000000069,1038,294635,295673,0.0842084373323425,0.0504808510223494,True,,451743,451743,BCG_3AXIS,0,0.04187352452671851,0.08420843733234251,0.07483403394978937,0.015831548817868083,0.0002506379379725403,0.02700096432015429,1.820020954428705,0.0017533920562896965,4.8169556840077075,4.864780336467474,0.00031363271560811573,0.38066175674821123,0.46834848893393055,0.29256163043471506,0.2390898806313544,0.46834848893393055,,
OXFORD,OXFORD_451743_BCG_3AXIS_seg0001,OXFORD_451743_BCG_3AXIS_seg0001_c0066,672.536,674.058,1.5220000000000482,762,336268,337030,0.1404889982239853,0.0504808510223494,True,,451743,451743,BCG_3AXIS,0,0.04253939318164995,0.14048899822398536,0.13834848351127357,0.026075220783899723,0.000679917138929116,0.02890932982917214,1.3789151788644107,0.0018095999722630063,2.6246719160104988,10.482988624288081,0.00042666885443786557,0.4839289089102016,0.08402125004959855,0.09934506273057608,0.8166336872198253,0.8166336872198253,,
OXFORD,OXFORD_451743_BCG_3AXIS_seg0001,OXFORD_451743_BCG_3AXIS_seg0001_c0067,676.042,676.554,0.5119999999999436,257,338021,338278,0.3502314318251563,0.0504808510223494,True,,451743,451743,BCG_3AXIS,0,0.1343269751571038,0.35023143182515637,0.32903990320631993,0.0785305841078308,0.0061670526403170885,0.046875,4.637240217498295,0.018043736254857178,11.71875,15.64234552358587,0.0005747045324372005,0.48707696107348203,0.094495630384328,0.06724408335184534,0.8382602862638268,0.8382602862638268,,
OXFORD,OXFORD_451743_BCG_3AXIS_seg0001,OXFORD_451743_BCG_3AXIS_seg0001_c0068,677.168,677.512,0.3439999999999372,173,338584,338757,0.056674600307358,0.0504808510223494,True,,451743,451743,BCG_3AXIS,0,0.037555973348361936,0.056674600307358096,0.03791135993578746,0.010746872467920684,0.0001154952678417516,0.011627906976744186,0.24400804620671684,0.001410451134142872,5.813953488372093,11.454601055161055,6.747326239812927e-06,0.401467385118344,0.542246891815944,0.20735189312690086,0.2504012150571552,0.542246891815944,,
OXFORD,OXFORD_451743_BCG_3AXIS_seg0001,OXFORD_451743_BCG_3AXIS_seg0001_c0069,678.198,679.362,1.1639999999999873,583,339099,339682,0.1045411229053509,0.0504808510223494,True,,451743,451743,BCG_3AXIS,0,0.0403226643948376,0.10454112290535096,0.1030869253066104,0.019657370752181068,0.0003864122248887036,0.048109965635738834,0.9479097648529444,0.001625917263898704,1.718213058419244,10.609757504922491,0.00011474351484456652,0.5203519582793398,0.2161591177998353,0.12001794856780311,0.6638229336323616,0.6638229336323616,,
OXFORD,OXFORD_451743_BCG_3AXIS_seg0001,OXFORD_451743_BCG_3AXIS_seg0001_c0070,681.296,682.082,0.7859999999999445,394,340648,341042,0.2224835964985389,0.0504808510223494,True,,451743,451743,BCG_3AXIS,0,0.08448901507993745,0.22248359649853897,0.21737760671510886,0.05140874098590941,0.002642858649756322,0.035623409669211195,2.812527105656091,0.007138393669177896,2.5380710659898478,11.401211235905524,0.0006146102117639718,0.4990499586530707,0.11626124879487419,0.0703109425618927,0.8134278086432332,0.8134278086432332,,
OXFORD,OXFORD_451743_BCG_3AXIS_seg0001,OXFORD_451743_BCG_3AXIS_seg0001_c0071,696.428,697.446,1.018000000000029,510,348214,348724,0.0861583506984378,0.0504808510223494,True,,451743,451743,BCG_3AXIS,0,0.044766888472946825,0.08615835069843784,0.07679822838860464,0.017521089872798885,0.0003069885903306957,0.03143418467583497,1.0220778948101223,0.0020040743035492593,3.9215686274509802,7.589005678025325,0.00015681399686156118,0.42391062848398076,0.5684021817954102,0.18490062437128052,0.24669719383330913,0.5684021817954102,,
OXFORD,OXFORD_451743_BCG_3AXIS_seg0001,OXFORD_451743_BCG_3AXIS_seg0001_c0072,714.716,715.372,0.6559999999999491,329,357358,357687,0.0760418449424515,0.0504808510223494,True,,451743,451743,BCG_3AXIS,0,0.0356942096126013,0.07604184494245152,0.06755300335590836,0.015732829263263894,0.0002475219166270127,0.036585365853658534,0.41917120135667696,0.001274076599868319,9.146341463414634,12.704611124262234,3.861977551596806e-05,0.49842455745831055,0.16621967319182532,0.25323919543020823,0.5805411313779665,0.5805411313779665,,
OXFORD,OXFORD_451743_BCG_3AXIS_seg0001,OXFORD_451743_BCG_3AXIS_seg0001_c0073,717.14,717.782,0.6420000000000528,322,358570,358892,0.0596846281523312,0.0504808510223494,True,,451743,451743,BCG_3AXIS,0,0.03042888438871848,0.059684628152331276,0.054304421917256686,0.01346730261756863,0.0001813682397931709,0.024922118380062305,0.29814527565572246,0.0009259170051419952,3.1055900621118013,6.844267487827816,4.448778785519856e-05,0.41438915591189546,0.21048511920570048,0.27612090554691593,0.5133939752473836,0.5133939752473836,,
OXFORD,OXFORD_451743_BCG_3AXIS_seg0001,OXFORD_451743_BCG_3AXIS_seg0001_c0074,718.346,718.87,0.5240000000000009,263,359173,359436,0.0569831947121438,0.0504808510223494,True,,451743,451743,BCG_3AXIS,0,0.030246598764002437,0.056983194712143845,0.05096269141464292,0.011733796789636054,0.00013768198710047337,0.030534351145038167,0.24060732177591562,0.0009148567367905537,7.633587786259541,8.06546041049887,2.4738278574124935e-05,0.365301708107505,0.14674702935781558,0.2709328157755764,0.582320154866608,0.582320154866608,,
OXFORD,OXFORD_451743_BCG_3AXIS_seg0001,OXFORD_451743_BCG_3AXIS_seg0001_c0075,728.236,729.956,1.7200000000000273,861,364118,364979,0.0692683591188888,0.0504808510223494,True,,451743,451743,BCG_3AXIS,0,0.034689921182104594,0.06926835911888884,0.06718116077522311,0.01560288424979311,0.0002434499969124419,0.04883720930232558,1.0361193338253618,0.0012033906316206292,18.6046511627907,12.905629340980726,0.00017323970937770783,0.5559479719682007,0.19094014468420223,0.22673666385231062,0.5823231914634872,0.5823231914634872,,
OXFORD,OXFORD_451743_BCG_3AXIS_seg0001,OXFORD_451743_BCG_3AXIS_seg0001_c0076,730.68,731.454,0.7740000000000009,388,365340,365728,0.0742349967466904,0.0504808510223494,True,,451743,451743,BCG_3AXIS,0,0.03456410142044561,0.07423499674669046,0.06996774937502094,0.017557653754249922,0.00030827120535412643,0.025839793281653745,0.46353471751710584,0.00119467710700285,2.5773195876288657,6.966866679710507,4.6343456838249684e-05,0.41645675816867267,0.13450991618688715,0.2206938512453019,0.6447962325678109,0.6447962325678109,,
OXFORD,OXFORD_451743_BCG_3AXIS_seg0001,OXFORD_451743_BCG_3AXIS_seg0001_c0077,734.782,735.794,1.0119999999999436,507,367391,367898,0.0939556305439771,0.0504808510223494,True,,451743,451743,BCG_3AXIS,0,0.03932916832147285,0.09395563054397718,0.09118180076134684,0.018649707548602342,0.00034781159164839516,0.039525691699604744,0.784219224795383,0.0015467834808587436,3.952569169960474,8.584563483191333,0.0001797931751431237,0.4901461406026356,0.3146575365663377,0.17273013052094474,0.5126123329127177,0.5126123329127177,,
OXFORD,OXFORD_451743_BCG_3AXIS_seg0001,OXFORD_451743_BCG_3AXIS_seg0001_c0078,736.31,738.04,1.7300000000000182,866,368155,369021,0.1136956448465926,0.0504808510223494,True,,451743,451743,BCG_3AXIS,0,0.04308369739087877,0.11369564484659263,0.10852581855185224,0.020704645448568773,0.00042868234315093963,0.04393063583815029,1.6074735134323932,0.0018562049808688143,3.4642032332563506,7.950635509914752,0.00030583200399341256,0.4927817171181854,0.21976820847695058,0.16452463282174895,0.6157071587013004,0.6157071587013004,,
OXFORD,OXFORD_451743_BCG_3AXIS_seg0001,OXFORD_451743_BCG_3AXIS_seg0001_c0079,739.292,739.648,0.3559999999999945,179,369646,369825,0.0729666372718654,0.0504808510223494,True,,451743,451743,BCG_3AXIS,0,0.03756613862445544,0.07296663727186543,0.07119700989593372,0.01640783830484169,0.0002692171578378303,0.06741573033707865,0.2526074440361727,0.0014112147711518028,16.853932584269664,16.03920306841479,1.3877797231449972e-05,0.5131447855169982,0.0922117428074915,0.20062197757519737,0.7071662796173112,0.7071662796173112,,
OXFORD,OXFORD_451743_BCG_3AXIS_seg0001,OXFORD_451743_BCG_3AXIS_seg0001_c0080,740.978,744.52,3.54200000000003,1772,370489,372261,0.0883171812561094,0.0504808510223494,True,,451743,451743,BCG_3AXIS,0,0.0353423497415969,0.08831718125610943,0.08510129255851717,0.01576552337132902,0.0002485517271719215,0.037267080745341616,2.2133727462760313,0.001249081685257354,1.6930022573363432,7.740201029665852,0.0003289381225831625,0.5602761310430278,0.17800143073424476,0.32925457867756963,0.4927439905881855,0.4927439905881855,,
OXFORD,OXFORD_451743_BCG_3AXIS_seg0001,OXFORD_451743_BCG_3AXIS_seg0001_c0081,746.262,746.63,0.3680000000000518,185,373131,373316,0.0538556133566332,0.0504808510223494,True,,451743,451743,BCG_3AXIS,0,0.03024674262013948,0.053855613356633254,0.043244738854524525,0.01196288580600444,0.00014311063680750249,0.043478260869565216,0.169250106238858,0.0009148654391289622,5.434782608695652,9.244149925224269,1.1961622758529e-05,0.40872032751638954,0.24858064903390953,0.35260509444303706,0.3988142565230534,0.3988142565230534,,
OXFORD,OXFORD_451743_BCG_3AXIS_seg0001,OXFORD_451743_BCG_3AXIS_seg0001_c0082,748.644,749.08,0.4360000000000354,219,374322,374541,0.0607992669184864,0.0504808510223494,True,,451743,451743,BCG_3AXIS,0,0.03233556858360593,0.06079926691848641,0.05470343337390019,0.015628817063681067,0.0002442599228100085,0.009174311926605505,0.22898399004189315,0.0010455889956250829,4.587155963302752,7.3727629309189195,1.544691934549688e-05,0.34420237979551355,0.09262780714733962,0.36241126071043384,0.5449609321422265,0.5449609321422265,,
OXFORD,OXFORD_451743_BCG_3AXIS_seg0001,OXFORD_451743_BCG_3AXIS_seg0001_c0083,769.536,772.098,2.562000000000012,1282,384768,386050,0.1101531077433993,0.0504808510223494,True,,451743,451743,BCG_3AXIS,0,0.043674716296624304,0.11015310774339938,0.1065866539557217,0.017042628908121558,0.00029045120009994063,0.0234192037470726,2.445390441483176,0.0019074808435906208,3.9001560062402496,6.390656184420516,0.00025932239028661356,0.4998247793555027,0.49687507156631255,0.24345451003272778,0.2596704184009598,0.49687507156631255,,
OXFORD,OXFORD_451743_BCG_3AXIS_seg0001,OXFORD_451743_BCG_3AXIS_seg0001_c0084,784.876,785.7,0.8240000000000691,413,392438,392851,0.1106238882658724,0.0504808510223494,True,,451743,451743,BCG_3AXIS,0,0.04385847109116664,0.11062388826587248,0.10441265925291325,0.02246259785671237,0.0005045683024723791,0.014563106796116505,0.794432545905791,0.0019235654864546998,2.4271844660194173,4.8614838434599585,0.00014810602123767845,0.3186590227696114,0.17890094411164095,0.305001972261678,0.516097083626681,0.516097083626681,,
OXFORD,OXFORD_451743_BCG_3AXIS_seg0001,OXFORD_451743_BCG_3AXIS_seg0001_c0085,832.864,833.436,0.5720000000000027,287,416432,416719,0.0726109310988839,0.0504808510223494,True,,451743,451743,BCG_3AXIS,0,0.04490525969957136,0.07261093109888395,0.06070195996735038,0.014118063637791112,0.00019931972088071959,0.03496503496503497,0.578730434072867,0.0020164823486859477,6.9930069930069925,7.87705323331438,5.459604869035183e-05,0.35473329732193754,0.5462673026411131,0.23375058824716716,0.21998210911171967,0.5462673026411131,,
OXFORD,OXFORD_451743_BCG_3AXIS_seg0001,OXFORD_451743_BCG_3AXIS_seg0001_c0086,868.2,868.914,0.7139999999999418,358,434100,434458,0.0651134737897126,0.0504808510223494,True,,451743,451743,BCG_3AXIS,0,0.029602035630010837,0.0651134737897126,0.06317816317164597,0.01593207135356829,0.00025383089761519124,0.028011204481792718,0.3137084238116743,0.000876280513440431,2.793296089385475,5.706542255813808,7.136186623824746e-05,0.38223600726620865,0.2520665021922292,0.25048800157907714,0.49744549622869366,0.49744549622869366,,
OXFORD,OXFORD_451743_BCG_3AXIS_seg0001,OXFORD_451743_BCG_3AXIS_seg0001_c0087,887.652,888.762,1.1099999999999,556,443826,444382,0.0700627259880991,0.0504808510223494,True,,451743,451743,BCG_3AXIS,0,0.03176149274254627,0.07006272598809918,0.06487355727785721,0.015562176231817488,0.00024218132907014516,0.03963963963963964,0.5608885862065596,0.0010087924212348193,3.597122302158273,7.366397451042329,0.00012258383398745549,0.46261565848752484,0.3142338802091155,0.18070877903039945,0.505057340760485,0.505057340760485,,
OXFORD,OXFORD_451743_BCG_3AXIS_seg0001,OXFORD_451743_BCG_3AXIS_seg0001_c0088,892.028,892.692,0.6639999999999873,333,446014,446347,0.0578634823239097,0.0504808510223494,True,,451743,451743,BCG_3AXIS,0,0.03124841387006114,0.05786348232390973,0.05201721383533735,0.013644630845136781,0.00018617595090005806,0.04216867469879518,0.3251623020084116,0.0009764633693946295,3.012048192771084,8.758982458186326,3.569213018378609e-05,0.43817220440865307,0.3108970468609804,0.19120117826671595,0.49790177487230364,0.49790177487230364,,
OXFORD,OXFORD_451743_BCG_3AXIS_seg0001,OXFORD_451743_BCG_3AXIS_seg0001_c0089,897.448,898.35,0.9020000000000435,452,448724,449176,0.0738549490544105,0.0504808510223494,True,,451743,451743,BCG_3AXIS,0,0.03450788901128927,0.07385494905441053,0.07030619745722516,0.018689420027613823,0.00034929442096857266,0.026607538802660754,0.5382390706149873,0.0011907944040154587,2.2123893805309733,8.48685505035216,9.334242256920927e-05,0.4708758145272027,0.1998320625691631,0.1833061842749682,0.6168617531558687,0.6168617531558687,,
OXFORD,OXFORD_451875_BCG_3AXIS_seg0001,OXFORD_451875_BCG_3AXIS_seg0001_c0001,1.412,2.926,1.5140000000000002,758,706,1464,2.1285214935757337,0.0481199402141405,True,,451875,451875,BCG_3AXIS,0,0.2568816302755277,2.1285214935757337,2.1231088387283434,0.24239747379071697,0.05875653530012132,0.010568031704095112,50.01903435554378,0.0659881719730129,1.3192612137203166,8.757045719363656,0.05970012675810869,0.5406692042494505,0.36961249411992136,0.18916997130852203,0.4412175345715566,0.4412175345715566,,
OXFORD,OXFORD_451875_BCG_3AXIS_seg0001,OXFORD_451875_BCG_3AXIS_seg0001_c0002,8.378,8.87,0.4919999999999991,247,4189,4436,0.0850379779963332,0.0481199402141405,True,,451875,451875,BCG_3AXIS,0,0.04872561340954005,0.08503797799633324,0.07604527426791396,0.020707428063397402,0.00042879757700077834,0.024390243902439025,0.5864237943275794,0.002374185402135949,4.065040650406504,4.304087288000741,9.444695144360897e-05,0.2915754110991886,0.6717791679788511,0.2262228371894836,0.10199799483166525,0.6717791679788511,,
OXFORD,OXFORD_451875_BCG_3AXIS_seg0001,OXFORD_451875_BCG_3AXIS_seg0001_c0003,9.624,10.538,0.9139999999999996,458,4812,5270,0.140799507087991,0.0481199402141405,True,,451875,451875,BCG_3AXIS,0,0.0549946772443379,0.14079950708799108,0.1375851942273987,0.026784150475029942,0.0007173907166690467,0.0262582056892779,1.385181852545675,0.003024414525208897,6.550218340611353,6.973977528536012,0.00042173067796439663,0.3946023794629525,0.5204269763332479,0.3096196820780462,0.16995334158870598,0.5204269763332479,,
OXFORD,OXFORD_451875_BCG_3AXIS_seg0001,OXFORD_451875_BCG_3AXIS_seg0001_c0004,36.998,38.474,1.475999999999999,739,18499,19238,0.1555947285584064,0.0481199402141405,True,,451875,451875,BCG_3AXIS,0,0.08962134175312088,0.15559472855840648,0.1460853587079392,0.03703045157444148,0.0013712543438070554,0.02710027100271003,5.935636839348339,0.008031984897629687,5.420054200542006,6.993802483027583,0.0010586236089928016,0.4718146560242999,0.6105642812742429,0.2065926614388523,0.18284305728690484,0.6105642812742429,,
OXFORD,OXFORD_451875_BCG_3AXIS_seg0001,OXFORD_451875_BCG_3AXIS_seg0001_c0005,88.916,90.212,1.2960000000000065,649,44458,45107,0.0996394162756053,0.0481199402141405,True,,451875,451875,BCG_3AXIS,0,0.039954533502701735,0.09963941627560534,0.09243233588299204,0.017564633799987423,0.00030851636052766057,0.037037037037037035,1.0360407210746165,0.0015963647474185154,6.172839506172839,7.273322997446228,0.00018796110680959033,0.42720757986197044,0.5484727810735949,0.2270341381870497,0.22449308073935534,0.5484727810735949,,
OXFORD,OXFORD_451875_BCG_3AXIS_seg0001,OXFORD_451875_BCG_3AXIS_seg0001_c0006,91.118,92.28,1.162000000000006,582,45559,46141,0.0761232597670221,0.0481199402141405,True,,451875,451875,BCG_3AXIS,0,0.0376355189554972,0.07612325976702211,0.0728520432724605,0.017045140054336,0.00029053679947192945,0.0378657487091222,0.8243635910628608,0.001416432287049589,1.718213058419244,5.71777179446821,0.0001166411680045737,0.4271787150013165,0.4139298440538932,0.34721234324188355,0.23885781270422327,0.4139298440538932,,
OXFORD,OXFORD_451875_BCG_3AXIS_seg0001,OXFORD_451875_BCG_3AXIS_seg0001_c0007,108.59,109.072,0.4819999999999993,242,54295,54537,0.0598300339228926,0.0481199402141405,True,,451875,451875,BCG_3AXIS,0,0.029463843119780495,0.05983003392289261,0.05248319642279293,0.012092149461704556,0.0001462200786042018,0.058091286307053944,0.21008456843566278,0.0008681180513870363,4.132231404958678,12.45230672317562,1.8612646197736173e-05,0.4805402689045882,0.32817213819280944,0.25888879069062637,0.4129390711165642,0.4129390711165642,,
OXFORD,OXFORD_451875_BCG_3AXIS_seg0001,OXFORD_451875_BCG_3AXIS_seg0001_c0008,147.58,147.956,0.3759999999999763,189,73790,73979,0.0492105455181906,0.0481199402141405,True,,451875,451875,BCG_3AXIS,0,0.018823552689567286,0.04921054551819064,0.048503569968847825,0.011131076312830642,0.00012390085988205939,0.0425531914893617,0.0669676396769571,0.00035432613585691585,5.319148936170213,11.724474680257135,3.530596010629402e-06,0.48691655138081097,0.1208740494902778,0.2763284880564735,0.6027974624532486,0.6027974624532486,,
OXFORD,OXFORD_451875_BCG_3AXIS_seg0001,OXFORD_451875_BCG_3AXIS_seg0001_c0009,150.144,151.076,0.931999999999988,467,75072,75539,0.0530465072715352,0.0481199402141405,True,,451875,451875,BCG_3AXIS,0,0.02202406057381319,0.053046507271535245,0.04793059328151182,0.011185854832646266,0.00012512334833703585,0.03862660944206009,0.22652266702224955,0.0004850592441589926,4.291845493562231,7.181634518484255,3.5820206597741416e-05,0.45123836888127367,0.18516240379883345,0.22778692495933187,0.5870506712418347,0.5870506712418347,,
OXFORD,OXFORD_451875_BCG_3AXIS_seg0001,OXFORD_451875_BCG_3AXIS_seg0001_c0010,156.298,160.248,3.9499999999999886,1976,78149,80125,0.0903505006367924,0.0481199402141405,True,,451875,451875,BCG_3AXIS,0,0.04185880882061849,0.0903505006367924,0.08747751244423126,0.017478256957211936,0.00030548946626232746,0.04151898734177215,3.4622679147410294,0.0017521598758810878,5.060728744939271,6.199347808382777,0.0006338312919159842,0.526017355350456,0.4841886959750266,0.24202267899928054,0.27378862502569284,0.4841886959750266,,
OXFORD,OXFORD_451875_BCG_3AXIS_seg0001,OXFORD_451875_BCG_3AXIS_seg0001_c0011,161.026,161.506,0.4799999999999897,241,80513,80754,0.0564358513385345,0.0481199402141405,True,,451875,451875,BCG_3AXIS,0,0.029613668275740287,0.05643585133853455,0.05063524467395664,0.012712478698042828,0.00016160711464819266,0.025,0.2113496130476864,0.0008769693487455868,4.166666666666667,8.973155014660104,1.7058563997365075e-05,0.43003077033644216,0.23535461157686646,0.2910516241442002,0.47359376427893324,0.47359376427893324,,
OXFORD,OXFORD_451875_BCG_3AXIS_seg0001,OXFORD_451875_BCG_3AXIS_seg0001_c0012,162.378,165.054,2.676000000000016,1339,81189,82528,0.1518166461326,0.0481199402141405,True,,451875,451875,BCG_3AXIS,0,0.05555709203728834,0.15181664613260007,0.1469509859779679,0.03190740292929134,0.0010180823616921498,0.03139013452914798,4.132944646881596,0.003086590475639728,0.7473841554559043,6.92740293081581,0.0009185675422975249,0.5035226337651912,0.6311739061364834,0.17934473376596363,0.18948136009755306,0.6311739061364834,,
OXFORD,OXFORD_451875_BCG_3AXIS_seg0001,OXFORD_451875_BCG_3AXIS_seg0001_c0013,165.582,166.354,0.7720000000000198,387,82791,83178,0.083016463663013,0.0481199402141405,True,,451875,451875,BCG_3AXIS,0,0.030583580352388774,0.08301646366301306,0.08022512731203078,0.015423335879735114,0.00023787928965912454,0.046632124352331605,0.36198253483518494,0.0009353553871710205,2.5906735751295336,8.695324224816986,3.2931121291550006e-05,0.4769472879135982,0.2182928944552405,0.31647940331760976,0.4652277022271497,0.4652277022271497,,
OXFORD,OXFORD_451875_BCG_3AXIS_seg0001,OXFORD_451875_BCG_3AXIS_seg0001_c0014,168.09,171.114,3.024000000000001,1513,84045,85558,0.0645104833414188,0.0481199402141405,True,,451875,451875,BCG_3AXIS,0,0.028810004376967697,0.06451048334141887,0.05973054879075624,0.010884732729430753,0.00011847740659114104,0.046296296296296294,1.2558147408799585,0.0008300163522008978,4.62962962962963,10.947746510508503,0.0001303532493824737,0.5992704205837485,0.23295870285464332,0.287234034977602,0.47980726216775466,0.47980726216775466,,
OXFORD,OXFORD_451875_BCG_3AXIS_seg0001,OXFORD_451875_BCG_3AXIS_seg0001_c0015,171.89,173.762,1.872000000000014,937,85945,86882,0.0650809149304705,0.0481199402141405,True,,451875,451875,BCG_3AXIS,0,0.025485641535799766,0.06508091493047055,0.06456326805114455,0.01255791978119174,0.0001577013492308468,0.04487179487179487,0.6085982952483315,0.0006495179244912823,2.1367521367521367,9.000371053934918,0.00012676812421368025,0.5422057402747456,0.192598786366866,0.23607164560594415,0.5713295680271897,0.5713295680271897,,
OXFORD,OXFORD_451875_BCG_3AXIS_seg0001,OXFORD_451875_BCG_3AXIS_seg0001_c0016,179.33,182.842,3.5120000000000005,1757,89665,91422,0.0780702062068254,0.0481199402141405,True,,451875,451875,BCG_3AXIS,0,0.02285396142308863,0.0780702062068254,0.07679673599236972,0.012731505701851184,0.0001620912374362692,0.04783599088838269,0.9176873421431369,0.0005223035527280233,2.277904328018223,10.005571242903326,0.0002076640846714371,0.5692966651012892,0.11702225364953715,0.1828638427257851,0.7001139036246777,0.7001139036246777,,
OXFORD,OXFORD_451875_BCG_3AXIS_seg0001,OXFORD_451875_BCG_3AXIS_seg0001_c0017,183.672,185.01,1.337999999999994,670,91836,92506,0.0588523843927346,0.0481199402141405,True,,451875,451875,BCG_3AXIS,0,0.02439557410808797,0.058852384392734665,0.057487479560132136,0.01294161131133491,0.00016748530333367167,0.03587443946188341,0.3987465041623521,0.000595144036063212,1.4925373134328357,7.186475173778586,6.527959115971228e-05,0.44015701888139497,0.08896418513760386,0.25495963083813394,0.6560761840242623,0.6560761840242623,,
OXFORD,OXFORD_451875_BCG_3AXIS_seg0001,OXFORD_451875_BCG_3AXIS_seg0001_c0018,185.884,186.758,0.8740000000000236,438,92942,93380,0.0545246615134488,0.0481199402141405,True,,451875,451875,BCG_3AXIS,0,0.021761713613711136,0.05452466151344887,0.05093116831343565,0.011554122280870046,0.00013349774168129765,0.04576659038901602,0.2074246145794691,0.00047357217940518056,2.2831050228310503,10.228898874891975,4.1805538896978776e-05,0.5274703351303383,0.10558698462561937,0.1971844739337784,0.6972285414406022,0.6972285414406022,,
OXFORD,OXFORD_451875_BCG_3AXIS_seg0001,OXFORD_451875_BCG_3AXIS_seg0001_c0019,187.298,190.208,2.9099999999999966,1456,93649,95105,0.0591515174760969,0.0481199402141405,True,,451875,451875,BCG_3AXIS,0,0.02388580111572271,0.05915151747609692,0.058202188753294526,0.01120578356999141,0.00012556958541748943,0.05360824742268041,0.8306938566324367,0.0005705314949398604,2.0604395604395602,11.236981200653231,0.0001261111357704403,0.5854566489044952,0.13112344953282717,0.23394174275669263,0.6349348077104803,0.6349348077104803,,
OXFORD,OXFORD_451875_BCG_3AXIS_seg0001,OXFORD_451875_BCG_3AXIS_seg0001_c0020,191.896,195.39,3.494,1748,95948,97696,0.0746248088122002,0.0481199402141405,True,,451875,451875,BCG_3AXIS,0,0.0240939207265852,0.07462480881220025,0.07398631074216047,0.012888396675321313,0.00016611076886043346,0.04235832856325129,1.0147437439312428,0.0005805170159789718,2.288329519450801,9.709050560421078,0.00021635657116386253,0.5592375628733065,0.17329816178247717,0.17028513917495816,0.6564166990425646,0.6564166990425646,,
OXFORD,OXFORD_451875_BCG_3AXIS_seg0001,OXFORD_451875_BCG_3AXIS_seg0001_c0021,200.138,204.462,4.323999999999984,2163,100069,102232,0.0670361323216892,0.0481199402141405,True,,451875,451875,BCG_3AXIS,0,0.023122324281088045,0.06703613232168924,0.06639841409174814,0.012660794621425615,0.0001602957204459198,0.0425531914893617,1.156430386785634,0.0005346418801597938,2.3126734505087883,8.536795189395047,0.0003037970635257637,0.5431805335867221,0.14014854591835693,0.19057482661932817,0.669276627462315,0.669276627462315,,
OXFORD,OXFORD_451875_BCG_3AXIS_seg0001,OXFORD_451875_BCG_3AXIS_seg0001_c0022,206.18,208.336,2.156000000000006,1079,103090,104169,0.0620324703879722,0.0481199402141405,True,,451875,451875,BCG_3AXIS,0,0.02569520601210684,0.062032470387972216,0.06118493364522908,0.013163977865664379,0.00017329031324770172,0.04081632653061224,0.7124028573529759,0.0006602436120046116,0.9276437847866419,8.842066763901293,0.00014196200079141853,0.5375499756945085,0.13361118137317624,0.2228044292760439,0.6435843893507798,0.6435843893507798,,
OXFORD,OXFORD_451875_BCG_3AXIS_seg0001,OXFORD_451875_BCG_3AXIS_seg0001_c0023,210.616,217.802,7.185999999999979,3594,105308,108902,0.0721697499282606,0.0481199402141405,True,,451875,451875,BCG_3AXIS,0,0.024333479657393044,0.07216974992826063,0.07054357237124223,0.012621008262756587,0.00015928984956857002,0.04787086000556638,2.12807292665892,0.0005921182322367612,2.2259321090706736,10.274840116879407,0.00041906229453086193,0.5987003115280618,0.11611925824449804,0.2106985535452052,0.6731821882102969,0.6731821882102969,,
OXFORD,OXFORD_451875_BCG_3AXIS_seg0001,OXFORD_451875_BCG_3AXIS_seg0001_c0024,218.664,221.658,2.994,1498,109332,110830,0.0627027748968287,0.0481199402141405,True,,451875,451875,BCG_3AXIS,0,0.02417554244773099,0.06270277489682878,0.06152885556457318,0.012496265950087626,0.0001561566626953194,0.04809619238476954,0.8755163652577803,0.0005844568526420429,2.0026702269692924,9.943063826419014,0.00015266909080768144,0.5541546960578663,0.10233074995311753,0.20128230965192911,0.6963869403949533,0.6963869403949533,,
OXFORD,OXFORD_451875_BCG_3AXIS_seg0001,OXFORD_451875_BCG_3AXIS_seg0001_c0025,224.304,224.75,0.4459999999999979,224,112152,112376,0.063146133272629,0.0481199402141405,True,,451875,451875,BCG_3AXIS,0,0.027573277068667187,0.06314613327262901,0.05852154477027233,0.012832800592463722,0.00016468077104593725,0.04484304932735426,0.17030397626042926,0.0007602856083054878,4.464285714285714,7.848935340922295,1.3575421543804403e-05,0.35017598848847226,0.25178075045008236,0.15706339578329265,0.5911558537666249,0.5911558537666249,,
OXFORD,OXFORD_451875_BCG_3AXIS_seg0001,OXFORD_451875_BCG_3AXIS_seg0001_c0026,225.608,226.048,0.4399999999999977,221,112804,113025,0.0702609072355148,0.0481199402141405,True,,451875,451875,BCG_3AXIS,0,0.030537697201626416,0.0702609072355148,0.06727426134932503,0.01570822840306451,0.00024674843956284264,0.045454545454545456,0.20609376003358704,0.0009325509503782218,4.545454545454546,12.310274634740336,1.3046987836816649e-05,0.4802329280907767,0.06861955219934864,0.2100177425290348,0.7213627052716166,0.7213627052716166,,
OXFORD,OXFORD_451875_BCG_3AXIS_seg0001,OXFORD_451875_BCG_3AXIS_seg0001_c0027,226.798,228.618,1.8199999999999927,911,113399,114310,0.0694577949801388,0.0481199402141405,True,,451875,451875,BCG_3AXIS,0,0.02562265213584354,0.06945779498013889,0.06885801298867093,0.01345653733988585,0.00018107839717974216,0.046153846153846156,0.5980899955542216,0.0006565203024744475,2.1978021978021975,10.700200059338663,0.00010764094237549188,0.5614038899457415,0.11358834129365832,0.2074683120528428,0.6789433466534989,0.6789433466534989,,
OXFORD,OXFORD_451875_BCG_3AXIS_seg0001,OXFORD_451875_BCG_3AXIS_seg0001_c0028,229.4,231.168,1.768000000000001,885,114700,115585,0.0783287874101108,0.0481199402141405,True,,451875,451875,BCG_3AXIS,0,0.025205251407995635,0.07832878741011085,0.0754688565142526,0.013446645067290418,0.00018081226356568572,0.04751131221719457,0.5622446582081354,0.0006353046985402659,2.262443438914027,10.22415106547495,0.0001285719045184896,0.5448163634390366,0.09942631934553581,0.21385318506004222,0.6867204955944219,0.6867204955944219,,
OXFORD,OXFORD_451875_BCG_3AXIS_seg0001,OXFORD_451875_BCG_3AXIS_seg0001_c0029,232.006,243.212,11.205999999999989,5604,116003,121607,0.2121684112347535,0.0481199402141405,True,,451875,451875,BCG_3AXIS,0,0.037708115443077325,0.21216841123475352,0.21073822068918108,0.02285844662253006,0.000522508581995056,0.033553453507049795,7.968338641384376,0.001421901970268447,0.17844396859386152,4.435041850707906,0.001526388171154077,0.49410977719251753,0.2746271153496924,0.32366920778362085,0.40170367686668673,0.40170367686668673,,
OXFORD,OXFORD_451875_BCG_3AXIS_seg0001,OXFORD_451875_BCG_3AXIS_seg0001_c0030,243.796,246.624,2.828000000000003,1415,121898,123313,0.0667355198302974,0.0481199402141405,True,,451875,451875,BCG_3AXIS,0,0.025042370338524335,0.06673551983029748,0.06564333323596305,0.013000703806887053,0.00016901829947440749,0.042432814710042434,0.887375241723102,0.0006271203121718035,4.9504950495049505,9.70097860810383,0.00017548540476452015,0.5314004640531277,0.0972140080587814,0.16606728301262963,0.7367187089285889,0.7367187089285889,,
OXFORD,OXFORD_451875_BCG_3AXIS_seg0001,OXFORD_451875_BCG_3AXIS_seg0001_c0031,247.368,250.06,2.6920000000000077,1347,123684,125031,0.0823851634469783,0.0481199402141405,True,,451875,451875,BCG_3AXIS,0,0.026336130766799207,0.0823851634469783,0.08050864855920725,0.01442993869657067,0.00020822313078678768,0.03863298662704309,0.9342681327327317,0.0006935917837659478,2.228826151560178,8.97938409272875,0.00020757877277000146,0.5570836317429955,0.09666339867038376,0.21096291025148814,0.6923736910781281,0.6923736910781281,,
OXFORD,OXFORD_451875_BCG_3AXIS_seg0001,OXFORD_451875_BCG_3AXIS_seg0001_c0032,250.918,261.012,10.093999999999994,5048,125459,130507,0.1299113497425127,0.0481199402141405,True,,451875,451875,BCG_3AXIS,0,0.03853758863920541,0.12991134974251273,0.12881082435795735,0.019971481072389396,0.00039886005622480786,0.03804240142659005,7.49701568605305,0.0014851457381246137,0.19809825673534073,7.351773701482184,0.0014316512472259575,0.6072652150819052,0.33469324464666406,0.2546726651322852,0.41063409022105074,0.41063409022105074,,
OXFORD,OXFORD_451875_BCG_3AXIS_seg0001,OXFORD_451875_BCG_3AXIS_seg0001_c0033,261.674,263.628,1.954000000000008,978,130837,131815,0.0940454113911988,0.0481199402141405,True,,451875,451875,BCG_3AXIS,0,0.033578905744643485,0.09404541139119887,0.09309221426454652,0.01720656010680578,0.00029606571070912006,0.04094165813715456,1.102736966965483,0.0011275429110076513,2.044989775051125,6.830888337486427,0.0002716613344130009,0.4850809797813287,0.18275571651720454,0.3238490151159996,0.4933952683667958,0.4933952683667958,,
OXFORD,OXFORD_451875_BCG_3AXIS_seg0001,OXFORD_451875_BCG_3AXIS_seg0001_c0034,264.554,267.996,3.4420000000000077,1722,132277,133999,0.0695821993409163,0.0481199402141405,True,,451875,451875,BCG_3AXIS,0,0.028118177820345883,0.0695821993409163,0.0662204648183727,0.013275834148594618,0.000176247772340991,0.041836141778036025,1.3614681730188098,0.000790631923936591,2.3228803716608595,9.927962500832297,0.00023757932794343505,0.5666718473935838,0.18228582870911064,0.1975017259323616,0.6202124453585277,0.6202124453585277,,
OXFORD,OXFORD_451875_BCG_3AXIS_seg0001,OXFORD_451875_BCG_3AXIS_seg0001_c0035,268.574,269.014,0.4399999999999977,221,134287,134508,0.0571567597417901,0.0481199402141405,True,,451875,451875,BCG_3AXIS,0,0.029810105418040283,0.057156759741790145,0.050389613273988526,0.013693643521495607,0.00018751587289379863,0.045454545454545456,0.19638996709266307,0.0008886423850346745,4.545454545454546,11.410247430926821,1.9843805521300944e-05,0.4405343667034347,0.11860087958463231,0.1288659586654244,0.7525331617499432,0.7525331617499432,,
OXFORD,OXFORD_451875_BCG_3AXIS_seg0001,OXFORD_451875_BCG_3AXIS_seg0001_c0036,269.866,297.376,27.50999999999999,13756,134933,148689,0.0882241424226022,0.0481199402141405,True,,451875,451875,BCG_3AXIS,0,0.027002664373508713,0.08822414242260222,0.08762547406149364,0.014371795747497803,0.0002065485130077959,0.040567066521264995,10.030103258239514,0.0007291438832683566,2.326257633032858,8.323699309574705,0.0021858024797923397,0.6162177884602087,0.18750709162983473,0.1936211485658907,0.6188717598042746,0.6188717598042746,,
OXFORD,OXFORD_451875_BCG_3AXIS_seg0001,OXFORD_451875_BCG_3AXIS_seg0001_c0037,298.674,311.608,12.934000000000026,6468,149337,155805,0.0966163738632594,0.0481199402141405,True,,451875,451875,BCG_3AXIS,0,0.02711836876698669,0.09661637386325948,0.09540808538943148,0.014923830054248308,0.00022272070348808507,0.039894850780887586,4.756605520198182,0.0007354059245822792,4.63821892393321,7.789307242834765,0.0010821943913244371,0.5715764127784376,0.17020947522424265,0.23858505388466508,0.5912054708910922,0.5912054708910922,,
OXFORD,OXFORD_451875_BCG_3AXIS_seg0001,OXFORD_451875_BCG_3AXIS_seg0001_c0038,313.326,315.072,1.745999999999981,874,156663,157537,0.0639493761824734,0.0481199402141405,True,,451875,451875,BCG_3AXIS,0,0.024644978475806833,0.06394937618247344,0.06272227311011708,0.013828047122366011,0.00019121488721837493,0.043528064146620846,0.5308457185997864,0.0006073749640729821,4.576659038901602,10.655806530041945,0.00011874541883458858,0.5125306840516403,0.07955574179671493,0.24630197723675057,0.6741422809665346,0.6741422809665346,,
OXFORD,OXFORD_451875_BCG_3AXIS_seg0001,OXFORD_451875_BCG_3AXIS_seg0001_c0039,317.616,319.432,1.816000000000031,909,158808,159717,0.0907632842240185,0.0481199402141405,True,,451875,451875,BCG_3AXIS,0,0.023918997587037943,0.09076328422401855,0.08998957421407969,0.014085354808572958,0.00019839722008338937,0.04185022026431718,0.5200556670219728,0.0005721184455687269,2.202643171806167,10.80392714964738,0.0001469931818573564,0.5298573151122028,0.06819916739874293,0.14744163544219374,0.7843591971590634,0.7843591971590634,,
OXFORD,OXFORD_451875_BCG_3AXIS_seg0001,OXFORD_451875_BCG_3AXIS_seg0001_c0040,320.21,321.56,1.3500000000000227,676,160105,160781,0.0787724103326054,0.0481199402141405,True,,451875,451875,BCG_3AXIS,0,0.024858631039887027,0.07877241033260546,0.0757302803195409,0.013452502111756692,0.00018096981306681825,0.047407407407407405,0.4177352391318107,0.0006179515371772348,1.4792899408284024,9.63473383228069,6.462325494824651e-05,0.5202838790557122,0.08662629850581156,0.19948944079720551,0.713884260696983,0.713884260696983,,
OXFORD,OXFORD_451875_BCG_3AXIS_seg0001,OXFORD_451875_BCG_3AXIS_seg0001_c0041,322.406,322.712,0.3059999999999832,154,161203,161357,0.0540668522513175,0.0481199402141405,True,,451875,451875,BCG_3AXIS,0,0.03228138183449294,0.054066852251317514,0.047862748799880506,0.01296070330102175,0.00016797983005711607,0.0392156862745098,0.16048149242422693,0.0010420876131443308,12.987012987012987,12.501882057041536,1.4608002757941383e-05,0.39407757590837195,0.06963477846187671,0.3728192942988467,0.5575459272392767,0.5575459272392767,,
OXFORD,OXFORD_451875_BCG_3AXIS_seg0001,OXFORD_451875_BCG_3AXIS_seg0001_c0042,323.262,324.124,0.8620000000000232,432,161631,162063,0.0543692700682962,0.0481199402141405,True,,451875,451875,BCG_3AXIS,0,0.02612366239041909,0.054369270068296276,0.053136174690669065,0.010207895212600885,0.00010420112467144007,0.05568445475638051,0.2948165582494738,0.0006824457366885967,25.462962962962962,16.17620388223077,2.0445151674161235e-05,0.5614063066714703,0.12462421123661259,0.23450388718366244,0.640871901579725,0.640871901579725,,
OXFORD,OXFORD_451875_BCG_3AXIS_seg0001,OXFORD_451875_BCG_3AXIS_seg0001_c0043,325.36,327.542,2.1819999999999595,1092,162680,163772,0.0632745023108103,0.0481199402141405,True,,451875,451875,BCG_3AXIS,0,0.02707219166414408,0.06327450231081037,0.06046558517422903,0.013121686804913603,0.00017217866460624375,0.03666361136571952,0.8003306891581662,0.0007329035615001522,4.5787545787545785,10.494694269099039,0.00013553447759541028,0.5636711341416777,0.1380133841689464,0.2459998085804076,0.615986807250646,0.615986807250646,,
OXFORD,OXFORD_451875_BCG_3AXIS_seg0001,OXFORD_451875_BCG_3AXIS_seg0001_c0044,328.394,333.156,4.7620000000000005,2382,164197,166579,0.0788042638732118,0.0481199402141405,True,,451875,451875,BCG_3AXIS,0,0.024214294191322903,0.07880426387321184,0.07829577013400708,0.0131496537741372,0.00017291339437968068,0.04283914321713566,1.396642926864131,0.000586332043183934,2.5188916876574305,10.808026724791056,0.00030482974666319916,0.5742929170081165,0.08413718603730468,0.191530890245006,0.7243319237176894,0.7243319237176894,,
OXFORD,OXFORD_451875_BCG_3AXIS_seg0001,OXFORD_451875_BCG_3AXIS_seg0001_c0045,334.16,342.242,8.081999999999994,4042,167080,171122,0.0913833951216746,0.0481199402141405,True,,451875,451875,BCG_3AXIS,0,0.028845656686958442,0.09138339512167468,0.09034032494962643,0.015264723209594678,0.00023301177466553843,0.03959415986142044,3.3632346590149598,0.0008320719097018703,2.2266204849084614,8.474348602476761,0.0006326278959898042,0.5837635353623354,0.15897802115915285,0.25610202948901756,0.5849199493518297,0.5849199493518297,,
OXFORD,OXFORD_451875_BCG_3AXIS_seg0001,OXFORD_451875_BCG_3AXIS_seg0001_c0046,343.674,345.22,1.5460000000000491,774,171837,172611,0.0749930851943565,0.0481199402141405,True,,451875,451875,BCG_3AXIS,0,0.030281709478113223,0.0749930851943565,0.07414845730318406,0.01669802957187379,0.0002788241915831716,0.03622250970245795,0.7097440129816437,0.0009169819289168523,1.2919896640826873,7.406700687171182,0.00014937801221487682,0.4806936184305379,0.2770852726823743,0.18239103025774336,0.5405236970598822,0.5405236970598822,,
OXFORD,OXFORD_451875_BCG_3AXIS_seg0001,OXFORD_451875_BCG_3AXIS_seg0001_c0047,346.112,347.032,0.9199999999999592,461,173056,173517,0.0711513880107121,0.0481199402141405,True,,451875,451875,BCG_3AXIS,0,0.024912544797667944,0.07115138801071216,0.06913560488058959,0.014685041932515132,0.00021565045655972778,0.034782608695652174,0.2861126835043694,0.0006206348882958121,2.1739130434782608,10.012383303967868,2.9884697579479848e-05,0.5041774918028668,0.0880187841603613,0.11957250452481955,0.792408711314819,0.792408711314819,,
OXFORD,OXFORD_451875_BCG_3AXIS_seg0001,OXFORD_451875_BCG_3AXIS_seg0001_c0048,347.774,350.292,2.5179999999999723,1260,173887,175147,0.0751496767254182,0.0481199402141405,True,,451875,451875,BCG_3AXIS,0,0.02416099741435597,0.07514967672541827,0.0725219165282058,0.013442897005718149,0.00018071147990634598,0.046068308181096106,0.73552978303121,0.0005837537960565159,2.380952380952381,9.89718523193585,0.00014103272091614072,0.5423140466884655,0.0861094531915705,0.18577927572846753,0.728111271079962,0.728111271079962,,
OXFORD,OXFORD_451875_BCG_3AXIS_seg0001,OXFORD_451875_BCG_3AXIS_seg0001_c0049,351.144,353.52,2.3759999999999764,1189,175572,176761,0.0615014916120118,0.0481199402141405,True,,451875,451875,BCG_3AXIS,0,0.02338223807365907,0.06150149161201187,0.060001481598768544,0.011964805545829725,0.00014315657174951774,0.04208754208754209,0.6500608491692602,0.0005467290573332718,4.208754208754209,11.464300864393929,0.00011080192050281296,0.5568072899064039,0.09715022701793835,0.17852502821255273,0.7243247447695088,0.7243247447695088,,
OXFORD,OXFORD_451875_BCG_3AXIS_seg0001,OXFORD_451875_BCG_3AXIS_seg0001_c0050,356.146,357.474,1.3279999999999743,665,178073,178738,0.0587908013313546,0.0481199402141405,True,,451875,451875,BCG_3AXIS,0,0.024484730455064285,0.05879080133135463,0.05664897605946537,0.013089261659457918,0.00017132877078975507,0.04819277108433735,0.3986688469290064,0.0005995020254571525,1.506024096385542,9.456440706310012,7.283722217620996e-05,0.5196123922707035,0.06900944741020071,0.15303519064813517,0.7779553619416641,0.7779553619416641,,
OXFORD,OXFORD_451875_BCG_3AXIS_seg0001,OXFORD_451875_BCG_3AXIS_seg0001_c0051,357.986,358.344,0.3580000000000041,180,178993,179173,0.0566116019616527,0.0481199402141405,True,,451875,451875,BCG_3AXIS,0,0.028443683671596172,0.05661160196165275,0.047502106314483594,0.012229327183355475,0.00014955644335755717,0.0446927374301676,0.1456277653457688,0.0008090431408098266,5.555555555555555,10.12717639713146,7.016145790461438e-06,0.4178631499021283,0.07480423989854111,0.31682760228487583,0.608368157816583,0.608368157816583,,
OXFORD,OXFORD_451875_BCG_3AXIS_seg0001,OXFORD_451875_BCG_3AXIS_seg0001_c0052,361.336,363.136,1.8000000000000114,901,180668,181569,0.0939890235979562,0.0481199402141405,True,,451875,451875,BCG_3AXIS,0,0.026347659939231088,0.09398902359795623,0.09283488824218837,0.015018680386184754,0.00022556076054237062,0.04,0.6254734650302998,0.0006941991842733627,2.2222222222222223,10.69647719109919,0.00012433528038857745,0.5401821907329758,0.06652545676282758,0.2581299385476256,0.6753446046895468,0.6753446046895468,,
OXFORD,OXFORD_451875_BCG_3AXIS_seg0001,OXFORD_451875_BCG_3AXIS_seg0001_c0053,365.68,367.484,1.8039999999999736,903,182840,183743,0.07065088404026,0.0481199402141405,True,,451875,451875,BCG_3AXIS,0,0.030945482650582844,0.07065088404026007,0.0657988510293057,0.01491660164825236,0.000222505004732645,0.03325942350332594,0.864733475519204,0.0009576228964775238,4.434589800443459,9.618904998569603,0.0001338748893820398,0.5287902168512847,0.20519598317092017,0.20560371240117736,0.5892003044279025,0.5892003044279025,,
OXFORD,OXFORD_451875_BCG_3AXIS_seg0001,OXFORD_451875_BCG_3AXIS_seg0001_c0054,368.092,370.582,2.490000000000009,1246,184046,185292,0.0782510558806305,0.0481199402141405,True,,451875,451875,BCG_3AXIS,0,0.024752715794802854,0.07825105588063054,0.07596273824694609,0.014159345411634881,0.00020048706248598574,0.043373493975903614,0.7634203862659801,0.0006126969392182826,1.6051364365971108,8.797172670013596,0.000171523805624207,0.5387594276055805,0.06358314380572576,0.20901266916971037,0.7274041870245639,0.7274041870245639,,
OXFORD,OXFORD_451875_BCG_3AXIS_seg0001,OXFORD_451875_BCG_3AXIS_seg0001_c0055,371.428,372.282,0.853999999999985,428,185714,186142,0.0789299901978293,0.0481199402141405,True,,451875,451875,BCG_3AXIS,0,0.02687306323805467,0.07892999019782934,0.07447073457036037,0.015932705244877065,0.0002538510964201331,0.04215456674473068,0.30908513389689574,0.0007221615277964854,2.336448598130841,10.26473135435727,3.768425788374299e-05,0.4928076798233374,0.04745618784034482,0.17349969396840736,0.7790441181912479,0.7790441181912479,,
OXFORD,OXFORD_451875_BCG_3AXIS_seg0001,OXFORD_451875_BCG_3AXIS_seg0001_c0056,373.108,378.96,5.851999999999975,2927,186554,189481,0.0889653189582515,0.0481199402141405,True,,451875,451875,BCG_3AXIS,0,0.02543431376845447,0.08896531895825152,0.08826567754400633,0.013670992042687985,0.00018689602343123819,0.048530416951469584,1.8934889354849078,0.0006469043168721927,4.442925495557074,10.503187420590962,0.00033742746957153406,0.5865154682984878,0.06699114631085477,0.21214113280384625,0.7208677208852989,0.7208677208852989,,
OXFORD,OXFORD_451875_BCG_3AXIS_seg0001,OXFORD_451875_BCG_3AXIS_seg0001_c0057,379.762,382.402,2.6399999999999864,1321,189881,191202,0.0926362332112374,0.0481199402141405,True,,451875,451875,BCG_3AXIS,0,0.02617300560855343,0.0926362332112374,0.09124421345518935,0.015813797663669815,0.0002500761965474889,0.04090909090909091,0.9049196400352727,0.0006850262225853692,2.2727272727272725,10.245599877661808,0.00015955991167874694,0.564507476545709,0.06272380428847671,0.18827277030121936,0.749003425410304,0.749003425410304,,
OXFORD,OXFORD_451875_BCG_3AXIS_seg0001,OXFORD_451875_BCG_3AXIS_seg0001_c0058,383.21,383.7,0.4900000000000091,246,191605,191851,0.0722241070424999,0.0481199402141405,True,,451875,451875,BCG_3AXIS,0,0.028223320449350754,0.07222410704249993,0.06976992667689462,0.01675438480071948,0.00028070941005057994,0.04897959183673469,0.19595273102793814,0.0007965558171867404,4.065040650406504,10.764711985971653,1.4130113258772525e-05,0.4286810431147911,0.07063303109920087,0.12423130901090865,0.8051356598898904,0.8051356598898904,,
OXFORD,OXFORD_451875_BCG_3AXIS_seg0001,OXFORD_451875_BCG_3AXIS_seg0001_c0059,385.63,386.546,0.9159999999999968,459,192815,193274,0.0541058623651556,0.0481199402141405,True,,451875,451875,BCG_3AXIS,0,0.02383416562321505,0.05410586236515563,0.052687766321864546,0.013829992348858804,0.00019126868836949305,0.048034934497816595,0.26074295998827435,0.0005680674509548461,4.366812227074235,13.10133922463223,4.169297925156253e-05,0.4855017136218499,0.06605687687833982,0.10363516141745385,0.8303079617042063,0.8303079617042063,,
OXFORD,OXFORD_451875_BCG_3AXIS_seg0001,OXFORD_451875_BCG_3AXIS_seg0001_c0060,387.23,389.7,2.4699999999999704,1236,193615,194851,0.0705212927413615,0.0481199402141405,True,,451875,451875,BCG_3AXIS,0,0.025037843781059922,0.07052129274136153,0.06895256855334084,0.013841071914412157,0.00019157527173992902,0.045344129554655874,0.7748405158090846,0.000626893621204761,2.4271844660194177,9.153139581593619,0.0001816668586748366,0.5232568903730562,0.0730062662167997,0.17798587254490886,0.7490078612382914,0.7490078612382914,,
OXFORD,OXFORD_451875_BCG_3AXIS_seg0001,OXFORD_451875_BCG_3AXIS_seg0001_c0061,390.434,392.078,1.6439999999999486,823,195217,196040,0.0760990137651611,0.0481199402141405,True,,451875,451875,BCG_3AXIS,0,0.026194912903229613,0.07609901376516115,0.0739500545330934,0.013990600550710056,0.00019573690376952852,0.046228710462287104,0.5647207592324073,0.0006861734620077853,2.4330900243309,10.957378279191044,7.219124592110266e-05,0.5573987482236831,0.0607102069435943,0.23506892402670349,0.7042208690297023,0.7042208690297023,,
OXFORD,OXFORD_451875_BCG_3AXIS_seg0001,OXFORD_451875_BCG_3AXIS_seg0001_c0062,392.896,396.942,4.045999999999992,2024,196448,198472,0.0808329425705229,0.0481199402141405,True,,451875,451875,BCG_3AXIS,0,0.023369438160521398,0.08083294257052298,0.07998478089507875,0.01338969714359452,0.00017928398959718325,0.040533860603064756,1.10536841523539,0.0005461306399384338,2.4703557312252964,10.12502494147914,0.00023711425122619024,0.5905675052855284,0.07990251474097165,0.2017979893544413,0.7182994959045871,0.7182994959045871,,
OXFORD,OXFORD_451875_BCG_3AXIS_seg0001,OXFORD_451875_BCG_3AXIS_seg0001_c0063,397.8,401.764,3.963999999999999,1983,198900,200883,0.0743659996390253,0.0481199402141405,True,,451875,451875,BCG_3AXIS,0,0.023079926043108875,0.07436599963902538,0.07363942850323123,0.013643394419961314,0.0001861422112986315,0.04238143289606458,1.0563103615461091,0.0005326829861553753,2.522704339051463,9.639076805980032,0.0002806852958621596,0.5702499226893677,0.05861395016190664,0.18498290808464488,0.7564031417534485,0.7564031417534485,,
OXFORD,OXFORD_451875_BCG_3AXIS_seg0001,OXFORD_451875_BCG_3AXIS_seg0001_c0064,402.652,407.93,5.27800000000002,2640,201326,203966,0.0957475285517524,0.0481199402141405,True,,451875,451875,BCG_3AXIS,0,0.02468084619712524,0.09574752855175248,0.095063426556343,0.014359349415659903,0.00020619091564101237,0.04016672982190224,1.60814060617624,0.0006091441690061515,2.2727272727272725,9.247566453728476,0.0003839568934120387,0.5658345830153031,0.06833143185186952,0.2058589208022976,0.725809647345833,0.725809647345833,,
OXFORD,OXFORD_451875_BCG_3AXIS_seg0001,OXFORD_451875_BCG_3AXIS_seg0001_c0065,411.488,413.794,2.305999999999983,1154,205744,206898,0.0903830501272115,0.0481199402141405,True,,451875,451875,BCG_3AXIS,0,0.03276862371373356,0.09038305012721155,0.0843666818682605,0.013607368938659253,0.00018516048943278865,0.04163052905464007,1.2391452359064696,0.0010737827000922614,1.733102253032929,7.424310461058056,0.00019482260631299003,0.5024145751050096,0.24641604762583422,0.3194978449887961,0.4340861073853698,0.4340861073853698,,
OXFORD,OXFORD_451875_BCG_3AXIS_seg0001,OXFORD_451875_BCG_3AXIS_seg0001_c0066,421.288,423.032,1.7439999999999714,873,210644,211517,0.0995513523360268,0.0481199402141405,True,,451875,451875,BCG_3AXIS,0,0.03693837243671229,0.09955135233602688,0.09742315069775387,0.017600439937552413,0.00030977548599539,0.0481651376146789,1.1911590517725612,0.001364443358273266,3.4403669724770642,11.128376540504055,0.00016904838371932873,0.548820648431856,0.24531700676559717,0.20704010655029778,0.547642886684105,0.547642886684105,,
OXFORD,OXFORD_451875_BCG_3AXIS_seg0001,OXFORD_451875_BCG_3AXIS_seg0001_c0067,431.766,432.718,0.9519999999999982,477,215883,216360,0.0736848502148339,0.0481199402141405,True,,451875,451875,BCG_3AXIS,0,0.03091606084643582,0.07368485021483398,0.07066429526011887,0.014141247514090753,0.00019997488125477793,0.046218487394957986,0.4559179443102689,0.0009558028182605218,6.30252100840336,10.33704171694752,7.282635993206683e-05,0.47527230185584457,0.2776848969800867,0.25845290575120583,0.4638621972687075,0.4638621972687075,,
OXFORD,OXFORD_451875_BCG_3AXIS_seg0001,OXFORD_451875_BCG_3AXIS_seg0001_c0068,451.132,451.638,0.5059999999999718,254,225566,225820,0.0737063851310247,0.0481199402141405,True,,451875,451875,BCG_3AXIS,0,0.031051094485034857,0.07370638513102475,0.07145442500504351,0.017385039671468358,0.00030223960437852866,0.05533596837944664,0.2448992990545148,0.0009641704687185622,3.937007874015748,11.420653326396769,3.8969423909594214e-05,0.47864434695999675,0.17618587749476514,0.03754822183642119,0.7862659006688136,0.7862659006688136,,
OXFORD,OXFORD_451875_BCG_3AXIS_seg0001,OXFORD_451875_BCG_3AXIS_seg0001_c0069,477.928,478.376,0.4479999999999791,225,238964,239189,0.0547385816504055,0.0481199402141405,True,,451875,451875,BCG_3AXIS,0,0.023981613806129013,0.05473858165040553,0.05144832557833422,0.011542351777824983,0.00013322588456305952,0.026785714285714284,0.12940150516792148,0.0005751178007463177,4.464285714285714,11.085705312402958,5.461358594846402e-06,0.4694889413242819,0.06173434514941343,0.3006543253547756,0.637611329495811,0.637611329495811,,
OXFORD,OXFORD_451875_BCG_3AXIS_seg0001,OXFORD_451875_BCG_3AXIS_seg0001_c0070,481.818,482.382,0.5640000000000214,283,240909,241192,0.0539337543986324,0.0481199402141405,True,,451875,451875,BCG_3AXIS,0,0.024993283801594903,0.053933754398632454,0.053507567103006456,0.013388699796738214,0.0001792572822471779,0.03546099290780142,0.17677997855793973,0.0006246642351870661,3.5460992907801416,11.692852649686872,1.7177250415826254e-05,0.4468721898845471,0.06993830036489553,0.23969705187511609,0.6903646477599883,0.6903646477599883,,
OXFORD,OXFORD_451875_BCG_3AXIS_seg0001,OXFORD_451875_BCG_3AXIS_seg0001_c0071,484.014,484.872,0.8580000000000041,430,242007,242437,0.0576083734519675,0.0481199402141405,True,,451875,451875,BCG_3AXIS,0,0.022265927586349887,0.05760837345196759,0.05515843986933839,0.012562969514316898,0.00015782820301765577,0.04195804195804196,0.21318175845064802,0.0004957715312805768,2.3255813953488373,11.592454394155217,3.2524288569507e-05,0.48283171134486247,0.10962563911053129,0.11227171344425091,0.7781026474452178,0.7781026474452178,,
OXFORD,OXFORD_451875_BCG_3AXIS_seg0001,OXFORD_451875_BCG_3AXIS_seg0001_c0072,486.52,487.488,0.9680000000000176,485,243260,243745,0.0652851276400293,0.0481199402141405,True,,451875,451875,BCG_3AXIS,0,0.024952649143277026,0.06528512764002936,0.061804331572085106,0.013466666427113399,0.00018135110465914315,0.0371900826446281,0.3019778291447296,0.0006226346992674837,2.066115702479339,8.388139375766205,3.622733193804807e-05,0.4896787966829274,0.057017380739704075,0.29867411629856644,0.6443085029617295,0.6443085029617295,,
OXFORD,OXFORD_451875_BCG_3AXIS_seg0001,OXFORD_451875_BCG_3AXIS_seg0001_c0073,488.3,488.79,0.4900000000000091,246,244150,244396,0.0525917441975706,0.0481199402141405,True,,451875,451875,BCG_3AXIS,0,0.02268947433644645,0.052591744197570685,0.05087686499701228,0.012052021220458843,0.0001452512154983903,0.04897959183673469,0.1266438124334085,0.0005148122456642622,4.065040650406504,5.969806684895731,1.8799990798545023e-05,0.33354459122462127,0.1322497335744947,0.2089561118689236,0.6587941545565817,0.6587941545565817,,
OXFORD,OXFORD_451875_BCG_3AXIS_seg0001,OXFORD_451875_BCG_3AXIS_seg0001_c0074,491.824,492.274,0.4499999999999886,226,245912,246138,0.0622309404830758,0.0481199402141405,True,,451875,451875,BCG_3AXIS,0,0.021508143063780388,0.06223094048307581,0.060808448139489525,0.014616232174422048,0.00021363424297661028,0.02666666666666667,0.10454764927976204,0.00046260021805204443,4.424778761061947,9.48691708065359,1.061336476334264e-05,0.40672633357158827,0.07912691797961845,0.047830528951686956,0.8730425530686946,0.8730425530686946,,
OXFORD,OXFORD_451875_BCG_3AXIS_seg0001,OXFORD_451875_BCG_3AXIS_seg0001_c0075,493.176,494.104,0.9279999999999972,465,246588,247053,0.0723856764453684,0.0481199402141405,True,,451875,451875,BCG_3AXIS,0,0.02676853127798345,0.07238567644536843,0.07093547502314651,0.014895723315905827,0.00022188257310402047,0.04310344827586207,0.3331977340528759,0.0007165542667803783,2.155172413793103,7.5755667521260746,5.225856949202558e-05,0.4577808382362238,0.0745153333265409,0.20977327409296062,0.7157113925804984,0.7157113925804984,,
OXFORD,OXFORD_451875_BCG_3AXIS_seg0001,OXFORD_451875_BCG_3AXIS_seg0001_c0076,495.65,496.68,1.0300000000000296,516,247825,248341,0.072251503007148,0.0481199402141405,True,,451875,451875,BCG_3AXIS,0,0.028360151215947527,0.07225150300714801,0.06834113922112371,0.013393365308928777,0.00017938223429841683,0.04271844660194175,0.4150178593275676,0.00080429817699141,1.937984496124031,7.2291982522899305,4.8780493006462596e-05,0.4445017479081837,0.0856087589590068,0.2533950946127484,0.6609961464282449,0.6609961464282449,,
OXFORD,OXFORD_451875_BCG_3AXIS_seg0001,OXFORD_451875_BCG_3AXIS_seg0001_c0077,498.13,499.036,0.906000000000006,454,249065,249519,0.0629539788604437,0.0481199402141405,True,,451875,451875,BCG_3AXIS,0,0.026372590649004848,0.06295397886044377,0.06087631159642991,0.014990668544032092,0.00022472014339703326,0.03532008830022075,0.31576314604315,0.000695513537539978,4.405286343612334,13.220555343189485,2.8533977712134858e-05,0.5168299027298925,0.0682713579300669,0.15003358806679792,0.7816950540031352,0.7816950540031352,,
OXFORD,OXFORD_451875_BCG_3AXIS_seg0001,OXFORD_451875_BCG_3AXIS_seg0001_c0078,502.352,503.648,1.2960000000000491,649,251176,251825,0.0827340018582813,0.0481199402141405,True,,451875,451875,BCG_3AXIS,0,0.02709386777984021,0.08273400185828138,0.08090020410072692,0.015414415626309854,0.00023760420910062542,0.037037037037037035,0.47641640865517976,0.0007340776712714634,1.5432098765432098,7.474156403553551,8.632034146629082e-05,0.48341088988311565,0.0795712676827339,0.24313016017554012,0.677298572141726,0.677298572141726,,
OXFORD,OXFORD_451875_BCG_3AXIS_seg0001,OXFORD_451875_BCG_3AXIS_seg0001_c0079,508.064,508.478,0.4139999999999872,208,254032,254240,0.0974777936972548,0.0481199402141405,True,,451875,451875,BCG_3AXIS,0,0.030326414509493596,0.09747779369725482,0.09631320074999328,0.021959067813393223,0.00048220065923320227,0.028985507246376812,0.19129581473633775,0.0009196914170016238,4.8076923076923075,8.94715953898833,2.115566190848198e-05,0.39335421410090604,0.024971092730181763,0.07423334439931373,0.9007955628705044,0.9007955628705044,,
OXFORD,OXFORD_451875_BCG_3AXIS_seg0001,OXFORD_451875_BCG_3AXIS_seg0001_c0080,510.18,511.986,1.8059999999999832,904,255090,255994,0.0795390999086477,0.0481199402141405,True,,451875,451875,BCG_3AXIS,0,0.03170736474937081,0.07953909990864777,0.07475266186473213,0.013834475111928932,0.00019139270162258105,0.046511627906976744,0.908842709332077,0.0010053569793496426,4.424778761061947,9.949292166429014,0.00011277731395845649,0.5630012483143069,0.16054233363049378,0.29454981184160434,0.5449078545279018,0.5449078545279018,,
OXFORD,OXFORD_451875_BCG_3AXIS_seg0001,OXFORD_451875_BCG_3AXIS_seg0001_c0081,513.294,515.18,1.8859999999999677,944,256647,257591,0.0617589012967634,0.0481199402141405,True,,451875,451875,BCG_3AXIS,0,0.02475711586275845,0.06175890129676347,0.06068211048632056,0.013632783134655498,0.0001858527759965474,0.04029692470837752,0.5785915578348915,0.000612914785842046,2.11864406779661,8.998231858078501,0.00011143570314082709,0.530263388908932,0.0782007558171053,0.2021930762068577,0.719606167976037,0.719606167976037,,
OXFORD,OXFORD_451875_BCG_3AXIS_seg0001,OXFORD_451875_BCG_3AXIS_seg0001_c0082,515.992,516.38,0.3880000000000336,195,257996,258191,0.071587741323716,0.0481199402141405,True,,451875,451875,BCG_3AXIS,0,0.03364338504954675,0.07158774132371604,0.06733153511382006,0.016345524633055993,0.0002671761755298403,0.05154639175257732,0.22071608473045284,0.0011318773575920659,5.154639175257731,12.1584218993411,1.7334619156417522e-05,0.42296593709819186,0.10517229525280412,0.13514585749272115,0.7596818472544746,0.7596818472544746,,
OXFORD,OXFORD_451875_BCG_3AXIS_seg0001,OXFORD_451875_BCG_3AXIS_seg0001_c0083,517.216,517.716,0.5,251,258608,258859,0.0848210768845869,0.0481199402141405,True,,451875,451875,BCG_3AXIS,0,0.026936407981251256,0.08482107688458693,0.08097166316846405,0.017343926036269105,0.00030081177035157333,0.04,0.18211808880803648,0.0007255700749324163,4.0,9.758679952789128,9.73620168623415e-06,0.41637174544566025,0.05778509776299652,0.09650042749557364,0.8457144747414299,0.8457144747414299,,
OXFORD,OXFORD_451875_BCG_3AXIS_seg0001,OXFORD_451875_BCG_3AXIS_seg0001_c0084,518.56,520.73,2.1700000000000728,1086,259280,260366,0.0720080143476915,0.0481199402141405,True,,451875,451875,BCG_3AXIS,0,0.02320393199992083,0.07200801434769154,0.07108562759105953,0.012897704078065939,0.00016635077048535873,0.0423963133640553,0.5847267918390476,0.00053842246025695,2.7624309392265194,8.549070981639714,0.00012743773439374346,0.5435555998897824,0.09751634785217768,0.18241926293407412,0.7200643892137482,0.7200643892137482,,
OXFORD,OXFORD_451875_BCG_3AXIS_seg0001,OXFORD_451875_BCG_3AXIS_seg0001_c0085,522.922,524.24,1.3179999999999836,660,261461,262121,0.0888747361081356,0.0481199402141405,True,,451875,451875,BCG_3AXIS,0,0.026416452466102764,0.0888747361081356,0.08512075724297134,0.014332596418298073,0.00020542332008981074,0.042488619119878605,0.4605671141899521,0.0006978289608938668,1.5151515151515151,9.332579302019207,5.514813032195564e-05,0.5312843815618055,0.06588632840710071,0.21704374749616412,0.7170699240967352,0.7170699240967352,,
OXFORD,OXFORD_451875_BCG_3AXIS_seg0001,OXFORD_451875_BCG_3AXIS_seg0001_c0086,528.14,528.938,0.7980000000000018,400,264070,264470,0.0801421887164035,0.0481199402141405,True,,451875,451875,BCG_3AXIS,0,0.03239126836479978,0.08014218871640358,0.07893664336380325,0.016926523361641826,0.00028650719311220654,0.040100250626566414,0.4196777065121917,0.0010491942662804793,7.5,12.889225596858582,6.595123502870694e-05,0.5350685033122276,0.14900074439432678,0.1209519753614463,0.7300472802442269,0.7300472802442269,,
OXFORD,OXFORD_451875_BCG_3AXIS_seg0001,OXFORD_451875_BCG_3AXIS_seg0001_c0087,534.24,534.688,0.4479999999999791,225,267120,267345,0.0613626516635521,0.0481199402141405,True,,451875,451875,BCG_3AXIS,0,0.03467254452406468,0.06136265166355219,0.06037250956822008,0.013581803575840386,0.0001844653883727107,0.044642857142857144,0.2704917023489808,0.0012021853437732479,4.464285714285714,14.006868439324192,1.694255762848579e-05,0.4850761339538089,0.09300275855877102,0.26704608729435136,0.6399511541468775,0.6399511541468775,,
OXFORD,OXFORD_451875_BCG_3AXIS_seg0001,OXFORD_451875_BCG_3AXIS_seg0001_c0088,536.848,537.746,0.8980000000000246,450,268424,268874,0.0870283945034233,0.0481199402141405,True,,451875,451875,BCG_3AXIS,0,0.029679638174160083,0.08702839450342335,0.08392701947561278,0.01701108544164021,0.00028937702790278344,0.0400890868596882,0.3963964149670772,0.0008808809221490605,2.2222222222222223,9.911549362502486,5.201464526204548e-05,0.49672008438460846,0.06799570133314077,0.20789118341433427,0.724113115252525,0.724113115252525,,
OXFORD,OXFORD_451875_BCG_3AXIS_seg0001,OXFORD_451875_BCG_3AXIS_seg0001_c0089,538.588,539.446,0.8580000000000609,430,269294,269724,0.0750616881250133,0.0481199402141405,True,,451875,451875,BCG_3AXIS,0,0.02566214652829553,0.07506168812501339,0.07120198812215887,0.013731527225810532,0.0001885548399531759,0.055944055944055944,0.2831746787090754,0.0006585457644397103,4.651162790697675,14.961043297547324,1.9664043153384664e-05,0.5228284668377065,0.10043923173855217,0.1406230728250392,0.7589376954364085,0.7589376954364085,,
OXFORD,OXFORD_451875_BCG_3AXIS_seg0001,OXFORD_451875_BCG_3AXIS_seg0001_c0090,542.092,543.492,1.3999999999999773,701,271046,271747,0.1177989182355432,0.0481199402141405,True,,451875,451875,BCG_3AXIS,0,0.041406074911465,0.1177989182355432,0.11409033056929312,0.021865510602301897,0.0004781005538993767,0.03142857142857143,1.2018385907412699,0.0017144630395738514,1.4285714285714284,5.039645172645899,0.000292829137203826,0.4217844672492374,0.08454885149727764,0.40759944887429495,0.5078516996284274,0.5078516996284274,,
OXFORD,OXFORD_451875_BCG_3AXIS_seg0001,OXFORD_451875_BCG_3AXIS_seg0001_c0091,545.112,546.162,1.0500000000000682,526,272556,273082,0.0555755795455309,0.0481199402141405,True,,451875,451875,BCG_3AXIS,0,0.025910057783680357,0.055575579545530926,0.05292912513618487,0.013000095354483855,0.00016900247922567273,0.049523809523809526,0.3531201556300225,0.000671331094353655,1.9011406844106462,14.044375471763027,3.606938891430912e-05,0.5133654614074551,0.08922617273210581,0.11495320185599098,0.7958206254119032,0.7958206254119032,,
OXFORD,OXFORD_451875_BCG_3AXIS_seg0001,OXFORD_451875_BCG_3AXIS_seg0001_c0092,547.5,547.958,0.45799999999997,230,273750,273980,0.0616549371644775,0.0481199402141405,True,,451875,451875,BCG_3AXIS,0,0.03170719681111056,0.061654937164477557,0.05093419037900138,0.013237041330147779,0.00017521926317604045,0.05240174672489083,0.2312296558122549,0.0010053463296184997,17.391304347826086,14.546728172074786,3.036777962335157e-05,0.48347143637486245,0.07620121494357605,0.21969826297873626,0.7041005220776877,0.7041005220776877,,
OXFORD,OXFORD_451875_BCG_3AXIS_seg0001,OXFORD_451875_BCG_3AXIS_seg0001_c0093,548.5,548.846,0.3460000000000036,174,274250,274424,0.0535801952591526,0.0481199402141405,True,,451875,451875,BCG_3AXIS,0,0.02450537423180258,0.053580195259152696,0.04924478245654734,0.012861622416130335,0.00016542133117510631,0.023121387283236993,0.10448932572588074,0.0006005133662406939,5.747126436781609,6.296591569924655,3.782596450877246e-06,0.32078615908363967,0.10577021732514426,0.2913438234125034,0.6028859592623523,0.6028859592623523,,
OXFORD,OXFORD_451875_BCG_3AXIS_seg0001,OXFORD_451875_BCG_3AXIS_seg0001_c0094,549.73,550.178,0.4479999999999791,225,274865,275090,0.0804526706872792,0.0481199402141405,True,,451875,451875,BCG_3AXIS,0,0.028015861864053474,0.08045267068727925,0.07830266790792716,0.0196117416926397,0.00038462041221882235,0.017857142857142856,0.1765999160967883,0.0007848885159857258,4.464285714285714,9.247396621826521,2.513367406647123e-05,0.34990962977742573,0.027476169793458714,0.09795855064143226,0.874565279565109,0.874565279565109,,
OXFORD,OXFORD_451875_BCG_3AXIS_seg0001,OXFORD_451875_BCG_3AXIS_seg0001_c0095,551.85,552.85,1.0,501,275925,276426,0.0616304190583726,0.0481199402141405,True,,451875,451875,BCG_3AXIS,0,0.02444265056314001,0.0616304190583726,0.06066813774368298,0.015033481743133214,0.00022600557332111965,0.032,0.2993190264424361,0.0005974431665517686,2.0,8.533557519716437,5.2726026324212974e-05,0.4620897896129852,0.09178106902429178,0.14149831045203246,0.7667206205236757,0.7667206205236757,,
OXFORD,OXFORD_451875_BCG_3AXIS_seg0001,OXFORD_451875_BCG_3AXIS_seg0001_c0096,553.744,554.206,0.4619999999999891,232,276872,277104,0.0579865501103382,0.0481199402141405,True,,451875,451875,BCG_3AXIS,0,0.024116307989605314,0.05798655011033825,0.052880471214110804,0.01227777593831689,0.00015074378199151319,0.05194805194805195,0.13493034416348426,0.0005815963110495011,4.310344827586206,10.539882460355905,5.397457435044236e-06,0.45027708126989824,0.06997816365851943,0.29633872880474854,0.6336831075367321,0.6336831075367321,,
OXFORD,OXFORD_451875_BCG_3AXIS_seg0001,OXFORD_451875_BCG_3AXIS_seg0001_c0097,557.948,559.12,1.1720000000000257,587,278974,279561,0.0622706432499642,0.0481199402141405,True,,451875,451875,BCG_3AXIS,0,0.025816092686470452,0.06227064324996422,0.060672450295464884,0.012969850770770175,0.0001682170290160477,0.04436860068259386,0.39121826661710624,0.0006664706415964332,1.7064846416382253,8.867550857418198,7.964216271282175e-05,0.4995834630769207,0.05509802208714817,0.2754251158881428,0.669476862024709,0.669476862024709,,
OXFORD,OXFORD_451875_BCG_3AXIS_seg0001,OXFORD_451875_BCG_3AXIS_seg0001_c0098,559.644,559.97,0.3260000000000218,164,279822,279986,0.0648235507373708,0.0481199402141405,True,,451875,451875,BCG_3AXIS,0,0.028832455154233126,0.06482355073737084,0.06282393716572096,0.015195816937062345,0.00023091285238471083,0.03680981595092025,0.13633491711622175,0.0008313104702208643,6.097560975609756,11.975589688659179,1.4468175549026949e-05,0.36183570166160045,0.09015875424605026,0.15857710946623282,0.7512641362877168,0.7512641362877168,,
OXFORD,OXFORD_451875_BCG_3AXIS_seg0001,OXFORD_451875_BCG_3AXIS_seg0001_c0099,563.882,564.898,1.0160000000000764,509,281941,282450,0.06686989782198,0.0481199402141405,True,,451875,451875,BCG_3AXIS,0,0.02825409867351881,0.06686989782198006,0.06315884064414427,0.013947549011625133,0.0001945341234316852,0.03937007874015748,0.40633169275314507,0.0007982940918529372,1.968503937007874,8.068719607560983,4.047470970100799e-05,0.5020304176812042,0.06699260933544565,0.2782798656293686,0.6547275250351857,0.6547275250351857,,
OXFORD,OXFORD_451875_BCG_3AXIS_seg0001,OXFORD_451875_BCG_3AXIS_seg0001_c0100,567.252,568.424,1.1720000000000257,587,283626,284213,0.0664322815570029,0.0481199402141405,True,,451875,451875,BCG_3AXIS,0,0.028514468764146855,0.06643228155700297,0.06201810769137771,0.012931531791873521,0.00016722451448423562,0.040955631399317405,0.47727498326518436,0.0008130749289015066,5.119453924914676,11.498001631476864,4.872720672962854e-05,0.5335160060418093,0.07647906986049322,0.28115673096918115,0.6423641991703256,0.6423641991703256,,
OXFORD,OXFORD_451875_BCG_3AXIS_seg0001,OXFORD_451875_BCG_3AXIS_seg0001_c0101,568.994,569.866,0.8719999999999573,437,284497,284934,0.0567830539734355,0.0481199402141405,True,,451875,451875,BCG_3AXIS,0,0.02418008626864379,0.05678305397343559,0.05524115418883641,0.013036813812789892,0.0001699585143893493,0.027522935779816515,0.25550366194610746,0.000584676571959056,2.293577981651376,9.150314571776889,3.458358012817852e-05,0.4564381434198967,0.07926887308222806,0.2317442495290246,0.6889868773887473,0.6889868773887473,,
OXFORD,OXFORD_451875_BCG_3AXIS_seg0001,OXFORD_451875_BCG_3AXIS_seg0001_c0102,572.81,573.288,0.4780000000000655,240,286405,286645,0.0761530901546058,0.0481199402141405,True,,451875,451875,BCG_3AXIS,0,0.025080193275653792,0.07615309015460589,0.0749499045970055,0.015705927111542714,0.00024667614643309247,0.0502092050209205,0.1509638627385959,0.0006290160947441496,4.166666666666667,9.152971776064796,1.3783786825477504e-05,0.4056946006305522,0.08724758099363424,0.1101142843303042,0.8026381346760616,0.8026381346760616,,
OXFORD,OXFORD_451875_BCG_3AXIS_seg0001,OXFORD_451875_BCG_3AXIS_seg0001_c0103,576.656,577.488,0.8320000000001073,417,288328,288745,0.0545353909310198,0.0481199402141405,True,,451875,451875,BCG_3AXIS,0,0.02879069357017722,0.05453539093101989,0.052722586580460355,0.012480272369498127,0.00015575719841685838,0.03365384615384615,0.3456529831170189,0.000828904036251844,2.4038461538461537,7.4882134313232065,3.6332331448976816e-05,0.4522515676245298,0.3578822272413686,0.17002071710347078,0.47209705565516064,0.47209705565516064,,
OXFORD,OXFORD_451875_BCG_3AXIS_seg0001,OXFORD_451875_BCG_3AXIS_seg0001_c0104,578.478,578.934,0.4560000000000173,229,289239,289468,0.059782306785695,0.0481199402141405,True,,451875,451875,BCG_3AXIS,0,0.024175173267528882,0.059782306785695086,0.05537659629898921,0.012471466161964777,0.00015553746822903245,0.017543859649122806,0.13383653157594486,0.000584439002515043,4.385964912280701,6.52785418096579,5.223669881702963e-06,0.3809010502648341,0.1340156220022526,0.31622453627530556,0.549759841722442,0.549759841722442,,
OXFORD,OXFORD_451875_BCG_3AXIS_seg0001,OXFORD_451875_BCG_3AXIS_seg0001_c0105,581.146,582.07,0.924000000000092,463,290573,291036,0.0590428181410967,0.0481199402141405,True,,451875,451875,BCG_3AXIS,0,0.02729233548371255,0.05904281814109673,0.05721834641879091,0.014763889335848353,0.00021797242832117674,0.047619047619047616,0.3448755397600035,0.0007448715761555151,2.1645021645021645,9.745860621470216,4.545025643428959e-05,0.4869020678594329,0.0972778012347157,0.09729452083425613,0.8054276779310282,0.8054276779310282,,
OXFORD,OXFORD_451875_BCG_3AXIS_seg0001,OXFORD_451875_BCG_3AXIS_seg0001_c0106,586.532,587.106,0.5739999999999554,288,293266,293554,0.0623609656773058,0.0481199402141405,True,,451875,451875,BCG_3AXIS,0,0.029341587599981022,0.06236096567730588,0.0566506134952107,0.015212413914835106,0.00023141753711626876,0.04878048780487805,0.24794748371155967,0.00086092876288736,3.472222222222222,13.452104672311995,1.5176134181830759e-05,0.47815409941685694,0.04417732187549614,0.14122135369381414,0.8146013244306897,0.8146013244306897,,
OXFORD,OXFORD_451875_BCG_3AXIS_seg0001,OXFORD_451875_BCG_3AXIS_seg0001_c0107,594.582,595.032,0.4500000000000455,226,297291,297517,0.0628235061317237,0.0481199402141405,True,,451875,451875,BCG_3AXIS,0,0.026387024931100712,0.06282350613172377,0.05647290720609649,0.015205591126150726,0.00023121000149567373,0.02666666666666667,0.1573581691454839,0.0006962750847145305,4.424778761061947,7.833907568187391,1.0589655740310494e-05,0.4080257882688462,0.06647100664032375,0.1846249241950135,0.7489040691646628,0.7489040691646628,,
OXFORD,OXFORD_451875_BCG_3AXIS_seg0001,OXFORD_451875_BCG_3AXIS_seg0001_c0108,598.078,598.504,0.4260000000000445,214,299039,299253,0.0764165914021778,0.0481199402141405,True,,451875,451875,BCG_3AXIS,0,0.035619655050999496,0.0764165914021778,0.06801587134149932,0.018172217816099605,0.00033022950035576786,0.028169014084507043,0.2715146027537695,0.001268759825952194,4.672897196261682,7.846123173263039,7.608779131886208e-06,0.4106894670328049,0.07203893811070146,0.1965781396146065,0.7313829222746921,0.7313829222746921,,
OXFORD,OXFORD_451875_BCG_3AXIS_seg0001,OXFORD_451875_BCG_3AXIS_seg0001_c0109,602.354,603.332,0.9779999999999518,490,301177,301667,0.0934322943562571,0.0481199402141405,True,,451875,451875,BCG_3AXIS,0,0.046814638274956445,0.09343229435625718,0.0884236745644907,0.017448300781628352,0.0003044432001661726,0.049079754601226995,1.0738890748393584,0.002191610356815017,6.122448979591837,10.165549848420996,0.00012264255405322898,0.5197781912808366,0.24759343601590356,0.17400184213644762,0.5784047218476488,0.5784047218476488,,
OXFORD,OXFORD_451875_BCG_3AXIS_seg0001,OXFORD_451875_BCG_3AXIS_seg0001_c0110,613.786,618.008,4.222000000000094,2112,306893,309005,0.1509359046385338,0.0481199402141405,True,,451875,451875,BCG_3AXIS,0,0.05063216646916025,0.15093590463853387,0.1472181541138413,0.023739771619597175,0.0005635767565506315,0.02936996684036002,5.414357586233916,0.0025636162813607558,0.9469696969696969,5.667820138692672,0.001057474247591293,0.5296874088198299,0.504827730035664,0.2584955580810175,0.23667671188331849,0.504827730035664,,
OXFORD,OXFORD_451875_BCG_3AXIS_seg0001,OXFORD_451875_BCG_3AXIS_seg0001_c0111,621.212,622.188,0.9759999999999992,489,310606,311095,0.096547890218693,0.0481199402141405,True,,451875,451875,BCG_3AXIS,0,0.0465402441754566,0.096547890218693,0.09333588228097947,0.02225051200108934,0.0004950852843106208,0.03278688524590164,1.0591712263485389,0.0021659943279111224,2.0491803278688523,6.360496431962045,0.0001232072997716351,0.43661562919473534,0.39738575557403977,0.2872913130564387,0.3153229313695216,0.39738575557403977,,
OXFORD,OXFORD_451875_BCG_3AXIS_seg0001,OXFORD_451875_BCG_3AXIS_seg0001_c0112,622.954,623.83,0.87600000000009,439,311477,311916,0.0825441129681461,0.0481199402141405,True,,451875,451875,BCG_3AXIS,0,0.034240468427960274,0.0825441129681461,0.0796180377167945,0.0173574995040292,0.00030128278903237394,0.0273972602739726,0.5146878487149374,0.0011724096781661445,4.566210045662101,5.659426126068798,9.190016658679637e-05,0.3265033124702177,0.43629349135513756,0.169081256683223,0.39462525196163944,0.43629349135513756,,
OXFORD,OXFORD_451875_BCG_3AXIS_seg0001,OXFORD_451875_BCG_3AXIS_seg0001_c0113,637.494,637.806,0.3120000000000118,157,318747,318904,0.0680372813793491,0.0481199402141405,True,,451875,451875,BCG_3AXIS,0,0.033491324042134396,0.06803728137934914,0.06546046812431605,0.01648415006778591,0.00027172720345728616,0.038461538461538464,0.17610199941695415,0.0011216687860952494,25.641025641025642,18.14302779623934,8.207400930794743e-06,0.4841369628656235,0.05004081505429336,0.3028710245233354,0.6470881604223712,0.6470881604223712,,
OXFORD,OXFORD_451875_BCG_3AXIS_seg0001,OXFORD_451875_BCG_3AXIS_seg0001_c0114,643.2,644.168,0.9679999999999608,485,321600,322085,0.0796943917814913,0.0481199402141405,True,,451875,451875,BCG_3AXIS,0,0.02612967980136454,0.07969439178149139,0.072122833020689,0.013034307427123732,0.00016989317010477289,0.04132231404958678,0.33113868076309144,0.000682760166521838,2.066115702479339,6.4532146508979,2.567995162771504e-05,0.44149259228931004,0.10149108137411991,0.37391131506308106,0.524597603562799,0.524597603562799,,
OXFORD,OXFORD_451875_BCG_3AXIS_seg0001,OXFORD_451875_BCG_3AXIS_seg0001_c0115,646.71,647.082,0.3719999999999572,187,323355,323542,0.0625711026851329,0.0481199402141405,True,,451875,451875,BCG_3AXIS,0,0.033746408942310124,0.06257110268513293,0.05703575069038736,0.014940288398387692,0.00022321221742699788,0.043010752688172046,0.21295936178580455,0.0011388201165016287,5.376344086021505,9.84625008330328,2.5709483124132718e-05,0.36826657964551873,0.1143773765608225,0.3164665704222936,0.5691560530168839,0.5691560530168839,,
OXFORD,OXFORD_451875_BCG_3AXIS_seg0001,OXFORD_451875_BCG_3AXIS_seg0001_c0116,650.054,650.47,0.4160000000000536,209,325027,325236,0.0524764648964922,0.0481199402141405,True,,451875,451875,BCG_3AXIS,0,0.021658506564776994,0.05247646489649226,0.04984989283928463,0.01243595132074281,0.00015465288525188484,0.038461538461538464,0.098039999482846,0.00046909090661648807,4.8076923076923075,7.617886732939035,8.565924335644113e-06,0.32684850103253615,0.18411735654324288,0.14006481619716715,0.6758178272595899,0.6758178272595899,,
OXFORD,OXFORD_451875_BCG_3AXIS_seg0001,OXFORD_451875_BCG_3AXIS_seg0001_c0117,657.564,658.944,1.3799999999999957,691,328782,329473,0.0696335342830429,0.0481199402141405,True,,451875,451875,BCG_3AXIS,0,0.03501264686708506,0.0696335342830429,0.06705130099377503,0.01591570084847066,0.00025330953349800967,0.0463768115942029,0.847086839481688,0.001225885440639201,1.4492753623188404,9.707398806833687,0.00012672996843593755,0.5400411562649841,0.3824635019134872,0.2571521412955518,0.3603843567909609,0.3824635019134872,,
OXFORD,OXFORD_451875_BCG_3AXIS_seg0001,OXFORD_451875_BCG_3AXIS_seg0001_c0118,663.554,664.092,0.5380000000000109,270,331777,332047,0.0593087725503314,0.0481199402141405,True,,451875,451875,BCG_3AXIS,0,0.025926639278397976,0.05930877255033149,0.055720586310422725,0.014190650745431613,0.0002013745685788188,0.04460966542750929,0.18149146855348558,0.0006721906242721688,3.7037037037037033,16.64644061528463,8.03959200768353e-06,0.5146200862843102,0.0547745083261066,0.13534707611298744,0.8098784155609059,0.8098784155609059,,
OXFORD,OXFORD_451875_BCG_3AXIS_seg0001,OXFORD_451875_BCG_3AXIS_seg0001_c0119,668.572,669.512,0.9399999999999408,471,334286,334757,0.0712374697460813,0.0481199402141405,True,,451875,451875,BCG_3AXIS,0,0.025504711099236237,0.07123746974608132,0.0689962308756612,0.014953658356738267,0.0002236118982500482,0.03829787234042553,0.3063809257683424,0.0006504902882555041,2.127659574468085,9.608216985421201,4.945909863212182e-05,0.47379306809702487,0.07637389187833789,0.19959110332533864,0.7240350047963234,0.7240350047963234,,
OXFORD,OXFORD_451875_BCG_3AXIS_seg0001,OXFORD_451875_BCG_3AXIS_seg0001_c0120,673.046,673.512,0.4659999999998945,234,336523,336757,0.0521372839984686,0.0481199402141405,True,,451875,451875,BCG_3AXIS,0,0.020281031944845623,0.05213728399846868,0.0489542376630585,0.012204695421374761,0.00014895459032852608,0.04291845493562232,0.09624894007899656,0.0004113202567478486,4.273504273504273,9.821853180856827,4.5700404884226175e-06,0.47364087611934663,0.13154371731156853,0.11893283022391041,0.749523452464521,0.749523452464521,,
OXFORD,OXFORD_451875_BCG_3AXIS_seg0001,OXFORD_451875_BCG_3AXIS_seg0001_c0121,679.02,679.622,0.6019999999999754,302,339510,339812,0.066234173318139,0.0481199402141405,True,,451875,451875,BCG_3AXIS,0,0.02946320433285132,0.066234173318139,0.06062672532594439,0.012521913487270643,0.00015679831738269043,0.059800664451827246,0.26216028368692335,0.0008680804095593488,3.3112582781456954,10.393038321562523,2.673898764238424e-05,0.4653496691330451,0.07185375311138556,0.1940425801862157,0.7341036667023988,0.7341036667023988,,
OXFORD,OXFORD_451875_BCG_3AXIS_seg0001,OXFORD_451875_BCG_3AXIS_seg0001_c0122,682.074,682.458,0.3840000000000145,193,341037,341230,0.0724705993525178,0.0481199402141405,True,,451875,451875,BCG_3AXIS,0,0.036351872792880165,0.07247059935251782,0.06358543846173163,0.015191679304445085,0.00023078712008910512,0.03125,0.2550415205211,0.001321458655549741,5.208333333333333,10.847417866085017,1.5558883099231358e-05,0.376586303624709,0.08728713233379692,0.1952928768390826,0.7174199908271204,0.7174199908271204,,
OXFORD,OXFORD_451875_BCG_3AXIS_seg0001,OXFORD_451875_BCG_3AXIS_seg0001_c0123,683.054,683.896,0.8419999999999845,422,341527,341949,0.066095848773557,0.0481199402141405,True,,451875,451875,BCG_3AXIS,0,0.023289431467548975,0.06609584877355705,0.061789918236555,0.013365304574558215,0.00017863136637070673,0.052256532066508314,0.22889179483046068,0.0005423976180816604,2.3696682464454977,14.204031065312549,2.8968648581714734e-05,0.5562634144009322,0.09622646508237094,0.2214699370516633,0.6823035978659658,0.6823035978659658,,
OXFORD,OXFORD_451875_BCG_3AXIS_seg0001,OXFORD_451875_BCG_3AXIS_seg0001_c0124,688.474,688.774,0.2999999999999545,151,344237,344388,0.0540402527875041,0.0481199402141405,True,,451875,451875,BCG_3AXIS,0,0.030853835789729153,0.05404025278750414,0.04720841914550419,0.011229064313371728,0.00012609188535383847,0.05333333333333334,0.1437458366238753,0.0009519591829395715,20.0,14.234352449708066,9.383169940993237e-06,0.407684558831256,0.17026849720583884,0.23678926249068805,0.5929422403034731,0.5929422403034731,,
OXFORD,OXFORD_451875_BCG_3AXIS_seg0001,OXFORD_451875_BCG_3AXIS_seg0001_c0125,700.554,702.934,2.3799999999999955,1191,350277,351468,0.0725555045447777,0.0481199402141405,True,,451875,451875,BCG_3AXIS,0,0.024415766524851938,0.07255550454477777,0.07034015457835868,0.012299663809429498,0.00015128172982498977,0.05378151260504202,0.7099904191003319,0.0005961296549960805,4.201680672268908,8.199303554054346,0.00016271712456163078,0.5376033054181006,0.09267483663264141,0.2604283122850204,0.6468968510823382,0.6468968510823382,,
OXFORD,OXFORD_451875_BCG_3AXIS_seg0001,OXFORD_451875_BCG_3AXIS_seg0001_c0126,703.48,703.78,0.2999999999999545,151,351740,351891,0.0616510937629474,0.0481199402141405,True,,451875,451875,BCG_3AXIS,0,0.026878860649607737,0.061651093762947404,0.05630196903512873,0.014197624348282867,0.00020157253713495448,0.05333333333333334,0.10909344562297572,0.0007224731498210313,6.666666666666667,14.77980803091722,3.692627373908273e-06,0.4416019761038565,0.06873150105765558,0.20551603984061692,0.7257524591017275,0.7257524591017275,,
OXFORD,OXFORD_451875_BCG_3AXIS_seg0001,OXFORD_451875_BCG_3AXIS_seg0001_c0127,707.318,707.698,0.3799999999999954,191,353659,353850,0.0660923422891715,0.0481199402141405,True,,451875,451875,BCG_3AXIS,0,0.03236078029424538,0.06609234228917157,0.06185305351893297,0.016673879224218247,0.0002780182483838169,0.05263157894736842,0.20001903933921217,0.0010472201012524198,5.2631578947368425,11.364616676821585,2.3405553107938713e-05,0.4059635509200455,0.055708792974839036,0.1459533510432757,0.7983378559818853,0.7983378559818853,,
OXFORD,OXFORD_451875_BCG_3AXIS_seg0001,OXFORD_451875_BCG_3AXIS_seg0001_c0128,708.29,708.746,0.4560000000000173,229,354145,354374,0.0590062966726736,0.0481199402141405,True,,451875,451875,BCG_3AXIS,0,0.02692184906757291,0.059006296672673694,0.05662129563137725,0.0131515603348363,0.00017296353924083953,0.06140350877192982,0.1659759842027334,0.0007247859572171764,4.385964912280701,13.220539127546555,1.0379826158401913e-05,0.5013035066043117,0.10363197677028674,0.19151087964268068,0.7048571435870326,0.7048571435870326,,
OXFORD,OXFORD_451875_BCG_3AXIS_seg0001,OXFORD_451875_BCG_3AXIS_seg0001_c0129,714.218,714.6,0.3820000000000618,192,357109,357301,0.0532923745861842,0.0481199402141405,True,,451875,451875,BCG_3AXIS,0,0.028852312825089703,0.05329237458618422,0.045417933355636264,0.012705254652720535,0.00016142349579047682,0.05235602094240838,0.15983154342851247,0.0008324559553568358,5.208333333333333,12.536405460647943,1.3657009059028092e-05,0.4098671463429646,0.06504759691526882,0.28574488975733997,0.6492075133273912,0.6492075133273912,,
OXFORD,OXFORD_451875_BCG_3AXIS_seg0001,OXFORD_451875_BCG_3AXIS_seg0001_c0130,718.69,719.066,0.3759999999999763,189,359345,359534,0.055890395669932,0.0481199402141405,True,,451875,451875,BCG_3AXIS,0,0.02836912785501542,0.05589039566993209,0.048699055423016356,0.01371632855779765,0.00018813766910545537,0.0425531914893617,0.15210860148304603,0.0008048074152542118,5.319148936170213,15.428031387325582,1.05332786430724e-05,0.47389867681234815,0.051699863684500684,0.1884253964628463,0.7598747398526531,0.7598747398526531,,
OXFORD,OXFORD_451875_BCG_3AXIS_seg0001,OXFORD_451875_BCG_3AXIS_seg0001_c0131,720.988,721.834,0.84599999999989,424,360494,360918,0.1031748264077962,0.0481199402141405,True,,451875,451875,BCG_3AXIS,0,0.05083633010603428,0.10317482640779622,0.09688988040476233,0.02176758632277263,0.00047382781431935805,0.018912529550827423,1.0957569624674675,0.002584332458649687,4.716981132075472,5.870644256787873,0.00015775462666629456,0.3500653525927763,0.5973268753052097,0.22814906944094587,0.17452405525384435,0.5973268753052097,,
OXFORD,OXFORD_451875_BCG_3AXIS_seg0001,OXFORD_451875_BCG_3AXIS_seg0001_c0132,722.552,723.494,0.9420000000000072,472,361276,361748,0.1047532034927089,0.0481199402141405,True,,451875,451875,BCG_3AXIS,0,0.04706357611124033,0.10475320349270899,0.10048755863403463,0.021494720902773157,0.0004620230266881133,0.03397027600849257,1.0454706526906574,0.0022149801963785116,2.11864406779661,7.691784394471319,0.00023831281520703688,0.458301652323884,0.6172079876997694,0.18972277094088785,0.19306924135934272,0.6172079876997694,,
OXFORD,OXFORD_451875_BCG_3AXIS_seg0001,OXFORD_451875_BCG_3AXIS_seg0001_c0133,724.972,726.46,1.4880000000000564,745,362486,363231,0.0962250784540027,0.0481199402141405,True,,451875,451875,BCG_3AXIS,0,0.04448816266843373,0.09622507845400274,0.09316337080726873,0.01741171071287156,0.0003031676699487263,0.02956989247311828,1.4745014801217002,0.0019791966176130205,6.720430107526881,9.0655867139865,0.00017362609197397525,0.5033038611913311,0.5875044332515978,0.2149264628156651,0.197569103932737,0.5875044332515978,,
OXFORD,OXFORD_451875_BCG_3AXIS_seg0001,OXFORD_451875_BCG_3AXIS_seg0001_c0134,727.25,727.706,0.4560000000000173,229,363625,363854,0.0956369069934031,0.0481199402141405,True,,451875,451875,BCG_3AXIS,0,0.05408824055234048,0.09563690699340319,0.08789341834483018,0.023065036189643763,0.0005319958944295765,0.03070175438596491,0.6699481484249574,0.002925537766047849,8.771929824561402,9.96419079982532,9.923345599247166e-05,0.38503978574539877,0.4663282990049837,0.23416080742333337,0.299510893571683,0.4663282990049837,,
OXFORD,OXFORD_451875_BCG_3AXIS_seg0001,OXFORD_451875_BCG_3AXIS_seg0001_c0135,729.148,731.654,2.505999999999972,1254,364574,365828,0.163533229848385,0.0481199402141405,True,,451875,451875,BCG_3AXIS,0,0.06629406132087513,0.163533229848385,0.16086585511138,0.03136660311545698,0.0009838637910025952,0.030327214684756583,5.511207818285604,0.004394902566415952,0.7974481658692185,5.34077608534748,0.0008017269675684904,0.4767855170032531,0.6212008165907409,0.20981698066705734,0.16898220274220188,0.6212008165907409,,
OXFORD,OXFORD_451875_BCG_3AXIS_seg0001,OXFORD_451875_BCG_3AXIS_seg0001_c0136,735.004,736.02,1.0159999999999627,509,367502,368011,0.0959546611159329,0.0481199402141405,True,,451875,451875,BCG_3AXIS,0,0.032919013210040926,0.09595466111593294,0.0899966774878214,0.017907698360610326,0.00032068566057460573,0.047244094488188976,0.5515836682379303,0.0010836614307228492,1.968503937007874,9.326800010478726,7.627287521673182e-05,0.4831061651337655,0.09997455096925445,0.19852501083497584,0.7015004381957697,0.7015004381957697,,
OXFORD,OXFORD_451875_BCG_3AXIS_seg0001,OXFORD_451875_BCG_3AXIS_seg0001_c0137,738.608,739.052,0.4440000000000736,223,369304,369527,0.0850353886400956,0.0481199402141405,True,,451875,451875,BCG_3AXIS,0,0.0382794297793389,0.08503538864009563,0.07041710742107983,0.016662060111347136,0.00027762424715414537,0.036036036036036036,0.32676518796358833,0.001465314744231338,4.504504504504505,11.437221794676004,2.3249118240035903e-05,0.42482889347401415,0.09504063067216843,0.20569187731856525,0.6992674920092664,0.6992674920092664,,
OXFORD,OXFORD_451875_BCG_3AXIS_seg0001,OXFORD_451875_BCG_3AXIS_seg0001_c0138,739.594,740.404,0.8099999999999454,406,369797,370203,0.1116214467648084,0.0481199402141405,True,,451875,451875,BCG_3AXIS,0,0.03350842332659695,0.11162144676480848,0.11090474483408158,0.021227453338326086,0.0004506047752308113,0.03950617283950617,0.45586266013677734,0.001122814433834427,2.463054187192118,10.974039609867237,0.00015438978301901465,0.4726302750339079,0.06837672296682198,0.10541510894317309,0.826208168090005,0.826208168090005,,
OXFORD,OXFORD_451875_BCG_3AXIS_seg0001,OXFORD_451875_BCG_3AXIS_seg0001_c0139,760.658,762.484,1.8260000000000216,914,380329,381243,0.0730851652291049,0.0481199402141405,True,,451875,451875,BCG_3AXIS,0,0.03137127509064357,0.07308516522910494,0.07047165478312876,0.01543647398209443,0.00023828472899987827,0.03504928806133625,0.89951940734293,0.0009841569008128338,3.282275711159737,9.851803419343495,0.00010451111181179274,0.5444507450006144,0.4017256101991974,0.2743025245742683,0.32397186522653426,0.4017256101991974,,
OXFORD,OXFORD_451875_BCG_3AXIS_seg0001,OXFORD_451875_BCG_3AXIS_seg0001_c0140,763.034,766.032,2.9980000000000477,1500,381517,383017,0.1157643660330858,0.0481199402141405,True,,451875,451875,BCG_3AXIS,0,0.050339911731372915,0.11576436603308582,0.1122108434947066,0.021642887435360723,0.00046841457653969506,0.02935290193462308,3.801160069683624,0.002534106713122416,4.0,6.046245945980311,0.0006513994189575292,0.5168601326617452,0.5190439321010073,0.23336072163414212,0.24759534626485058,0.5190439321010073,,
OXFORD,OXFORD_451875_BCG_3AXIS_seg0001,OXFORD_451875_BCG_3AXIS_seg0001_c0141,777.154,778.224,1.07000000000005,536,388577,389113,0.1152792854861575,0.0481199402141405,True,,451875,451875,BCG_3AXIS,0,0.03961031356068141,0.1152792854861575,0.11369685792610808,0.021402756017448992,0.000458077965142449,0.044859813084112146,0.8409716400412689,0.0015689769403755018,1.8656716417910446,10.33936499553152,0.00016187760366387556,0.5151897431807344,0.1304288208277858,0.22534067399975907,0.6442305051724552,0.6442305051724552,,
OXFORD,OXFORD_451875_BCG_3AXIS_seg0001,OXFORD_451875_BCG_3AXIS_seg0001_c0142,784.742,785.114,0.3720000000000709,187,392371,392558,0.0922857750969238,0.0481199402141405,True,,451875,451875,BCG_3AXIS,0,0.03926917067515876,0.09228577509692386,0.08389090253718504,0.018651972830641274,0.0003478960904749803,0.053763440860215055,0.288366672151258,0.0015420677655147486,5.376344086021505,13.42032500003822,4.597533089333381e-05,0.4586336128573163,0.07339729128717727,0.16901086512350702,0.7575918435893156,0.7575918435893156,,
OXFORD,OXFORD_451875_BCG_3AXIS_seg0001,OXFORD_451875_BCG_3AXIS_seg0001_c0143,785.74,786.62,0.8799999999999955,441,392870,393311,0.0624992823239053,0.0481199402141405,True,,451875,451875,BCG_3AXIS,0,0.02357686027629444,0.06249928232390538,0.06120568821117538,0.012842414183983294,0.00016492760207297529,0.05,0.24513793815516863,0.0005558683404879107,2.272727272727273,12.692708721043822,2.8006617533888577e-05,0.5095021967384404,0.11894954767811354,0.19274002760376352,0.6883104247181229,0.6883104247181229,,
OXFORD,OXFORD_451875_BCG_3AXIS_seg0001,OXFORD_451875_BCG_3AXIS_seg0001_c0144,788.248,788.622,0.3739999999999099,188,394124,394312,0.0600695092195081,0.0481199402141405,True,,451875,451875,BCG_3AXIS,0,0.028065205531002255,0.06006950921950811,0.05571604026911322,0.014224085178455229,0.00020232459916394972,0.06417112299465241,0.14807928316151112,0.0007876557614973996,10.638297872340425,13.163191843994511,1.0712392472114853e-05,0.44349882576066263,0.08856831941231214,0.06743585260375329,0.8439958279839347,0.8439958279839347,,
OXFORD,OXFORD_451875_BCG_3AXIS_seg0001,OXFORD_451875_BCG_3AXIS_seg0001_c0145,789.71,790.448,0.7379999999999427,370,394855,395225,0.0763702671459102,0.0481199402141405,True,,451875,451875,BCG_3AXIS,0,0.03058834904835624,0.0763702671459102,0.07137958499475758,0.013939353538280703,0.00019430557706517877,0.04878048780487805,0.34618942607650816,0.0009356470975040761,13.513513513513512,13.008164251309676,5.8889750263293066e-05,0.4609225051911105,0.09125463172533946,0.11504842132404954,0.7936969469506111,0.7936969469506111,,
OXFORD,OXFORD_451875_BCG_3AXIS_seg0001,OXFORD_451875_BCG_3AXIS_seg0001_c0146,813.358,813.88,0.5220000000000482,262,406679,406941,0.0532261949870613,0.0481199402141405,True,,451875,451875,BCG_3AXIS,0,0.025497689968011314,0.053226194987061375,0.0486623746463477,0.012476306262219034,0.0001556582179486859,0.03065134099616858,0.1703346347506641,0.0006501321937048248,3.8167938931297707,5.629493516748927,1.4746061268314494e-05,0.3395651747430936,0.1602764428489541,0.28400978139952393,0.5557137757515219,0.5557137757515219,,
OXFORD,OXFORD_451875_BCG_3AXIS_seg0001,OXFORD_451875_BCG_3AXIS_seg0001_c0147,836.304,837.232,0.9279999999999972,465,418152,418617,0.0626751150209305,0.0481199402141405,True,,451875,451875,BCG_3AXIS,0,0.030396995863199792,0.06267511502093058,0.06254689017851282,0.014263479750536556,0.00020344685459396634,0.03017241379310345,0.4296494712409341,0.0009239773575073852,4.310344827586206,7.755720318495314,6.24724226700073e-05,0.4615843772191672,0.15862279591972986,0.283947295881699,0.5574299081985712,0.5574299081985712,,
OXFORD,OXFORD_451875_BCG_3AXIS_seg0001,OXFORD_451875_BCG_3AXIS_seg0001_c0148,842.828,843.192,0.3640000000000327,183,421414,421597,0.0574554556124958,0.0481199402141405,True,,451875,451875,BCG_3AXIS,0,0.026276770083649963,0.057455455612495855,0.049903291463400765,0.012571203331861139,0.0001580351532109966,0.054945054945054944,0.12635576222330733,0.0006904686460290017,5.4945054945054945,12.281761587008848,5.739101849466126e-06,0.4656782536257901,0.18502472902755424,0.18771341707187394,0.6272618539005718,0.6272618539005718,,
OXFORD,OXFORD_451875_BCG_3AXIS_seg0001,OXFORD_451875_BCG_3AXIS_seg0001_c0149,854.582,855.012,0.42999999999995,216,427291,427507,0.0620729483270462,0.0481199402141405,True,,451875,451875,BCG_3AXIS,0,0.0291725406506933,0.06207294832704626,0.05805742773771037,0.016046969742104795,0.0002575052379040269,0.027906976744186046,0.18382401965153228,0.0008510371280163532,4.62962962962963,10.254142571742715,1.9432388144373284e-05,0.4227653908199141,0.1290642650825238,0.20690320725861616,0.66403252765886,0.66403252765886,,
OXFORD,OXFORD_451875_BCG_3AXIS_seg0001,OXFORD_451875_BCG_3AXIS_seg0001_c0150,857.728,858.234,0.5060000000000855,254,428864,429118,0.0552410249541843,0.0481199402141405,True,,451875,451875,BCG_3AXIS,0,0.02644226381973467,0.05524102495418434,0.0508871031207845,0.012648784520936564,0.00015999174985708445,0.04743083003952569,0.17759510224176206,0.0006991933159124491,11.811023622047244,14.451014679227386,2.3583076404207855e-05,0.4717508959654702,0.06789008999728004,0.20531134000844342,0.7267985699942766,0.7267985699942766,,
OXFORD,OXFORD_451875_BCG_3AXIS_seg0001,OXFORD_451875_BCG_3AXIS_seg0001_c0151,858.876,859.952,1.0760000000000218,539,429438,429977,0.0599611021235799,0.0481199402141405,True,,451875,451875,BCG_3AXIS,0,0.031069844530171024,0.05996110212357992,0.05409930932227257,0.012951267112241453,0.00016773531981262708,0.03345724907063197,0.5203156938905301,0.0009653352391289984,1.858736059479554,9.902538002959856,5.347496371394983e-05,0.5185688335187567,0.4966251424641188,0.2040980651167432,0.2992767924191381,0.4966251424641188,,
OXFORD,OXFORD_451875_BCG_3AXIS_seg0001,OXFORD_451875_BCG_3AXIS_seg0001_c0152,860.466,860.972,0.5059999999999718,254,430233,430487,0.0713555873169808,0.0481199402141405,True,,451875,451875,BCG_3AXIS,0,0.041756385066849214,0.07135558731698087,0.05392742275255466,0.012031110530523659,0.00014474762059767728,0.03162055335968379,0.44287330623815097,0.001743595693850988,3.937007874015748,10.779531808707478,2.2742484230179612e-05,0.4290831929985977,0.3614145449747791,0.26042726948237555,0.3781581855428454,0.3781581855428454,,
OXFORD,OXFORD_451875_BCG_3AXIS_seg0001,OXFORD_451875_BCG_3AXIS_seg0001_c0153,862.79,863.71,0.9200000000000728,461,431395,431856,0.0550564896378051,0.0481199402141405,True,,451875,451875,BCG_3AXIS,0,0.024607425071757907,0.055056489637805184,0.053737817877236534,0.01136324520114994,0.00012912334150145713,0.05217391304347826,0.27914719495326484,0.0006055253686621797,4.3478260869565215,10.474459645189231,3.2444323478740576e-05,0.5103193666066151,0.2093954042929045,0.22884026338006183,0.5617643323270336,0.5617643323270336,,
OXFORD,OXFORD_451875_BCG_3AXIS_seg0001,OXFORD_451875_BCG_3AXIS_seg0001_c0154,866.87,867.31,0.4399999999999409,221,433435,433656,0.0735220527116943,0.0481199402141405,True,,451875,451875,BCG_3AXIS,0,0.02451058886457997,0.07352205271169437,0.07070691720635781,0.013922868439699808,0.00019384626558918897,0.02727272727272727,0.13276994159395222,0.0006007689664884716,9.090909090909092,11.456669832114825,3.8024154337818933e-06,0.4689719672575533,0.07720584144263701,0.22769859503304013,0.6950955635243229,0.6950955635243229,,
OXFORD,OXFORD_451875_BCG_3AXIS_seg0001,OXFORD_451875_BCG_3AXIS_seg0001_c0155,870.918,871.85,0.9320000000000164,467,435459,435926,0.084284281654411,0.0481199402141405,True,,451875,451875,BCG_3AXIS,0,0.024896808030194104,0.08428428165441108,0.08225162481962578,0.01549145586605067,0.00023998520484979572,0.034334763948497854,0.28947044039312164,0.0006198510500923375,2.1459227467811157,9.82109269587309,3.643800410863055e-05,0.5141024653970502,0.06371489107737813,0.18770170810555248,0.7485834008170693,0.7485834008170693,,
OXFORD,OXFORD_451875_BCG_3AXIS_seg0001,OXFORD_451875_BCG_3AXIS_seg0001_c0156,876.364,877.778,1.4139999999999873,708,438182,438890,0.0673539286257597,0.0481199402141405,True,,451875,451875,BCG_3AXIS,0,0.030539274212264062,0.06735392862575976,0.06452730209851036,0.01378314776134716,0.0001899751622111292,0.039603960396039604,0.6603142667435946,0.0009326472694118567,1.4124293785310735,9.194388132332344,9.417780606378682e-05,0.5074583549554919,0.15898494294363036,0.3487350154801201,0.4922800415762496,0.4922800415762496,,
OXFORD,OXFORD_451875_BCG_3AXIS_seg0001,OXFORD_451875_BCG_3AXIS_seg0001_c0157,879.144,879.576,0.4320000000000163,217,439572,439789,0.0593793433017967,0.0481199402141405,True,,451875,451875,BCG_3AXIS,0,0.029289025342493905,0.05937934330179679,0.052802504191713034,0.01160220381225491,0.00013461113330110236,0.06481481481481481,0.18615280019637528,0.0008578470055132501,9.25925925925926,11.70519086026497,2.4812558969882166e-05,0.4215998514191842,0.2811216419051134,0.20415094184362786,0.5147274162512586,0.5147274162512586,,
OXFORD,OXFORD_451875_BCG_3AXIS_seg0001,OXFORD_451875_BCG_3AXIS_seg0001_c0158,880.484,881.422,0.9379999999999882,470,440242,440712,0.0653714217084009,0.0481199402141405,True,,451875,451875,BCG_3AXIS,0,0.025681080653533906,0.06537142170840098,0.06441880109508073,0.013574587032573976,0.00018426941310492552,0.03411513859275053,0.3099734146606573,0.0006595179035333135,2.127659574468085,12.820403792546259,3.061846588108875e-05,0.5486086691915284,0.13520001290907116,0.21169156008511925,0.6531084270058097,0.6531084270058097,,
OXFORD,OXFORD_451875_BCG_3AXIS_seg0001,OXFORD_451875_BCG_3AXIS_seg0001_c0159,883.688,886.488,2.800000000000068,1401,441844,443245,0.1151160711665602,0.0481199402141405,True,,451875,451875,BCG_3AXIS,0,0.04199983774310833,0.1151160711665602,0.11389590321930135,0.021846894019199307,0.0004772867782861264,0.03142857142857143,2.4713449049968452,0.001763986370447427,4.999999999999999,7.6461783750606775,0.00046365366354492865,0.5097931560200449,0.5069979656236016,0.17159011574637859,0.3214119186300198,0.5069979656236016,,
OXFORD,OXFORD_451875_BCG_3AXIS_seg0001,OXFORD_451875_BCG_3AXIS_seg0001_c0160,888.502,890.114,1.61200000000008,807,444251,445058,0.0678230215408047,0.0481199402141405,True,,451875,451875,BCG_3AXIS,0,0.022395653323614394,0.06782302154080479,0.06719011590173384,0.012286363693838733,0.00015095473281727853,0.04962779156327544,0.40476318724775695,0.0005015652877915204,1.2406947890818858,10.047677252621634,9.025252764011257e-05,0.5454312200801565,0.08990361538596385,0.2016200358839213,0.7084763487301148,0.7084763487301148,,
OXFORD,OXFORD_451875_BCG_3AXIS_seg0001,OXFORD_451875_BCG_3AXIS_seg0001_c0161,890.98,891.48,0.5,251,445490,445741,0.0526385726392156,0.0481199402141405,True,,451875,451875,BCG_3AXIS,0,0.026934270855914932,0.05263857263921567,0.05139643749834413,0.013459319626375251,0.00018115328480493002,0.056,0.1820891915814869,0.0007254549465397884,4.0,11.8623644623455,1.9529031276941437e-05,0.47984885504792474,0.055615333972735964,0.15847947256555742,0.7859051934617066,0.7859051934617066,,
OXFORD,OXFORD_451875_BCG_3AXIS_seg0001,OXFORD_451875_BCG_3AXIS_seg0001_c0162,893.28,894.268,0.9880000000000564,495,446640,447135,0.0893665200768247,0.0481199402141405,True,,451875,451875,BCG_3AXIS,0,0.028109321936067147,0.08936652007682475,0.08809571448108879,0.017894453771835867,0.00032021147579237093,0.04048582995951417,0.3911163199542055,0.0007901339797054657,2.0242914979757085,7.260002368606996,5.1805145614637166e-05,0.44088062480472523,0.054416580074648356,0.19999114342058846,0.7455922765047632,0.7455922765047632,,
OXFORD,OXFORD_451875_BCG_3AXIS_seg0001,OXFORD_451875_BCG_3AXIS_seg0001_c0163,895.128,897.022,1.8940000000000052,948,447564,448512,0.0877036903860102,0.0481199402141405,True,,451875,451875,BCG_3AXIS,0,0.026530519520997577,0.08770369038601024,0.08620061062411973,0.014649182492951492,0.0002145985477117965,0.03801478352692714,0.6672673058192238,0.0007038684660540335,4.219409282700422,10.260802777987944,0.0001029743971553228,0.5589380650936213,0.13443813132611251,0.2666935731209082,0.5988682955529793,0.5988682955529793,,
OXFORD,OXFORD_451875_BCG_3AXIS_seg0001,OXFORD_451875_BCG_3AXIS_seg0001_c0164,898.726,901.59,2.8640000000000327,1433,449363,450796,0.0657829552691468,0.0481199402141405,True,,451875,451875,BCG_3AXIS,0,0.02458550401065354,0.06578295526914683,0.06352147247337925,0.0121415083284072,0.0001474162244887814,0.036312849162011177,0.8661725616871154,0.0006044470074578614,2.094972067039106,10.776277845298688,0.00012857638772015856,0.5852892671311298,0.1266382783108348,0.23531156525111935,0.638050156438046,0.638050156438046,,
OXFORD,OXFORD_451875_BCG_3AXIS_seg0001,OXFORD_451875_BCG_3AXIS_seg0001_c0165,902.514,903.406,0.8919999999999391,447,451257,451704,0.0735805717758688,0.0481199402141405,True,,451875,451875,BCG_3AXIS,0,0.021607351025176746,0.07358057177586888,0.07138034335045784,0.01260783740573074,0.00015895756404934322,0.04484304932735426,0.20869429539136736,0.0004668776183252066,2.242152466367713,10.303374258734294,2.639477431509413e-05,0.5006917416537702,0.15282793335041925,0.11358308110191007,0.7335889855476706,0.7335889855476706,,
OXFORD,OXFORD_451898_BCG_3AXIS_seg0001,OXFORD_451898_BCG_3AXIS_seg0001_c0001,2.83,3.244,0.4140000000000001,208,1415,1623,2.2966469573761623,0.0605934876170617,True,,451898,451898,BCG_3AXIS,0,0.5261791558970477,2.2966469573761623,2.289056177104335,0.47324699216076804,0.22396271558921407,0.028985507246376812,57.58781685291016,0.2768645041005296,4.8076923076923075,10.561770356823441,0.04444872553155816,0.43811396501481575,0.4020301214073143,0.2564356751602184,0.34153420343246726,0.4020301214073143,,
OXFORD,OXFORD_451898_BCG_3AXIS_seg0001,OXFORD_451898_BCG_3AXIS_seg0001_c0002,61.562,64.492,2.930000000000007,1466,30781,32247,0.0940734534064559,0.0605934876170617,True,,451898,451898,BCG_3AXIS,0,0.046576982384491455,0.09407345340645593,0.09102171848501264,0.01726205042907973,0.0002979783850160918,0.020477815699658702,3.1803628122743026,0.002169415288045227,1.364256480218281,4.387953149474609,0.00036422179107300064,0.47324226786007256,0.539925711716647,0.28367882578248127,0.17639546250087168,0.539925711716647,,
OXFORD,OXFORD_451898_BCG_3AXIS_seg0001,OXFORD_451898_BCG_3AXIS_seg0001_c0003,65.958,66.952,0.9939999999999998,498,32979,33477,0.0781766779043389,0.0605934876170617,True,,451898,451898,BCG_3AXIS,0,0.04546547485984123,0.07817667790433895,0.0691313743305502,0.016079103380327284,0.0002585375655152523,0.028169014084507043,1.0294204833069658,0.002067109404230855,6.024096385542169,7.232126388089173,8.604594699511645e-05,0.4348544040840576,0.24546087317035545,0.5626562425364221,0.19188288429322248,0.5626562425364221,,
OXFORD,OXFORD_451898_BCG_3AXIS_seg0001,OXFORD_451898_BCG_3AXIS_seg0001_c0004,161.554,162.004,0.4499999999999886,226,80777,81003,0.0985547251157769,0.0605934876170617,True,,451898,451898,BCG_3AXIS,0,0.06290853197019411,0.0985547251157769,0.08197065665099953,0.017077215050521528,0.000291631273881759,0.035555555555555556,0.8943912471897552,0.003957483394644934,4.424778761061947,6.714143945817494,5.2687912107094354e-05,0.3413978317012689,0.7931518953963681,0.11452208136651522,0.09232602323711664,0.7931518953963681,,
OXFORD,OXFORD_451898_BCG_3AXIS_seg0001,OXFORD_451898_BCG_3AXIS_seg0001_c0005,223.584,224.12,0.5360000000000014,269,111792,112061,0.0681583378237252,0.0605934876170617,True,,451898,451898,BCG_3AXIS,0,0.03723678580717813,0.0681583378237252,0.0606385251644079,0.014004118071450222,0.00019611532295911867,0.03731343283582089,0.3729895404401593,0.0013865782172496628,7.462686567164178,7.9392979883464,3.288139386924976e-05,0.3937859740749215,0.4463196704330647,0.4501453105255422,0.10353501904139313,0.4501453105255422,,
OXFORD,OXFORD_451898_BCG_3AXIS_seg0001,OXFORD_451898_BCG_3AXIS_seg0001_c0006,225.688,226.236,0.5480000000000018,275,112844,113119,0.0748562295237228,0.0605934876170617,True,,451898,451898,BCG_3AXIS,0,0.03469170450979511,0.07485622952372281,0.06772077662328152,0.015516587471323178,0.00024076448675522342,0.029197080291970802,0.3309664494936081,0.0012035143617949386,3.64963503649635,6.56564661563204,2.562075551991874e-05,0.39279464542766124,0.44699176937745755,0.43644712499400556,0.11656110562853697,0.44699176937745755,,
OXFORD,OXFORD_451898_BCG_3AXIS_seg0001,OXFORD_451898_BCG_3AXIS_seg0001_c0007,248.31,248.844,0.5339999999999918,268,124155,124423,0.0727978117256144,0.0605934876170617,True,,451898,451898,BCG_3AXIS,0,0.04154774852986522,0.07279781172561443,0.06266110662633215,0.013445079071862572,0.00018077015124863693,0.0299625468164794,0.4626257293174458,0.0017262154079009172,7.462686567164178,7.464662483333944,2.589372297509108e-05,0.3798682222101879,0.36884423525081333,0.48856357882343493,0.14259218592575165,0.48856357882343493,,
OXFORD,OXFORD_451898_BCG_3AXIS_seg0001,OXFORD_451898_BCG_3AXIS_seg0001_c0008,275.748,276.186,0.4379999999999882,220,137874,138094,0.1009885829038555,0.0605934876170617,True,,451898,451898,BCG_3AXIS,0,0.04438881990442663,0.10098858290385557,0.09223556885560187,0.023802896070414675,0.0005665778613389624,0.0365296803652968,0.43348081315167675,0.0019703673325076215,9.090909090909092,8.234143909700311,9.098652254180719e-05,0.2954881486957017,0.24355406290304737,0.38538682682276304,0.37105911027418953,0.38538682682276304,,
OXFORD,OXFORD_451898_BCG_3AXIS_seg0001,OXFORD_451898_BCG_3AXIS_seg0001_c0009,280.618,284.292,3.673999999999978,1838,140309,142147,0.225554945186012,0.0605934876170617,True,,451898,451898,BCG_3AXIS,0,0.07728663451676951,0.225554945186012,0.2203532348531194,0.03771149250920552,0.0014221566672718638,0.025040827436037017,10.978785482118965,0.005973223874928708,0.544069640914037,5.6536475981835,0.0030453251299406617,0.5113201628520423,0.43735206736652094,0.4260553714077252,0.1365925612257538,0.43735206736652094,,
OXFORD,OXFORD_451898_BCG_3AXIS_seg0001,OXFORD_451898_BCG_3AXIS_seg0001_c0010,285.098,287.604,2.505999999999972,1254,142549,143803,0.1073148556204434,0.0605934876170617,True,,451898,451898,BCG_3AXIS,0,0.05658106465938298,0.10731485562044342,0.10606963997082872,0.02086418190073355,0.00043531408638689743,0.0223463687150838,4.014576764998554,0.0032014168779892775,0.7974481658692185,4.51609249639814,0.0003445726362864075,0.4410738245758368,0.5588390751236336,0.2658027902049846,0.17535813467138178,0.5588390751236336,,
OXFORD,OXFORD_451898_BCG_3AXIS_seg0001,OXFORD_451898_BCG_3AXIS_seg0001_c0011,360.16,360.626,0.4659999999999513,234,180080,180314,0.0691331402490373,0.0605934876170617,True,,451898,451898,BCG_3AXIS,0,0.03413228891332839,0.06913314024903736,0.05963519914050694,0.01542709224554569,0.00023799517515257594,0.02575107296137339,0.27261307627232334,0.0011650131464629203,8.547008547008547,9.373001885504618,1.3475604050798178e-05,0.3653647804807961,0.6834714571189537,0.16843550489515186,0.14809303798589446,0.6834714571189537,,
OXFORD,OXFORD_451898_BCG_3AXIS_seg0001,OXFORD_451898_BCG_3AXIS_seg0001_c0012,369.552,370.192,0.6399999999999864,321,184776,185097,0.1124278944447829,0.0605934876170617,True,,451898,451898,BCG_3AXIS,0,0.06989142110649907,0.11242789444478299,0.10525308317851408,0.02563039770524193,0.0006569172865288708,0.025,1.5680242489158007,0.004884810744285983,6.25,5.295595562742525,0.0001553139362310441,0.3173207419931443,0.3864505104464031,0.5105723640152401,0.10297712553835682,0.5105723640152401,,
OXFORD,OXFORD_451898_BCG_3AXIS_seg0001,OXFORD_451898_BCG_3AXIS_seg0001_c0013,370.778,371.1,0.3220000000000027,162,185389,185551,0.0884997329990116,0.0605934876170617,True,,451898,451898,BCG_3AXIS,0,0.05831718927148223,0.08849973299901168,0.07819327981791756,0.022191207515018622,0.0004924496909746189,0.012422360248447204,0.5509449194531929,0.003400894564525882,6.172839506172839,7.316403867370957,2.3514082833062704e-05,0.32494318364013935,0.7118704321923432,0.17193146742055956,0.11619810038709706,0.7118704321923432,,
OXFORD,OXFORD_451898_BCG_3AXIS_seg0001,OXFORD_451898_BCG_3AXIS_seg0001_c0014,408.044,408.642,0.5980000000000132,300,204022,204322,0.0982114911058857,0.0605934876170617,True,,451898,451898,BCG_3AXIS,0,0.04974357827100969,0.09821149110588577,0.09293908901327005,0.02617887939723219,0.000685333726494828,0.020066889632107024,0.7423270737612202,0.0024744235792040674,3.3333333333333335,8.091636162705141,9.693779959964024e-05,0.3756262690869124,0.15018512257336875,0.7786166753032089,0.07119820212342247,0.7786166753032089,,
OXFORD,OXFORD_451898_BCG_3AXIS_seg0001,OXFORD_451898_BCG_3AXIS_seg0001_c0015,417.198,423.852,6.653999999999996,3328,208599,211927,0.6191658631945394,0.0605934876170617,True,,451898,451898,BCG_3AXIS,0,0.21640410594629206,0.6191658631945394,0.6162582030196738,0.14481533101147373,0.020971480095962707,0.007213706041478809,155.85269297033778,0.046830737070414,0.3004807692307692,2.6311555876889265,0.03726212907971943,0.431740680383557,0.3951367683889421,0.46942169837840214,0.13544153323265576,0.46942169837840214,,
OXFORD,OXFORD_451898_BCG_3AXIS_seg0001,OXFORD_451898_BCG_3AXIS_seg0001_c0016,462.718,463.338,0.6200000000000045,311,231359,231670,0.1209279371147653,0.0605934876170617,True,,451898,451898,BCG_3AXIS,0,0.05966960508900746,0.12092793711476535,0.10535587677699572,0.028036748899018128,0.0007860592888265942,0.03870967741935484,1.1073036109296908,0.0035604617714781054,9.67741935483871,9.262504090861345,0.00012905971543727247,0.4196555427089234,0.2965841068038338,0.10325707453421051,0.6001588186619558,0.6001588186619558,,
OXFORD,OXFORD_451898_BCG_3AXIS_seg0001,OXFORD_451898_BCG_3AXIS_seg0001_c0017,505.918,509.696,3.77800000000002,1890,252959,254849,0.5865823358853038,0.0605934876170617,True,,451898,451898,BCG_3AXIS,0,0.1683863046168186,0.5865823358853038,0.5796917938002712,0.10884257148975682,0.011846705368502823,0.014822657490735839,53.588960930940175,0.02835394758250803,0.5291005291005291,3.2738152016718907,0.022563473284866305,0.38867156162223937,0.41020224471725963,0.4751158618832514,0.11468189339948896,0.4751158618832514,,
OXFORD,OXFORD_451898_BCG_3AXIS_seg0001,OXFORD_451898_BCG_3AXIS_seg0001_c0018,527.76,528.188,0.4279999999999972,215,263880,264095,0.0634679455509145,0.0605934876170617,True,,451898,451898,BCG_3AXIS,0,0.04126841472624501,0.06346794555091459,0.04607808140337552,0.0131571573552685,0.000173110789671296,0.028037383177570093,0.3661626416137316,0.0017030820540173562,4.672897196261682,6.282374499100433,2.1558527896736198e-05,0.31281610199013227,0.7136849532905647,0.09587383558253142,0.19044121112690385,0.7136849532905647,,
OXFORD,OXFORD_451898_BCG_3AXIS_seg0001,OXFORD_451898_BCG_3AXIS_seg0001_c0019,529.666,530.564,0.8979999999999109,450,264833,265283,0.0897934248076262,0.0605934876170617,True,,451898,451898,BCG_3AXIS,0,0.05080440736554192,0.08979342480762623,0.08608244709994929,0.01717219978096993,0.00029488444531754367,0.022271714922048998,1.1614895134937684,0.0025810878077639297,8.88888888888889,7.070363249971431,7.415858418430392e-05,0.41882254034975885,0.6871823965620301,0.12809357516315148,0.1847240282748185,0.6871823965620301,,
OXFORD,OXFORD_451898_BCG_3AXIS_seg0001,OXFORD_451898_BCG_3AXIS_seg0001_c0020,532.584,532.886,0.3020000000000209,152,266292,266444,0.0836336010641327,0.0605934876170617,True,,451898,451898,BCG_3AXIS,0,0.053344577522676406,0.08363360106413274,0.06931444517918035,0.0201485729196887,0.0004059649907000128,0.026490066225165563,0.4325378805630706,0.0028456439510728326,6.578947368421053,7.150148756921201,4.7489709591408383e-05,0.2904021321633628,0.6555834542884695,0.1746801800701902,0.16973636564134037,0.6555834542884695,,
OXFORD,OXFORD_451898_BCG_3AXIS_seg0001,OXFORD_451898_BCG_3AXIS_seg0001_c0021,559.888,562.712,2.8239999999999554,1413,279944,281357,0.3193948891268883,0.0605934876170617,True,,451898,451898,BCG_3AXIS,0,0.10297670833352537,0.3193948891268883,0.3139754480894942,0.06162282331364082,0.003797372353144195,0.009915014164305949,14.983738074860838,0.010604202459207953,1.41643059490085,3.4897201283477384,0.006089388112668185,0.4199420732978757,0.2589453051524578,0.6803817951326876,0.060672899714854636,0.6803817951326876,,
OXFORD,OXFORD_451898_BCG_3AXIS_seg0001,OXFORD_451898_BCG_3AXIS_seg0001_c0022,608.29,608.932,0.6420000000000528,322,304145,304467,0.0662752603002463,0.0605934876170617,True,,451898,451898,BCG_3AXIS,0,0.03798366565428995,0.06627526030024633,0.06149357723156708,0.01817128861928853,0.00033019573008548483,0.024922118380062305,0.4645683518048772,0.0014427588565368858,3.1055900621118013,6.5025522009021195,5.427621242204692e-05,0.40442397334861113,0.3067740727909909,0.42338368325551523,0.2698422439534938,0.42338368325551523,,
OXFORD,OXFORD_451898_BCG_3AXIS_seg0001,OXFORD_451898_BCG_3AXIS_seg0001_c0023,609.71,610.4,0.6899999999999409,346,304855,305201,0.0694178630256133,0.0605934876170617,True,,451898,451898,BCG_3AXIS,0,0.03987073370495763,0.06941786302561335,0.056578379598440684,0.015612410958128186,0.00024374737592548106,0.011594202898550725,0.550027690535389,0.0015896754061716445,5.780346820809248,5.752902959852554,4.3894780773029126e-05,0.2932218194174156,0.6149828345122975,0.19981573292454474,0.18520143256315766,0.6149828345122975,,
OXFORD,OXFORD_451898_BCG_3AXIS_seg0001,OXFORD_451898_BCG_3AXIS_seg0001_c0024,612.862,621.092,8.230000000000018,4116,306431,310547,0.4540395561391084,0.0605934876170617,True,,451898,451898,BCG_3AXIS,0,0.13975036820100412,0.45403955613910846,0.451890107931806,0.08170576144417299,0.006675831453172106,0.015066828675577158,80.38616083709357,0.01953016541231622,0.24295432458697766,3.0066608624341864,0.014809003289578479,0.424461625778934,0.4655648440057601,0.40821949529166796,0.12621566070257192,0.4655648440057601,,
OXFORD,OXFORD_451898_BCG_3AXIS_seg0001,OXFORD_451898_BCG_3AXIS_seg0001_c0025,638.73,639.134,0.4039999999999963,203,319365,319568,0.0792428129889595,0.0605934876170617,True,,451898,451898,BCG_3AXIS,0,0.060541245014825364,0.07924281298895954,0.06584112149294094,0.016490313450113966,0.00027193043768300955,0.019801980198019802,0.7440441966328588,0.003665242347945117,4.9504950495049505,6.556551034279368,4.918422916241054e-05,0.2914564065105108,0.689802750543059,0.21878287118118797,0.09141437827575301,0.689802750543059,,
OXFORD,OXFORD_451898_BCG_3AXIS_seg0001,OXFORD_451898_BCG_3AXIS_seg0001_c0026,715.0,716.698,1.697999999999979,850,357500,358350,0.1627705414244731,0.0605934876170617,True,,451898,451898,BCG_3AXIS,0,0.07614132693046499,0.16277054142447314,0.15345988063152435,0.034156419867688935,0.0011666610181778553,0.02120141342756184,4.92787641672216,0.0057975016667319535,5.882352941176471,4.974233856932888,0.0008106105845598089,0.38732813644034086,0.36653392461599926,0.4656911563450671,0.16777491903893366,0.4656911563450671,,
OXFORD,OXFORD_451898_BCG_3AXIS_seg0001,OXFORD_451898_BCG_3AXIS_seg0001_c0027,720.93,721.668,0.7380000000000564,370,360465,360835,0.0747780563438483,0.0605934876170617,True,,451898,451898,BCG_3AXIS,0,0.04536751017645234,0.07477805634384836,0.06605729191591306,0.01714478859994553,0.0002939437761368222,0.016260162601626018,0.7615380624558874,0.0020582109796105064,2.7027027027027026,5.554993685695101,2.9054768804854773e-05,0.38416282903698334,0.5524789582667087,0.24440153510367718,0.2031195066296141,0.5524789582667087,,
OXFORD,OXFORD_451898_BCG_3AXIS_seg0001,OXFORD_451898_BCG_3AXIS_seg0001_c0028,786.228,786.772,0.5440000000000964,273,393114,393387,0.0720716408302434,0.0605934876170617,True,,451898,451898,BCG_3AXIS,0,0.03725204554674572,0.07207164083024349,0.0587842462497719,0.014676054858358989,0.00021538658620556247,0.04411764705882353,0.3788461669947913,0.001387714897416818,3.676470588235294,7.226054741755249,2.7686980703260634e-05,0.3851752301103846,0.3610735527962392,0.4506973893129261,0.18822905789083472,0.4506973893129261,,
OXFORD,OXFORD_451898_BCG_3AXIS_seg0001,OXFORD_451898_BCG_3AXIS_seg0001_c0029,798.498,800.464,1.966000000000008,984,399249,400233,0.0778136486469132,0.0605934876170617,True,,451898,451898,BCG_3AXIS,0,0.04269756001989166,0.07781364864691323,0.07087136672115463,0.015289143858668074,0.0002337579199310477,0.03458799593082401,1.7939123255458145,0.0018230816316522505,4.065040650406504,6.194611330923503,0.00021628978780949067,0.4734338376938742,0.4978503857999801,0.37296799353711263,0.12918162066290736,0.4978503857999801,,
OXFORD,OXFORD_451898_BCG_3AXIS_seg0001,OXFORD_451898_BCG_3AXIS_seg0001_c0030,801.116,809.212,8.096000000000004,4049,400558,404607,1.2237487799191356,0.0605934876170617,True,,451898,451898,BCG_3AXIS,0,0.3179395728440899,1.2237487799191356,1.2192958414698314,0.22672528104552556,0.05140435306517255,0.00691699604743083,409.2954809481633,0.10108557198028237,0.24703557312252963,2.4886183518366463,0.10650241532121216,0.4363768464875312,0.5114874700309912,0.3276480981184632,0.16086443185054566,0.5114874700309912,,
OXFORD,OXFORD_451898_BCG_3AXIS_seg0001,OXFORD_451898_BCG_3AXIS_seg0001_c0031,857.872,858.214,0.3420000000000982,172,428936,429108,0.086535729611517,0.0605934876170617,True,,451898,451898,BCG_3AXIS,0,0.06311847552684062,0.08653572961151706,0.04664413641598253,0.014364338674965983,0.00020633422556912349,0.029239766081871343,0.6852380158871689,0.003983941952832378,5.813953488372093,5.606471317661874,3.1460938361532906e-05,0.2716885042158912,0.6414786351781235,0.23155234258570248,0.12696902223617385,0.6414786351781235,,
OXFORD,OXFORD_451898_BCG_3AXIS_seg0001,OXFORD_451898_BCG_3AXIS_seg0001_c0032,888.102,889.768,1.6660000000000537,834,444051,444885,0.2429903086244162,0.0605934876170617,True,,451898,451898,BCG_3AXIS,0,0.12400207473323059,0.24299030862441623,0.23408748495471154,0.06032358018917109,0.0036389343268393545,0.014405762304921969,12.824013124813517,0.015376514538145704,2.3980815347721824,3.5246042239232396,0.0025320754237797244,0.35377722818113205,0.7196626767609746,0.13612339245079977,0.14421393078822556,0.7196626767609746,,
OXFORD,OXFORD_451898_BCG_3AXIS_seg0001,OXFORD_451898_BCG_3AXIS_seg0001_c0033,890.274,895.46,5.186000000000036,2594,445137,447731,0.2368822517210338,0.0605934876170617,True,,451898,451898,BCG_3AXIS,0,0.07553079319130243,0.23688225172103383,0.23066025825703232,0.036356345277480544,0.0013217838419353816,0.027767065175472425,14.798512467958332,0.005704900720107298,0.3855050115651504,5.1924245551345365,0.002993636614362967,0.5110424529006377,0.5084146269818054,0.2983107720247901,0.19327460099340457,0.5084146269818054,,
OXFORD,OXFORD_451905_BCG_3AXIS_seg0001,OXFORD_451905_BCG_3AXIS_seg0001_c0001,0.002,4.422,4.42,2211,1,2212,24.89775081259113,0.0692603020944882,True,,451905,451905,BCG_3AXIS,0,4.596250216176362,24.89775081259113,24.88829853747674,4.124579556089577,17.01215651451209,0.0022624434389140274,46708.51598588947,21.125516049701254,0.0,1.4585127153518895,1.2434805927468426,0.3023855797785257,0.2402211139525829,0.24695036707512574,0.5128285189722913,0.5128285189722913,,
OXFORD,OXFORD_451905_BCG_3AXIS_seg0001,OXFORD_451905_BCG_3AXIS_seg0001_c0002,24.642,25.158,0.5160000000000018,259,12321,12580,0.1206697739416403,0.0692603020944882,True,,451905,451905,BCG_3AXIS,0,0.061473841009260316,0.12066977394164036,0.11819231457058814,0.027815383596073596,0.0007736955645967201,0.031007751937984496,0.9787695802638403,0.0037790331284318157,3.875968992248062,8.49641772862858,0.00016518365272905883,0.36522975908180677,0.5347043268281357,0.40531356787654554,0.0599821052953187,0.5347043268281357,,
OXFORD,OXFORD_451905_BCG_3AXIS_seg0001,OXFORD_451905_BCG_3AXIS_seg0001_c0003,27.544,27.996,0.4519999999999982,227,13772,13999,0.0911742057918316,0.0692603020944882,True,,451905,451905,BCG_3AXIS,0,0.046998213987420996,0.0911742057918316,0.08528944538386372,0.02561724693466678,0.0006562433405116946,0.02654867256637168,0.5014048907876831,0.0022088321180074146,4.424778761061947,6.75358302705032,9.623966340451242e-05,0.3350352475072632,0.5730205981994455,0.3227762884024943,0.10420311339806028,0.5730205981994455,,
OXFORD,OXFORD_451905_BCG_3AXIS_seg0001,OXFORD_451905_BCG_3AXIS_seg0001_c0004,28.554,30.578,2.024000000000001,1013,14277,15290,0.1575993135137791,0.0692603020944882,True,,451905,451905,BCG_3AXIS,0,0.06339855739690943,0.15759931351377918,0.15572763991230912,0.02898955744893657,0.0008403944410851938,0.037549407114624504,4.071628982049339,0.004019377080009219,0.9881422924901185,7.0227726382697,0.0005959316697203068,0.5162777948068569,0.3486572283606891,0.45016412618384477,0.20117864545546624,0.45016412618384477,,
OXFORD,OXFORD_451905_BCG_3AXIS_seg0001,OXFORD_451905_BCG_3AXIS_seg0001_c0005,31.208,32.794,1.5859999999999983,794,15604,16398,0.1565774396364515,0.0692603020944882,True,,451905,451905,BCG_3AXIS,0,0.061845016588642915,0.1565774396364515,0.14363690435999546,0.028037485585077782,0.0007861005979334445,0.03783102143757881,3.036896025018517,0.0038248060768495177,1.2594458438287153,7.178134128588053,0.00020493686774277208,0.49859588379555186,0.49815117338782655,0.3527050791153335,0.14914374749684,0.49815117338782655,,
OXFORD,OXFORD_451905_BCG_3AXIS_seg0001,OXFORD_451905_BCG_3AXIS_seg0001_c0006,35.706,36.596,0.8899999999999935,446,17853,18299,0.094238924822144,0.0692603020944882,True,,451905,451905,BCG_3AXIS,0,0.0507956654292813,0.09423892482214406,0.0890296601683952,0.02223856517944798,0.0004945537812405562,0.02696629213483146,1.1507690333759535,0.0025801996264034834,4.484304932735426,5.430112884011121,0.00019298463767797433,0.34986108972147734,0.5055939952861059,0.37834178439899274,0.11606422031490128,0.5055939952861059,,
OXFORD,OXFORD_451905_BCG_3AXIS_seg0001,OXFORD_451905_BCG_3AXIS_seg0001_c0007,39.264,39.6,0.3359999999999985,169,19632,19801,0.1036990270004684,0.0692603020944882,True,,451905,451905,BCG_3AXIS,0,0.06056313522550922,0.10369902700046846,0.08579489809125722,0.02196274336698177,0.00048236209620390185,0.03571428571428571,0.6198739758700204,0.0036678933483433158,11.904761904761903,11.017256958946241,3.871122772276508e-05,0.3723016764371513,0.3650794738055943,0.5968042125297336,0.03811631366467207,0.5968042125297336,,
OXFORD,OXFORD_451905_BCG_3AXIS_seg0001,OXFORD_451905_BCG_3AXIS_seg0001_c0008,68.024,68.51,0.4860000000000042,244,34012,34256,0.0783361585765238,0.0692603020944882,True,,451905,451905,BCG_3AXIS,0,0.0379601270875931,0.07833615857652389,0.06967654379420653,0.01896742685323147,0.0003597632814326863,0.03292181069958848,0.3515969846355176,0.0014409712485062196,8.19672131147541,7.820106177108551,3.088187824311252e-05,0.33453645885808114,0.4435713236932695,0.5024398547704112,0.05398882153631925,0.5024398547704112,,
OXFORD,OXFORD_451905_BCG_3AXIS_seg0001,OXFORD_451905_BCG_3AXIS_seg0001_c0009,90.948,91.468,0.5200000000000102,261,45474,45735,0.1291128279366715,0.0692603020944882,True,,451905,451905,BCG_3AXIS,0,0.0732689920731707,0.12911282793667153,0.12244452972943687,0.028445079036673034,0.0008091225214025757,0.038461538461538464,1.4011380970481895,0.005368345199418351,11.538461538461537,10.541968083807099,0.00019951356468070827,0.2997312905676547,0.30003376835171613,0.657501585236391,0.04246464641189272,0.657501585236391,,
OXFORD,OXFORD_451905_BCG_3AXIS_seg0001,OXFORD_451905_BCG_3AXIS_seg0001_c0010,114.604,115.492,0.8880000000000052,445,57302,57747,0.0911439941703648,0.0692603020944882,True,,451905,451905,BCG_3AXIS,0,0.047161970514718383,0.0911439941703648,0.08951888073807,0.020771641494476765,0.000431461090375069,0.018018018018018018,0.989791900959869,0.002224251462831166,4.504504504504505,6.017727885297427,0.00014553708724296318,0.3666766158618887,0.556218081259722,0.4095521387781993,0.034229779962078745,0.556218081259722,,
OXFORD,OXFORD_451905_BCG_3AXIS_seg0001,OXFORD_451905_BCG_3AXIS_seg0001_c0011,123.26,123.644,0.3840000000000003,193,61630,61823,0.0805892984085168,0.0692603020944882,True,,451905,451905,BCG_3AXIS,0,0.04977339034577647,0.08058929840851681,0.06398652574663508,0.018077124776501145,0.00032678244018519154,0.020833333333333332,0.4781363445970156,0.002477390386513034,5.208333333333333,6.885007428583726,3.38495847672887e-05,0.3686033201327753,0.5840185940861436,0.24468832820135267,0.17129307771250363,0.5840185940861436,,
OXFORD,OXFORD_451905_BCG_3AXIS_seg0001,OXFORD_451905_BCG_3AXIS_seg0001_c0012,143.354,144.124,0.7699999999999818,386,71677,72063,0.1274796626824078,0.0692603020944882,True,,451905,451905,BCG_3AXIS,0,0.06811268544570022,0.12747966268240787,0.11398928346199518,0.027852525464044153,0.000775763174725228,0.015584415584415584,1.7907844365892123,0.004639337918624902,2.5906735751295336,5.881029327101932,0.00021700394623600221,0.3631069403621934,0.5872012000704756,0.3657104763316448,0.04708832359787969,0.5872012000704756,,
OXFORD,OXFORD_451905_BCG_3AXIS_seg0001,OXFORD_451905_BCG_3AXIS_seg0001_c0013,144.686,146.252,1.5660000000000025,784,72343,73127,0.3171855875382201,0.0692603020944882,True,,451905,451905,BCG_3AXIS,0,0.11382680131303319,0.3171855875382201,0.3062292546911776,0.07072447382363062,0.005001951197629413,0.01532567049808429,10.15792790657088,0.012956540697156734,1.2755102040816326,3.656939160884155,0.0034263975911302943,0.37509962414909637,0.29033465532995306,0.6401276116346504,0.0695377330353967,0.6401276116346504,,
OXFORD,OXFORD_451905_BCG_3AXIS_seg0001,OXFORD_451905_BCG_3AXIS_seg0001_c0014,155.198,157.538,2.3400000000000034,1171,77599,78770,0.3237764360699826,0.0692603020944882,True,,451905,451905,BCG_3AXIS,0,0.10655904662110802,0.32377643606998263,0.31924452183153856,0.0610605721893462,0.003728393476090358,0.022222222222222223,13.296506418072184,0.011354830416799473,0.8547008547008548,4.0783559661148505,0.00403745635474463,0.41322268251127864,0.5341316258632324,0.3531023504723705,0.11276602366439709,0.5341316258632324,,
OXFORD,OXFORD_451905_BCG_3AXIS_seg0001,OXFORD_451905_BCG_3AXIS_seg0001_c0015,167.914,168.616,0.7020000000000266,352,83957,84309,0.0985847719713798,0.0692603020944882,True,,451905,451905,BCG_3AXIS,0,0.04937966794118292,0.09858477197137984,0.0922869632899861,0.024210611705847193,0.0005861537191713051,0.022792022792022793,0.8582997653054838,0.002438351605981488,8.522727272727273,9.280413512862523,9.992300400475701e-05,0.4072230929710049,0.386051674186284,0.4932121517252343,0.1207361740884817,0.4932121517252343,,
OXFORD,OXFORD_451905_BCG_3AXIS_seg0001,OXFORD_451905_BCG_3AXIS_seg0001_c0016,170.636,171.002,0.3660000000000138,184,85318,85502,0.2568342507567908,0.0692603020944882,True,,451905,451905,BCG_3AXIS,0,0.11624603397354713,0.2568342507567908,0.24357188538055372,0.05612991882685962,0.0031505677875098503,0.04371584699453552,2.4864178362825493,0.013513140414579072,10.869565217391305,8.905151657644543,0.0006736189792846757,0.33617097897649045,0.4506958354809926,0.46484621517642327,0.08445794934258415,0.46484621517642327,,
OXFORD,OXFORD_451905_BCG_3AXIS_seg0001,OXFORD_451905_BCG_3AXIS_seg0001_c0017,175.804,176.148,0.3439999999999941,173,87902,88075,0.100335711503432,0.0692603020944882,True,,451905,451905,BCG_3AXIS,0,0.0628391679168277,0.10033571150343201,0.08182810905818248,0.018915864678321057,0.00035780993652855415,0.05813953488372093,0.6831356572349133,0.003948761024479268,11.627906976744185,12.734904034015662,4.266900131424281e-05,0.38801753837577596,0.4148161898157639,0.3439135510903382,0.24127025909389782,0.4148161898157639,,
OXFORD,OXFORD_451905_BCG_3AXIS_seg0001,OXFORD_451905_BCG_3AXIS_seg0001_c0018,196.096,196.648,0.5519999999999925,277,98048,98325,0.1205498038077075,0.0692603020944882,True,,451905,451905,BCG_3AXIS,0,0.06088192552899395,0.12054980380770755,0.11310307255386767,0.02432396476743933,0.00059165526200763,0.043478260869565216,1.0267306531446763,0.003706608856117965,10.869565217391303,11.856034516966844,0.00011694870072906332,0.39642251334746387,0.48665421439816237,0.43418369600591195,0.07916208959592577,0.48665421439816237,,
OXFORD,OXFORD_451905_BCG_3AXIS_seg0001,OXFORD_451905_BCG_3AXIS_seg0001_c0019,203.718,204.824,1.106000000000023,554,101859,102413,0.1023396466341233,0.0692603020944882,True,,451905,451905,BCG_3AXIS,0,0.04703042408825632,0.10233964663412337,0.0975086745702026,0.021435012466016645,0.000459459759418289,0.018083182640144666,1.2253708776163672,0.0022118607899212404,3.6101083032490973,4.808041881713029,0.00023299692600468305,0.3425893693646822,0.47566491944754014,0.4052097650369376,0.11912531551552225,0.47566491944754014,,
OXFORD,OXFORD_451905_BCG_3AXIS_seg0001,OXFORD_451905_BCG_3AXIS_seg0001_c0020,213.76,214.108,0.3480000000000132,175,106880,107055,0.1108418147831566,0.0692603020944882,True,,451905,451905,BCG_3AXIS,0,0.06867609939502639,0.11084181478315668,0.10358181085768497,0.026676141486023885,0.0007116165245823645,0.034482758620689655,0.82537115992022,0.004716406628115543,11.494252873563218,10.39646858854263,0.00013837762461195614,0.33299819384254625,0.3025525852933284,0.5821740904892405,0.11527332421743117,0.5821740904892405,,
OXFORD,OXFORD_451905_BCG_3AXIS_seg0001,OXFORD_451905_BCG_3AXIS_seg0001_c0021,229.602,230.12,0.5180000000000007,260,114801,115061,0.1837605726638619,0.0692603020944882,True,,451905,451905,BCG_3AXIS,0,0.09195231683363,0.18376057266386198,0.17913976987553046,0.03777290723094988,0.0014267925206779455,0.023166023166023165,2.1983594284787915,0.008455228571072275,7.692307692307692,7.30518878005468,0.0002925664868169068,0.302927660212405,0.4260386559678625,0.38277739497685215,0.1911839490552853,0.4260386559678625,,
OXFORD,OXFORD_451905_BCG_3AXIS_seg0001,OXFORD_451905_BCG_3AXIS_seg0001_c0022,249.256,249.606,0.3499999999999943,176,124628,124804,0.1069005389095637,0.0692603020944882,True,,451905,451905,BCG_3AXIS,0,0.07278243248694617,0.10690053890956379,0.08302954049405148,0.02225009028678703,0.0004950665177701745,0.03428571428571429,0.9323217162541704,0.005297282478716877,11.363636363636365,9.48987555366943,7.230296539712815e-05,0.31022660658324125,0.3635804873810487,0.576851871751725,0.05956764086722632,0.576851871751725,,
OXFORD,OXFORD_451905_BCG_3AXIS_seg0001,OXFORD_451905_BCG_3AXIS_seg0001_c0023,285.374,285.918,0.5439999999999827,273,142687,142960,0.0982917936399265,0.0692603020944882,True,,451905,451905,BCG_3AXIS,0,0.047764967504604426,0.09829179363992653,0.09465556613793824,0.01967817377969111,0.0003872305233037227,0.04411764705882353,0.6228473489554452,0.002281492120715917,7.352941176470588,9.91212346469736,9.013771883030991e-05,0.4384792464141799,0.6417093650210509,0.24606326232958647,0.11222737264936272,0.6417093650210509,,
OXFORD,OXFORD_451905_BCG_3AXIS_seg0001,OXFORD_451905_BCG_3AXIS_seg0001_c0024,302.09,304.832,2.742000000000018,1372,151045,152417,0.6074134507458805,0.0692603020944882,True,,451905,451905,BCG_3AXIS,0,0.2066239241631781,0.6074134507458805,0.5947996001590645,0.12853867227643784,0.01652219027058949,0.0262582056892779,58.57540796220255,0.042693446036590775,0.7288629737609329,5.906168468152961,0.02286569232649292,0.4187966297862976,0.23506651081481666,0.7385596777041026,0.02637381148108073,0.7385596777041026,,
OXFORD,OXFORD_451905_BCG_3AXIS_seg0001,OXFORD_451905_BCG_3AXIS_seg0001_c0025,305.528,306.588,1.0600000000000025,531,152764,153295,0.1430507163848933,0.0692603020944882,True,,451905,451905,BCG_3AXIS,0,0.055906628247527006,0.14305071638489333,0.1389689330876491,0.030553454984503105,0.0009335136114900577,0.018867924528301886,1.659667624545815,0.0031255510820071847,3.773584905660377,4.714410400954997,0.0004534394910912859,0.34177661573586765,0.4012034085270373,0.5244556859626899,0.07434090551027288,0.5244556859626899,,
OXFORD,OXFORD_451905_BCG_3AXIS_seg0001,OXFORD_451905_BCG_3AXIS_seg0001_c0026,333.778,334.336,0.5579999999999927,280,166889,167169,0.1300963499071017,0.0692603020944882,True,,451905,451905,BCG_3AXIS,0,0.052209214362578256,0.1300963499071017,0.12542078836118983,0.028212669230097683,0.0007959547050869006,0.021505376344086023,0.7632245780201414,0.002725802064357648,3.571428571428571,7.238629544011889,7.945612971262918e-05,0.3479550932033289,0.6026977399703342,0.320940152829142,0.07636210720052396,0.6026977399703342,,
OXFORD,OXFORD_451905_BCG_3AXIS_seg0001,OXFORD_451905_BCG_3AXIS_seg0001_c0027,351.588,352.002,0.4139999999999872,208,175794,176002,0.1514498162306145,0.0692603020944882,True,,451905,451905,BCG_3AXIS,0,0.07109436875225286,0.15144981623061457,0.14135748392115158,0.030875490455480173,0.0009532959108664473,0.028985507246376812,1.0513171278025122,0.005054409268281309,4.8076923076923075,9.920632820871102,0.00018256592483873946,0.42970781710241496,0.49978168349356217,0.3959342533566087,0.1042840631498291,0.49978168349356217,,
OXFORD,OXFORD_451905_BCG_3AXIS_seg0001,OXFORD_451905_BCG_3AXIS_seg0001_c0028,365.492,366.206,0.7139999999999986,358,182746,183104,0.0841656038717491,0.0692603020944882,True,,451905,451905,BCG_3AXIS,0,0.05284613133699705,0.08416560387174914,0.08224863894289465,0.01797921566031435,0.0003232521957600928,0.05042016806722689,0.9997914678287967,0.0027927135972871417,2.793296089385475,7.832385893923936,9.094227140787593e-05,0.41761881584564653,0.3739901769677686,0.44145771253877547,0.1845521104934559,0.44145771253877547,,
OXFORD,OXFORD_451905_BCG_3AXIS_seg0001,OXFORD_451905_BCG_3AXIS_seg0001_c0029,374.364,376.59,2.225999999999999,1114,187182,188296,0.453859013613273,0.0692603020944882,True,,451905,451905,BCG_3AXIS,0,0.14899132465530768,0.453859013613273,0.4523021297428298,0.10564543368353041,0.011160957658181222,0.01078167115902965,24.729034112313226,0.02219841482254329,0.8976660682226211,4.626214975382542,0.011801725984765164,0.34967805971281163,0.2613589201335374,0.6948787838877493,0.04376229597871324,0.6948787838877493,,
OXFORD,OXFORD_451905_BCG_3AXIS_seg0001,OXFORD_451905_BCG_3AXIS_seg0001_c0030,378.332,379.266,0.934000000000026,468,189166,189634,0.0908207746388823,0.0692603020944882,True,,451905,451905,BCG_3AXIS,0,0.052218581199982385,0.09082077463888236,0.08513047793713432,0.023475370842703288,0.0005510930362024436,0.02569593147751606,1.2761331441483241,0.002726780222539154,10.683760683760683,7.721569841117845,0.0001648323459088502,0.4191133440640002,0.3927200234471224,0.5566905556931423,0.05058942085973523,0.5566905556931423,,
OXFORD,OXFORD_451905_BCG_3AXIS_seg0001,OXFORD_451905_BCG_3AXIS_seg0001_c0031,382.186,383.834,1.6480000000000246,825,191093,191918,0.1777946783747487,0.0692603020944882,True,,451905,451905,BCG_3AXIS,0,0.10331646290452343,0.1777946783747487,0.16449675200751243,0.04043136715849159,0.0016346954503047525,0.038834951456310676,8.806290493358956,0.010674291507101766,10.922330097087379,9.397913267133191,0.0012917845428697897,0.3795391218985962,0.22378909828420118,0.6978825153679405,0.07832838634785824,0.6978825153679405,,
OXFORD,OXFORD_451905_BCG_3AXIS_seg0001,OXFORD_451905_BCG_3AXIS_seg0001_c0032,386.286,387.334,1.0480000000000018,525,193143,193668,0.1270613665389774,0.0692603020944882,True,,451905,451905,BCG_3AXIS,0,0.06943511977345392,0.12706136653897748,0.12567058695697253,0.029211757610860825,0.0008533267827156854,0.022900763358778626,2.5311488254257926,0.00482123585795389,3.8167938931297707,6.118874431218238,0.0003484794594478927,0.4014579493133002,0.601502555659428,0.3132604330409166,0.08523701129965543,0.601502555659428,,
OXFORD,OXFORD_451905_BCG_3AXIS_seg0001,OXFORD_451905_BCG_3AXIS_seg0001_c0033,392.318,393.16,0.8420000000000414,422,196159,196581,0.075464127604999,0.0692603020944882,True,,451905,451905,BCG_3AXIS,0,0.040388150101360085,0.07546412760499907,0.07283240622659477,0.01679723033697054,0.0002821469469932435,0.04275534441805225,0.6883675261534168,0.0016312026686099925,9.47867298578199,8.516264085219209,9.179446153584932e-05,0.42712275746631684,0.44579285259239293,0.44051050287371835,0.11369664453388861,0.44579285259239293,,
OXFORD,OXFORD_451905_BCG_3AXIS_seg0001,OXFORD_451905_BCG_3AXIS_seg0001_c0034,398.34,398.654,0.3140000000000214,158,199170,199328,0.0887869724054671,0.0692603020944882,True,,451905,451905,BCG_3AXIS,0,0.05848069663544957,0.08878697240546711,0.07682184040044536,0.022440270059658873,0.0005035657203504224,0.03821656050955414,0.5403587168768622,0.0034199918789674824,12.658227848101266,10.410600127322995,6.415405834385706e-05,0.35010144236666213,0.5299998445298499,0.4022111135540421,0.06778904191610806,0.5299998445298499,,
OXFORD,OXFORD_451905_BCG_3AXIS_seg0001,OXFORD_451905_BCG_3AXIS_seg0001_c0035,404.074,404.396,0.3220000000000027,162,202037,202199,0.0786098660300957,0.0692603020944882,True,,451905,451905,BCG_3AXIS,0,0.043906700888149734,0.07860986603009572,0.06731496032616446,0.020009857270507077,0.000400394387986065,0.024844720496894408,0.31230333802679466,0.0019277983828814484,6.172839506172839,7.387821206905531,3.0336266070901763e-05,0.29219679632224144,0.4661849495038413,0.40855831570285966,0.12525673479329896,0.4661849495038413,,
OXFORD,OXFORD_451905_BCG_3AXIS_seg0001,OXFORD_451905_BCG_3AXIS_seg0001_c0036,409.442,410.024,0.5819999999999936,292,204721,205013,0.1104265854781269,0.0692603020944882,True,,451905,451905,BCG_3AXIS,0,0.05583542453539485,0.11042658547812692,0.09904825043722348,0.021716447075533576,0.00047160407358445085,0.03436426116838488,0.9103376328499497,0.003117594633047773,6.849315068493151,7.9830862945520975,0.00012522737014984458,0.34686481999762436,0.47163193911606277,0.49289944852617956,0.035468612357757646,0.49289944852617956,,
OXFORD,OXFORD_451905_BCG_3AXIS_seg0001,OXFORD_451905_BCG_3AXIS_seg0001_c0037,412.528,413.052,0.5240000000000009,263,206264,206527,0.171592045592955,0.0692603020944882,True,,451905,451905,BCG_3AXIS,0,0.08452832586859269,0.171592045592955,0.1604092880448851,0.03970966925436608,0.001576857832291147,0.022900763358778626,1.8791449609006596,0.007145037874146995,3.8167938931297707,4.215452334249292,0.00030984591804907345,0.25408188723045755,0.7132589786392258,0.2150628101541646,0.07167821120660958,0.7132589786392258,,
OXFORD,OXFORD_451905_BCG_3AXIS_seg0001,OXFORD_451905_BCG_3AXIS_seg0001_c0038,458.49,458.808,0.3179999999999836,160,229245,229405,0.0839720548908353,0.0692603020944882,True,,451905,451905,BCG_3AXIS,0,0.048115898438205636,0.0839720548908353,0.07661858672788284,0.024671471452842236,0.0006086815036484094,0.012578616352201259,0.37042234920251504,0.002315139682515719,6.25,7.351826588115605,4.555163367967015e-05,0.24663307936641665,0.758285262595517,0.1943905231630696,0.04732421424141344,0.758285262595517,,
OXFORD,OXFORD_451905_BCG_3AXIS_seg0001,OXFORD_451905_BCG_3AXIS_seg0001_c0039,464.942,465.606,0.6639999999999873,333,232471,232804,0.1163672002265632,0.0692603020944882,True,,451905,451905,BCG_3AXIS,0,0.05222079802055682,0.11636720022656324,0.11192072841292501,0.026253631288315926,0.000689253155822841,0.03614457831325301,0.9080949113859624,0.002727011745903791,3.012048192771084,6.044887808989097,0.00011632543228348446,0.3646368508104311,0.2669140576402038,0.6009861032434705,0.13209983911632572,0.6009861032434705,,
OXFORD,OXFORD_451905_BCG_3AXIS_seg0001,OXFORD_451905_BCG_3AXIS_seg0001_c0040,467.462,467.788,0.3260000000000218,164,233731,233895,0.075774511421913,0.0692603020944882,True,,451905,451905,BCG_3AXIS,0,0.04897910274678289,0.07577451142191308,0.06427692493988596,0.019927846894689485,0.00039711908185818535,0.024539877300613498,0.393428210964306,0.002398952505879915,6.097560975609756,6.812802663588842,5.4009841218576735e-05,0.280690323592624,0.5199082896065148,0.4017933909169993,0.07829831947648595,0.5199082896065148,,
OXFORD,OXFORD_451905_BCG_3AXIS_seg0001,OXFORD_451905_BCG_3AXIS_seg0001_c0041,469.144,471.234,2.089999999999975,1046,234572,235618,0.1618739799931593,0.0692603020944882,True,,451905,451905,BCG_3AXIS,0,0.06445171911613005,0.1618739799931593,0.16019546726828557,0.03605762156883137,0.0013001520732010532,0.015311004784688996,4.345109205487653,0.004154024097024525,0.9560229445506692,4.527219840167202,0.0008698544575147956,0.39635440574341474,0.31750811585841254,0.4763622799508556,0.20612960419073195,0.4763622799508556,,
OXFORD,OXFORD_451905_BCG_3AXIS_seg0001,OXFORD_451905_BCG_3AXIS_seg0001_c0042,479.714,480.328,0.6139999999999759,308,239857,240165,0.1930528362075647,0.0692603020944882,True,,451905,451905,BCG_3AXIS,0,0.08976687822361372,0.19305283620756475,0.18400027894298432,0.04753569583520817,0.0022596423785374276,0.019543973941368076,2.4818924672120337,0.008058092426013096,9.74025974025974,8.534175755662993,0.0003412552146905696,0.3902664936677559,0.2104150964713284,0.6786326902908569,0.11095221323781458,0.6786326902908569,,
OXFORD,OXFORD_451905_BCG_3AXIS_seg0001,OXFORD_451905_BCG_3AXIS_seg0001_c0043,480.936,481.726,0.7900000000000205,396,240468,240864,0.1302774161219792,0.0692603020944882,True,,451905,451905,BCG_3AXIS,0,0.06448141321592177,0.1302774161219792,0.1281204236419553,0.03136610606025781,0.0009838326093833416,0.02531645569620253,1.64650964952769,0.00415785265032245,7.575757575757575,7.806905248237381,0.00019875211028088619,0.33129687356988835,0.37424088569097363,0.5776907285247775,0.04806838578424888,0.5776907285247775,,
OXFORD,OXFORD_451905_BCG_3AXIS_seg0001,OXFORD_451905_BCG_3AXIS_seg0001_c0044,486.79,487.592,0.8019999999999641,402,243395,243797,0.1301341408524691,0.0692603020944882,True,,451905,451905,BCG_3AXIS,0,0.06777568636101416,0.1301341408524691,0.12363865865232285,0.030005931917442438,0.0009003559502341908,0.0199501246882793,1.8466045520060381,0.004593543661706562,9.950248756218905,8.237894955626167,0.00026032489696182777,0.3755886093173335,0.31128876560018953,0.5956241356144649,0.09308709878534549,0.5956241356144649,,
OXFORD,OXFORD_451905_BCG_3AXIS_seg0001,OXFORD_451905_BCG_3AXIS_seg0001_c0045,488.458,489.518,1.0599999999999454,531,244229,244760,0.1841357990881306,0.0692603020944882,True,,451905,451905,BCG_3AXIS,0,0.08624145563624808,0.18413579908813069,0.17893533439335205,0.03159181633434893,0.0009980428593032362,0.045283018867924525,3.9493595839074995,0.007437588670258945,1.8867924528301885,8.313969867938313,0.00045912685707788606,0.5001568865271253,0.4567138716692508,0.3345300241016611,0.20875610422908805,0.4567138716692508,,
OXFORD,OXFORD_451905_BCG_3AXIS_seg0001,OXFORD_451905_BCG_3AXIS_seg0001_c0046,501.828,502.168,0.3400000000000318,171,250914,251085,0.081602225992842,0.0692603020944882,True,,451905,451905,BCG_3AXIS,0,0.0608003246627577,0.08160222599284205,0.054927015069455964,0.016204597315469062,0.00026258897415650716,0.023529411764705882,0.6321321909255428,0.003696679479096742,5.88235294117647,8.508737263597625,4.193834004934908e-05,0.33382329661036836,0.46524287261444686,0.44556929553395097,0.08918783185160219,0.46524287261444686,,
OXFORD,OXFORD_451905_BCG_3AXIS_seg0001,OXFORD_451905_BCG_3AXIS_seg0001_c0047,503.17,503.992,0.8220000000000027,412,251585,251997,0.0805041766871721,0.0692603020944882,True,,451905,451905,BCG_3AXIS,0,0.049944178565863216,0.08050417668717215,0.07627532758205265,0.019157688079388252,0.0003670170125471347,0.019464720194647202,1.0277014407189582,0.0024944209726188308,2.4271844660194173,5.391159161160166,0.00010440891879852666,0.3933572518777985,0.41997765574271345,0.4630286133923579,0.11699373086492873,0.4630286133923579,,
OXFORD,OXFORD_451905_BCG_3AXIS_seg0001,OXFORD_451905_BCG_3AXIS_seg0001_c0048,512.23,513.482,1.2519999999999527,627,256115,256742,0.1101112737098983,0.0692603020944882,True,,451905,451905,BCG_3AXIS,0,0.061862732400391286,0.11011127370989836,0.105748350909498,0.022932156339513527,0.0005258837943798905,0.02875399361022364,2.399527532846599,0.003826997660042422,7.987220447284345,6.388387734685195,0.00031994046213431606,0.42746706372756427,0.4380768377265979,0.488476026792084,0.0734471354813181,0.488476026792084,,
OXFORD,OXFORD_451905_BCG_3AXIS_seg0001,OXFORD_451905_BCG_3AXIS_seg0001_c0049,520.392,521.226,0.8339999999999463,418,260196,260614,0.0931952217653334,0.0692603020944882,True,,451905,451905,BCG_3AXIS,0,0.05018449702191179,0.09319522176533346,0.07821975137322491,0.019456284888523582,0.0003785470216633911,0.023980815347721823,1.0527262038810705,0.0025184837413422738,7.177033492822966,5.867294273969051,5.78418239849048e-05,0.3920981093448445,0.3785389447356711,0.4023812391626786,0.2190798161016504,0.4023812391626786,,
OXFORD,OXFORD_451905_BCG_3AXIS_seg0001,OXFORD_451905_BCG_3AXIS_seg0001_c0050,521.92,525.132,3.211999999999989,1607,260960,262567,0.280359217400274,0.0692603020944882,True,,451905,451905,BCG_3AXIS,0,0.079414018749945,0.28035921740027403,0.2763094482546392,0.042619972193759376,0.0018164620297968222,0.0186799501867995,10.1346843030447,0.006306586374016615,0.62266500622665,4.768093927735943,0.002447539958960733,0.46978107136977365,0.3619490888971543,0.3947089665484208,0.2433419445544249,0.3947089665484208,,
OXFORD,OXFORD_451905_BCG_3AXIS_seg0001,OXFORD_451905_BCG_3AXIS_seg0001_c0051,527.838,529.0,1.1620000000000346,582,263919,264501,0.1995059369247566,0.0692603020944882,True,,451905,451905,BCG_3AXIS,0,0.07292107925066954,0.1995059369247566,0.18747407369940644,0.03635718797622091,0.0013218451175382624,0.020654044750430294,3.094775571065973,0.005317483799082427,1.718213058419244,5.1649982956622855,0.0005894147220251924,0.3864325082963478,0.318347000257604,0.3271378609668523,0.3545151387755436,0.3545151387755436,,
OXFORD,OXFORD_451905_BCG_3AXIS_seg0001,OXFORD_451905_BCG_3AXIS_seg0001_c0052,531.792,532.722,0.92999999999995,466,265896,266362,0.0986359014148644,0.0692603020944882,True,,451905,451905,BCG_3AXIS,0,0.05224338096304911,0.09863590141486447,0.09535529921175713,0.021382550292533654,0.0004572134570127311,0.034408602150537634,1.2718868181738316,0.0027293708544502823,2.1459227467811157,7.516760632678593,0.00016989368082652418,0.4462101661611763,0.5498169638146311,0.2402950220747884,0.20988801411058058,0.5498169638146311,,
OXFORD,OXFORD_451905_BCG_3AXIS_seg0001,OXFORD_451905_BCG_3AXIS_seg0001_c0053,555.446,555.94,0.4940000000000282,248,277723,277971,0.0965236225308863,0.0692603020944882,True,,451905,451905,BCG_3AXIS,0,0.06115109376396008,0.09652362253088638,0.08465952959071667,0.019347896632436665,0.0003743411040994541,0.032388663967611336,0.9273851545951022,0.0037394562685286376,4.032258064516129,8.835931207831253,5.9001440370072466e-05,0.39216233412845536,0.475888307393049,0.28341327372760916,0.24069841887934182,0.475888307393049,,
OXFORD,OXFORD_451905_BCG_3AXIS_seg0001,OXFORD_451905_BCG_3AXIS_seg0001_c0054,557.978,558.292,0.3140000000000782,158,278989,279147,0.0774490015447281,0.0692603020944882,True,,451905,451905,BCG_3AXIS,0,0.05043769111933031,0.07744900154472813,0.06763065199318073,0.019932454130348658,0.0003973027276584532,0.050955414012738856,0.4019457883009375,0.0025439606854489715,18.9873417721519,15.820003205900806,3.6052638550873764e-05,0.4480489772229144,0.16053306122675995,0.45246598629348067,0.38700095247975935,0.45246598629348067,,
OXFORD,OXFORD_451905_BCG_3AXIS_seg0001,OXFORD_451905_BCG_3AXIS_seg0001_c0055,576.142,576.448,0.3059999999999263,154,288071,288225,0.0900419907323224,0.0692603020944882,True,,451905,451905,BCG_3AXIS,0,0.04921261075273025,0.0900419907323224,0.0765861740172521,0.018164446719249758,0.00032994712461646323,0.05228758169934641,0.3729696827933601,0.002421881057099741,6.4935064935064934,12.184625171073995,1.4321007462128196e-05,0.40518975050993,0.3879026292413018,0.3796690556047162,0.232428315153982,0.3879026292413018,,
OXFORD,OXFORD_451905_BCG_3AXIS_seg0001,OXFORD_451905_BCG_3AXIS_seg0001_c0056,602.97,603.78,0.8099999999999454,406,301485,301891,0.3185912868253683,0.0692603020944882,True,,451905,451905,BCG_3AXIS,0,0.1418085237482978,0.3185912868253683,0.30462603388539355,0.07092616571184616,0.005030520982584263,0.0345679012345679,8.164520907514648,0.020109657407671545,12.315270935960589,10.091450273780529,0.001963431139612194,0.35776904867308135,0.1617437537795351,0.8021760584564378,0.03608018776402713,0.8021760584564378,,
OXFORD,OXFORD_451905_BCG_3AXIS_seg0001,OXFORD_451905_BCG_3AXIS_seg0001_c0057,631.246,631.78,0.5339999999999918,268,315623,315891,0.0904262765617369,0.0692603020944882,True,,451905,451905,BCG_3AXIS,0,0.05094236017466729,0.09042627656173692,0.06738653357729182,0.017028758609959713,0.00028997861979627705,0.02247191011235955,0.6954932481243614,0.002595124060165528,3.731343283582089,5.288385927493907,4.2682892528797996e-05,0.34242886626060115,0.4461728057574415,0.4686172875427819,0.0852099066997766,0.4686172875427819,,
OXFORD,OXFORD_451905_BCG_3AXIS_seg0001,OXFORD_451905_BCG_3AXIS_seg0001_c0058,634.786,635.468,0.6820000000000164,342,317393,317735,0.0872348222078061,0.0692603020944882,True,,451905,451905,BCG_3AXIS,0,0.04716068439136865,0.08723482220780611,0.08154076810769728,0.019851469951697665,0.0003940808592431553,0.02932551319648094,0.7606525120737005,0.002224130152262282,5.847953216374268,6.621641966967942,0.00012766524989667706,0.3267563808226591,0.5914817642779319,0.3113709844104628,0.09714725131160536,0.5914817642779319,,
OXFORD,OXFORD_451905_BCG_3AXIS_seg0001,OXFORD_451905_BCG_3AXIS_seg0001_c0059,661.636,662.71,1.0740000000000691,538,330818,331356,0.0884562925414868,0.0692603020944882,True,,451905,451905,BCG_3AXIS,0,0.05187802285301086,0.0884562925414868,0.08383300832797057,0.01891771713005679,0.0003578800214128441,0.0260707635009311,1.447935139263984,0.0026913292551375167,11.152416356877323,7.1154518386501575,0.00017606025352804385,0.39387237165090494,0.3074867768050313,0.57091590281579,0.12159732037917867,0.57091590281579,,
OXFORD,OXFORD_451905_BCG_3AXIS_seg0001,OXFORD_451905_BCG_3AXIS_seg0001_c0060,668.89,669.388,0.4980000000000473,250,334445,334695,0.092376594190505,0.0692603020944882,True,,451905,451905,BCG_3AXIS,0,0.054305278890399974,0.092376594190505,0.08688185557159413,0.02351195688116302,0.0005528121163816692,0.0321285140562249,0.7372658288410303,0.002949063315364121,8.0,10.364815053482879,9.352610574634271e-05,0.3681680745292777,0.42614931315471977,0.5205828312339946,0.05326785561128568,0.5205828312339946,,
OXFORD,OXFORD_451905_BCG_3AXIS_seg0001,OXFORD_451905_BCG_3AXIS_seg0001_c0061,673.262,673.75,0.4880000000000564,245,336631,336876,0.1088534961854322,0.0692603020944882,True,,451905,451905,BCG_3AXIS,0,0.05553629482449186,0.1088534961854322,0.10549995867841712,0.02724226962791673,0.0007421412544801143,0.03278688524590164,0.7556486104940559,0.003084280042832881,4.098360655737705,7.758534597587637,7.905599970191052e-05,0.3993735295015525,0.6427498126360612,0.3117200604056245,0.04553012695831429,0.6427498126360612,,
OXFORD,OXFORD_451905_BCG_3AXIS_seg0001,OXFORD_451905_BCG_3AXIS_seg0001_c0062,686.446,686.812,0.3659999999999854,184,343223,343407,0.1210260292375056,0.0692603020944882,True,,451905,451905,BCG_3AXIS,0,0.08637116631371894,0.12102602923750566,0.09804831194870765,0.025756289594951423,0.000663386453699003,0.03278688524590164,1.372636020152146,0.007459978370392097,16.304347826086957,10.658675559800747,5.295953380376324e-05,0.37201194357724554,0.4096868643654221,0.5109049203837246,0.0794082152508532,0.5109049203837246,,
OXFORD,OXFORD_451905_BCG_3AXIS_seg0001,OXFORD_451905_BCG_3AXIS_seg0001_c0063,694.432,694.736,0.3039999999999736,153,347216,347369,0.1149872298152286,0.0692603020944882,True,,451905,451905,BCG_3AXIS,0,0.06950210906834338,0.1149872298152286,0.11013121601480957,0.029327673971125436,0.0008601124605566284,0.02631578947368421,0.7390731042370287,0.0048305431649479,6.578947368421053,9.243434902913139,0.00013296714024140595,0.2735238613770211,0.14410275362435424,0.773638453153727,0.0822587932219188,0.773638453153727,,
OXFORD,OXFORD_451905_BCG_3AXIS_seg0001,OXFORD_451905_BCG_3AXIS_seg0001_c0064,704.084,705.554,1.4700000000000273,736,352042,352778,0.6514984024795754,0.0692603020944882,True,,451905,451905,BCG_3AXIS,0,0.15403075761234625,0.6514984024795754,0.6452348729332311,0.09717811746675156,0.009443586514381765,0.0163265306122449,17.46194907790615,0.023725474290633358,1.358695652173913,7.316602467820382,0.004979147456678709,0.4662902170421855,0.5415571625840793,0.4175209890348872,0.040921848381033674,0.5415571625840793,,
OXFORD,OXFORD_451905_BCG_3AXIS_seg0001,OXFORD_451905_BCG_3AXIS_seg0001_c0065,707.71,708.69,0.9800000000000182,491,353855,354346,0.194207705785638,0.0692603020944882,True,,451905,451905,BCG_3AXIS,0,0.0870804778652258,0.19420770578563804,0.1884790884945765,0.04377411191252737,0.0019161728737304706,0.02040816326530612,3.7232577259909148,0.007583009625236079,2.0408163265306123,6.519922074464429,0.0005561093012324843,0.38434385560977324,0.39355888215502305,0.49698649889790686,0.10945461894707002,0.49698649889790686,,
OXFORD,OXFORD_451905_BCG_3AXIS_seg0001,OXFORD_451905_BCG_3AXIS_seg0001_c0066,709.574,712.98,3.4060000000000628,1704,354787,356491,0.3858202463380102,0.0692603020944882,True,,451905,451905,BCG_3AXIS,0,0.1688589583539918,0.3858202463380102,0.38475340215252296,0.09045820709274872,0.008182687230434615,0.022313564298297124,48.586744679137325,0.028513347816395144,0.5868544600938967,5.6329847897587815,0.014582083745536755,0.42749903231220016,0.37456569850173044,0.5994490394314352,0.025985262066834346,0.5994490394314352,,
OXFORD,OXFORD_451905_BCG_3AXIS_seg0001,OXFORD_451905_BCG_3AXIS_seg0001_c0067,714.304,717.212,2.9080000000000155,1455,357152,358607,0.4968027887154925,0.0692603020944882,True,,451905,451905,BCG_3AXIS,0,0.19319214306042493,0.4968027887154925,0.49482646088857507,0.11824314241562872,0.013981440728322655,0.024759284731774415,54.30526202410695,0.03732320414027969,0.687757909215956,5.678070276098635,0.013203634299131899,0.3981366649208137,0.3678263529934692,0.613144602651401,0.019029044355129768,0.613144602651401,,
OXFORD,OXFORD_451905_BCG_3AXIS_seg0001,OXFORD_451905_BCG_3AXIS_seg0001_c0068,754.108,754.964,0.8560000000001082,429,377054,377483,0.1759885887269644,0.0692603020944882,True,,451905,451905,BCG_3AXIS,0,0.08572912981458083,0.17598858872696446,0.1666967872952353,0.03466652000978279,0.0012017676095886708,0.04672897196261682,3.152928506770293,0.007349483698765252,9.345794392523365,11.211212844424118,0.0003506471549208778,0.510905507811162,0.5505555032734494,0.3624062135400625,0.08703828318648821,0.5505555032734494,,
OXFORD,OXFORD_451905_BCG_3AXIS_seg0001,OXFORD_451905_BCG_3AXIS_seg0001_c0069,770.228,770.948,0.7200000000000273,361,385114,385475,0.096418250641464,0.0692603020944882,True,,451905,451905,BCG_3AXIS,0,0.051522613598311576,0.09641825064146403,0.0912407468745903,0.02188424585746317,0.0004789202167498939,0.016666666666666666,0.9583032760323325,0.002654579712000921,2.7777777777777777,6.854226643529945,7.025239963011335e-05,0.38832906606916945,0.42790178590252265,0.48210532908198706,0.08999288501549026,0.48210532908198706,,
OXFORD,OXFORD_451927_BCG_3AXIS_seg0001,OXFORD_451927_BCG_3AXIS_seg0001_c0001,1.054,2.102,1.0479999999999998,525,527,1052,1.7014827468939129,0.0335528051799898,True,,451927,451927,BCG_3AXIS,0,0.2461010333846349,1.7014827468939129,1.6981195200707584,0.23005677025435484,0.052926117539865,0.011450381679389313,31.797002282317223,0.06056571863298519,3.8167938931297707,9.157610210718076,0.031550475269713135,0.5176626612826555,0.18464716146111246,0.29596114933810747,0.5193916892007802,0.5193916892007802,,
OXFORD,OXFORD_451927_BCG_3AXIS_seg0001,OXFORD_451927_BCG_3AXIS_seg0001_c0002,3.132,3.818,0.6859999999999999,344,1566,1910,0.0493488888714478,0.0335528051799898,True,,451927,451927,BCG_3AXIS,0,0.02587509227180128,0.049348888871447866,0.03983360015242735,0.009879101482183628,9.759664609528275e-05,0.023323615160349854,0.23031501762553525,0.0006695204000742304,2.9069767441860463,8.100029583445258,1.8371660236901017e-05,0.438953453990509,0.44592068254006273,0.24370312715274345,0.31037619030719377,0.44592068254006273,,
OXFORD,OXFORD_451927_BCG_3AXIS_seg0001,OXFORD_451927_BCG_3AXIS_seg0001_c0003,10.864,11.488,0.6239999999999988,313,5432,5745,0.0503281240930453,0.0335528051799898,True,,451927,451927,BCG_3AXIS,0,0.03192418617047179,0.05032812409304535,0.04563011683398559,0.012298981380190342,0.0001512649429902687,0.02564102564102564,0.3189950964084929,0.0010191536626469422,3.2051282051282053,8.753549667937186,2.440528379526736e-05,0.4081118877282078,0.29658214498107677,0.39732517747757123,0.30609267754135194,0.39732517747757123,,
OXFORD,OXFORD_451927_BCG_3AXIS_seg0001,OXFORD_451927_BCG_3AXIS_seg0001_c0004,54.586,55.412,0.8260000000000005,414,27293,27707,0.2042668575299618,0.0335528051799898,True,,451927,451927,BCG_3AXIS,0,0.0778918175482648,0.20426685752996188,0.19689513603114206,0.04834025537519466,0.002336780289739036,0.024213075060532687,2.5117939897624795,0.006067135240972172,4.8309178743961345,9.319973591314016,0.00069767583671196,0.49265338206148274,0.17106250795230168,0.09594642927666922,0.7329910627710291,0.7329910627710291,,
OXFORD,OXFORD_451927_BCG_3AXIS_seg0001,OXFORD_451927_BCG_3AXIS_seg0001_c0005,73.614,74.554,0.9399999999999976,471,36807,37278,0.0563828416750905,0.0335528051799898,True,,451927,451927,BCG_3AXIS,0,0.027024147206268265,0.05638284167509056,0.0502687532775853,0.010874904253372276,0.0001182635425200144,0.02553191489361702,0.3439734346784728,0.0007303045322260569,10.638297872340425,8.257782003188149,2.129045746073822e-05,0.44838862950545777,0.6059828753218494,0.2542735768129751,0.13974354786517545,0.6059828753218494,,
OXFORD,OXFORD_451927_BCG_3AXIS_seg0001,OXFORD_451927_BCG_3AXIS_seg0001_c0006,93.366,94.446,1.0799999999999983,541,46683,47224,0.084282336852929,0.0335528051799898,True,,451927,451927,BCG_3AXIS,0,0.03807161085013388,0.08428233685292906,0.07971292098096368,0.015503226734994624,0.00024035003919665207,0.027777777777777776,0.7841511260237013,0.0014494475527240319,7.4074074074074066,8.707825537614925,6.197387576424605e-05,0.5059169703934233,0.6804032169096264,0.21677902162371515,0.10281776146665841,0.6804032169096264,,
OXFORD,OXFORD_451927_BCG_3AXIS_seg0001,OXFORD_451927_BCG_3AXIS_seg0001_c0007,100.124,101.718,1.5940000000000083,798,50062,50860,0.1685461101706646,0.0335528051799898,True,,451927,451927,BCG_3AXIS,0,0.05061897360104243,0.1685461101706646,0.16477045991577005,0.03170682271745563,0.0010053226068361606,0.018820577164366373,2.044699829761578,0.0025622804884230304,1.2531328320802004,4.7880255621352665,0.000891706668766007,0.4387958968596002,0.7685833833195717,0.12357767030960744,0.10783894637082085,0.7685833833195717,,
OXFORD,OXFORD_451927_BCG_3AXIS_seg0001,OXFORD_451927_BCG_3AXIS_seg0001_c0008,120.402,124.078,3.676000000000002,1839,60201,62040,0.1754069938800392,0.0335528051799898,True,,451927,451927,BCG_3AXIS,0,0.04783050127691869,0.17540699388003922,0.17462876656713838,0.03163094963554767,0.001000516974846553,0.017410228509249184,4.207184851566028,0.0022877568524013203,0.544069640914037,4.667348696372506,0.0006533401510719353,0.4669692040816383,0.49039880860458573,0.3661583314257131,0.14344285996970121,0.49039880860458573,,
OXFORD,OXFORD_451927_BCG_3AXIS_seg0001,OXFORD_451927_BCG_3AXIS_seg0001_c0009,124.606,128.022,3.415999999999997,1709,62303,64012,0.1541104991360364,0.0335528051799898,True,,451927,451927,BCG_3AXIS,0,0.04752089348138521,0.15411049913603642,0.1510804996999201,0.024680023251932408,0.0006091035477159243,0.03161592505854801,3.8593241572129937,0.0022582353172691597,0.585480093676815,6.4917842380402915,0.0009499792741217871,0.5407807914784599,0.6493496639980878,0.1696031799215513,0.18104715608036095,0.6493496639980878,,
OXFORD,OXFORD_451927_BCG_3AXIS_seg0001,OXFORD_451927_BCG_3AXIS_seg0001_c0010,135.524,135.936,0.4120000000000061,207,67762,67969,0.0349206156347117,0.0335528051799898,True,,451927,451927,BCG_3AXIS,0,0.017089946574870923,0.0349206156347117,0.030943873086419563,0.008274003780793316,6.845913856458208e-05,0.019417475728155338,0.06045771870391209,0.00029206627393194246,4.854368932038835,6.447647849179757,5.321468571050576e-06,0.3291169844206277,0.7092205325852072,0.21788495344753045,0.07289451396726236,0.7092205325852072,,
OXFORD,OXFORD_451927_BCG_3AXIS_seg0001,OXFORD_451927_BCG_3AXIS_seg0001_c0011,166.678,167.146,0.4679999999999893,235,83339,83574,0.03590090139645,0.0335528051799898,True,,451927,451927,BCG_3AXIS,0,0.013335082099799646,0.03590090139645009,0.03468159664648821,0.007933137133450055,6.293466477812415e-05,0.03418803418803419,0.041788737432973275,0.00017782441460839691,8.547008547008547,9.380075943057589,3.3170017827433604e-06,0.4070283626841861,0.48306347002868755,0.18766889115619423,0.32926763881511817,0.48306347002868755,,
OXFORD,OXFORD_451927_BCG_3AXIS_seg0001,OXFORD_451927_BCG_3AXIS_seg0001_c0012,215.056,217.22,2.1639999999999877,1083,107528,108611,0.1070997138377977,0.0335528051799898,True,,451927,451927,BCG_3AXIS,0,0.04598868450937809,0.10709971383779779,0.10460898262349969,0.02467266247557478,0.0006087402736336358,0.022181146025878003,2.2905007084440707,0.0021149591029031123,0.9242144177449167,6.663489604357671,0.0004146230469424994,0.4947086814581092,0.6386085785783893,0.21743860725013295,0.14395281417147776,0.6386085785783893,,
OXFORD,OXFORD_451927_BCG_3AXIS_seg0001,OXFORD_451927_BCG_3AXIS_seg0001_c0013,220.548,220.962,0.4139999999999872,208,110274,110482,0.0464004145864504,0.0335528051799898,True,,451927,451927,BCG_3AXIS,0,0.03077949630819052,0.04640041458645049,0.04177106809312954,0.009147174706282192,8.36708051072487e-05,0.03864734299516908,0.19705449774107012,0.000947377392985914,9.615384615384615,10.694953594941737,9.625063303893628e-06,0.3775471289281601,0.30134860126776386,0.3810363405078432,0.31761505822439295,0.3810363405078432,,
OXFORD,OXFORD_451927_BCG_3AXIS_seg0001,OXFORD_451927_BCG_3AXIS_seg0001_c0014,225.518,225.83,0.3120000000000118,157,112759,112916,0.0371346969931584,0.0335528051799898,True,,451927,451927,BCG_3AXIS,0,0.024970989266279078,0.03713469699315849,0.03320666352781052,0.008784063619527634,7.715977367190891e-05,0.038461538461538464,0.09789739787505011,0.000623550304936625,12.820512820512821,12.075009955517036,7.73839018908511e-06,0.3743129687439669,0.6078618326220115,0.33289909495679126,0.05923907242119713,0.6078618326220115,,
OXFORD,OXFORD_451927_BCG_3AXIS_seg0001,OXFORD_451927_BCG_3AXIS_seg0001_c0015,252.392,254.554,2.162000000000006,1082,126196,127278,0.120568520651841,0.0335528051799898,True,,451927,451927,BCG_3AXIS,0,0.03629892835104265,0.12056852065184102,0.118567232628278,0.018237705409599222,0.0003326138986073247,0.027752081406105456,1.4256563997877263,0.0013176121994341278,1.8484288354898335,5.706956162929329,0.000276890316600604,0.45276577428466985,0.7284500352233143,0.16655478986262753,0.10499517491405812,0.7284500352233143,,
OXFORD,OXFORD_451927_BCG_3AXIS_seg0001,OXFORD_451927_BCG_3AXIS_seg0001_c0016,263.992,266.162,2.169999999999959,1086,131996,133082,0.244718615167993,0.0335528051799898,True,,451927,451927,BCG_3AXIS,0,0.06167727252701829,0.24471861516799306,0.2426669315725629,0.04540727296716806,0.002061820438314911,0.023963133640552997,4.131237337760084,0.003804085946372085,0.9208103130755064,4.967694463791037,0.0022552228356173686,0.4360521949289314,0.8874977489145394,0.08267786861352236,0.029824382471938193,0.8874977489145394,,
OXFORD,OXFORD_451927_BCG_3AXIS_seg0001,OXFORD_451927_BCG_3AXIS_seg0001_c0017,266.668,268.106,1.4379999999999882,720,133334,134054,0.0713902333250822,0.0335528051799898,True,,451927,451927,BCG_3AXIS,0,0.035234062485511704,0.07139023332508222,0.06616157125115267,0.013912240402490788,0.00019355043301669706,0.030598052851182198,0.8938361946477191,0.0012414391592329432,5.555555555555555,6.572402572878676,0.0001687828263078881,0.4269913219503193,0.7312447857236292,0.1530369130865282,0.11571830118984266,0.7312447857236292,,
OXFORD,OXFORD_451927_BCG_3AXIS_seg0001,OXFORD_451927_BCG_3AXIS_seg0001_c0018,269.362,270.38,1.0179999999999725,510,134681,135191,0.0758509168205045,0.0335528051799898,True,,451927,451927,BCG_3AXIS,0,0.03588919593588766,0.0758509168205045,0.07023845903741402,0.017476088277824594,0.0003054136614943182,0.015717092337917484,0.6568975363115129,0.0012880343849245351,3.9215686274509802,4.216161754639187,0.0001736645145801867,0.2703777261632503,0.7541439969680643,0.14203329695736128,0.1038227060745743,0.7541439969680643,,
OXFORD,OXFORD_451927_BCG_3AXIS_seg0001,OXFORD_451927_BCG_3AXIS_seg0001_c0019,273.792,274.706,0.914000000000044,458,136896,137354,0.0633220060653751,0.0335528051799898,True,,451927,451927,BCG_3AXIS,0,0.03457438629131117,0.0633220060653751,0.05403074359168225,0.012553035780934649,0.00015757870731742557,0.02188183807439825,0.5474877898387289,0.0011953881874208056,4.366812227074235,6.976477015741572,7.707693393034623e-05,0.39236145498119435,0.5262565456397932,0.34691717922216064,0.1268262751380462,0.5262565456397932,,
OXFORD,OXFORD_451927_BCG_3AXIS_seg0001,OXFORD_451927_BCG_3AXIS_seg0001_c0020,275.694,278.458,2.76400000000001,1383,137847,139230,0.0547033106750847,0.0335528051799898,True,,451927,451927,BCG_3AXIS,0,0.025688864548997034,0.05470331067508479,0.05296891568020553,0.012096681525626651,0.0001463297039324371,0.024602026049204053,0.912666264592519,0.0006599177618167166,0.723589001447178,4.899144628533322,0.00017554476253680247,0.49349844027899686,0.6512018535663194,0.14574172948059896,0.20305641695308155,0.6512018535663194,,
OXFORD,OXFORD_451927_BCG_3AXIS_seg0001,OXFORD_451927_BCG_3AXIS_seg0001_c0021,283.128,284.134,1.0060000000000286,504,141564,142068,0.0708210193569225,0.0335528051799898,True,,451927,451927,BCG_3AXIS,0,0.03183872271140935,0.07082101935692253,0.06656977633838662,0.013068917354351445,0.00017079660081486837,0.02385685884691849,0.5109069490025827,0.0010137042638940132,1.9841269841269842,5.932975122464354,5.8712527912401215e-05,0.41692466825090174,0.422855277211574,0.34566712910747927,0.23147759368094672,0.422855277211574,,
OXFORD,OXFORD_451927_BCG_3AXIS_seg0001,OXFORD_451927_BCG_3AXIS_seg0001_c0022,298.924,299.518,0.5939999999999941,298,149462,149760,0.0454278880821742,0.0335528051799898,True,,451927,451927,BCG_3AXIS,0,0.027067374382308548,0.04542788808217429,0.04093503161174673,0.009919013104737614,9.83868209719565e-05,0.03367003367003367,0.21832754127371182,0.000732642755952053,3.3557046979865772,8.033580364034634,3.3546826612382764e-05,0.42531785790306165,0.4047407501604317,0.5163308493064273,0.078928400533141,0.5163308493064273,,
OXFORD,OXFORD_451927_BCG_3AXIS_seg0001,OXFORD_451927_BCG_3AXIS_seg0001_c0023,300.48,302.144,1.6639999999999873,833,150240,151073,0.0693060690126677,0.0335528051799898,True,,451927,451927,BCG_3AXIS,0,0.035001140116906,0.06930606901266773,0.06854028579456417,0.01195776159896819,0.00014298806245775827,0.02403846153846154,1.0204914812995776,0.0012250798094832864,2.4038461538461537,6.853881640792345,0.00013988299275763833,0.4799760308808487,0.6044577904148162,0.24428658997254027,0.15125561961264358,0.6044577904148162,,
OXFORD,OXFORD_451927_BCG_3AXIS_seg0001,OXFORD_451927_BCG_3AXIS_seg0001_c0024,304.144,304.714,0.5699999999999932,286,152072,152358,0.0424772256896764,0.0335528051799898,True,,451927,451927,BCG_3AXIS,0,0.023290030832999055,0.042477225689676414,0.04036939527265634,0.009686475844285579,9.382781428192801e-05,0.042105263157894736,0.15513370335378535,0.0005424255362020467,13.986013986013985,13.158299752089725,2.1215351431188294e-05,0.37635205536572297,0.470545763162915,0.4578919779771052,0.07156225885997973,0.470545763162915,,
OXFORD,OXFORD_451927_BCG_3AXIS_seg0001,OXFORD_451927_BCG_3AXIS_seg0001_c0025,305.652,306.182,0.5300000000000296,266,152826,153092,0.0469334049352147,0.0335528051799898,True,,451927,451927,BCG_3AXIS,0,0.02004686325629941,0.046933404935214716,0.04662777379584695,0.011605560532467096,0.00013468903527275795,0.022641509433962263,0.10689920922686014,0.0004018767264167674,3.7593984962406015,6.878810857560616,1.3242937842974764e-05,0.30886922602045774,0.6299655658842129,0.2474743574832311,0.12256007663255593,0.6299655658842129,,
OXFORD,OXFORD_451927_BCG_3AXIS_seg0001,OXFORD_451927_BCG_3AXIS_seg0001_c0026,307.058,307.598,0.5400000000000205,271,153529,153800,0.0543299413208722,0.0335528051799898,True,,451927,451927,BCG_3AXIS,0,0.027679966689477104,0.054329941320872294,0.05268966203183712,0.011532025669918115,0.00013298761605165036,0.044444444444444446,0.2076349306571823,0.000766180555930562,11.11111111111111,9.658460528888382,3.104915537726782e-05,0.4101728958540893,0.6139769121609553,0.2811259207893763,0.10489716704966841,0.6139769121609553,,
OXFORD,OXFORD_451927_BCG_3AXIS_seg0001,OXFORD_451927_BCG_3AXIS_seg0001_c0027,308.278,308.904,0.6259999999999764,314,154139,154453,0.0587856445883239,0.0335528051799898,True,,451927,451927,BCG_3AXIS,0,0.028371013489819574,0.05878564458832394,0.049896762153888864,0.011292765094136202,0.00012752654347134102,0.038338658146964855,0.2527431236220106,0.0008049144064395243,6.369426751592357,8.365406933044483,4.687194441938551e-05,0.36511327669516747,0.5853074020434506,0.30182654807566706,0.11286604988088228,0.5853074020434506,,
OXFORD,OXFORD_451927_BCG_3AXIS_seg0001,OXFORD_451927_BCG_3AXIS_seg0001_c0028,330.684,330.994,0.3100000000000023,156,165342,165498,0.0439266797472674,0.0335528051799898,True,,451927,451927,BCG_3AXIS,0,0.025561571637105637,0.04392667974726747,0.03466610843197384,0.009781428302255658,9.567633963216801e-05,0.025806451612903226,0.1019294553511858,0.0006533939445588834,6.410256410256411,11.32564528889908,3.662422084236971e-06,0.41590882302462384,0.27442604098642503,0.5948969496499394,0.13067700936363558,0.5948969496499394,,
OXFORD,OXFORD_451927_BCG_3AXIS_seg0001,OXFORD_451927_BCG_3AXIS_seg0001_c0029,334.408,335.324,0.9159999999999968,459,167204,167663,0.0490749809619083,0.0335528051799898,True,,451927,451927,BCG_3AXIS,0,0.023032703901960196,0.049074980961908383,0.04625582980844715,0.00922471515142093,8.509536962485486e-05,0.043668122270742356,0.2435020011072359,0.0005305054490353724,4.366812227074235,12.042951710288222,2.470287548946155e-05,0.5316875200080279,0.32698800073030376,0.5635062308751216,0.10950576839457457,0.5635062308751216,,
OXFORD,OXFORD_451927_BCG_3AXIS_seg0001,OXFORD_451927_BCG_3AXIS_seg0001_c0030,341.138,341.928,0.7900000000000205,396,170569,170965,0.0841852187839531,0.0335528051799898,True,,451927,451927,BCG_3AXIS,0,0.044869905186114244,0.0841852187839531,0.0714360972304915,0.016493059999264398,0.0002720210281393353,0.04050632911392405,0.7972701229987091,0.0020133083914108817,10.1010101010101,7.975770682438359,7.55816064168352e-05,0.39631909499372253,0.3954268124871778,0.28928653239423163,0.3152866551185905,0.3954268124871778,,
OXFORD,OXFORD_451927_BCG_3AXIS_seg0001,OXFORD_451927_BCG_3AXIS_seg0001_c0031,384.074,389.864,5.789999999999964,2896,192037,194933,0.1565689670167711,0.0335528051799898,True,,451927,451927,BCG_3AXIS,0,0.037653354902857254,0.15656896701677114,0.15592791092903283,0.02145221042464435,0.0004601973321032197,0.036614853195164075,4.105876792235759,0.0014177751354405245,1.3812154696132597,6.0264450384760915,0.0010086047616580975,0.5499443347823628,0.444374764653326,0.2691604919815985,0.28646474336507555,0.444374764653326,,
OXFORD,OXFORD_451927_BCG_3AXIS_seg0001,OXFORD_451927_BCG_3AXIS_seg0001_c0032,392.366,393.042,0.6759999999999877,339,196183,196522,0.0520792663279753,0.0335528051799898,True,,451927,451927,BCG_3AXIS,0,0.024290839869716144,0.05207926632797533,0.05074769452559632,0.012106179698058323,0.0001465595868816795,0.03550295857988166,0.2000252216343289,0.0005900449015761915,8.875739644970414,9.374365538364623,2.695804008648129e-05,0.4275018597516962,0.34066037144304845,0.3170412690468487,0.3422983595101029,0.3422983595101029,,
OXFORD,OXFORD_451927_BCG_3AXIS_seg0001,OXFORD_451927_BCG_3AXIS_seg0001_c0033,393.654,394.966,1.3120000000000118,657,196827,197484,0.0487430086161412,0.0335528051799898,True,,451927,451927,BCG_3AXIS,0,0.024822294813733208,0.04874300861614123,0.04480397037656231,0.009939040231516177,9.878452072369713e-05,0.018292682926829267,0.40480813212166544,0.0006161463198198865,3.048780487804878,4.898077769727057,6.059347153029944e-05,0.39743588796735935,0.5450778039423791,0.2754319096558187,0.1794902864018022,0.5450778039423791,,
OXFORD,OXFORD_451927_BCG_3AXIS_seg0001,OXFORD_451927_BCG_3AXIS_seg0001_c0034,406.194,408.296,2.1019999999999754,1052,203097,204149,0.0730828903770915,0.0335528051799898,True,,451927,451927,BCG_3AXIS,0,0.024954663634093984,0.07308289037709154,0.07209185714802753,0.012559789809900504,0.00015774832006888056,0.028544243577545196,0.6551174694194929,0.0006227352370907727,3.8022813688212924,6.615194918786875,0.00016107869319926084,0.48999452684052486,0.5152731704081795,0.19931454871663962,0.28541228087518083,0.5152731704081795,,
OXFORD,OXFORD_451927_BCG_3AXIS_seg0001,OXFORD_451927_BCG_3AXIS_seg0001_c0035,419.414,421.362,1.948000000000036,975,209707,210682,0.1274686807405345,0.0335528051799898,True,,451927,451927,BCG_3AXIS,0,0.04924158207112176,0.12746868074053458,0.12315518051768397,0.02676979718174488,0.0007166220411517562,0.018480492813141684,2.364115069745344,0.0024247334048670198,1.026694045174538,6.915687275077259,0.0004737135855398592,0.4976598993037802,0.7002118970807617,0.14900891369383018,0.1507791892254082,0.7002118970807617,,
OXFORD,OXFORD_451927_BCG_3AXIS_seg0001,OXFORD_451927_BCG_3AXIS_seg0001_c0036,450.562,451.366,0.8039999999999736,403,225281,225684,0.0548514565500042,0.0335528051799898,True,,451927,451927,BCG_3AXIS,0,0.028381539560952167,0.05485145655000424,0.05356029751304368,0.01267150529488662,0.00016056704643833966,0.014925373134328358,0.3246212505035069,0.000805511787849893,2.487562189054726,7.048548608291366,4.0926652722565146e-05,0.3956915705010217,0.6288248104733465,0.2514468689443054,0.11972832058234803,0.6288248104733465,,
OXFORD,OXFORD_451927_BCG_3AXIS_seg0001,OXFORD_451927_BCG_3AXIS_seg0001_c0037,481.596,481.96,0.3639999999999759,183,240798,240981,0.0375003178774485,0.0335528051799898,True,,451927,451927,BCG_3AXIS,0,0.019162190299880852,0.0375003178774485,0.03397148277952136,0.009860609810497602,9.723162583488156e-05,0.02197802197802198,0.06719568528725915,0.0003671895370888478,5.4945054945054945,8.238511819091123,5.733449817212984e-06,0.3396943610293355,0.7596655418595253,0.1411253766389395,0.09920908150153512,0.7596655418595253,,
OXFORD,OXFORD_451927_BCG_3AXIS_seg0001,OXFORD_451927_BCG_3AXIS_seg0001_c0038,494.07,494.72,0.6500000000000341,326,247035,247361,0.0655109434006312,0.0335528051799898,True,,451927,451927,BCG_3AXIS,0,0.026970099120121355,0.06551094340063128,0.05880490941089969,0.013294885126722023,0.00017675397053273445,0.018461538461538463,0.23712791637502967,0.0007273862465491707,3.067484662576687,5.175172105379507,2.201779707670339e-05,0.3526496702366025,0.8156344504129076,0.07632028620971473,0.10804526337737756,0.8156344504129076,,
OXFORD,OXFORD_451927_BCG_3AXIS_seg0001,OXFORD_451927_BCG_3AXIS_seg0001_c0039,522.21,524.228,2.0179999999999154,1010,261105,262115,0.2355766250794767,0.0335528051799898,True,,451927,451927,BCG_3AXIS,0,0.057549167106321346,0.23557662507947677,0.23411716720846223,0.040616922340964555,0.0016497343804519455,0.027750247770069375,3.3450257009776116,0.0033119066346312988,0.0,5.264755468053291,0.00026006713340624666,0.4792239401721169,0.8706269143804803,0.04400137694154443,0.08537170867797518,0.8706269143804803,,
OXFORD,OXFORD_451927_BCG_3AXIS_seg0001,OXFORD_451927_BCG_3AXIS_seg0001_c0040,535.658,536.212,0.5539999999999736,278,267829,268107,0.0419708711597818,0.0335528051799898,True,,451927,451927,BCG_3AXIS,0,0.020498627937817048,0.04197087115978189,0.03817162802047889,0.009990578847139131,9.981166570090386e-05,0.036101083032490974,0.1168138617585889,0.0004201937473330536,10.79136690647482,6.862080777854762,5.125721867646605e-06,0.39485376005909334,0.6494195098045255,0.11950047734553401,0.23108001284994062,0.6494195098045255,,
OXFORD,OXFORD_451927_BCG_3AXIS_seg0001,OXFORD_451927_BCG_3AXIS_seg0001_c0041,562.848,563.176,0.3280000000000882,165,281424,281589,0.0556812852417014,0.0335528051799898,True,,451927,451927,BCG_3AXIS,0,0.03278272424990342,0.05568128524170141,0.052633661795991785,0.015577203343897889,0.0002426492640171436,0.036585365853658534,0.17732665652545887,0.0010747070092452053,6.097560975609756,10.591873022655747,2.4437555247551455e-05,0.35510492676556543,0.74611697007855,0.14783996538816102,0.10604306453328896,0.74611697007855,,
OXFORD,OXFORD_451927_BCG_3AXIS_seg0001,OXFORD_451927_BCG_3AXIS_seg0001_c0042,566.956,568.5,1.5439999999999827,773,283478,284251,0.0640217187157139,0.0335528051799898,True,,451927,451927,BCG_3AXIS,0,0.02830882805128403,0.06402171871571398,0.062126774902970444,0.013567944137536,0.00018408910811929752,0.025906735751295335,0.6194742733775289,0.0008013897456371655,1.2953367875647668,5.510704354753493,0.00012477902640059497,0.4464819293378274,0.3880499583667287,0.28833501244727994,0.3236150291859915,0.3880499583667287,,
OXFORD,OXFORD_451927_BCG_3AXIS_seg0001,OXFORD_451927_BCG_3AXIS_seg0001_c0043,571.676,572.348,0.6719999999999118,337,285838,286175,0.037735299074558,0.0335528051799898,True,,451927,451927,BCG_3AXIS,0,0.018298654316331563,0.03773529907455801,0.03705389526842826,0.010122438423336514,0.00010246375963423942,0.02976190476190476,0.11284133267875812,0.0003348407497885998,11.904761904761903,9.057173558815427,1.902695648503698e-05,0.4091126387170355,0.5480524346604035,0.20693228436401997,0.24501528097557645,0.5480524346604035,,
OXFORD,OXFORD_451927_BCG_3AXIS_seg0001,OXFORD_451927_BCG_3AXIS_seg0001_c0044,576.364,576.756,0.391999999999939,197,288182,288379,0.0434500855084751,0.0335528051799898,True,,451927,451927,BCG_3AXIS,0,0.021927487991115803,0.043450085508475116,0.04119517122517552,0.010839422389421061,0.00011749307773628259,0.04081632653061224,0.09472050173130397,0.0004808147296005278,10.204081632653061,10.32317642850834,1.2006469779902492e-05,0.3607305073901324,0.6712164468627184,0.1393897104966148,0.18939384264066678,0.6712164468627184,,
OXFORD,OXFORD_451927_BCG_3AXIS_seg0001,OXFORD_451927_BCG_3AXIS_seg0001_c0045,582.398,583.56,1.1619999999999209,582,291199,291781,0.0389798522846022,0.0335528051799898,True,,451927,451927,BCG_3AXIS,0,0.021138739951759765,0.0389798522846022,0.037027334042508464,0.008863884098461226,7.856844131095377e-05,0.0378657487091222,0.26006456216740836,0.00044684632674812436,10.309278350515465,8.047355181292984,4.461949737209623e-05,0.45815174839441963,0.7703159871099639,0.09568165637693676,0.13400235651309936,0.7703159871099639,,
OXFORD,OXFORD_451927_BCG_3AXIS_seg0001,OXFORD_451927_BCG_3AXIS_seg0001_c0046,595.644,596.198,0.5539999999999736,278,297822,298100,0.046985715712234,0.0335528051799898,True,,451927,451927,BCG_3AXIS,0,0.022438415410159573,0.04698571571223405,0.04488804402805265,0.010823385637428897,0.00011714567665650214,0.036101083032490974,0.13996813114105047,0.0005034824861188865,3.597122302158273,10.275181630388454,2.3969855258045486e-05,0.42959591403404923,0.6324761905631425,0.19915975376339176,0.16836405567346577,0.6324761905631425,,
OXFORD,OXFORD_451927_BCG_3AXIS_seg0001,OXFORD_451927_BCG_3AXIS_seg0001_c0047,599.66,600.704,1.0439999999999827,523,299830,300353,0.0937327410882635,0.0335528051799898,True,,451927,451927,BCG_3AXIS,0,0.05242607174388467,0.09373274108826352,0.08902684700756724,0.018826540974396993,0.0003544386450606489,0.022988505747126436,1.437461838212855,0.0027484929984949425,3.8314176245210727,7.0863588976074405,0.00020109182501870892,0.40993680598390897,0.6108989396640262,0.26272033543821893,0.12638072489775484,0.6108989396640262,,
OXFORD,OXFORD_451927_BCG_3AXIS_seg0001,OXFORD_451927_BCG_3AXIS_seg0001_c0048,601.484,602.476,0.9919999999999618,497,300742,301239,0.0446983350326909,0.0335528051799898,True,,451927,451927,BCG_3AXIS,0,0.02305477649532496,0.044698335032690904,0.04213710976336495,0.010190330646872523,0.00010384283869258938,0.024193548387096774,0.264166791466946,0.0005315227192493883,2.0161290322580645,5.156851380865774,3.980940344780999e-05,0.35558200383249033,0.7120945559572657,0.17520123937848223,0.11270420466425217,0.7120945559572657,,
OXFORD,OXFORD_451927_BCG_3AXIS_seg0001,OXFORD_451927_BCG_3AXIS_seg0001_c0049,611.372,611.742,0.3700000000000045,186,305686,305872,0.0408107093596214,0.0335528051799898,True,,451927,451927,BCG_3AXIS,0,0.022197175584845363,0.04081070935962141,0.038743229499981144,0.010221587287853154,0.00010448084668320119,0.043243243243243246,0.09164491633366863,0.000492714603944455,16.129032258064516,10.37063475101664,1.263732170338193e-05,0.385536504831857,0.8057628515616488,0.10207018958815048,0.0921669588502006,0.8057628515616488,,
OXFORD,OXFORD_451927_BCG_3AXIS_seg0001,OXFORD_451927_BCG_3AXIS_seg0001_c0050,657.59,658.002,0.4119999999999209,207,328795,329002,0.0447902191817283,0.0335528051799898,True,,451927,451927,BCG_3AXIS,0,0.019357719041237318,0.04479021918172836,0.04186207836268675,0.010897993127481714,0.00011876625420663868,0.019417475728155338,0.07756730630125275,0.00037472128647948185,4.854368932038835,6.3735130143549235,7.978973060795396e-06,0.33242612935502286,0.7205518740848413,0.11536044437974133,0.1640876815354174,0.7205518740848413,,
OXFORD,OXFORD_451927_BCG_3AXIS_seg0001,OXFORD_451927_BCG_3AXIS_seg0001_c0051,659.022,659.988,0.9660000000000082,484,329511,329995,0.0500898240513084,0.0335528051799898,True,,451927,451927,BCG_3AXIS,0,0.023442978272486377,0.05008982405130848,0.04810616096993069,0.010287112431642119,0.00010582468218124581,0.028985507246376812,0.2659934434575859,0.0005495732302842684,2.066115702479339,7.092587223906947,3.345602379723925e-05,0.4663441006517004,0.5491525814727553,0.1772304765670325,0.27361694196021236,0.5491525814727553,,
OXFORD,OXFORD_451927_BCG_3AXIS_seg0001,OXFORD_451927_BCG_3AXIS_seg0001_c0052,668.224,668.612,0.3879999999999199,195,334112,334307,0.0357078557861007,0.0335528051799898,True,,451927,451927,BCG_3AXIS,0,0.016502760029441402,0.03570785578610072,0.032788911657404836,0.007981811023955109,6.370930722213132e-05,0.041237113402061855,0.05310651227491913,0.00027234108858932885,5.154639175257731,5.358998832262881,2.916970321648553e-06,0.32797878193266244,0.8068010681621351,0.11575817870625255,0.0774407531316123,0.8068010681621351,,
OXFORD,OXFORD_451927_BCG_3AXIS_seg0001,OXFORD_451927_BCG_3AXIS_seg0001_c0053,681.09,681.998,0.9080000000000156,455,340545,341000,0.0531260645297678,0.0335528051799898,True,,451927,451927,BCG_3AXIS,0,0.027963797974103345,0.05312606452976781,0.050420367018676505,0.012099332799134912,0.00014639385418422187,0.030837004405286344,0.35579816869709224,0.0007819739971364664,4.405286343612334,7.803472075283665,6.275533857677663e-05,0.4728638461151405,0.5342874992944133,0.17302845673621695,0.2926840439693698,0.5342874992944133,,
OXFORD,OXFORD_451927_BCG_3AXIS_seg0001,OXFORD_451927_BCG_3AXIS_seg0001_c0054,686.964,692.376,5.411999999999921,2707,343482,346189,0.1090960125456409,0.0335528051799898,True,,451927,451927,BCG_3AXIS,0,0.03730575394093027,0.1090960125456409,0.1057387824926478,0.019110236229284015,0.0003652011287390393,0.030303030303030304,3.767384083113041,0.0013917192771012343,0.7390983000739099,6.074338511618704,0.0009350994326712376,0.5638560410526112,0.5381517770897981,0.300265989296804,0.16158223361339796,0.5381517770897981,,
OXFORD,OXFORD_451927_BCG_3AXIS_seg0001,OXFORD_451927_BCG_3AXIS_seg0001_c0055,693.346,694.454,1.1079999999999472,555,346673,347228,0.0729680736333844,0.0335528051799898,True,,451927,451927,BCG_3AXIS,0,0.02914194259750997,0.07296807363338444,0.06973902655190196,0.013916645255267689,0.0001936730151609647,0.032490974729241874,0.4713353141878942,0.0008492528183565661,1.8050541516245486,6.268466769511775,6.802544484345611e-05,0.43184628248225465,0.6766886351747217,0.16372072977495822,0.15959063505032015,0.6766886351747217,,
OXFORD,OXFORD_451927_BCG_3AXIS_seg0001,OXFORD_451927_BCG_3AXIS_seg0001_c0056,695.254,695.686,0.4320000000000163,217,347627,347844,0.0592742400780312,0.0335528051799898,True,,451927,451927,BCG_3AXIS,0,0.03665655891860886,0.059274240078031296,0.04135243130687341,0.012114338584585166,0.00014675719934196892,0.018518518518518517,0.29158361865049703,0.0013437033117534426,4.62962962962963,6.312052122694782,1.7466653112098974e-05,0.28134347599074166,0.8114475800307477,0.11593957075594004,0.07261284921331228,0.8114475800307477,,
OXFORD,OXFORD_451927_BCG_3AXIS_seg0001,OXFORD_451927_BCG_3AXIS_seg0001_c0057,700.886,701.882,0.9959999999999808,499,350443,350942,0.0601033362537364,0.0335528051799898,True,,451927,451927,BCG_3AXIS,0,0.02733994334644154,0.060103336253736456,0.05826874744423018,0.013147826594945167,0.00017286534417074742,0.03614457831325301,0.3729887785911299,0.000747472502186633,6.024096385542169,9.373588950031932,5.958624242623213e-05,0.48379203034083645,0.6938555735546785,0.07436395183095325,0.2317804746143682,0.6938555735546785,,
OXFORD,OXFORD_451927_BCG_3AXIS_seg0001,OXFORD_451927_BCG_3AXIS_seg0001_c0058,708.656,710.706,2.050000000000068,1026,354328,355354,0.1061289581729203,0.0335528051799898,True,,451927,451927,BCG_3AXIS,0,0.03933261897530616,0.10612895817292033,0.10511730345896846,0.01965603914846286,0.0003863598750059045,0.025365853658536587,1.587278343258486,0.0015470549154566141,0.9746588693957114,6.6186001037283395,0.00037114195814672295,0.4647580140069727,0.3458034194968222,0.322597849048494,0.33159873145468394,0.3458034194968222,,
OXFORD,OXFORD_451927_BCG_3AXIS_seg0001,OXFORD_451927_BCG_3AXIS_seg0001_c0059,714.406,714.724,0.3180000000000973,160,357203,357363,0.0383959143699305,0.0335528051799898,True,,451927,451927,BCG_3AXIS,0,0.020029235509781126,0.038395914369930555,0.038101276932565244,0.011044537740675896,0.00012198181390521423,0.012578616352201259,0.06418724401700435,0.0004011702751062772,6.25,7.519923890804948,4.855605017779703e-06,0.26871207030688954,0.6731321099926265,0.22277617888170767,0.10409171112566579,0.6731321099926265,,
OXFORD,OXFORD_451927_BCG_3AXIS_seg0001,OXFORD_451927_BCG_3AXIS_seg0001_c0060,732.166,732.484,0.3179999999999836,160,366083,366243,0.0402693109021793,0.0335528051799898,True,,451927,451927,BCG_3AXIS,0,0.026314786363799667,0.04026931090217938,0.03152590193907415,0.007826073103065448,6.124742021452445e-05,0.03773584905660377,0.11079487701958671,0.0006924679813724169,12.5,11.303919783355582,6.2411468913536255e-06,0.3603899760092025,0.5083096320991253,0.24468779716543945,0.2470025707354352,0.5083096320991253,,
OXFORD,OXFORD_451927_BCG_3AXIS_seg0001,OXFORD_451927_BCG_3AXIS_seg0001_c0061,734.904,735.266,0.3619999999999663,182,367452,367634,0.0416443648504113,0.0335528051799898,True,,451927,451927,BCG_3AXIS,0,0.022156170027944583,0.04164436485041132,0.03949373569882848,0.01067201946392817,0.00011389199943846172,0.03314917127071823,0.08934304839590856,0.0004908958703071899,5.4945054945054945,8.802125617583691,1.1941409930417586e-05,0.344637816566728,0.5814848914554251,0.24098426649465268,0.17753084204992214,0.5814848914554251,,
OXFORD,OXFORD_451927_BCG_3AXIS_seg0001,OXFORD_451927_BCG_3AXIS_seg0001_c0062,736.81,737.47,0.6600000000000819,331,368405,368736,0.0446555807934384,0.0335528051799898,True,,451927,451927,BCG_3AXIS,0,0.025144906608839498,0.04465558079343841,0.03849116565828313,0.010284825740485963,0.00010577764051216265,0.030303030303030304,0.20928015468956312,0.0006322663283672602,3.0303030303030303,6.8376093163572715,2.0669192433617077e-05,0.36466176913935605,0.515628619305335,0.14284224517157476,0.3415291355230902,0.515628619305335,,
OXFORD,OXFORD_451927_BCG_3AXIS_seg0001,OXFORD_451927_BCG_3AXIS_seg0001_c0063,762.756,763.276,0.5199999999999818,261,381378,381639,0.0376407766517812,0.0335528051799898,True,,451927,451927,BCG_3AXIS,0,0.016699416290017713,0.03764077665178126,0.03471376009697553,0.007449684255961723,5.5497795513523965e-05,0.03076923076923077,0.07278520165552764,0.00027887050442730897,7.692307692307692,8.858705900431726,3.534430737956132e-06,0.4342555819278408,0.5381055036872967,0.1373959823861093,0.324498513926594,0.5381055036872967,,
OXFORD,OXFORD_451927_BCG_3AXIS_seg0001,OXFORD_451927_BCG_3AXIS_seg0001_c0064,770.85,771.352,0.5019999999999527,252,385425,385677,0.0403716906243878,0.0335528051799898,True,,451927,451927,BCG_3AXIS,0,0.018405229096818,0.04037169062438783,0.0385820827606461,0.009275569873130139,8.603619647131947e-05,0.02390438247011952,0.08536561944280169,0.0003387524581063559,3.9682539682539684,7.569480861487432,9.72369147092895e-06,0.34862847589978996,0.47062933949813124,0.33057860912893333,0.19879205137293546,0.47062933949813124,,
OXFORD,OXFORD_451927_BCG_3AXIS_seg0001,OXFORD_451927_BCG_3AXIS_seg0001_c0065,772.506,772.822,0.3160000000000309,159,386253,386412,0.0548427597628587,0.0335528051799898,True,,451927,451927,BCG_3AXIS,0,0.03245508693519004,0.05484275976285871,0.04781547663278002,0.012211135429450466,0.00014911182847638044,0.05063291139240506,0.16747989420734816,0.001053332667970743,12.658227848101266,11.88792656994512,2.390651852315118e-05,0.3586875834958255,0.5226014902322502,0.37988324763884895,0.09751526212890074,0.5226014902322502,,
OXFORD,OXFORD_451927_BCG_3AXIS_seg0001,OXFORD_451927_BCG_3AXIS_seg0001_c0066,780.566,781.112,0.5459999999999354,274,390283,390557,0.0491456983168929,0.0335528051799898,True,,451927,451927,BCG_3AXIS,0,0.02636686075770462,0.0491456983168929,0.04669229135447851,0.010860755292734088,0.0001179560055286515,0.03663003663003663,0.19048790886323438,0.0006952113462161839,14.5985401459854,11.940386564229675,2.6562368641048745e-05,0.42017430543892587,0.5687804949063208,0.25392689288024056,0.17729261221343864,0.5687804949063208,,
OXFORD,OXFORD_451927_BCG_3AXIS_seg0001,OXFORD_451927_BCG_3AXIS_seg0001_c0067,801.604,803.364,1.759999999999991,881,400802,401683,0.0716949095892198,0.0335528051799898,True,,451927,451927,BCG_3AXIS,0,0.03844077943026226,0.07169490958921987,0.06721226905364777,0.01774642087161905,0.00031493545375263623,0.026136363636363635,1.301847993944551,0.001477693523206074,4.545454545454546,6.063504677357187,0.00018502633109667964,0.4663093157737723,0.7675165210265635,0.1454288072898229,0.08705467168361353,0.7675165210265635,,
OXFORD,OXFORD_451927_BCG_3AXIS_seg0001,OXFORD_451927_BCG_3AXIS_seg0001_c0068,822.952,823.84,0.8880000000000337,445,411476,411921,0.0561363248593065,0.0335528051799898,True,,451927,451927,BCG_3AXIS,0,0.028973205779330338,0.056136324859306544,0.050596964782829955,0.013193462678706375,0.000174067457454418,0.018018018018018018,0.37355376064348234,0.000839446653131421,4.504504504504505,5.362196638068157,5.2967124002254275e-05,0.3651708908872134,0.6678914622803758,0.1764507908119098,0.15565774690771444,0.6678914622803758,,
OXFORD,OXFORD_451927_BCG_3AXIS_seg0001,OXFORD_451927_BCG_3AXIS_seg0001_c0069,826.208,826.896,0.6879999999999882,345,413104,413449,0.0442599971172908,0.0335528051799898,True,,451927,451927,BCG_3AXIS,0,0.023551771926498603,0.04425999711729084,0.04309789120355446,0.01180482543347482,0.00013935390351481396,0.029069767441860465,0.19136665650284362,0.0005546859608778076,8.720930232558139,9.556100253681961,2.9667912522980345e-05,0.4088802885716215,0.746174416037218,0.09157673398091506,0.16224884998186695,0.746174416037218,,
OXFORD,OXFORD_451927_BCG_3AXIS_seg0001,OXFORD_451927_BCG_3AXIS_seg0001_c0070,829.512,831.634,2.122000000000071,1062,414756,415818,0.0734504238069196,0.0335528051799898,True,,451927,451927,BCG_3AXIS,0,0.030277401419261586,0.07345042380691967,0.07082696279818708,0.01465007048280934,0.0002146245651512815,0.03958529688972667,0.973557740978696,0.0009167210367031036,1.8832391713747645,5.428856106635264,0.00025291088561355955,0.4583180069296007,0.6284437495083534,0.15530657930392378,0.21624967118772284,0.6284437495083534,,
OXFORD,OXFORD_451927_BCG_3AXIS_seg0001,OXFORD_451927_BCG_3AXIS_seg0001_c0071,867.258,868.054,0.7959999999999354,399,433629,434028,0.0434505144342278,0.0335528051799898,True,,451927,451927,BCG_3AXIS,0,0.02213806764303771,0.04345051443422787,0.041307138381194916,0.010111314652851996,0.00010223868400897947,0.02512562814070352,0.1955475215481176,0.0004900940389677133,2.5125628140703515,6.758306447024002,3.328185815786091e-05,0.4220730027589587,0.622341480106467,0.14503163726794854,0.23262688262558448,0.622341480106467,,
OXFORD,OXFORD_451927_BCG_3AXIS_seg0001,OXFORD_451927_BCG_3AXIS_seg0001_c0072,881.872,882.926,1.054000000000087,528,440936,441464,0.0633950278492421,0.0335528051799898,True,,451927,451927,BCG_3AXIS,0,0.027096565163291744,0.06339502784924217,0.058160667730043844,0.012585073896624242,0.0001583840849834929,0.026565464895635674,0.3876701894464163,0.0007342238436485157,3.7878787878787876,8.088479552551895,4.456095937955916e-05,0.4557644111307741,0.5360891158246134,0.36793484523750736,0.09597603893787926,0.5360891158246134,,
OXFORD,OXFORD_451927_BCG_3AXIS_seg0001,OXFORD_451927_BCG_3AXIS_seg0001_c0073,896.17,898.142,1.9720000000000937,987,448085,449072,0.0530311811201771,0.0335528051799898,True,,451927,451927,BCG_3AXIS,0,0.02372768739463076,0.053031181120177164,0.051737532681128455,0.010619592107431627,0.00011277573652822409,0.030425963488843813,0.5556841081590542,0.0005630031490973194,2.028397565922921,6.427406984945331,0.0001088600585199161,0.4894442819879716,0.5828763352288937,0.14562618827576151,0.2714974764953448,0.5828763352288937,,
OXFORD,OXFORD_451927_BCG_3AXIS_seg0001,OXFORD_451927_BCG_3AXIS_seg0001_c0074,899.41,899.92,0.5099999999999909,256,449705,449961,0.072812845840506,0.0335528051799898,True,,451927,451927,BCG_3AXIS,0,0.04126967246065086,0.07281284584050608,0.0653321836691592,0.016411841791693627,0.0002693485509955815,0.023529411764705882,0.4360155814424073,0.0017031858650094036,7.8125,8.995111933183424,4.76889725936259e-05,0.3403156166996577,0.3080940259885674,0.36257280912288326,0.32933316488854947,0.36257280912288326,,
OXFORD,OXFORD_451993_BCG_3AXIS_seg0001,OXFORD_451993_BCG_3AXIS_seg0001_c0001,1.04,4.304,3.264,1633,520,2153,1.881348468904888,0.0621142388690746,True,,451993,451993,BCG_3AXIS,0,0.16725159492828356,1.8813484689048876,1.8737167984294312,0.1474216274922506,0.021733136252463897,0.013480392156862746,45.68006577788724,0.02797309600605465,2.4509803921568625,8.463898932859289,0.010881579344431597,0.5912791546216054,0.36811366342698937,0.22517353155531009,0.40671280501770063,0.40671280501770063,,
OXFORD,OXFORD_451993_BCG_3AXIS_seg0001,OXFORD_451993_BCG_3AXIS_seg0001_c0002,7.184,7.758,0.5739999999999998,288,3592,3880,0.1194985907177516,0.0621142388690746,True,,451993,451993,BCG_3AXIS,0,0.07169899556897415,0.11949859071775161,0.11269577734231537,0.030692473761257364,0.0009420279455854718,0.027874564459930314,1.4805348380927352,0.005140745965599775,3.472222222222222,5.462610153090538,0.0002700145848604328,0.28110243919380934,0.7541646751628925,0.1935243749354721,0.05231094990163529,0.7541646751628925,,
OXFORD,OXFORD_451993_BCG_3AXIS_seg0001,OXFORD_451993_BCG_3AXIS_seg0001_c0003,21.29,21.782,0.4920000000000009,247,10645,10892,0.0769501466249479,0.0621142388690746,True,,451993,451993,BCG_3AXIS,0,0.04219334902992291,0.07695014662494795,0.06829531652996534,0.01773170903389415,0.00031441350526268335,0.016260162601626018,0.43972883948314145,0.0017802787023608966,4.065040650406504,4.003607337683126,5.131594759626144e-05,0.2636158666678552,0.7550819387949135,0.15107306652409289,0.0938449946809936,0.7550819387949135,,
OXFORD,OXFORD_451993_BCG_3AXIS_seg0001,OXFORD_451993_BCG_3AXIS_seg0001_c0004,40.328,40.894,0.5659999999999954,284,20164,20448,0.1211211549312537,0.0621142388690746,True,,451993,451993,BCG_3AXIS,0,0.06684934130449818,0.12112115493125376,0.10944413862410556,0.029407911775557294,0.0008648252749989614,0.02120141342756184,1.2691489789280612,0.004468834432845286,3.52112676056338,5.595740865574089,0.00024531079912193583,0.28027584855474746,0.7963659722464549,0.13736168296452786,0.06627234478901725,0.7963659722464549,,
OXFORD,OXFORD_451993_BCG_3AXIS_seg0001,OXFORD_451993_BCG_3AXIS_seg0001_c0005,42.764,43.918,1.1539999999999964,578,21382,21960,0.1592692988320945,0.0621142388690746,True,,451993,451993,BCG_3AXIS,0,0.05277329711749878,0.1592692988320945,0.15527242394943705,0.029185011079591646,0.0008517648717158871,0.024263431542461005,1.609742073640743,0.0027850208886518045,3.4602076124567476,5.770395020468709,0.00014222985532379585,0.4353629742260523,0.8083309948638957,0.10897600837480179,0.08269299676130244,0.8083309948638957,,
OXFORD,OXFORD_451993_BCG_3AXIS_seg0001,OXFORD_451993_BCG_3AXIS_seg0001_c0006,61.364,62.772,1.4080000000000013,705,30682,31387,0.1017363887984489,0.0621142388690746,True,,451993,451993,BCG_3AXIS,0,0.05275151332400821,0.1017363887984489,0.0998786736899326,0.023153804035332532,0.000536098641306581,0.019886363636363636,1.961819121370976,0.0027827221579730154,4.261363636363637,4.291926912326829,0.00034529554657172627,0.38754387063688484,0.6928362922921842,0.19068405492940588,0.11647965277840981,0.6928362922921842,,
OXFORD,OXFORD_451993_BCG_3AXIS_seg0001,OXFORD_451993_BCG_3AXIS_seg0001_c0007,64.782,69.88,5.097999999999999,2550,32391,34941,0.2132174636175369,0.0621142388690746,True,,451993,451993,BCG_3AXIS,0,0.09814201248949603,0.2132174636175369,0.2072501953224003,0.04420847132271562,0.001954388936691369,0.01726167124362495,24.561229269495406,0.009631854615488395,3.92156862745098,4.163366497493141,0.004008380516996939,0.4599261056498233,0.6764293361116909,0.2802450065907513,0.04332565729755782,0.6764293361116909,,
OXFORD,OXFORD_451993_BCG_3AXIS_seg0001,OXFORD_451993_BCG_3AXIS_seg0001_c0008,71.288,72.98,1.6920000000000073,847,35644,36491,0.1625887558243438,0.0621142388690746,True,,451993,451993,BCG_3AXIS,0,0.06653336542030294,0.1625887558243438,0.15671641014405813,0.03017255258995419,0.0009103829297935514,0.026004728132387706,3.7494053408863737,0.004426688714151563,1.1820330969267139,5.987881267547946,0.0008125045347874944,0.4695025878812472,0.6747135873363019,0.2775247419781278,0.047761670685570266,0.6747135873363019,,
OXFORD,OXFORD_451993_BCG_3AXIS_seg0001,OXFORD_451993_BCG_3AXIS_seg0001_c0009,73.844,76.04,2.196000000000012,1099,36922,38021,0.1536920167788655,0.0621142388690746,True,,451993,451993,BCG_3AXIS,0,0.06694431700824104,0.1536920167788655,0.15175389180859863,0.03479504408271776,0.0012106950927182722,0.02185792349726776,4.925214196090158,0.004481541579699871,2.73224043715847,4.48186226259799,0.0012686338198431893,0.43768526796955115,0.7103715098289716,0.23671569808511106,0.05291279208591739,0.7103715098289716,,
OXFORD,OXFORD_451993_BCG_3AXIS_seg0001,OXFORD_451993_BCG_3AXIS_seg0001_c0010,77.902,78.996,1.093999999999994,548,38951,39499,0.1188497387902712,0.0621142388690746,True,,451993,451993,BCG_3AXIS,0,0.06541223795269449,0.11884973879027122,0.11139341172708771,0.025810578606659883,0.0006661859680105687,0.029250457038391225,2.3447609589409995,0.004278760873979926,5.474452554744525,6.153524116621698,0.0003672971028978268,0.3775162878288942,0.5924622368779859,0.32212393422352087,0.08541382889849308,0.5924622368779859,,
OXFORD,OXFORD_451993_BCG_3AXIS_seg0001,OXFORD_451993_BCG_3AXIS_seg0001_c0011,84.86,85.738,0.8780000000000001,440,42430,42870,0.3417168436387526,0.0621142388690746,True,,451993,451993,BCG_3AXIS,0,0.12437482235274866,0.3417168436387526,0.3258843210230653,0.07948490870083531,0.006317850711180126,0.018223234624145785,6.806402431522226,0.015469096435277788,2.272727272727273,6.123418698655318,0.001352464738717652,0.3618729281824303,0.8654478460279313,0.1175950680188797,0.01695708595318898,0.8654478460279313,,
OXFORD,OXFORD_451993_BCG_3AXIS_seg0001,OXFORD_451993_BCG_3AXIS_seg0001_c0012,97.442,102.584,5.14200000000001,2572,48721,51293,0.2966150373588621,0.0621142388690746,True,,451993,451993,BCG_3AXIS,0,0.09452971621335345,0.2966150373588621,0.2922882267299043,0.04963851702801653,0.0024639823727406864,0.017891870867366783,22.983050560253993,0.008935867247377136,0.38880248833592534,4.062365938520328,0.003521715246198452,0.5042170075426939,0.6681339627007452,0.22542411304231,0.10644192425694486,0.6681339627007452,,
OXFORD,OXFORD_451993_BCG_3AXIS_seg0001,OXFORD_451993_BCG_3AXIS_seg0001_c0013,103.308,104.496,1.1879999999999882,595,51654,52249,0.1386545086315013,0.0621142388690746,True,,451993,451993,BCG_3AXIS,0,0.06814355315072146,0.13865450863150136,0.13310961868809584,0.03120840603052361,0.0009739646069660223,0.020202020202020204,2.762908582423094,0.0046435438360052,3.367003367003367,3.557381308720952,0.0007239472626196744,0.27709424105465225,0.6883663052884796,0.2193768691018824,0.09225682560963797,0.6883663052884796,,
OXFORD,OXFORD_451993_BCG_3AXIS_seg0001,OXFORD_451993_BCG_3AXIS_seg0001_c0014,141.472,142.736,1.2639999999999816,633,70736,71369,0.1365040036514525,0.0621142388690746,True,,451993,451993,BCG_3AXIS,0,0.061539439910183645,0.13650400365145252,0.13307506618558146,0.027587563019043044,0.0007610736333296714,0.015822784810126583,2.3972359866026123,0.0037871026644591033,4.746835443037975,5.042152565120395,0.000550666172829702,0.3142200484833718,0.8358002207770899,0.08402042669859845,0.08017935252431162,0.8358002207770899,,
OXFORD,OXFORD_451993_BCG_3AXIS_seg0001,OXFORD_451993_BCG_3AXIS_seg0001_c0015,144.646,145.428,0.7820000000000107,392,72323,72715,0.1167351740838556,0.0621142388690746,True,,451993,451993,BCG_3AXIS,0,0.06835963963158029,0.11673517408385561,0.10806885772737104,0.029088563951821862,0.0008461445527792302,0.015345268542199489,1.8318318095793327,0.004673040330559522,2.5510204081632653,4.895103595679644,0.00020151105417386318,0.3077071576513085,0.7069769858944661,0.2253640191740745,0.06765899493145935,0.7069769858944661,,
OXFORD,OXFORD_451993_BCG_3AXIS_seg0001,OXFORD_451993_BCG_3AXIS_seg0001_c0016,146.482,147.944,1.461999999999989,732,73241,73973,0.1653451948117506,0.0621142388690746,True,,451993,451993,BCG_3AXIS,0,0.0666753521309895,0.16534519481175067,0.16110456845641824,0.033536999261200295,0.001124730319445749,0.02188782489740082,3.2541810898713392,0.004445602581791447,8.19672131147541,6.0373606622024845,0.0007680730304067623,0.3933269954884409,0.7918008264186497,0.16572895814354557,0.04247021543780476,0.7918008264186497,,
OXFORD,OXFORD_451993_BCG_3AXIS_seg0001,OXFORD_451993_BCG_3AXIS_seg0001_c0017,175.206,176.578,1.372000000000014,687,87603,88290,0.0917621186994978,0.0621142388690746,True,,451993,451993,BCG_3AXIS,0,0.050331194265314246,0.09176211869949781,0.0862984857673485,0.01937142505123114,0.0003752521085154653,0.026239067055393587,1.7403284028107147,0.0025332291161728015,2.9154518950437316,4.967197645378161,0.0002772234718494104,0.4087820014970806,0.2492712833122408,0.6349410224568072,0.11578769423095202,0.6349410224568072,,
OXFORD,OXFORD_451993_BCG_3AXIS_seg0001,OXFORD_451993_BCG_3AXIS_seg0001_c0018,184.004,186.456,2.451999999999998,1227,92002,93229,0.1701262726429114,0.0621142388690746,True,,451993,451993,BCG_3AXIS,0,0.0664848719068039,0.17012627264291147,0.16792787246993143,0.03123218275211234,0.0009754492394613435,0.01631321370309951,5.423632262153479,0.004420238192464123,1.6313213703099512,4.7617054248051565,0.0011743455591318843,0.4454119675418357,0.6744894638539514,0.24605435054562516,0.07945618560042338,0.6744894638539514,,
OXFORD,OXFORD_451993_BCG_3AXIS_seg0001,OXFORD_451993_BCG_3AXIS_seg0001_c0019,188.152,188.966,0.8140000000000214,408,94076,94484,0.1052539282099393,0.0621142388690746,True,,451993,451993,BCG_3AXIS,0,0.05635880898087698,0.10525392820993934,0.09349766940726084,0.023383283626866768,0.0005467779531744955,0.014742014742014743,1.2959366626951359,0.00317631534974298,4.901960784313725,4.009780203796424,0.0002163609023895195,0.25160829405550283,0.8688038484712084,0.09089385832896903,0.040302293199822516,0.8688038484712084,,
OXFORD,OXFORD_451993_BCG_3AXIS_seg0001,OXFORD_451993_BCG_3AXIS_seg0001_c0020,206.392,207.33,0.9380000000000166,470,103196,103666,0.0903516860064159,0.0621142388690746,True,,451993,451993,BCG_3AXIS,0,0.053083227692403395,0.09035168600641592,0.08656857046341662,0.021170594150477583,0.00044819405668423566,0.0255863539445629,1.324379659254465,0.0028178290622435423,2.127659574468085,6.235267486577301,0.00011426390565208772,0.4046149759152407,0.4383863670126982,0.4074754005303696,0.15413823245693228,0.4383863670126982,,
OXFORD,OXFORD_451993_BCG_3AXIS_seg0001,OXFORD_451993_BCG_3AXIS_seg0001_c0021,208.06,210.024,1.9639999999999984,983,104030,105013,0.0978163919967421,0.0621142388690746,True,,451993,451993,BCG_3AXIS,0,0.04708484485564283,0.09781639199674211,0.0965553047957119,0.019278062289290437,0.0003716436856297621,0.026476578411405296,2.1792939106235956,0.002216982615079955,3.054989816700611,8.324298893065938,0.0002895106299136474,0.5356151980011966,0.5738584623230149,0.30522079555863496,0.12092074211835023,0.5738584623230149,,
OXFORD,OXFORD_451993_BCG_3AXIS_seg0001,OXFORD_451993_BCG_3AXIS_seg0001_c0022,252.552,255.004,2.451999999999998,1227,126276,127503,0.1095236990830613,0.0621142388690746,True,,451993,451993,BCG_3AXIS,0,0.05546035327597957,0.10952369908306138,0.10877503484585255,0.024311117290384574,0.0005910304239068358,0.01957585644371941,3.7740689138041534,0.0030758507854964576,1.6313213703099512,3.946278706109862,0.0007660306257954499,0.4369340164569383,0.755078706431678,0.1698557785681401,0.07506551500018191,0.755078706431678,,
OXFORD,OXFORD_451993_BCG_3AXIS_seg0001,OXFORD_451993_BCG_3AXIS_seg0001_c0023,264.15,265.408,1.2580000000000382,630,132075,132705,0.1134561837348365,0.0621142388690746,True,,451993,451993,BCG_3AXIS,0,0.049620981855755995,0.1134561837348365,0.1051468140302058,0.022455814630440173,0.000504263610716691,0.022257551669316374,1.5512123594074374,0.002462241840329266,7.936507936507936,6.660294484993133,0.0001785828352329127,0.41154285028745163,0.6479456430985273,0.29125569720954136,0.0607986596919314,0.6479456430985273,,
OXFORD,OXFORD_451993_BCG_3AXIS_seg0001,OXFORD_451993_BCG_3AXIS_seg0001_c0024,268.902,269.962,1.0600000000000025,531,134451,134982,0.172032004689463,0.0621142388690746,True,,451993,451993,BCG_3AXIS,0,0.07328776955431106,0.17203200468946303,0.16588881619107387,0.033671534636624964,0.0011337722447854344,0.026415094339622643,2.852052595276521,0.005371097166245802,3.773584905660377,4.825007254793228,0.0007502006137159805,0.31862237441786645,0.7816965533181687,0.15113154178672958,0.06717190489510184,0.7816965533181687,,
OXFORD,OXFORD_451993_BCG_3AXIS_seg0001,OXFORD_451993_BCG_3AXIS_seg0001_c0025,270.918,273.346,2.4279999999999973,1215,135459,136674,0.1262931722093953,0.0621142388690746,True,,451993,451993,BCG_3AXIS,0,0.05497894351131544,0.12629317220939534,0.11912372233216176,0.023113101055728863,0.0005342154404123347,0.0214168039538715,3.6725613389888028,0.0030226842296204137,4.118616144975288,4.994816738242036,0.0007227179954698528,0.4142395986709402,0.7216347918899874,0.20033257239399868,0.078032635716014,0.7216347918899874,,
OXFORD,OXFORD_451993_BCG_3AXIS_seg0001,OXFORD_451993_BCG_3AXIS_seg0001_c0026,280.082,282.594,2.5120000000000005,1257,140041,141298,0.3038298827682101,0.0621142388690746,True,,451993,451993,BCG_3AXIS,0,0.11749433807998276,0.3038298827682101,0.29061168197802667,0.05476096984470555,0.0029987638183327503,0.022292993630573247,17.352783787432582,0.013804919480853287,0.7961783439490446,6.868369970637997,0.003064644972470752,0.5116078009463464,0.3816329955624776,0.38927070464035496,0.2290962997971674,0.38927070464035496,,
OXFORD,OXFORD_451993_BCG_3AXIS_seg0001,OXFORD_451993_BCG_3AXIS_seg0001_c0027,285.862,286.898,1.0360000000000014,519,142931,143450,0.1163099753220226,0.0621142388690746,True,,451993,451993,BCG_3AXIS,0,0.06560525050559915,0.11630997532202263,0.10434851685720688,0.027183035913160323,0.0007389174414561638,0.015444015444015444,2.2338013759353545,0.004304048893902417,3.861003861003861,4.625137778576509,0.00039250754226117016,0.28221426264598953,0.7989929882572578,0.14169904415092777,0.05930796759181432,0.7989929882572578,,
OXFORD,OXFORD_451993_BCG_3AXIS_seg0001,OXFORD_451993_BCG_3AXIS_seg0001_c0028,294.188,295.516,1.3280000000000314,665,147094,147759,0.1008825165403266,0.0621142388690746,True,,451993,451993,BCG_3AXIS,0,0.04919943047180246,0.10088251654032662,0.09159529036795552,0.02215012886450217,0.0004906282087140521,0.018072289156626505,1.6096883325685667,0.002420583958749724,4.518072289156626,4.5703429741030375,0.0002969459121046585,0.3263604546673957,0.8317852084080753,0.10251449322530844,0.06570029836661627,0.8317852084080753,,
OXFORD,OXFORD_451993_BCG_3AXIS_seg0001,OXFORD_451993_BCG_3AXIS_seg0001_c0029,305.204,306.072,0.867999999999995,435,152602,153037,0.0970069916480313,0.0621142388690746,True,,451993,451993,BCG_3AXIS,0,0.05241498638888952,0.09700699164803131,0.09217081208230239,0.0208843257864424,0.00043615506355426295,0.013824884792626729,1.1950888971941511,0.002747330798147474,2.3041474654377883,4.4542482093181945,0.00014776386584665696,0.2924734415877715,0.7926461648928241,0.11588645913372891,0.09146737597344703,0.7926461648928241,,
OXFORD,OXFORD_451993_BCG_3AXIS_seg0001,OXFORD_451993_BCG_3AXIS_seg0001_c0030,307.806,308.75,0.9440000000000168,473,153903,154376,0.1284889587039708,0.0621142388690746,True,,451993,451993,BCG_3AXIS,0,0.0857568771680666,0.12848895870397087,0.12272002662037632,0.028159502040597313,0.0007929575551744042,0.01694915254237288,3.4785564573057215,0.007354241981618862,6.35593220338983,5.543257324742529,0.0003708768269072114,0.3722086219683923,0.8278588417678422,0.10953180934293819,0.06260934888921961,0.8278588417678422,,
OXFORD,OXFORD_451993_BCG_3AXIS_seg0001,OXFORD_451993_BCG_3AXIS_seg0001_c0031,316.214,317.382,1.1680000000000064,585,158107,158692,0.1005896750856823,0.0621142388690746,True,,451993,451993,BCG_3AXIS,0,0.053331957581256625,0.10058967508568238,0.08779277901397657,0.019597277992457123,0.0003840533047136443,0.0273972602739726,1.663914154177639,0.0028442976994489558,3.4246575342465757,5.597721822490275,0.0002378098375600418,0.38063219443901025,0.7732567171243873,0.12429411001786803,0.10244917285774478,0.7732567171243873,,
OXFORD,OXFORD_451993_BCG_3AXIS_seg0001,OXFORD_451993_BCG_3AXIS_seg0001_c0032,318.06,318.58,0.5199999999999818,261,159030,159291,0.0740274349122628,0.0621142388690746,True,,451993,451993,BCG_3AXIS,0,0.03788825274981689,0.07402743491226282,0.06993456513421172,0.016796375244342937,0.00028211822134877626,0.023076923076923078,0.374670640769276,0.0014355196964340076,3.846153846153846,7.7412328407984035,3.069171464509391e-05,0.33927664326006174,0.15875306811572767,0.6278994666743457,0.21334746520992665,0.6278994666743457,,
OXFORD,OXFORD_451993_BCG_3AXIS_seg0001,OXFORD_451993_BCG_3AXIS_seg0001_c0033,319.466,319.782,0.3159999999999741,159,159733,159892,0.0876060205140659,0.0621142388690746,True,,451993,451993,BCG_3AXIS,0,0.053881975519889866,0.08760602051406595,0.07382487629868124,0.020084106964735175,0.000403371352570924,0.02531645569620253,0.4616194984622357,0.002903267285926011,6.329113924050633,9.261677664549568,4.171141971411331e-05,0.3006171803634913,0.1294399363617217,0.7232008680540327,0.1473591955842455,0.7232008680540327,,
OXFORD,OXFORD_451993_BCG_3AXIS_seg0001,OXFORD_451993_BCG_3AXIS_seg0001_c0034,322.084,322.612,0.52800000000002,265,161042,161307,0.0756337731886469,0.0621142388690746,True,,451993,451993,BCG_3AXIS,0,0.04136303482977882,0.07563377318864697,0.06544097765827918,0.01686294576904028,0.0002843589400095935,0.030303030303030304,0.4533886723373165,0.0017109006503294962,11.363636363636363,12.751763462353033,2.8989602535586447e-05,0.492960775104926,0.26135936943193994,0.4242783729597667,0.3143622576082934,0.4242783729597667,,
OXFORD,OXFORD_451993_BCG_3AXIS_seg0001,OXFORD_451993_BCG_3AXIS_seg0001_c0035,325.684,326.562,0.8779999999999859,440,162842,163282,0.0999488437983915,0.0621142388690746,True,,451993,451993,BCG_3AXIS,0,0.04706812423352266,0.09994884379839157,0.09858352826712125,0.0225747189407561,0.0005096179352541321,0.03644646924829157,0.9747796602994223,0.0022154083188623236,2.272727272727273,8.456159879299353,0.00014276188311900136,0.47031478476508926,0.49938934577331734,0.23091883276465958,0.2696918214620231,0.49938934577331734,,
OXFORD,OXFORD_451993_BCG_3AXIS_seg0001,OXFORD_451993_BCG_3AXIS_seg0001_c0036,347.664,349.13,1.4660000000000082,734,173832,174566,0.3336314911132192,0.0621142388690746,True,,451993,451993,BCG_3AXIS,0,0.08170800440414544,0.33363149111321927,0.33227465618886676,0.053293883646676296,0.002840238034145471,0.027285129604365622,4.900329320041562,0.0066761979837078505,1.3623978201634879,6.084532264314929,0.0013006575926720935,0.41803836736853356,0.13635840876950137,0.1559423601798891,0.7076992310506096,0.7076992310506096,,
OXFORD,OXFORD_451993_BCG_3AXIS_seg0001,OXFORD_451993_BCG_3AXIS_seg0001_c0037,350.918,353.132,2.213999999999998,1108,175459,176567,0.2488235035596864,0.0621142388690746,True,,451993,451993,BCG_3AXIS,0,0.10668414696760606,0.24882350355968644,0.23895378657828395,0.05536688425816636,0.0030654918724571903,0.023486901535682024,12.610709993339993,0.01138150721420577,3.6101083032490973,4.563703576793981,0.003800546198227796,0.4217027673100644,0.7787256562542951,0.14713925083887627,0.07413509290682865,0.7787256562542951,,
OXFORD,OXFORD_451993_BCG_3AXIS_seg0001,OXFORD_451993_BCG_3AXIS_seg0001_c0038,355.782,356.684,0.9020000000000435,452,177891,178343,0.1443556498298727,0.0621142388690746,True,,451993,451993,BCG_3AXIS,0,0.07222190601852452,0.14435564982987273,0.13790203208667834,0.031162732793684124,0.000971115915170556,0.026607538802660754,2.357633676444762,0.0052160037089485885,2.2123893805309733,5.409137384577039,0.0004447531847689907,0.3394865775943583,0.697244648555685,0.2278580289699188,0.07489732247439627,0.697244648555685,,
OXFORD,OXFORD_451993_BCG_3AXIS_seg0001,OXFORD_451993_BCG_3AXIS_seg0001_c0039,358.406,359.378,0.97199999999998,487,179203,179690,0.1669935005072983,0.0621142388690746,True,,451993,451993,BCG_3AXIS,0,0.07849693133945457,0.16699350050729836,0.16248335734376818,0.036275210705492174,0.0013158909117278541,0.02880658436213992,3.000781127869279,0.006161768229711045,8.23045267489712,7.6021613873435285,0.0004912379496397056,0.44698112190124223,0.499868922758225,0.3352756912280246,0.16485538601375038,0.499868922758225,,
OXFORD,OXFORD_451993_BCG_3AXIS_seg0001,OXFORD_451993_BCG_3AXIS_seg0001_c0040,360.086,361.708,1.622000000000014,812,180043,180855,0.1852252406773178,0.0621142388690746,True,,451993,451993,BCG_3AXIS,0,0.06576766316151399,0.18522524067731783,0.18375595944675518,0.034422863038182316,0.0011849334997454581,0.027127003699136867,3.512213040393807,0.004325385517726364,1.231527093596059,6.011981775774082,0.0006714119209085745,0.47065250182090945,0.3868483118805945,0.3944073472352373,0.21874434088416825,0.3944073472352373,,
OXFORD,OXFORD_451993_BCG_3AXIS_seg0001,OXFORD_451993_BCG_3AXIS_seg0001_c0041,364.768,368.614,3.846000000000004,1924,182384,184308,0.2086166283932426,0.0621142388690746,True,,451993,451993,BCG_3AXIS,0,0.07965502593936173,0.20861662839324263,0.2038508480636184,0.03619894443247155,0.0013103635780251628,0.02704108164326573,12.20763215483835,0.00634492315740039,1.5592515592515594,5.872211060853981,0.002500299502933484,0.5280157362325442,0.4700332671387013,0.3384729991646262,0.1914937336966725,0.4700332671387013,,
OXFORD,OXFORD_451993_BCG_3AXIS_seg0001,OXFORD_451993_BCG_3AXIS_seg0001_c0042,439.896,440.212,0.3159999999999741,159,219948,220107,0.0678961736422149,0.0621142388690746,True,,451993,451993,BCG_3AXIS,0,0.04520667244417126,0.06789617364221491,0.06448124119685847,0.014708195020788179,0.00021633100076953816,0.06329113924050633,0.32493927412246026,0.002043643233474593,12.658227848101266,14.740513731446232,2.6192212323494455e-05,0.4473880958995172,0.3202402712849414,0.25548628164799614,0.4242734470670624,0.4242734470670624,,
OXFORD,OXFORD_451993_BCG_3AXIS_seg0001,OXFORD_451993_BCG_3AXIS_seg0001_c0043,488.578,489.484,0.906000000000006,454,244289,244743,0.1179672098649419,0.0621142388690746,True,,451993,451993,BCG_3AXIS,0,0.05290002815049716,0.1179672098649419,0.10428679794165374,0.022064097930084233,0.00048682441746834734,0.02207505518763797,1.2704794921588198,0.0027984129783233916,6.607929515418501,5.591989903453696,9.431188832788277e-05,0.34971960956716186,0.4241434472260014,0.4891663465365568,0.08669020623744178,0.4891663465365568,,
OXFORD,OXFORD_451993_BCG_3AXIS_seg0001,OXFORD_451993_BCG_3AXIS_seg0001_c0044,490.778,492.584,1.8059999999999832,904,245389,246293,0.1976172498426503,0.0621142388690746,True,,451993,451993,BCG_3AXIS,0,0.08079468422099285,0.1976172498426503,0.18570582475789138,0.037825096004083285,0.0014307378877181174,0.026578073089700997,5.9011140225264365,0.006527780998369952,9.95575221238938,8.515050891794667,0.0009125462846125915,0.46729708997357494,0.4101568773426468,0.44060027258154366,0.14924285007580954,0.44060027258154366,,
OXFORD,OXFORD_451993_BCG_3AXIS_seg0001,OXFORD_451993_BCG_3AXIS_seg0001_c0045,493.178,495.788,2.6100000000000136,1306,246589,247895,0.1281117613666933,0.0621142388690746,True,,451993,451993,BCG_3AXIS,0,0.06070495606799909,0.12811176136669336,0.12335234760630676,0.024667258080406967,0.0006084736212054028,0.027586206896551724,4.812729748730315,0.003685091691217699,2.2970903522205206,5.75910197826787,0.0007445318405999784,0.4724010997461358,0.6056784850897711,0.26250577489191435,0.13181574001831456,0.6056784850897711,,
OXFORD,OXFORD_451993_BCG_3AXIS_seg0001,OXFORD_451993_BCG_3AXIS_seg0001_c0046,497.232,498.794,1.561999999999955,782,248616,249398,0.2097198362735155,0.0621142388690746,True,,451993,451993,BCG_3AXIS,0,0.0798254421707359,0.2097198362735155,0.20382692280638004,0.04232046790871735,0.001791022004012775,0.02560819462227913,4.9829831522832375,0.006372101217753501,8.951406649616368,6.885062763178099,0.001218276948235396,0.4063948412803413,0.35114655659918476,0.5530800346604762,0.09577340874033907,0.5530800346604762,,
OXFORD,OXFORD_451993_BCG_3AXIS_seg0001,OXFORD_451993_BCG_3AXIS_seg0001_c0047,507.67,508.402,0.7319999999999709,367,253835,254202,0.0809746997179122,0.0621142388690746,True,,451993,451993,BCG_3AXIS,0,0.043921041399224106,0.08097469971791223,0.0665776592047163,0.018326331230594926,0.000335854416373479,0.02185792349726776,0.7079642410763953,0.0019290578775923578,2.73224043715847,5.3817833678472,0.0001245384890909275,0.3528891951656377,0.5785761782785587,0.2755953571569361,0.1458284645645053,0.5785761782785587,,
OXFORD,OXFORD_451993_BCG_3AXIS_seg0001,OXFORD_451993_BCG_3AXIS_seg0001_c0048,519.9,520.254,0.3540000000000418,178,259950,260128,0.0724700324579057,0.0621142388690746,True,,451993,451993,BCG_3AXIS,0,0.04912947286079237,0.0724700324579057,0.051843550000389704,0.01679086353004906,0.0002819330980847316,0.022598870056497175,0.42963950843712145,0.002413705103579334,5.617977528089888,6.780445136113372,3.337509981789834e-05,0.2721155476999032,0.2433168735269211,0.5971776774141424,0.15950544905893646,0.5971776774141424,,
OXFORD,OXFORD_451993_BCG_3AXIS_seg0001,OXFORD_451993_BCG_3AXIS_seg0001_c0049,537.67,538.124,0.4540000000000646,228,268835,269063,0.1093550061232595,0.0621142388690746,True,,451993,451993,BCG_3AXIS,0,0.06152428442767002,0.1093550061232595,0.08856276884971903,0.0229042615306283,0.0005246051962634195,0.01762114537444934,0.8630341669487995,0.00378523757433684,4.385964912280701,8.312645193530603,8.087316427301472e-05,0.38737238963733084,0.32167606918812963,0.3746851576613973,0.3036387731504731,0.3746851576613973,,
OXFORD,OXFORD_451993_BCG_3AXIS_seg0001,OXFORD_451993_BCG_3AXIS_seg0001_c0050,538.736,540.134,1.3980000000000246,700,269368,270068,0.1587395436392248,0.0621142388690746,True,,451993,451993,BCG_3AXIS,0,0.06909852287060433,0.15873954363922482,0.15438964970623228,0.03268110351515199,0.0010680545269680796,0.020028612303290415,3.3422241040296012,0.00477460586289943,2.8571428571428568,4.512821527526578,0.0007259009538523704,0.3722360513095982,0.6729146282902131,0.24323836295526957,0.08384700875451741,0.6729146282902131,,
OXFORD,OXFORD_451993_BCG_3AXIS_seg0001,OXFORD_451993_BCG_3AXIS_seg0001_c0051,543.432,545.152,1.7200000000000273,861,271716,272577,0.1552936760310365,0.0621142388690746,True,,451993,451993,BCG_3AXIS,0,0.0645750048889474,0.15529367603103655,0.153468754309619,0.029294520932786467,0.0008581689566814646,0.03488372093023256,3.5903108117669267,0.00416993125640758,1.1627906976744187,5.655493825036644,0.0006328911788205487,0.46827272326921043,0.4827610531702668,0.3308317377295171,0.18640720910021608,0.4827610531702668,,
OXFORD,OXFORD_451993_BCG_3AXIS_seg0001,OXFORD_451993_BCG_3AXIS_seg0001_c0052,566.316,566.836,0.5199999999999818,261,283158,283419,0.0826545808801089,0.0621142388690746,True,,451993,451993,BCG_3AXIS,0,0.053255656375240316,0.0826545808801089,0.07980743309227897,0.02031050608384716,0.0004125166573819925,0.023076923076923078,0.7402390482849531,0.0028361649359576746,7.692307692307692,7.483485882735074,6.260289444888405e-05,0.3072695474748983,0.5632192297038965,0.3896888082853613,0.04709196201074221,0.5632192297038965,,
OXFORD,OXFORD_451993_BCG_3AXIS_seg0001,OXFORD_451993_BCG_3AXIS_seg0001_c0053,567.424,570.748,3.324000000000069,1663,283712,285375,0.1336734516389155,0.0621142388690746,True,,451993,451993,BCG_3AXIS,0,0.05624581510371383,0.13367345163891556,0.12879652732812544,0.022349303583123006,0.0004994913706505949,0.026474127557160047,5.261053024840773,0.0031635917166811627,0.6016847172081828,5.309104646601888,0.0007467897534174789,0.4911980270762197,0.5077210627811584,0.3018916492313264,0.19038728798751522,0.5077210627811584,,
OXFORD,OXFORD_451993_BCG_3AXIS_seg0001,OXFORD_451993_BCG_3AXIS_seg0001_c0054,572.274,574.29,2.0159999999999627,1009,286137,287146,0.2304930288342494,0.0621142388690746,True,,451993,451993,BCG_3AXIS,0,0.06040985249632585,0.23049302883424946,0.22771903996272044,0.03306347184516222,0.0010931931704558351,0.031746031746031744,3.682194431135497,0.0036493502786278465,3.9682539682539684,5.81301787978692,0.00035352656633352896,0.48883717462960025,0.4328862260431167,0.27004120139845855,0.29707257255842473,0.4328862260431167,,
OXFORD,OXFORD_451993_BCG_3AXIS_seg0001,OXFORD_451993_BCG_3AXIS_seg0001_c0055,578.364,580.426,2.062000000000012,1032,289182,290214,0.1664781075253131,0.0621142388690746,True,,451993,451993,BCG_3AXIS,0,0.07369290762959246,0.1664781075253131,0.1614510514855892,0.03000099888907474,0.0009000599343422636,0.038797284190106696,5.604425263220564,0.005430644634903647,0.9689922480620154,8.451341775483888,0.0009176321759554037,0.547431233603881,0.6110434197978758,0.2535334723436547,0.1354231078584694,0.6110434197978758,,
OXFORD,OXFORD_451993_BCG_3AXIS_seg0001,OXFORD_451993_BCG_3AXIS_seg0001_c0056,596.318,601.232,4.913999999999987,2458,298159,300617,0.4598840170647099,0.0621142388690746,True,,451993,451993,BCG_3AXIS,0,0.12600689468236778,0.4598840170647099,0.4565649584324662,0.07840622881838939,0.0061475367175216344,0.017094017094017096,39.02747879341859,0.015877737507493325,0.4068348250610252,4.3587459919874005,0.006376022687346417,0.4927628335209582,0.43742795301451376,0.45144340333782357,0.1111286436476626,0.45144340333782357,,
OXFORD,OXFORD_451993_BCG_3AXIS_seg0001,OXFORD_451993_BCG_3AXIS_seg0001_c0057,602.654,603.17,0.5159999999999627,259,301327,301586,0.074321132676109,0.0621142388690746,True,,451993,451993,BCG_3AXIS,0,0.049597828121211995,0.07432113267610907,0.06760249685927035,0.01639750440815621,0.00026887815081550235,0.031007751937984496,0.6371256395743935,0.0024599445543412876,11.627906976744185,10.458942241575357,6.503761172676546e-05,0.3757187176259867,0.5760180946972991,0.32623559419941395,0.09774631110328695,0.5760180946972991,,
OXFORD,OXFORD_451993_BCG_3AXIS_seg0001,OXFORD_451993_BCG_3AXIS_seg0001_c0058,607.102,607.862,0.7599999999999909,381,303551,303932,0.0888408456131744,0.0621142388690746,True,,451993,451993,BCG_3AXIS,0,0.044663723117219625,0.08884084561317443,0.08070204524582218,0.019467813317144752,0.0003789957553511986,0.02631578947368421,0.7600371499855221,0.0019948481626916588,2.6315789473684212,6.008315444836389,9.85837605520674e-05,0.3953337408487593,0.17549168301520912,0.7531907403389707,0.07131757664582015,0.7531907403389707,,
OXFORD,OXFORD_451993_BCG_3AXIS_seg0001,OXFORD_451993_BCG_3AXIS_seg0001_c0059,610.202,610.546,0.3440000000000509,173,305101,305274,0.3189394624890112,0.0621142388690746,True,,451993,451993,BCG_3AXIS,0,0.1164156914234932,0.3189394624890112,0.31171554994405776,0.06106211528123478,0.003728581922618806,0.06976744186046512,2.344602085262528,0.013552613209609987,5.813953488372093,17.209334700111047,0.0003276810302922909,0.5297388035821315,0.6882179791321534,0.16019757033113335,0.15158445053671318,0.6882179791321534,,
OXFORD,OXFORD_451993_BCG_3AXIS_seg0001,OXFORD_451993_BCG_3AXIS_seg0001_c0060,630.524,631.802,1.27800000000002,640,315262,315902,0.1194878282145529,0.0621142388690746,True,,451993,451993,BCG_3AXIS,0,0.06177379998702614,0.11948782821455295,0.10925284812866028,0.022727065835412532,0.0005165195214871755,0.03129890453834116,2.442241513495751,0.003816002364837111,6.25,7.5322179698697935,0.0003256490468151028,0.4639851756722296,0.4961978611252624,0.3485871869562159,0.15521495191852186,0.4961978611252624,,
OXFORD,OXFORD_451993_BCG_3AXIS_seg0001,OXFORD_451993_BCG_3AXIS_seg0001_c0061,632.91,633.792,0.8820000000000618,442,316455,316897,0.0894587225804811,0.0621142388690746,True,,451993,451993,BCG_3AXIS,0,0.04583284742075856,0.08945872258048111,0.08329939755445871,0.01910961485980048,0.0003651773800899073,0.045351473922902494,0.9284872569909843,0.0021006499026945346,2.262443438914027,9.189303103827138,6.684432422788609e-05,0.47104555872129805,0.4703003146867741,0.2966062170979103,0.23309346821531562,0.4703003146867741,,
OXFORD,OXFORD_451993_BCG_3AXIS_seg0001,OXFORD_451993_BCG_3AXIS_seg0001_c0062,646.27,649.264,2.994000000000028,1498,323135,324633,0.1994121088771103,0.0621142388690746,True,,451993,451993,BCG_3AXIS,0,0.07235811363517022,0.1994121088771103,0.19502871789847945,0.03882392412334121,0.0015072970843349556,0.02004008016032064,7.843073520042632,0.005235696608840208,2.0026702269692924,3.3143171993215996,0.002280925229245219,0.41825934061155506,0.2545414029397778,0.6353098416652312,0.11014875539499111,0.6353098416652312,,
OXFORD,OXFORD_451993_BCG_3AXIS_seg0001,OXFORD_451993_BCG_3AXIS_seg0001_c0063,649.81,650.678,0.8680000000000518,435,324905,325340,0.1664160321226449,0.0621142388690746,True,,451993,451993,BCG_3AXIS,0,0.07393506621861035,0.16641603212264497,0.1571185900294734,0.034510243155893953,0.0011909568826789254,0.027649769585253458,2.377881397286379,0.005466394016750296,9.216589861751153,6.471523194293222,0.00033555292900369453,0.391594536017591,0.41672874946148564,0.4921541857952027,0.09111706474331167,0.4921541857952027,,
OXFORD,OXFORD_451993_BCG_3AXIS_seg0001,OXFORD_451993_BCG_3AXIS_seg0001_c0064,694.088,694.452,0.3640000000000327,183,347044,347227,0.1929038840767237,0.0621142388690746,True,,451993,451993,BCG_3AXIS,0,0.11035772120241408,0.19290388407672374,0.1306957210586251,0.042707002243076234,0.0018238880405901186,0.01098901098901099,2.228725273105125,0.012178826628989755,5.4945054945054945,4.858099140323841,0.00010707542107327531,0.24180169793726522,0.09484889616209793,0.5503292097262752,0.35482189411162696,0.5503292097262752,,
OXFORD,OXFORD_451993_BCG_3AXIS_seg0001,OXFORD_451993_BCG_3AXIS_seg0001_c0065,696.676,697.972,1.2959999999999354,649,348338,348987,0.2693368819792305,0.0621142388690746,True,,451993,451993,BCG_3AXIS,0,0.11754461655898059,0.26933688197923056,0.2624275899293282,0.06328558283923223,0.004005064995301326,0.015432098765432098,8.967062236416556,0.013816736881997775,4.62962962962963,4.894821282104097,0.0027016577976865493,0.3040021272371393,0.8303416071600273,0.09141491575122887,0.07824347708874389,0.8303416071600273,,
OXFORD,OXFORD_451993_BCG_3AXIS_seg0001,OXFORD_451993_BCG_3AXIS_seg0001_c0066,698.504,699.126,0.6219999999999573,312,349252,349564,0.1608593333465277,0.0621142388690746,True,,451993,451993,BCG_3AXIS,0,0.07763496893318264,0.16085933334652772,0.1552601651474545,0.03416912294970851,0.0011675289631522966,0.02572347266881029,1.8804827811919451,0.006027188401256234,9.615384615384617,8.698076979891335,0.00025486696301631526,0.3700041123224907,0.2848614548420152,0.6026828560655141,0.11245568909247072,0.6026828560655141,,
OXFORD,OXFORD_451993_BCG_3AXIS_seg0001,OXFORD_451993_BCG_3AXIS_seg0001_c0067,702.85,703.624,0.7740000000000009,388,351425,351813,0.0889398299949454,0.0621142388690746,True,,451993,451993,BCG_3AXIS,0,0.05496907761297909,0.08893982999494546,0.07652428253968203,0.022131921439066473,0.0004898219465850102,0.015503875968992248,1.172380603525227,0.0030215994936217193,2.5773195876288657,4.014736546298698,0.0001766653759507188,0.2724242373326579,0.8457875175466821,0.09923963235878101,0.054972850094536875,0.8457875175466821,,
OXFORD,OXFORD_451993_BCG_3AXIS_seg0001,OXFORD_451993_BCG_3AXIS_seg0001_c0068,784.12,785.46,1.3400000000000318,671,392060,392731,0.0865113402799406,0.0621142388690746,True,,451993,451993,BCG_3AXIS,0,0.037734373789029975,0.08651134027994062,0.08236503767431974,0.01685857312679948,0.00028421148787164557,0.03880597014925373,0.9554254696829061,0.0014238829652502326,8.955223880597014,11.028467306694164,0.00014678126492806195,0.5147006497032298,0.5775942496519916,0.2491235823174394,0.17328216803056906,0.5775942496519916,,
OXFORD,OXFORD_451993_BCG_3AXIS_seg0001,OXFORD_451993_BCG_3AXIS_seg0001_c0069,788.898,791.236,2.337999999999965,1170,394449,395619,0.1634979474023241,0.0621142388690746,True,,451993,451993,BCG_3AXIS,0,0.05711893058301808,0.16349794740232418,0.15854426533787722,0.02783683180340589,0.0007748892048511096,0.02737382378100941,3.8172095102087362,0.003262572230947638,0.8547008547008548,5.037284771741642,0.0004957479196042104,0.47454153701993146,0.4348037251150709,0.452347461684163,0.11284881320076606,0.452347461684163,,
OXFORD,OXFORD_451993_BCG_3AXIS_seg0001,OXFORD_451993_BCG_3AXIS_seg0001_c0070,833.994,834.544,0.5499999999999545,276,416997,417273,0.0864626418208891,0.0621142388690746,True,,451993,451993,BCG_3AXIS,0,0.05685697011357017,0.08646264182088913,0.07332899305039435,0.018741672037476675,0.0003512502707603351,0.03636363636363636,0.8922293539367334,0.003232715050495411,7.246376811594202,8.546404067039484,0.00010503381005751662,0.3531009671318559,0.3298934643017097,0.6070462983914716,0.06306023730681862,0.6070462983914716,,
OXFORD,OXFORD_451993_BCG_3AXIS_seg0001,OXFORD_451993_BCG_3AXIS_seg0001_c0071,877.078,877.536,0.45799999999997,230,438539,438769,0.0825256611997707,0.0621142388690746,True,,451993,451993,BCG_3AXIS,0,0.04872154537072166,0.08252566119977077,0.06857284105818645,0.019172718983695113,0.00036759315322774304,0.026200873362445413,0.5459714661615965,0.002373788983311289,4.3478260869565215,5.891014986535535,3.601765688377628e-05,0.27915429815405474,0.5154908609978986,0.4474133544618508,0.037095784540250476,0.5154908609978986,,
OXFORD,OXFORD_451993_BCG_3AXIS_seg0001,OXFORD_451993_BCG_3AXIS_seg0001_c0072,899.452,900.006,0.5539999999999736,278,449726,450004,0.0977561563734916,0.0621142388690746,True,,451993,451993,BCG_3AXIS,0,0.05642371588390568,0.09775615637349164,0.08974292270696378,0.020619629568078918,0.0004251691235247943,0.01444043321299639,0.8850507285330633,0.00318363571414771,3.597122302158273,4.052660575677448,0.00013135246688218108,0.30263242276954944,0.7895436921641089,0.15021005290822656,0.060246254927664465,0.7895436921641089,,
